Name,Brand,Decade,Image.src,Find more here
7up (1948),7up,1940,http://file.vintageadbrowser.com/0clbm89x7h7efw.jpg,http://www.vintageadbrowser.com/xmas-ads-1940s/14
7-Up Soda Bottle Santa Hand Christmas (1964),7up,1960,http://file.vintageadbrowser.com/lzfxsdpk7tz7kp.jpg,http://www.vintageadbrowser.com/xmas-ads-1960s
"A.H. Grebe & Company’s Radio – It is our sincere hope that the gifts you make this Christmas may bring to the little worlds into which they go, something of the joy and happiness t (1927)",A.H. Grebe & Company’s Radio,1920,http://file.vintageadbrowser.com/rczr6m2331lbn6.jpg,http://www.vintageadbrowser.com/xmas-ads-1920s/2
Christmas Tree Art A&p Coffee (1958),A&P,1950,http://file.vintageadbrowser.com/hf83k5lw0icn9h.jpg,http://www.vintageadbrowser.com/xmas-ads-1950s/9
"Abercrombie & Fitch Co. Ad ""The Christmas Call... (1920)",Abercrombie & Fitch,1920,http://file.vintageadbrowser.com/ovz3m8yl5u6gwf.jpg,http://www.vintageadbrowser.com/xmas-ads-1920s/2
Absolut Harmony Vodka Choir Christmas Tree (1993),Absolut Vodka,1990,http://file.vintageadbrowser.com/hm9pqcxcfhm1ls.jpg,http://www.vintageadbrowser.com/xmas-ads-1990s
Absolut Joy Vodka Christmas Decorations (1989),Absolut Vodka,1980,http://file.vintageadbrowser.com/o9z07c8f2h4r7j.jpg,http://www.vintageadbrowser.com/xmas-ads-1980s
Absolut Season Vodka Christmas Tree Bottle (1990),Absolut Vodka,1990,http://file.vintageadbrowser.com/iq034nxzeqam4e.jpg,http://www.vintageadbrowser.com/xmas-ads-1990s
Acme Cowboy Boots Christmas Morning (1948),Acme,1940,http://file.vintageadbrowser.com/goxob117a978ez.jpg,http://www.vintageadbrowser.com/xmas-ads-1940s/12
"Admiral Corporation’s Television Combinations with 21"" TV – Admiral Regency 21"" Television – Radio – Phonograph. Yours for a Truly Wonderful Christmas (1952)",Admiral,1950,http://file.vintageadbrowser.com/llqlglzhdlbmy8.jpg,http://www.vintageadbrowser.com/xmas-ads-1950s/8
Air Express Christmas with Santa Claus (1951),Air Express,1950,http://file.vintageadbrowser.com/qa33hst7fhci8q.jpg,http://www.vintageadbrowser.com/xmas-ads-1950s
"Air France’s Christmas in Mexico, New Year’s in Miami – Take a sophisticated holiday (1954)",Air France,1950,http://file.vintageadbrowser.com/k5244ih2pxx4n8.jpg,http://www.vintageadbrowser.com/xmas-ads-1950s/3
Air Transport Association Christmas – No Show (1977),Air Transport Association,1970,http://file.vintageadbrowser.com/qh6sg7hkdytn7m.jpg,http://www.vintageadbrowser.com/xmas-ads-1970s
Alcoa Aluminum Foil City Christmas Decorations (1960),Alcoa Aluminum,1960,http://file.vintageadbrowser.com/glv762jy9tv2pw.jpg,http://www.vintageadbrowser.com/xmas-ads-1960s
Alexander O’neal Photo Christmas Album (1988),Alexander O’Neal,1980,http://file.vintageadbrowser.com/n0l5905k45wugi.jpg,http://www.vintageadbrowser.com/xmas-ads-1980s
Almond Roca Candy Santa Christmas to Remember (1947),Almond Roca,1940,http://file.vintageadbrowser.com/prfe9h7nau08gh.jpg,http://www.vintageadbrowser.com/xmas-ads-1940s/13
Amaretto Di Saronno Liqueur Christmas Holiday (1985),Amaretto Di Saronno,1980,http://file.vintageadbrowser.com/p7mc8t7qwvgs2k.jpg,http://www.vintageadbrowser.com/xmas-ads-1980s/2
American Airline’s Gift certificate – Santa always goes by air – So take his timely tip: There is no finer Xmas gift than an American Flagship trip (1947),American Airline,1940,http://file.vintageadbrowser.com/yc8l0bvnyng2zv.jpg,http://www.vintageadbrowser.com/xmas-ads-1940s/3
American Airline’s Holiday / Business Travel – More important than saving money this Christmas (1953),American Airline,1950,http://file.vintageadbrowser.com/9ipb0bduoqzet7.jpg,http://www.vintageadbrowser.com/xmas-ads-1950s/2
American Airlines Christmas – System Map (1940),American Airline,1940,http://file.vintageadbrowser.com/aem1aha9oh9ijo.jpg,http://www.vintageadbrowser.com/xmas-ads-1940s/6
Christmas Santa Elves American Express (1979),American Express,1970,http://file.vintageadbrowser.com/8zliu0vbm25drf.jpg,http://www.vintageadbrowser.com/xmas-ads-1970s/2
American Greeting Christmas Cards (1945),American Greeting,1940,http://file.vintageadbrowser.com/3g505v3o4fk7tw.jpg,http://www.vintageadbrowser.com/xmas-ads-1940s/15
American Made Toys: Santa’s Partner,American Made Toys,1920,http://file.vintageadbrowser.com/mq98hbr9bn8sut.jpg,http://www.vintageadbrowser.com/xmas-ads-1920s/2
"AMF Christmas gift idea ads Voit, Roadmaster, Bowling, more (1961)",AMF,1960,http://file.vintageadbrowser.com/z1khtg9gilitoj.jpg,http://www.vintageadbrowser.com/xmas-ads-1960s/2
AMF Roadmaster Luxury Liner Bicycle (1952),AMF,1950,http://file.vintageadbrowser.com/an9lhu6gc9y718.jpg,http://www.vintageadbrowser.com/xmas-ads-1950s/3
Ancient Age Christmas Whiskey – Look For AA (1948),Ancient Age,1940,http://file.vintageadbrowser.com/yj52aoqe2yr8pd.jpg,http://www.vintageadbrowser.com/xmas-ads-1940s/15
Apsco Midget Pencil Sharpener (1951),Apsco,1950,http://file.vintageadbrowser.com/ewn15t0r7ugiyr.jpg,http://www.vintageadbrowser.com/xmas-ads-1950s/9
"Arrow Shirts Ad ""Christmas Shopping For.. (1952)",Arrow,1950,http://file.vintageadbrowser.com/zrub15f0mqz0u8.jpg,http://www.vintageadbrowser.com/xmas-ads-1950s/6
Arrow Shirts Christmas – Sold (1948),Arrow,1940,http://file.vintageadbrowser.com/bp73a54bhui73q.jpg,http://www.vintageadbrowser.com/xmas-ads-1940s/16
Arrow Shirts Christmas for Big Boys (1940),Arrow,1940,http://file.vintageadbrowser.com/ua8fa8zjeojcyr.jpg,http://www.vintageadbrowser.com/xmas-ads-1940s/3
Arrow Shirts Christmas with Snowman (1951),Arrow,1950,http://file.vintageadbrowser.com/1wwyejuxunlmvk.jpg,http://www.vintageadbrowser.com/xmas-ads-1950s/4
John Falter Art Arrow Shirt Christmas Fashion (1948),Arrow,1940,http://file.vintageadbrowser.com/smff9hgne1820n.jpg,http://www.vintageadbrowser.com/xmas-ads-1940s
Arvin Good things for the home. Christmas theme (1949),Arvin,1940,http://file.vintageadbrowser.com/ty1lh0satjtwhr.jpg,http://www.vintageadbrowser.com/xmas-ads-1940s/10
"Atwater Kent Radio, Radios, USA (1920)",Atwater,1920,http://file.vintageadbrowser.com/53hwcdcdhn8v1z.jpg,http://www.vintageadbrowser.com/xmas-ads-1920s
Avon (1947),Avon,1940,http://file.vintageadbrowser.com/ewt92yq5000lgt.jpg,http://www.vintageadbrowser.com/xmas-ads-1940s/15
Avon (1950),Avon,1950,http://file.vintageadbrowser.com/8jzfhmikrzmceh.jpg,http://www.vintageadbrowser.com/xmas-ads-1950s/9
"Old , Avon’s Gift Window, Xmas (1950)",Avon,1950,http://file.vintageadbrowser.com/0gc7ze8fvorl8y.jpg,http://www.vintageadbrowser.com/xmas-ads-1950s/5
Christmas Tree Crockwell Art Avondale Mills (1948),Avondale,1940,http://file.vintageadbrowser.com/eadmhmbr12g1g0.jpg,http://www.vintageadbrowser.com/xmas-ads-1940s/2
B.V.D. Brand Christmas (1949),B.V.D Brand,1940,http://file.vintageadbrowser.com/xyvx6gnw6gudij.jpg,http://www.vintageadbrowser.com/xmas-ads-1940s/11
Baileys When Friends Drop In Christmas Promo (1988),Baileys,1980,http://file.vintageadbrowser.com/5xha7t47zz8bj7.jpg,http://www.vintageadbrowser.com/xmas-ads-1980s
Barbasol – What To Give Your Gal For Xmas (1944),Barbasol,1940,http://file.vintageadbrowser.com/8y28cac3cnkgrl.jpg,http://www.vintageadbrowser.com/xmas-ads-1940s/8
Barbie Doll – Holiday Caroler Barbie (1997),Barbie,1990,http://file.vintageadbrowser.com/r2f64ivd3fuqgr.jpg,http://www.vintageadbrowser.com/xmas-ads-1990s
Barbie Doll – Holiday Gift Barbie (1998),Barbie,1990,http://file.vintageadbrowser.com/g8kvvrf6hoie72.jpg,http://www.vintageadbrowser.com/xmas-ads-1990s
Mattel Christmas Toys Barbie Doll Hot Wheels 6P (1968),Barbie,1960,http://file.vintageadbrowser.com/uzu8x15u6a4vwm.jpg,http://www.vintageadbrowser.com/xmas-ads-1960s
Bell Telephone Holiday – Red Phone (1957),Bell,1950,http://file.vintageadbrowser.com/vnxcbdhyyzbzup.jpg,http://www.vintageadbrowser.com/xmas-ads-1950s/3
Bell Telephone Santa Old Phone Christmas Calling (1946),Bell,1940,http://file.vintageadbrowser.com/baw17fginugnp1.jpg,http://www.vintageadbrowser.com/xmas-ads-1940s/13
Bell Telephone System Christmas (1940),Bell,1940,http://file.vintageadbrowser.com/zy0qsseen14zmf.jpg,http://www.vintageadbrowser.com/xmas-ads-1940s/4
Bell Telephone System Rotary Dial Phone Xmas (1956),Bell,1950,http://file.vintageadbrowser.com/4a225f3o6f6zvu.jpg,http://www.vintageadbrowser.com/xmas-ads-1950s/3
Bell & Howell Movie Camera Keep Christmas (1950),Bell & Howell,1950,http://file.vintageadbrowser.com/hlwliuo54bn988.jpg,http://www.vintageadbrowser.com/xmas-ads-1950s/3
Belmont Distilling Company Bourbon Christmas (1948),Belmont,1940,http://file.vintageadbrowser.com/ozh06qv6v7h1qj.jpg,http://www.vintageadbrowser.com/xmas-ads-1940s/7
Christmas Gift Bendix Washer Santa Art (1947),Benedix,1940,http://file.vintageadbrowser.com/8sg9otf5z6gmlc.jpg,http://www.vintageadbrowser.com/xmas-ads-1940s/14
Berkshire Stockings for Christmas (1958),Berkshire Stockings,1950,http://file.vintageadbrowser.com/lf3e8ncu8v79pm.jpg,http://www.vintageadbrowser.com/xmas-ads-1950s/7
"""Nicer at Christmas"" Black & White Scotch (1949)",Black & White,1940,http://file.vintageadbrowser.com/iv77kli1tcpwmj.jpg,http://www.vintageadbrowser.com/xmas-ads-1940s/2
Black & White Whiskey Christmas – in Color (1949),Black & White,1940,http://file.vintageadbrowser.com/znckyllx4up3wc.jpg,http://www.vintageadbrowser.com/xmas-ads-1940s/2
Black & White Whiskey Holiday (1952),Black & White,1950,http://file.vintageadbrowser.com/rcj28csz2mh77o.jpg,http://www.vintageadbrowser.com/xmas-ads-1950s
"B&w Ad ""A Case of Christmas.."" Westie/scottie (1956)",Black & White,1950,http://file.vintageadbrowser.com/4jzfx5thp7l28o.jpg,http://www.vintageadbrowser.com/xmas-ads-1950s
Dennis Dog Art Mistletoe Black & White Scotch (1950),Black & White,1950,http://file.vintageadbrowser.com/93rf30rmy2u8vh.jpg,http://www.vintageadbrowser.com/xmas-ads-1950s/10
Scottish Terrier Westie Christmas B&W Scotch (1957),Black & White,1950,http://file.vintageadbrowser.com/fav2nt9f3z6vn2.jpg,http://www.vintageadbrowser.com/xmas-ads-1950s/4
"Bluebird Blue Bird Washing Machines, Gifts Presents, UK (1910)",Blue Bird,1910,http://file.vintageadbrowser.com/vu7152x2vovshi.jpg,http://www.vintageadbrowser.com/xmas-ads-1910s
BluBlocker Sunglasses – Santa Claus (1993),BlueBlocker,1990,http://file.vintageadbrowser.com/xtn2j7lwbp26tz.jpg,http://www.vintageadbrowser.com/xmas-ads-1990s
Bolex Home Movie Camera for Christmas Photo (1957),Bolex,1950,http://file.vintageadbrowser.com/w8o8r9i9rtoduy.jpg,http://www.vintageadbrowser.com/xmas-ads-1950s/2
Evening In Paris Xmas Gift Sets (1949),Bourjois,1940,http://file.vintageadbrowser.com/phr12csurbi1ae.jpg,http://www.vintageadbrowser.com/xmas-ads-1940s/12
Brach’s Chocolates Christmas Santa Claus (1952),Branch,1950,http://file.vintageadbrowser.com/mr2hkkf116tvvd.jpg,http://www.vintageadbrowser.com/xmas-ads-1950s/9
Braniff International Airway’s Havana – put Havana under your Christmas Tree (1950),Braniff International Airway,1950,http://file.vintageadbrowser.com/dp060u0w582a1c.jpg,http://www.vintageadbrowser.com/xmas-ads-1950s/5
British Overseas Airways Corporation’s Bermuda – BERMUDA FOR CHRISTMAS (1948),British Overseas Airways Corporation,1940,http://file.vintageadbrowser.com/mzgup8bubwh5nx.jpg,http://www.vintageadbrowser.com/xmas-ads-1940s/6
British Overseas Airways Corporation’s Bermuda – Bermuda Offers A Merry Christmas (1949),British Overseas Airways Corporation,1940,http://file.vintageadbrowser.com/gctzsujtmvspv9.jpg,http://www.vintageadbrowser.com/xmas-ads-1940s/11
Bucks Cigarette Packs Christmas Sleigh Holiday (1991),Bucks,1990,http://file.vintageadbrowser.com/y15e9992ejkj8a.jpg,http://www.vintageadbrowser.com/xmas-ads-1990s
Budweiser Beer Christmas Decorations Art (1949),Budweiser,1940,http://file.vintageadbrowser.com/36kuzg8u113vwl.jpg,http://www.vintageadbrowser.com/xmas-ads-1940s/3
Budweiser Beer Christmas Santa Great Art (1947),Budweiser,1940,http://file.vintageadbrowser.com/jq47yzfl4dlys1.jpg,http://www.vintageadbrowser.com/xmas-ads-1940s/4
Budweiser Christmas – Anheuser Busch Inc. (1949),Budweiser,1940,http://file.vintageadbrowser.com/zovpxpxteenhp5.jpg,http://www.vintageadbrowser.com/xmas-ads-1940s/12
Bulova Christmas – Gift of a Lifetime (1947),Bulova,1940,http://file.vintageadbrowser.com/4fpr4x4xqt78qt.jpg,http://www.vintageadbrowser.com/xmas-ads-1940s/3
Bunte Mi Choice Chocolates Christmas Tree art (1930),Bunte Mi,1930,http://file.vintageadbrowser.com/vsm9ekffmnkh4l.jpg,http://www.vintageadbrowser.com/xmas-ads-1930s/2
For Christmas Buxton Billfolds (1946),Buxton Billfolds,1940,http://file.vintageadbrowser.com/uqayasx11v8amr.jpg,http://www.vintageadbrowser.com/xmas-ads-1940s/9
Cadillac Car – Christmas – Burgundy (1955),Cadillac,1950,http://file.vintageadbrowser.com/mnzfk8m02fyibw.jpg,http://www.vintageadbrowser.com/xmas-ads-1950s/4
"Cadillac Car Ad ""The Christmas They’ll... (1956)",Cadillac,1950,http://file.vintageadbrowser.com/e13kujt13jbefh.jpg,http://www.vintageadbrowser.com/xmas-ads-1950s/5
Calvert Distillers Corp.’s War Stamps – ...for a Christmas touched by War (1943),Calvert,1940,http://file.vintageadbrowser.com/6mc1w0u2npo751.jpg,http://www.vintageadbrowser.com/xmas-ads-1940s/5
Calvert Reserve Whiskey Holiday – Snow Scene (1949),Calvert,1940,http://file.vintageadbrowser.com/tk98m33xwdx3wz.jpg,http://www.vintageadbrowser.com/xmas-ads-1940s/7
Calvert Whiskey Cocker Puppy Christmas Stocking (1948),Calvert,1940,http://file.vintageadbrowser.com/tux1idrxwcib9m.jpg,http://www.vintageadbrowser.com/xmas-ads-1940s/15
Calvert Whiskies Holiday Winter – Bear Cub (1947),Calvert,1940,http://file.vintageadbrowser.com/dj6g7qaxpstbd8.jpg,http://www.vintageadbrowser.com/xmas-ads-1940s
Camel Cigarette Christmas Cartons Prince Albert (1937),Camel,1930,http://file.vintageadbrowser.com/qdxlqi2t1mxvmn.jpg,http://www.vintageadbrowser.com/xmas-ads-1930s
Camel Cigarettes Christmas Almost Here (1926),Camel,1920,http://file.vintageadbrowser.com/4zepffoqml2xbm.jpg,http://www.vintageadbrowser.com/xmas-ads-1920s/2
Camel Prince Albert Smoking Tobacco Christmas – Sold (1949),Camel,1940,http://file.vintageadbrowser.com/d2wuobg548m76y.jpg,http://www.vintageadbrowser.com/xmas-ads-1940s/9
1941 (1),Camel,1940,http://file.vintageadbrowser.com/mrjqc3qhd6zbdk.jpg,http://www.vintageadbrowser.com/xmas-ads-1940s/8
Prince Albert & Camel’s Christmas – Santa Claus (1947),Camel,1940,http://file.vintageadbrowser.com/js8eebk95m7x2w.jpg,http://www.vintageadbrowser.com/xmas-ads-1940s/14
Camels & Prince Albert Christmas with Santa Claus (1940),Camel,1940,http://file.vintageadbrowser.com/z4i9ij9g440wg1.jpg,http://www.vintageadbrowser.com/xmas-ads-1940s/3
Christmas Shopping Art Campbell’s Soup (1946),Campbell's,1940,http://file.vintageadbrowser.com/kmqix3qjf4uvsc.jpg,http://www.vintageadbrowser.com/xmas-ads-1940s/15
"Campbell’s ""Best Wishes for a Merry Christmas"" (1940)",Campbell's,1940,http://file.vintageadbrowser.com/t3oqkx87tm4oy5.jpg,http://www.vintageadbrowser.com/xmas-ads-1940s/10
Campbell’s Soup Christmas – Breeze through the holidays – Sold (1948),Campbell's,1940,http://file.vintageadbrowser.com/89wpch4tx2z3wc.jpg,http://www.vintageadbrowser.com/xmas-ads-1940s/5
Campbells Soup Bring Christmas Cheer (1941),Campbell's,1940,http://file.vintageadbrowser.com/xitfosvbufgeca.jpg,http://www.vintageadbrowser.com/xmas-ads-1940s/13
Canadian Club Christmas Eggnog Recipe (1979),Canadian Club,1970,http://file.vintageadbrowser.com/ti5vxnjff46e1b.jpg,http://www.vintageadbrowser.com/xmas-ads-1970s
Capehart-Farnsworth Corporation’s various – Now- World Famous Capehart Tone Brings Television To Life Capehart Television for Christmas (1949),Capehart-Farnsworth,1940,http://file.vintageadbrowser.com/q6ial0rgywxs4h.jpg,http://www.vintageadbrowser.com/xmas-ads-1940s/16
Caterpillar Tractor Christmas – Grandmother’s House (1952),Catepillar,1950,http://file.vintageadbrowser.com/1md85k2uli8cmv.jpg,http://www.vintageadbrowser.com/xmas-ads-1950s/5
CeCo Manufacturing Company’s Radio Tubes – Why not present the home with a Christmas Present? (1930),CeCo,1930,http://file.vintageadbrowser.com/nejbl86gn7v7om.jpg,http://www.vintageadbrowser.com/xmas-ads-1930s
Celanese Christmas – Plastics for toys (1949),Celanese,1940,http://file.vintageadbrowser.com/t3z10tpqbptwbe.jpg,http://www.vintageadbrowser.com/xmas-ads-1940s/12
Charles of the Ritz’s Moss Rose Beauty Products – Charles of the Ritz brings you a Merry Moss Rose Christmas (1941),Charles of the Ritz,1940,http://file.vintageadbrowser.com/jm8nojomu0v8u1.jpg,http://www.vintageadbrowser.com/xmas-ads-1940s/12
Charter Oak Straight Bourbon Whiskey Christmas (1949),Charter Oak,1940,http://file.vintageadbrowser.com/vlcae9xo995tgv.jpg,http://www.vintageadbrowser.com/xmas-ads-1940s/11
Chesapeake and Ohio Railroad Christmas – Sold (1935),Chesapeake and Ohio Railroad,1930,http://file.vintageadbrowser.com/2aa96rt4sydf71.jpg,http://www.vintageadbrowser.com/xmas-ads-1930s/2
Chesterfield,Chesterfield,1920,http://file.vintageadbrowser.com/gvuknr5wzphre5.jpg,http://www.vintageadbrowser.com/xmas-ads-1920s
Chesterfield Cigarettes Christmas – Arthur Godfrey (1949),Chesterfield,1940,http://file.vintageadbrowser.com/z8zv310ij03kuh.jpg,http://www.vintageadbrowser.com/xmas-ads-1940s/15
Chesterfield Cigarettes Merry Christmas (1940),Chesterfield,1940,http://file.vintageadbrowser.com/lybhggfc1eglfz.jpg,http://www.vintageadbrowser.com/xmas-ads-1940s/5
"Chivas Regal ""Why Wait for Christmas?"" (1978)",Chivas Regal,1970,http://file.vintageadbrowser.com/twrwb8wyhbp9oq.jpg,http://www.vintageadbrowser.com/xmas-ads-1970s/2
Christmas Seals Emphysema Tuburculosis Air pollution (1969),Christmas Seals,1960,http://file.vintageadbrowser.com/1a8panoo8wn0fq.jpg,http://www.vintageadbrowser.com/xmas-ads-1960s/2
Cities Service (1960),Cities Service,1960,http://file.vintageadbrowser.com/brbfdzyxoecz8m.jpg,http://www.vintageadbrowser.com/xmas-ads-1960s/2
Citizens National Bank’s Christmas Banking Club – Christmas Banking Club Department,Citizens National Bank,1900,http://file.vintageadbrowser.com/3qiws7n0d557sd.jpg,http://www.vintageadbrowser.com/xmas-ads-1900s
Coca-cola Ad ’talk About Being Good... (1951),Coca-Cola,1950,http://file.vintageadbrowser.com/yki8922ofcra6l.jpg,http://www.vintageadbrowser.com/xmas-ads-1950s/10
Coke Christmas – Santa (1957),Coca-Cola,1950,http://file.vintageadbrowser.com/4825v5zcqp4327.jpg,http://www.vintageadbrowser.com/xmas-ads-1950s/5
Coke Christmas – Santa and children (1952),Coca-Cola,1950,http://file.vintageadbrowser.com/ad0bmmhhmmgqq4.jpg,http://www.vintageadbrowser.com/xmas-ads-1950s
Coke Christmas – Santa and elves (1953),Coca-Cola,1950,http://file.vintageadbrowser.com/deg7ri3r66nzku.jpg,http://www.vintageadbrowser.com/xmas-ads-1950s
Coke Christmas – Santa by fireplace (1963),Coca-Cola,1960,http://file.vintageadbrowser.com/laern559qb7dmj.jpg,http://www.vintageadbrowser.com/xmas-ads-1960s
Coke Christmas – Santa enjoying a bottle (1955),Coca-Cola,1950,http://file.vintageadbrowser.com/0u49psnqj5cpfm.jpg,http://www.vintageadbrowser.com/xmas-ads-1950s/7
Coke Christmas – Santa making his list – Sold (1951),Coca-Cola,1950,http://file.vintageadbrowser.com/q8l9vysi24ji86.jpg,http://www.vintageadbrowser.com/xmas-ads-1950s
Coke Christmas – Santa sitting by fridge (1947),Coca-Cola,1940,http://file.vintageadbrowser.com/e6ct8ppzm6602n.jpg,http://www.vintageadbrowser.com/xmas-ads-1940s/13
Coke Christmas – Sold (1946),Coca-Cola,1940,http://file.vintageadbrowser.com/spmjmxmba7vgt4.jpg,http://www.vintageadbrowser.com/xmas-ads-1940s/12
Coke Christmas Santa Claus T (1939),Coca-Cola,1930,http://file.vintageadbrowser.com/5w0neuut0ty41k.jpg,http://www.vintageadbrowser.com/xmas-ads-1930s
Coke Christmas with Santa caught by Little Boy. (1959),Coca-Cola,1950,http://file.vintageadbrowser.com/2o9ssphwmtgxte.jpg,http://www.vintageadbrowser.com/xmas-ads-1950s/8
Coke Christmas with Santa with Elves. (1960),Coca-Cola,1960,http://file.vintageadbrowser.com/fzidevau3s4249.jpg,http://www.vintageadbrowser.com/xmas-ads-1960s
Coke Christmas with Santa with Reindeer. (1954),Coca-Cola,1950,http://file.vintageadbrowser.com/cvbf4v72vr0joe.jpg,http://www.vintageadbrowser.com/xmas-ads-1950s/10
Coke Christmas with Santa with Reindeer. (1958),Coca-Cola,1950,http://file.vintageadbrowser.com/enfhxb6mvbsca5.jpg,http://www.vintageadbrowser.com/xmas-ads-1950s/3
Coke Coca Cola Christmas Decorations (1967),Coca-Cola,1960,http://file.vintageadbrowser.com/ixxiakvu88rlrp.jpg,http://www.vintageadbrowser.com/xmas-ads-1960s/2
Coke Coca Cola Santa Boy G.E General Electric (1959),Coca-Cola,1950,http://file.vintageadbrowser.com/5lubo5zgkxfvs0.jpg,http://www.vintageadbrowser.com/xmas-ads-1950s/4
Coke Coca-cola Christmas Decorations Holidays (1967),Coca-Cola,1960,http://file.vintageadbrowser.com/k4whpt381s2uu4.jpg,http://www.vintageadbrowser.com/xmas-ads-1960s
Coke Santa and Terrier (1961),Coca-Cola,1960,http://file.vintageadbrowser.com/wncf6f6aoof8vv.jpg,http://www.vintageadbrowser.com/xmas-ads-1960s/2
1933,Coca-Cola,1930,http://file.vintageadbrowser.com/mvcbrr0h5n6cix.jpg,http://www.vintageadbrowser.com/xmas-ads-1930s/3
1934,Coca-Cola,1930,http://file.vintageadbrowser.com/031m7j29afapto.jpg,http://www.vintageadbrowser.com/xmas-ads-1930s/2
1935,Coca-Cola,1930,http://file.vintageadbrowser.com/vdu6l524fvcfmx.jpg,http://www.vintageadbrowser.com/xmas-ads-1930s/3
1936,Coca-Cola,1930,http://file.vintageadbrowser.com/0guvk5al3f9jtq.jpg,http://www.vintageadbrowser.com/xmas-ads-1930s
1937,Coca-Cola,1930,http://file.vintageadbrowser.com/uieywoavpvtnoq.jpg,http://www.vintageadbrowser.com/xmas-ads-1930s/2
1938,Coca-Cola,1930,http://file.vintageadbrowser.com/b5lo3glt1dqhmi.jpg,http://www.vintageadbrowser.com/xmas-ads-1930s/3
1942,Coca-Cola,1940,http://file.vintageadbrowser.com/91ypj082q9jxet.jpg,http://www.vintageadbrowser.com/xmas-ads-1940s/8
1949,Coca-Cola,1940,http://file.vintageadbrowser.com/b8j9j864nep9d3.jpg,http://www.vintageadbrowser.com/xmas-ads-1940s/12
500 Miles To Christmas Go Pullman Train (1946),Coca-Cola,1940,http://file.vintageadbrowser.com/emspnke3s1ijr0.jpg,http://www.vintageadbrowser.com/xmas-ads-1940s/16
"Colgate & Company – Colgate’s For Christmas. Useful Gifts, not Gimcracks. (1920)",Colgate,1920,http://file.vintageadbrowser.com/bocigqv3nhz4la.jpg,http://www.vintageadbrowser.com/xmas-ads-1920s
Colgate-Palmolive-Peet Company’s Halo Shampoo – June Valli plays Santa Claus to the girl who hated Christmas (1954),Colgate,1950,http://file.vintageadbrowser.com/7hbsybmlhgawku.jpg,http://www.vintageadbrowser.com/xmas-ads-1950s/9
Columbia Bicycle Bike Vintage (1946),Columbia,1940,http://file.vintageadbrowser.com/w638uhmvhkk0ck.jpg,http://www.vintageadbrowser.com/xmas-ads-1940s/5
Columbia Records Christmas – Santa Flying (1951),Columbia,1950,http://file.vintageadbrowser.com/0p24qa6l3aqq6l.jpg,http://www.vintageadbrowser.com/xmas-ads-1950s/6
Columbia Records Christmas (1951),Columbia,1950,http://file.vintageadbrowser.com/feb2crby7em0l9.jpg,http://www.vintageadbrowser.com/xmas-ads-1950s/4
Comptometer Holiday – Greetings Goteborg (1948),Comptometer,1940,http://file.vintageadbrowser.com/41skdyyvrbb000.jpg,http://www.vintageadbrowser.com/xmas-ads-1940s/17
Corby’s Christmas – In Canada since 1859 – Sold (1949),Corby,1940,http://file.vintageadbrowser.com/8qongfylbs1zad.jpg,http://www.vintageadbrowser.com/xmas-ads-1940s/8
Cosco Assorted Carts Stools Santa Gift (1957),Cosco,1950,http://file.vintageadbrowser.com/tgirobo7e7m19i.jpg,http://www.vintageadbrowser.com/xmas-ads-1950s/6
Coty Christmas Gifts Asst Perfume (1949),Coty,1940,http://file.vintageadbrowser.com/m10ar51uitqw3l.jpg,http://www.vintageadbrowser.com/xmas-ads-1940s/4
Coty Fragrances Perfume Christmas (1954),Coty,1950,http://file.vintageadbrowser.com/wg4zgh508dlr1v.jpg,http://www.vintageadbrowser.com/xmas-ads-1950s/9
Coty Perfume Christmas Giftsets (1949),Coty,1940,http://file.vintageadbrowser.com/s4wxssjtxv8qbm.jpg,http://www.vintageadbrowser.com/xmas-ads-1940s/9
"Coty, Gift Sets for Christmas (1949)",Coty,1940,http://file.vintageadbrowser.com/jv8vhkqq77bxb0.jpg,http://www.vintageadbrowser.com/xmas-ads-1940s/15
Coty’s Cosmetic gifts – merry fragrant christmas (1947),Coty,1940,http://file.vintageadbrowser.com/01nkhq20lqt6o5.jpg,http://www.vintageadbrowser.com/xmas-ads-1940s/10
Coty’s Cosmetic gifts – So very Christmas (1948),Coty,1940,http://file.vintageadbrowser.com/it38xbgrhzctac.jpg,http://www.vintageadbrowser.com/xmas-ads-1940s/13
Cream of Wheat,Cream of Wheat,1920,http://file.vintageadbrowser.com/vwq5ucbadsuqfg.jpg,http://www.vintageadbrowser.com/xmas-ads-1920s/2
E.T. Cunningham’s Radio Tubes – Make Christmas Jollier (1928),Cunningham’s Radio Tubes,1920,http://file.vintageadbrowser.com/kaz0n4rjazcq8d.jpg,http://www.vintageadbrowser.com/xmas-ads-1920s
Christmas Charles Dickens Ebenezer Cutty Sark (1982),Cutty Sark,1980,http://file.vintageadbrowser.com/z2au9vyyes7cxr.jpg,http://www.vintageadbrowser.com/xmas-ads-1980s/2
"Daniel Green Shoes, Christmas (1949)",Daniel Green Shoes,1940,http://file.vintageadbrowser.com/eubyphsg8px4v3.jpg,http://www.vintageadbrowser.com/xmas-ads-1940s/4
Decca Records Christmas Music Santa (1947),Decca Records,1940,http://file.vintageadbrowser.com/uuy8kdwlool4v8.jpg,http://www.vintageadbrowser.com/xmas-ads-1940s/10
Christmas Tree Lamps Lights America Guild Delga (1948),Decorative Lights Guild of America,1940,http://file.vintageadbrowser.com/rgmsuu0sm538zx.jpg,http://www.vintageadbrowser.com/xmas-ads-1940s/13
"Dimple Scotch ""The Spirit of Christmas"" Nice Uk (1974)",Dimple,1970,http://file.vintageadbrowser.com/j2hwc201h5lsfk.jpg,http://www.vintageadbrowser.com/xmas-ads-1970s/2
Dixie Cups Christmas Santa Claus (1958),Dixie Cups,1950,http://file.vintageadbrowser.com/k1elotw4xvxxjg.jpg,http://www.vintageadbrowser.com/xmas-ads-1950s/5
Dominion Ten Canadian Whiskey Christmas (1953),Dominion Ten,1950,http://file.vintageadbrowser.com/3bbwww1jhyfbv2.jpg,http://www.vintageadbrowser.com/xmas-ads-1950s/3
Dorothy Gray – For a lovely lady’s Christmas (1934),Dorothy Gray,1930,http://file.vintageadbrowser.com/lodnyagxnuwuc9.jpg,http://www.vintageadbrowser.com/xmas-ads-1930s
"Old , Dow Chemical, Xmas Town Sqr (1939)",Dow Chemicals,1930,http://file.vintageadbrowser.com/gk33m0deqye7qt.jpg,http://www.vintageadbrowser.com/xmas-ads-1930s/2
North Pole Santa Elves Toy Christmas Dow Art (1951),Dow Chemicals,1950,http://file.vintageadbrowser.com/l6ozz4wd7e67ke.jpg,http://www.vintageadbrowser.com/xmas-ads-1950s/8
Du Barry Christmas Gifts (1962),Du Barry,1960,http://file.vintageadbrowser.com/3tibaxdppqjr0k.jpg,http://www.vintageadbrowser.com/xmas-ads-1960s/3
Allen B. DuMont Laboratorie’s various – For Christmas this Year – What Finer Gift? (1947),DuMont,1940,http://file.vintageadbrowser.com/da58b3xvqahw1e.jpg,http://www.vintageadbrowser.com/xmas-ads-1940s/10
"Old , Elgin Watch, for Christmas (1938)",Elgin Watch,1930,http://file.vintageadbrowser.com/v36y7nrwk18qca.jpg,http://www.vintageadbrowser.com/xmas-ads-1930s/2
"Old , Elgin Watches for Christmas (1949)",Elgin Watch,1940,http://file.vintageadbrowser.com/salpklo1ibg7h0.jpg,http://www.vintageadbrowser.com/xmas-ads-1940s/11
Elgin Holiday – Cleveland Indians Lou Boudreau – Sold (1949),Elgin Watch,1940,http://file.vintageadbrowser.com/wstl70fkwghjve.jpg,http://www.vintageadbrowser.com/xmas-ads-1940s/9
Elgin Watch Company Christmas – Sold (1940),Elgin Watch,1940,http://file.vintageadbrowser.com/tens85r1bujpji.jpg,http://www.vintageadbrowser.com/xmas-ads-1940s/4
Elizabeth Taylor Photo Elgin Watches (7) Xmas (1949),Elgin Watch,1940,http://file.vintageadbrowser.com/wx1ransdfczejb.jpg,http://www.vintageadbrowser.com/xmas-ads-1940s/2
Elizabeth Arden – Blue Grass...for a heart stirring Christmas (1944),Elizabeth Arden,1940,http://file.vintageadbrowser.com/ig1z0smug5asq8.jpg,http://www.vintageadbrowser.com/xmas-ads-1940s/3
Elizabeth Arden – Is it Christmas in your Heart? (1945),Elizabeth Arden,1940,http://file.vintageadbrowser.com/14c5s6ab9v204l.jpg,http://www.vintageadbrowser.com/xmas-ads-1940s/6
Elizabeth Arden – This Christmas make a woman happy (1944),Elizabeth Arden,1940,http://file.vintageadbrowser.com/tjlxnwc44128p6.jpg,http://www.vintageadbrowser.com/xmas-ads-1940s/12
"Esquire, Boot Footman for Xmas (1949)",Esquire,1940,http://file.vintageadbrowser.com/2vlr1gxj4ngwns.jpg,http://www.vintageadbrowser.com/xmas-ads-1940s/14
Esterbrook Pen – Christmas with the right p (1949),Esterbrook Pen,1940,http://file.vintageadbrowser.com/1okxo80awsiwr5.jpg,http://www.vintageadbrowser.com/xmas-ads-1940s/10
Esterbrook Pen Christmas – Choose The Right Point (1948),Esterbrook Pen,1940,http://file.vintageadbrowser.com/i0yzz2taztln24.jpg,http://www.vintageadbrowser.com/xmas-ads-1940s/14
Kimberly Pockette Pen Christmas by Eversharp (1948),Eversharp,1940,http://file.vintageadbrowser.com/7uhl6dgyqufv8h.jpg,http://www.vintageadbrowser.com/xmas-ads-1940s/5
Christmas FTD Florist Poinsettia Flowers Choir (1952),FDT Florist,1950,http://file.vintageadbrowser.com/pnf7v0qnlyi6ow.jpg,http://www.vintageadbrowser.com/xmas-ads-1950s/2
"Ftd Florist’s, Christmas (1949)",FDT Florist,1940,http://file.vintageadbrowser.com/jtsvaxchgp838h.jpg,http://www.vintageadbrowser.com/xmas-ads-1940s/8
"Say It With Flowers, Ftd, Xmas (1919)",FDT Florist,1910,http://file.vintageadbrowser.com/q2ghjsr975icxp.jpg,http://www.vintageadbrowser.com/xmas-ads-1910s
"Federal Theatre Marionettes present ""A Christmas carol"". (1936)",Federal Theatre,1930,http://file.vintageadbrowser.com/u439tsm600hts2.jpg,http://www.vintageadbrowser.com/xmas-ads-1930s/3
Firestone Christmas Toyland 2 pg (1952),Firestone,1950,http://file.vintageadbrowser.com/xb1r2bdymwvv44.jpg,http://www.vintageadbrowser.com/xmas-ads-1950s/2
Firestone Tires Christmas Santa Vintage Art (1926),Firestone,1920,http://file.vintageadbrowser.com/l44xdtzxf1dtm1.jpg,http://www.vintageadbrowser.com/xmas-ads-1920s/2
Florida East Coast Railway’s Troop Transportation – This Year He’s Coming Home for Christmas (1945),Florida East Coast Railway’s Troop Transportation,1940,http://file.vintageadbrowser.com/u3w6xxn505kr24.jpg,http://www.vintageadbrowser.com/xmas-ads-1940s/15
Ford Motor Company Christmas – Grandfather’s House (1952),Ford Motor Company,1950,http://file.vintageadbrowser.com/yiv2kmykp1c3cy.jpg,http://www.vintageadbrowser.com/xmas-ads-1950s/4
Four Roses,Four Roses,1930,http://file.vintageadbrowser.com/4jxjxrukqlwcvx.jpg,http://www.vintageadbrowser.com/xmas-ads-1930s/3
Four Roses Christmas – Snowy Bell & Roses (1949),Four Roses,1940,http://file.vintageadbrowser.com/y43z8hb58asy99.jpg,http://www.vintageadbrowser.com/xmas-ads-1940s/3
Four Roses Christmas – Sold (1948),Four Roses,1940,http://file.vintageadbrowser.com/fd440mstx6kb1u.jpg,http://www.vintageadbrowser.com/xmas-ads-1940s/11
Four Roses Whiskey – Holiday Sleigh (1952),Four Roses,1950,http://file.vintageadbrowser.com/077rya34y8qy2m.jpg,http://www.vintageadbrowser.com/xmas-ads-1950s/2
Four Roses Whiskey Christmas Decanter Baccarat (1965),Four Roses,1960,http://file.vintageadbrowser.com/ckkc3d6idkdpqm.jpg,http://www.vintageadbrowser.com/xmas-ads-1960s
French Line’s Christmas New Year’s Cruise – Book Now for the gay Christmas and New Year’s Cruise aboard the largest ship in cruise service-the Ile de France (1954),French Line,1950,http://file.vintageadbrowser.com/xs4v2h1ittrdbb.jpg,http://www.vintageadbrowser.com/xmas-ads-1950s/8
Frisco Railroad – Santa Claus (1948),Frisco Railroad,1940,http://file.vintageadbrowser.com/h7fkm4f3zqjh1y.jpg,http://www.vintageadbrowser.com/xmas-ads-1940s/6
Garod Electronics Corporation’s Radio – Give a Garod this Christmas... (1947),Garod Electronics,1940,http://file.vintageadbrowser.com/lb0mz11xlg9awk.jpg,http://www.vintageadbrowser.com/xmas-ads-1940s/7
Gates Potteries Teco Lamp Vases (1905),Gates Potteries,1900,http://file.vintageadbrowser.com/7p3ixsh9tyaezs.jpg,http://www.vintageadbrowser.com/xmas-ads-1900s
"Ge Triple Whip Mixer, Christmas (1949)",General Electric,1940,http://file.vintageadbrowser.com/zrhe0e58btfj4c.jpg,http://www.vintageadbrowser.com/xmas-ads-1940s/7
"Ge, Daylight Tv, Christmas (1949)",General Electric,1940,http://file.vintageadbrowser.com/zxxmmzx74y3k6y.jpg,http://www.vintageadbrowser.com/xmas-ads-1940s/8
General Electric Christmas (1948),General Electric,1940,http://file.vintageadbrowser.com/48arlok1s87ccj.jpg,http://www.vintageadbrowser.com/xmas-ads-1940s
General Electric Christmas Lights (1949),General Electric,1940,http://file.vintageadbrowser.com/eb3jsgojos50za.jpg,http://www.vintageadbrowser.com/xmas-ads-1940s/14
General Electric Company’s Various – More for your Christmas money (1948),General Electric,1940,http://file.vintageadbrowser.com/8baiy4g7jwy5du.jpg,http://www.vintageadbrowser.com/xmas-ads-1940s/3
Musaphonic-General Electric’s Radio – Christmas... by Electronics (1943),General Electric,1940,http://file.vintageadbrowser.com/vgpbepexlattc1.jpg,http://www.vintageadbrowser.com/xmas-ads-1940s/11
1963,General Electric,1960,http://file.vintageadbrowser.com/vx0vbutmx2oyzi.jpg,http://www.vintageadbrowser.com/xmas-ads-1960s
General Motors Body by Fisher Christmas (1949),General Motors,1940,http://file.vintageadbrowser.com/ar9dmsr8s7igx1.jpg,http://www.vintageadbrowser.com/xmas-ads-1940s/9
GM Body By Fisher Christmas – Pontiac (1940),General Motors,1940,http://file.vintageadbrowser.com/1ye2dlg082ybdq.jpg,http://www.vintageadbrowser.com/xmas-ads-1940s/3
Christmas Santa Claus Art General Tire (1940),General Tire,1940,http://file.vintageadbrowser.com/l5tkzq1lon1ios.jpg,http://www.vintageadbrowser.com/xmas-ads-1940s
General Tire & Rubber Company’s War Bonds – He knows why this Christmas all of us should Give War Bonds (1943),General Tire,1940,http://file.vintageadbrowser.com/go6jlx7vbyxi06.jpg,http://www.vintageadbrowser.com/xmas-ads-1940s/16
General Tire & Rubber Company’s War Bonds – This Christmas – GIVE WAR BONDS (1943),General Tire,1940,http://file.vintageadbrowser.com/drjz3bkogndnr4.jpg,http://www.vintageadbrowser.com/xmas-ads-1940s/11
Gibson Christmas Cards Ad Lucia Art (1952),Gibson,1950,http://file.vintageadbrowser.com/lqrai8jtw4s1vi.jpg,http://www.vintageadbrowser.com/xmas-ads-1950s/7
Gibson Christmas Cards Lucia Art (1953),Gibson,1950,http://file.vintageadbrowser.com/5zzeihf3b6b38l.jpg,http://www.vintageadbrowser.com/xmas-ads-1950s/6
Gillette Safety Razor Christmas Gift Pack Ad C (1925),Gilette,1920,http://file.vintageadbrowser.com/7flgeghlqxcc3n.jpg,http://www.vintageadbrowser.com/xmas-ads-1920s/3
Gilfillan’s Radar Landing System – Operation Christmas (1949),Gilfillan,1940,http://file.vintageadbrowser.com/prc4yi5tfbs8fo.jpg,http://www.vintageadbrowser.com/xmas-ads-1940s/4
Mr Scrooge Christmas Glenlivet Scotch Whisky (1986),Glenlivet,1980,http://file.vintageadbrowser.com/48bt8x5alwxhb2.jpg,http://www.vintageadbrowser.com/xmas-ads-1980s
Goodyear – Thanksgiving Day Parade – Sold (1948),Goodyear,1940,http://file.vintageadbrowser.com/c9gjww4bofb4ea.jpg,http://www.vintageadbrowser.com/xmas-ads-1940s
Christmas Got Milk Ornament (1997),Got Milk,1990,http://file.vintageadbrowser.com/x9cfzua5hvznzb.jpg,http://www.vintageadbrowser.com/xmas-ads-1990s
"Greyhound – ""I’ll be Home for Christmas!"" (1945)",Greyhound,1940,http://file.vintageadbrowser.com/8b6fwd4jsdd61p.jpg,http://www.vintageadbrowser.com/xmas-ads-1940s/12
"Greyhound Bus Ad ""Give Him Your Christmas... (1942)",Greyhound,1940,http://file.vintageadbrowser.com/5l0n4a18x6hnl6.jpg,http://www.vintageadbrowser.com/xmas-ads-1940s/13
Gruen Asst Watch Print Christmas Sleigh (1949),Gruen,1940,http://file.vintageadbrowser.com/cd96t197nxjxqr.jpg,http://www.vintageadbrowser.com/xmas-ads-1940s/2
"Old , Gruen Watches for Christmas (1949)",Gruen Watches,1940,http://file.vintageadbrowser.com/wz28i109u7isth.jpg,http://www.vintageadbrowser.com/xmas-ads-1940s/13
Guckenheimer Whiskey Christmas – Since 1857 (1948),Guckenheimer,1940,http://file.vintageadbrowser.com/lw865druuov7wk.jpg,http://www.vintageadbrowser.com/xmas-ads-1940s/15
Guerlain Shalimar Perfume Christmas Santa (1963),Guerlain,1960,http://file.vintageadbrowser.com/ogvoxps4v90zio.jpg,http://www.vintageadbrowser.com/xmas-ads-1960s/2
H. O’Neill & Co.’s books – Christmas 1900 Gift Book (1900),H. O’Neill & Co.,1900,http://file.vintageadbrowser.com/svha7g8wseop5l.jpg,http://www.vintageadbrowser.com/xmas-ads-1900s
Hallmark Cards Christmas Cards Albums. (1953),Hallmark,1950,http://file.vintageadbrowser.com/cit2yb25p16iq3.jpg,http://www.vintageadbrowser.com/xmas-ads-1950s/3
Hallmark Christmas Cards Ad Winston Churchill (1950),Hallmark,1950,http://file.vintageadbrowser.com/dbcjj9rktg37fi.jpg,http://www.vintageadbrowser.com/xmas-ads-1950s
Hamilton Watch Christmas – Extra Special (1947),Hamilton Watches,1940,http://file.vintageadbrowser.com/ddp5xdtplylplq.jpg,http://www.vintageadbrowser.com/xmas-ads-1940s/5
Hamilton Watch Christmas – To Jim (1948),Hamilton Watches,1940,http://file.vintageadbrowser.com/7z8gdcheu78kk5.jpg,http://www.vintageadbrowser.com/xmas-ads-1940s/8
Hamilton Watch Christmas – To Peggy (1948),Hamilton Watches,1940,http://file.vintageadbrowser.com/b0mxzj5yeeq26c.jpg,http://www.vintageadbrowser.com/xmas-ads-1940s/7
Hamilton Watch Holiday – 2 Pages (1949),Hamilton Watches,1940,http://file.vintageadbrowser.com/trckjb0uzopmod.jpg,http://www.vintageadbrowser.com/xmas-ads-1940s/9
Hamilton Watches (1936),Hamilton Watches,1930,http://file.vintageadbrowser.com/3k08ymdq72az4e.jpg,http://www.vintageadbrowser.com/xmas-ads-1930s/3
"Hamilton Watches Christmas ""express your love"" (1952)",Hamilton Watches,1950,http://file.vintageadbrowser.com/6azdub4m9ok5n0.jpg,http://www.vintageadbrowser.com/xmas-ads-1950s
Hamilton Watches for Christmas (1949),Hamilton Watches,1940,http://file.vintageadbrowser.com/8arbhycnycpadi.jpg,http://www.vintageadbrowser.com/xmas-ads-1940s/15
Hardware Mutual Casualty Christmas – Merry Christmas Daddy (1951),Hardware Mutual,1950,http://file.vintageadbrowser.com/3b7q2ps6e8iupf.jpg,http://www.vintageadbrowser.com/xmas-ads-1950s/4
Havana Cigars – Christmas Gift Suggestion (1935),Havana Cigars,1930,http://file.vintageadbrowser.com/50xkz1qwwshrn3.jpg,http://www.vintageadbrowser.com/xmas-ads-1930s/3
Hennessey Cognac Brandy Xmas (1939),Hennessey,1930,http://file.vintageadbrowser.com/3xik2y22fpr0gq.jpg,http://www.vintageadbrowser.com/xmas-ads-1930s
Hewlett Packard – Santa Claus (1997),Hewlett Packard,1990,http://file.vintageadbrowser.com/6sh6heef7ck7nd.jpg,http://www.vintageadbrowser.com/xmas-ads-1990s
Hiram Walker’s Cordials The night before Christmas (1962),Hiram Walker's,1960,http://file.vintageadbrowser.com/hcm8hkj55yzqxf.jpg,http://www.vintageadbrowser.com/xmas-ads-1960s/2
Hires Root Beer Christmas Gift Wrap Husband Wife (1946),Hires,1940,http://file.vintageadbrowser.com/2z4try7i298pix.jpg,http://www.vintageadbrowser.com/xmas-ads-1940s/10
Old Taylor Holiday – National Distillers (1949),Old Taylor,1940,http://file.vintageadbrowser.com/224qyucrfpjnnl.jpg,http://www.vintageadbrowser.com/xmas-ads-1940s/6
Hoover appliances. Ho Ho Hoover Christmas Santa theme (1969),Hoover,1960,http://file.vintageadbrowser.com/on53gdcbxb24ou.jpg,http://www.vintageadbrowser.com/xmas-ads-1960s
International Harvester heavy-duty trucks (1939),International Harvester,1930,http://file.vintageadbrowser.com/4e8nhcmfi6jx7i.jpg,http://www.vintageadbrowser.com/xmas-ads-1930s/2
Intervowen Socks,Interwoven,1920,http://file.vintageadbrowser.com/gj4pbw3vgpm0wc.jpg,http://www.vintageadbrowser.com/xmas-ads-1920s/2
IT&T Capehart Television – Santa Claus (1949),IT&T,1940,http://file.vintageadbrowser.com/sogeemw2fthr14.jpg,http://www.vintageadbrowser.com/xmas-ads-1940s/8
Italian Airline’s Italy – Fly LAI to Italy for the Christmas Holidays (1953),Italian Airline,1950,http://file.vintageadbrowser.com/8qy81fckzxvqnu.jpg,http://www.vintageadbrowser.com/xmas-ads-1950s/2
"J.e. Caldwell Jewelers, Xmas (1964)",J.E. Caldwell,1960,http://file.vintageadbrowser.com/ku879ah8mcd7ur.jpg,http://www.vintageadbrowser.com/xmas-ads-1960s/2
Jack Daniel’s – a bottle for Christmas (1998),Jack Daniel’s,1990,http://file.vintageadbrowser.com/f9qh00x9gzwrt9.jpg,http://www.vintageadbrowser.com/xmas-ads-1990s
Jack Daniel’s – Christmas Trees (1986),Jack Daniel’s,1980,http://file.vintageadbrowser.com/wx986vx6iqf7sl.jpg,http://www.vintageadbrowser.com/xmas-ads-1980s
Jack Daniel’s Christmas Tree From Near Woods (1986),Jack Daniel’s,1980,http://file.vintageadbrowser.com/hvjj4t1d33qg7p.jpg,http://www.vintageadbrowser.com/xmas-ads-1980s
Jack Daniel’s Whiskey Christmas Tree Trimming (1989),Jack Daniel’s,1980,http://file.vintageadbrowser.com/l80x0xas9phdvx.jpg,http://www.vintageadbrowser.com/xmas-ads-1980s/2
"Old , Jantzen Sweaters, Christmas (1949)",Jantzen,1940,http://file.vintageadbrowser.com/5kbfiq0uvsegff.jpg,http://www.vintageadbrowser.com/xmas-ads-1940s/5
Jell-o for Santa Christmas Jello (1956),Jell-o,1950,http://file.vintageadbrowser.com/jh9jjw19b1dhte.jpg,http://www.vintageadbrowser.com/xmas-ads-1950s/8
’71 Jerry Silverman Santa Christmas Gahan Wilson art (1971),Jerry Silverman,1970,http://file.vintageadbrowser.com/3y95e0tx363836.jpg,http://www.vintageadbrowser.com/xmas-ads-1970s/2
1941 (2),Jerry Silverman,1940,http://file.vintageadbrowser.com/t1l8kp64q6ebgv.jpg,http://www.vintageadbrowser.com/xmas-ads-1940s/14
"Jewelite Hair Brushes, Xmas (1949)",Jewelite,1940,http://file.vintageadbrowser.com/37zuddzop5j0lv.jpg,http://www.vintageadbrowser.com/xmas-ads-1940s
"Johnnie Walker ""May Your Christmases Be Black"" (1977)",Johnnie Walker,1970,http://file.vintageadbrowser.com/o9uttcvyooh7jv.jpg,http://www.vintageadbrowser.com/xmas-ads-1970s
Johnnie Walker BL Scotch Christmas Exception (1977),Johnnie Walker,1970,http://file.vintageadbrowser.com/3v959dksl7qv7v.jpg,http://www.vintageadbrowser.com/xmas-ads-1970s
Johnnie Walker Black Wild Christmas Tree (1979),Johnnie Walker,1970,http://file.vintageadbrowser.com/4nrcxu0b3amk0a.jpg,http://www.vintageadbrowser.com/xmas-ads-1970s/2
Johnnie Walker Red Christmas – Santa’s lost weight. (1977),Johnnie Walker,1970,http://file.vintageadbrowser.com/zqespkyhekq2l4.jpg,http://www.vintageadbrowser.com/xmas-ads-1970s
Johnnie Walker Scotch Christmas Wreath (1949),Johnnie Walker,1940,http://file.vintageadbrowser.com/mdpkwz44wmdcrp.jpg,http://www.vintageadbrowser.com/xmas-ads-1940s/5
Johnston’s,Johnston’s,1920,http://file.vintageadbrowser.com/07nrsu1walb5y5.jpg,http://www.vintageadbrowser.com/xmas-ads-1920s/3
Johnston’s Chocolate Candy (1925),Johnston’s,1920,http://file.vintageadbrowser.com/gojy2nu7zsy1d6.jpg,http://www.vintageadbrowser.com/xmas-ads-1920s/3
JR Watkins Products Dealer Christmas Santa (1953),JR Watkins,1950,http://file.vintageadbrowser.com/88xas6gwndjyty.jpg,http://www.vintageadbrowser.com/xmas-ads-1950s/5
Kaywoodie Tobacco Pipe Pipes Christmas Theme (1953),Kaywoodie,1950,http://file.vintageadbrowser.com/9vlmqilzqh0tfp.jpg,http://www.vintageadbrowser.com/xmas-ads-1950s/8
Kellog’s Rice Krispies,Kellog’s,1930,http://file.vintageadbrowser.com/2paisfsrna9gbf.jpg,http://www.vintageadbrowser.com/xmas-ads-1930s
Christmas Present Shopping Santa Kelly Tires (1946),Kelly Tires,1940,http://file.vintageadbrowser.com/v1ecsusz7vvjbq.jpg,http://www.vintageadbrowser.com/xmas-ads-1940s/14
Kentucky Tavern Christmas – Gifts of Good Taste (1949),Kentucky Tavern,1940,http://file.vintageadbrowser.com/5z4xbrue4u3s25.jpg,http://www.vintageadbrowser.com/xmas-ads-1940s/5
Kentucky Tavern Whiskey – Holiday Snowman (1951),Kentucky Tavern,1950,http://file.vintageadbrowser.com/n6wknlbu8ozr8f.jpg,http://www.vintageadbrowser.com/xmas-ads-1950s/5
"Kentucky Tavern Whiskey, Xmas (1952)",Kentucky Tavern,1950,http://file.vintageadbrowser.com/1i9wepvjdpna0u.jpg,http://www.vintageadbrowser.com/xmas-ads-1950s
"Kentucky Tavern, Christmas (1956)",Kentucky Tavern,1950,http://file.vintageadbrowser.com/nvc25derxg4pla.jpg,http://www.vintageadbrowser.com/xmas-ads-1950s/10
"Kenwood Chef, Mixers, Processors, Kitchens Gadgets Christmas Presents, UK (1930)",Kenwood,1930,http://file.vintageadbrowser.com/r50iqn8welkxo5.jpg,http://www.vintageadbrowser.com/xmas-ads-1930s/2
Knox Gelatin Holiday – Fruit-Nog Mix Recipe Ideas (1957),Knox,1950,http://file.vintageadbrowser.com/hfqmlijcn8f441.jpg,http://www.vintageadbrowser.com/xmas-ads-1950s/9
Knox Mens Hat for Christmas (1947),Knox,1940,http://file.vintageadbrowser.com/etvkjeth8yltvb.jpg,http://www.vintageadbrowser.com/xmas-ads-1940s/16
Eastman Kodak Christmas – Photomicrograph of Snowflake (1947),Kodak,1940,http://file.vintageadbrowser.com/yesg0gjqbs7gf0.jpg,http://www.vintageadbrowser.com/xmas-ads-1940s
Eastman Kodak Co Rochester NY Christmas theme (1964),Kodak,1960,http://file.vintageadbrowser.com/kahu7ncz2o0oqo.jpg,http://www.vintageadbrowser.com/xmas-ads-1960s/2
Eastman Kodak Company Give and take christmas. Movie cameras and projectors (1959),Kodak,1950,http://file.vintageadbrowser.com/eeswkj8b1pnfz3.jpg,http://www.vintageadbrowser.com/xmas-ads-1950s/5
Kodak – A Christmas Morning Kodak,Kodak,1910,http://file.vintageadbrowser.com/d6a6g90q31otm4.jpg,http://www.vintageadbrowser.com/xmas-ads-1910s
Kodak – A Christmas Morning Kodak (1904),Kodak,1900,http://file.vintageadbrowser.com/e5xhqwg32unjhg.jpg,http://www.vintageadbrowser.com/xmas-ads-1900s
Kodak – A happy Christmas thought – Kodak (1916),Kodak,1910,http://file.vintageadbrowser.com/oxuro4d48izjhy.jpg,http://www.vintageadbrowser.com/xmas-ads-1910s
Kodak – A Kodak Christmas (1919),Kodak,1910,http://file.vintageadbrowser.com/pka1azbw8zdldb.jpg,http://www.vintageadbrowser.com/xmas-ads-1910s
Kodak – A new model Kodak-and just in time for Christmas (1922),Kodak,1920,http://file.vintageadbrowser.com/v5e9cwbc9phlm5.jpg,http://www.vintageadbrowser.com/xmas-ads-1920s/2
Kodak – Among the Christmas Gifts (1920),Kodak,1920,http://file.vintageadbrowser.com/qrb0hwf2e8fq4r.jpg,http://www.vintageadbrowser.com/xmas-ads-1920s
Kodak – For Christmas – your photograph. (1915),Kodak,1910,http://file.vintageadbrowser.com/63tt8v7gd2kc9v.jpg,http://www.vintageadbrowser.com/xmas-ads-1910s
"Kodak – For Christmas Morning, A Kodak (1914)",Kodak,1910,http://file.vintageadbrowser.com/giyxeybzypa7x1.jpg,http://www.vintageadbrowser.com/xmas-ads-1910s
"Kodak – For every boy or girl, there’s a Merry Christmas in the Kodak Box. (1906)",Kodak,1900,http://file.vintageadbrowser.com/bj82e4gjt47il0.jpg,http://www.vintageadbrowser.com/xmas-ads-1900s
Kodak – Her Christmas Kodak (1922),Kodak,1920,http://file.vintageadbrowser.com/0qr5e6d83r9sap.jpg,http://www.vintageadbrowser.com/xmas-ads-1920s/2
Kodak – Keep Christmas with a Kodak (1922),Kodak,1920,http://file.vintageadbrowser.com/hxf273nel9omed.jpg,http://www.vintageadbrowser.com/xmas-ads-1920s
Kodak – Keep the Christmas Story with a Kodak (1921),Kodak,1920,http://file.vintageadbrowser.com/w4qp06e1v9dm3x.jpg,http://www.vintageadbrowser.com/xmas-ads-1920s
Kodak – Kodak – the gift that helps to make her Christmas merry... (1919),Kodak,1910,http://file.vintageadbrowser.com/fl3pbvg3ycodkx.jpg,http://www.vintageadbrowser.com/xmas-ads-1910s
Kodak – Kodak and Brownie Cameras Help to Make the Christmas Merry (1901),Kodak,1900,http://file.vintageadbrowser.com/ve11m3kf04rmxx.jpg,http://www.vintageadbrowser.com/xmas-ads-1900s/2
Kodak – Kodaks For Christmas,Kodak,1910,http://file.vintageadbrowser.com/e3n2jwdtv6uk2m.jpg,http://www.vintageadbrowser.com/xmas-ads-1910s
Kodak – Let the Children Put Kodak on That Christmas List (1909),Kodak,1900,http://file.vintageadbrowser.com/d5c3k8ajdi0hs8.jpg,http://www.vintageadbrowser.com/xmas-ads-1900s/2
Kodak – Let your Kodak keep the Christmas Story (1921),Kodak,1920,http://file.vintageadbrowser.com/q4yzi80evqmrs9.jpg,http://www.vintageadbrowser.com/xmas-ads-1920s/2
Kodak – Take a Kodak home for Christmas (1900),Kodak,1900,http://file.vintageadbrowser.com/ai9hmyhgtof19a.jpg,http://www.vintageadbrowser.com/xmas-ads-1900s/2
Kodak – The Kodak Christmas (1900),Kodak,1900,http://file.vintageadbrowser.com/g6fuwlldpg6fu0.jpg,http://www.vintageadbrowser.com/xmas-ads-1900s
Kodak – The Kodak Christmas Merriest Christmas (1900),Kodak,1900,http://file.vintageadbrowser.com/u8zytz46iocvn1.jpg,http://www.vintageadbrowser.com/xmas-ads-1900s
Kodak – The Kodak Christmas Story (1907) (1),Kodak,1900,http://file.vintageadbrowser.com/bvsoi7nj86oytd.jpg,http://www.vintageadbrowser.com/xmas-ads-1900s
Kodak – The Kodak Christmas Story (1907) (2),Kodak,1900,http://file.vintageadbrowser.com/wl4b05ow8x5sma.jpg,http://www.vintageadbrowser.com/xmas-ads-1900s
Kodak – The Most Sensible Xmas Or New Year Gift (1906),Kodak,1900,http://file.vintageadbrowser.com/b7pv0ucanlfle2.jpg,http://www.vintageadbrowser.com/xmas-ads-1900s
Kodak – This Christmas your photograph – the only gift that only you can make. (1922),Kodak,1920,http://file.vintageadbrowser.com/9hx77riv8o1sak.jpg,http://www.vintageadbrowser.com/xmas-ads-1920s
Kodak Brownie Movie Camera Christmas – Gift Flash (1951),Kodak,1950,http://file.vintageadbrowser.com/ta98s74r21f3q0.jpg,http://www.vintageadbrowser.com/xmas-ads-1950s/8
Kodak Cameras for Christmas Holiday (1952),Kodak,1950,http://file.vintageadbrowser.com/pk0tjlmukvs52t.jpg,http://www.vintageadbrowser.com/xmas-ads-1950s
Kodak Instamatic Cameras Christmas – Santa Claus – Sold (1969),Kodak,1960,http://file.vintageadbrowser.com/2n1mxs9bw5r6gq.jpg,http://www.vintageadbrowser.com/xmas-ads-1960s
"Kodak’s ""Your Christmas guide to the finest gifts from (1963)",Kodak,1960,http://file.vintageadbrowser.com/tsu83qjocawdpe.jpg,http://www.vintageadbrowser.com/xmas-ads-1960s/3
"Kodak’s Brownie cameras – ""It Works Like A Kodak."" Brownies For Christmas (1903)",Kodak,1900,http://file.vintageadbrowser.com/zm17y3m6oclweb.jpg,http://www.vintageadbrowser.com/xmas-ads-1900s/2
Kodak’s Brownie cameras – A Brownie for Christmas (1922),Kodak,1920,http://file.vintageadbrowser.com/az6c7kzqmkdxc8.jpg,http://www.vintageadbrowser.com/xmas-ads-1920s/2
Kodak’s Brownie cameras – Brownies For Christmas (1903),Kodak,1900,http://file.vintageadbrowser.com/0ol4g5jnms36tt.jpg,http://www.vintageadbrowser.com/xmas-ads-1900s
Kodak’s Christmas 1964 (1964),Kodak,1960,http://file.vintageadbrowser.com/diiwqnqzm3v15e.jpg,http://www.vintageadbrowser.com/xmas-ads-1960s/3
Kodak’s Christmas gifts for 1958 (1958),Kodak,1950,http://file.vintageadbrowser.com/7ynzieg1r07qyq.jpg,http://www.vintageadbrowser.com/xmas-ads-1950s/8
Kodak’s Christmas gifts in 1963 (1963),Kodak,1960,http://file.vintageadbrowser.com/1v76x5bcqrhkv6.jpg,http://www.vintageadbrowser.com/xmas-ads-1960s
"Kodak’s Folding Pocket Series – Put ""Kodak"" on that Christmas List. (1909)",Kodak,1900,http://file.vintageadbrowser.com/e1nyi70etmtn3q.jpg,http://www.vintageadbrowser.com/xmas-ads-1900s
Kodak’s Premo cameras – She wants a Premo for Christmas (1916),Kodak,1910,http://file.vintageadbrowser.com/6uiklvbytynwkc.jpg,http://www.vintageadbrowser.com/xmas-ads-1910s
Kodak’s Premo Jr. cameras – It’s a merry Christmas for the one who gets a Premo Junior (1911) (1),Kodak,1910,http://file.vintageadbrowser.com/m1asugydt4v5g8.jpg,http://www.vintageadbrowser.com/xmas-ads-1910s/2
Kodak’s Premo Jr. cameras – It’s a merry Christmas for the one who gets a Premo Junior (1911) (2),Kodak,1910,http://file.vintageadbrowser.com/p49lmo00pjo3ki.jpg,http://www.vintageadbrowser.com/xmas-ads-1910s
1903,Kodak,1900,http://file.vintageadbrowser.com/hym7mfrc7w0fpz.jpg,http://www.vintageadbrowser.com/xmas-ads-1900s
L & M Cigarettes Christmas Carton Very Pretty C (1960),L & M Cigarettes,1960,http://file.vintageadbrowser.com/6p0jzfi37fau89.jpg,http://www.vintageadbrowser.com/xmas-ads-1960s/4
This Christmas Lane Cedar Chest (1951),Lane Cedar,1950,http://file.vintageadbrowser.com/dca4zyjfqdt4cl.jpg,http://www.vintageadbrowser.com/xmas-ads-1950s/3
1916 (2),Larkin Factory,1910,http://file.vintageadbrowser.com/axcknfqskyv62z.jpg,http://www.vintageadbrowser.com/xmas-ads-1910s
Lederle Christmas For Johnny Baseball Glove Skis (1951),Lederle,1950,http://file.vintageadbrowser.com/svuk648nqqboyo.jpg,http://www.vintageadbrowser.com/xmas-ads-1950s/4
Lejon Brandy Collectible Christmas Gift Theme (1947),Lejon,1940,http://file.vintageadbrowser.com/0xmdpqbek5kuph.jpg,http://www.vintageadbrowser.com/xmas-ads-1940s/2
Lincoln Logs,Lincoln Logs,1920,http://file.vintageadbrowser.com/pk45tga4c6e2ag.jpg,http://www.vintageadbrowser.com/xmas-ads-1920s
"Lord Calvert Whiskey, Xmas Book (1939)",Lord Calvert,1930,http://file.vintageadbrowser.com/8h4icjgvy2k5m9.jpg,http://www.vintageadbrowser.com/xmas-ads-1930s
Ann Sothern Christmas Lucky Strike Cigarette (1954),Lucky Strike,1950,http://file.vintageadbrowser.com/2bx02u8qorpo28.jpg,http://www.vintageadbrowser.com/xmas-ads-1950s/6
Bus Depot Christmas Mack Intercity Bus Art (1958),Mack,1950,http://file.vintageadbrowser.com/nxhcqicxj7z4uz.jpg,http://www.vintageadbrowser.com/xmas-ads-1950s/9
Max Factor Christmas Gift Sets (1949),Max Factor,1940,http://file.vintageadbrowser.com/lxnwr462ib23mh.jpg,http://www.vintageadbrowser.com/xmas-ads-1940s/6
Max Factor Sunshine Christmas (1969),Max Factor,1960,http://file.vintageadbrowser.com/5gjfpt19c3ogl6.jpg,http://www.vintageadbrowser.com/xmas-ads-1960s/2
"Max Factor, Garden of Christmas (1970)",Max Factor,1970,http://file.vintageadbrowser.com/skqs4sboouw7o1.jpg,http://www.vintageadbrowser.com/xmas-ads-1970s/2
Maxim Fire Truck Photo Christmas Greetings (1956),Maxim,1950,http://file.vintageadbrowser.com/c469r3wmxyomv2.jpg,http://www.vintageadbrowser.com/xmas-ads-1950s/6
Maxwell House Coffee Christmas Carolers (1950),Maxwell House,1950,http://file.vintageadbrowser.com/2e0mhjwjymiolw.jpg,http://www.vintageadbrowser.com/xmas-ads-1950s/7
Original Ad Mcgregor Mens Fashion Xmas Carolers (1948),McGregor,1940,http://file.vintageadbrowser.com/qz15wxwhkmdxc8.jpg,http://www.vintageadbrowser.com/xmas-ads-1940s/15
Mead Papers Christmas – Santa’s Christmas List – Sold (1952),Mead Paper,1950,http://file.vintageadbrowser.com/j6wkfjqlp5vsmu.jpg,http://www.vintageadbrowser.com/xmas-ads-1950s/8
Merriam Webster Collegiate Dictionary The gift of words (1961),Merriam Webster,1960,http://file.vintageadbrowser.com/o2tr8j0ln7jvg4.jpg,http://www.vintageadbrowser.com/xmas-ads-1960s/3
Minneapolis Star and Tribune – Mamie Fisher (1948),Minneapolis Star and Tribune,1940,http://file.vintageadbrowser.com/jm1uf1r5h51wfj.jpg,http://www.vintageadbrowser.com/xmas-ads-1940s/14
Morton Salt – Christmas Ornaments (1975),Morton Salt,1970,http://file.vintageadbrowser.com/zyo19ymp0wpj84.jpg,http://www.vintageadbrowser.com/xmas-ads-1970s
Motorola Television and Radio – Santa Claus – Sold (1949),Motorola,1940,http://file.vintageadbrowser.com/ya2gbj4m17zvhp.jpg,http://www.vintageadbrowser.com/xmas-ads-1940s/4
Motorola’s Television – Give a Christmas Gift (1949),Motorola,1940,http://file.vintageadbrowser.com/wrbz7ki0w21vq3.jpg,http://www.vintageadbrowser.com/xmas-ads-1940s/5
Motorola’s Television – Why This Will Be A TV Christmas (1950),Motorola,1950,http://file.vintageadbrowser.com/yvw3zgzn4aciq1.jpg,http://www.vintageadbrowser.com/xmas-ads-1950s/7
Motorola’s various – Choose the Right Gift This Easy Way: do your Christmas Shopping on this page Motorola TV and Radio (1950),Motorola,1950,http://file.vintageadbrowser.com/eeu5xxlzoqz5e2.jpg,http://www.vintageadbrowser.com/xmas-ads-1950s/10
Motorola’s Various – Do your Christmas Shopping on this page (1950),Motorola,1950,http://file.vintageadbrowser.com/fuu8z55dcy97if.jpg,http://www.vintageadbrowser.com/xmas-ads-1950s
A Christmas Story (1983),Movie,1980,http://file.vintageadbrowser.com/i2zhq31cjcphjd.jpg,http://www.vintageadbrowser.com/xmas-ads-1980s/2
Christmas Holiday (Deanna Durbin and Gene Kelly) (1944),Movie,1940,http://file.vintageadbrowser.com/ii2bky39hcgun3.jpg,http://www.vintageadbrowser.com/xmas-ads-1940s
I’ll Be Home For Christmas (1998),Movie,1990,http://file.vintageadbrowser.com/bjfjr2p7n5cema.jpg,http://www.vintageadbrowser.com/xmas-ads-1990s
I’ll Be Home For Christmas Sheet Music (1956),Movie,1950,http://file.vintageadbrowser.com/lfr8a9dklal4pp.jpg,http://www.vintageadbrowser.com/xmas-ads-1950s/9
"Movie Ad ""Christmas Eve"" (1947)",Movie,1940,http://file.vintageadbrowser.com/uy3278hsmc2wx2.jpg,http://www.vintageadbrowser.com/xmas-ads-1940s/4
Nightmare Before Christmas Burton’s Movie Promo (1993),Movie,1990,http://file.vintageadbrowser.com/h1jn99qkv7kosi.jpg,http://www.vintageadbrowser.com/xmas-ads-1990s
The Nightmare Before Christmas (1993) (1),Movie,1990,http://file.vintageadbrowser.com/hucrzyw7osfv9w.jpg,http://www.vintageadbrowser.com/xmas-ads-1990s
The Nightmare Before Christmas (1993) (2),Movie,1990,http://file.vintageadbrowser.com/ursc5bftqm81oa.jpg,http://www.vintageadbrowser.com/xmas-ads-1990s
Mutual of Omaha Insurance Christmas Gifts Toys (1956),Mutual of Omaha,1950,http://file.vintageadbrowser.com/37m6magxpto789.jpg,http://www.vintageadbrowser.com/xmas-ads-1950s/10
"Nash Cars Ad ""Yours for a Merry Christmas... (1952)",Nash Cars,1950,http://file.vintageadbrowser.com/sawwxo8bpkpxwi.jpg,http://www.vintageadbrowser.com/xmas-ads-1950s
"National Union Radio Tube’s Radio Tubes – A Xmas Gift... that will please the entire family, National Union Radio Tubes, New Low Prices (1930)",National Union,1930,http://file.vintageadbrowser.com/pw4ewsmdl52p2w.jpg,http://www.vintageadbrowser.com/xmas-ads-1930s/2
"New Haven Railroad – ""We’ll be home for Christmas for sure...We’ll take the New Haven"" (1953)",New Haven Railroad,1950,http://file.vintageadbrowser.com/zv7lf1e6c6bi1v.jpg,http://www.vintageadbrowser.com/xmas-ads-1950s/4
New York Central Christmas Train – Santa Claus (1949),New York Central Christmas Train,1940,http://file.vintageadbrowser.com/k4qxuzn4izz2la.jpg,http://www.vintageadbrowser.com/xmas-ads-1940s/8
New York Central Railroad – Santa Claus – Sold (1949),New York Central Railroad,1940,http://file.vintageadbrowser.com/po3ciysoi9b3x7.jpg,http://www.vintageadbrowser.com/xmas-ads-1940s/8
New York Central Train Railroad (1950),New York Central Railroad,1950,http://file.vintageadbrowser.com/prkgg4vnolit4q.jpg,http://www.vintageadbrowser.com/xmas-ads-1950s/2
Santa New York Central Train Railroad (1948),New York Central Railroad,1940,http://file.vintageadbrowser.com/ks2gx22uykbtco.jpg,http://www.vintageadbrowser.com/xmas-ads-1940s/6
New York Central System’s Water Level Route – Christmas Window...on the Water Level Route (1953),New York Central System’s Water Level Route,1950,http://file.vintageadbrowser.com/9nug4t142szpr0.jpg,http://www.vintageadbrowser.com/xmas-ads-1950s/4
New York Life Christmas – Grandma Carver’s (1952),New York Life,1950,http://file.vintageadbrowser.com/7baz7mgejtgk1x.jpg,http://www.vintageadbrowser.com/xmas-ads-1950s/9
New York Life Insurance Christmas – Willard Tree (1951),New York Life,1950,http://file.vintageadbrowser.com/7duvb2op00u56m.jpg,http://www.vintageadbrowser.com/xmas-ads-1950s/2
New York Life Insurance Christmas Prayer (1961),New York Life,1960,http://file.vintageadbrowser.com/4h26ur7e47xzf0.jpg,http://www.vintageadbrowser.com/xmas-ads-1960s/3
New York Life Insurance Christmas Prayer (1963),New York Life,1960,http://file.vintageadbrowser.com/vf3anhxlcnn5gn.jpg,http://www.vintageadbrowser.com/xmas-ads-1960s/2
1948,Noma Lights,1940,http://file.vintageadbrowser.com/svr0qocuxt6yee.jpg,http://www.vintageadbrowser.com/xmas-ads-1940s/2
1940 (1),Noma Lights,1940,http://file.vintageadbrowser.com/qclu4qxegutczo.jpg,http://www.vintageadbrowser.com/xmas-ads-1940s/5
Skiing Art Norelco Speedshaver Christmas (1958),Norelco,1950,http://file.vintageadbrowser.com/2hho30893j67ri.jpg,http://www.vintageadbrowser.com/xmas-ads-1950s/7
Northwest Christmas Tree Assoc. Keep Beautiful (1976),Northwest Christmas Tree Association,1970,http://file.vintageadbrowser.com/skwyg0lc8rohkr.jpg,http://www.vintageadbrowser.com/xmas-ads-1970s/2
Nunnaly’s: The Candy of the South,Nunnaly,1920,http://file.vintageadbrowser.com/nx3zefk9nfletn.jpg,http://www.vintageadbrowser.com/xmas-ads-1920s
Christmas Nutcracker Joffrey Ballet Nynex (1988),Nynex,1980,http://file.vintageadbrowser.com/1j1mspnvmhui4b.jpg,http://www.vintageadbrowser.com/xmas-ads-1980s
Old Angus Scotch Whisky Christmas – Gentle as a Lamb (1940),Old Angus,1940,http://file.vintageadbrowser.com/bagerjd4f7xl9q.jpg,http://www.vintageadbrowser.com/xmas-ads-1940s/14
Old Crow Christmas – National Distillers (1949),Old Crow,1940,http://file.vintageadbrowser.com/iqzvfg4r07fgmr.jpg,http://www.vintageadbrowser.com/xmas-ads-1940s/13
Old Crow Whiskey Christmas – Holiday Cheer in Old KY (1948),Old Crow,1940,http://file.vintageadbrowser.com/446b33ucy1lecf.jpg,http://www.vintageadbrowser.com/xmas-ads-1940s/9
Old Crow Whiskey Wagon Sled Sleigh Horse Christmas (1948),Old Crow,1940,http://file.vintageadbrowser.com/cuisf7d8z0ynbq.jpg,http://www.vintageadbrowser.com/xmas-ads-1940s/7
Oldtime Christmas Old Crow Whisky (1942),Old Crow,1940,http://file.vintageadbrowser.com/k2fz2ecstut1bb.jpg,http://www.vintageadbrowser.com/xmas-ads-1940s/9
Old Fitzgerald Bourbon Xmas (1964),Old Fitzgerald,1960,http://file.vintageadbrowser.com/c4k1mn0k29uxy1.jpg,http://www.vintageadbrowser.com/xmas-ads-1960s/3
Old Fitzgerald Christmas – Kentucky’s Key (1949),Old Fitzgerald,1940,http://file.vintageadbrowser.com/6lv7xv8scazl4j.jpg,http://www.vintageadbrowser.com/xmas-ads-1940s/3
Old Forester Christmas Wreath Orchids Antique (1949),Old Forester,1940,http://file.vintageadbrowser.com/0eruxuogbqpkhl.jpg,http://www.vintageadbrowser.com/xmas-ads-1940s/4
Something New Old Gold Cigarettes (1941),Old Gold,1940,http://file.vintageadbrowser.com/y3cth5rm8wum40.jpg,http://www.vintageadbrowser.com/xmas-ads-1940s/13
Old Grand Dad Holiday – Clock Box (1949),Old Grand Dad,1940,http://file.vintageadbrowser.com/9u7v6ocrt0crb2.jpg,http://www.vintageadbrowser.com/xmas-ads-1940s/9
Old Schenley Christmas – What Every Woman Wants (1940),Old Schenley,1940,http://file.vintageadbrowser.com/4uhj2ma6fmjzr3.jpg,http://www.vintageadbrowser.com/xmas-ads-1940s/16
Otis Elevator Christmas – Atlanta Skylines (1948),Otis Elevator,1940,http://file.vintageadbrowser.com/7n1m24ho97cxxw.jpg,http://www.vintageadbrowser.com/xmas-ads-1940s/5
Otis Elevator Christmas – Pittsburgh Skylines (1949),Otis Elevator,1940,http://file.vintageadbrowser.com/rf5u1uq8yleggi.jpg,http://www.vintageadbrowser.com/xmas-ads-1940s/6
Otis Elevator Company Christmas – Kansas City Skyline (1947),Otis Elevator,1940,http://file.vintageadbrowser.com/08o75aieid6c3m.jpg,http://www.vintageadbrowser.com/xmas-ads-1940s/12
Pabst Blue Ribbon Beer Pbr Christmas Holiday (1951),Pabst,1950,http://file.vintageadbrowser.com/34nz6o7z1fw85t.jpg,http://www.vintageadbrowser.com/xmas-ads-1950s/2
"Packard-Bell’s Television, Radios – the night before Christmas put Packard-Bell all through your house (1956)",Packard-Bell,1950,http://file.vintageadbrowser.com/zc5oazh8z7nwsd.jpg,http://www.vintageadbrowser.com/xmas-ads-1950s/5
Parker Pen Christmas – Parker 51 Pen Set (1947),Parker Pens,1940,http://file.vintageadbrowser.com/yqns2qdbam9ly9.jpg,http://www.vintageadbrowser.com/xmas-ads-1940s/9
Parker Pen Christmas Parker 51 – Santa’s Hand (1947),Parker Pens,1940,http://file.vintageadbrowser.com/yu45v6ww31iaft.jpg,http://www.vintageadbrowser.com/xmas-ads-1940s/7
New Christmas Parker Pens (1953),Parker Pens,1950,http://file.vintageadbrowser.com/xbnuwygduqmo5w.jpg,http://www.vintageadbrowser.com/xmas-ads-1950s/7
Peelabanana Santa – Banana Quick Bread Recipe (1957),Peelabanana,1950,http://file.vintageadbrowser.com/6yn5k18rclbxkw.jpg,http://www.vintageadbrowser.com/xmas-ads-1950s/6
Pennsylvania Railroad – ’twas the night before Christmas... (1948),Pennsylvania Railroad,1940,http://file.vintageadbrowser.com/d5049m61fe88cf.jpg,http://www.vintageadbrowser.com/xmas-ads-1940s/12
Pepsi Cola Red Dress Christmas Hat (1958),Pepsi,1950,http://file.vintageadbrowser.com/di7k7nmcyo5i54.jpg,http://www.vintageadbrowser.com/xmas-ads-1950s/10
Pepsi Cola Refreshes Christmas Tree (1956),Pepsi,1950,http://file.vintageadbrowser.com/j9rq4pt6bn5e49.jpg,http://www.vintageadbrowser.com/xmas-ads-1950s/6
Pepsi Family Christmas American Flyer Train (1961),Pepsi,1960,http://file.vintageadbrowser.com/lq053fyxy71i45.jpg,http://www.vintageadbrowser.com/xmas-ads-1960s
Reddy Kilowatt Christmas Electric Blanket PG&E (1960),PG&E,1960,http://file.vintageadbrowser.com/83t00g975no2i3.jpg,http://www.vintageadbrowser.com/xmas-ads-1960s/3
"Philco Tv, Plug & Play, Xmas (1949)",Philco,1940,http://file.vintageadbrowser.com/vk6avoppi0nza4.jpg,http://www.vintageadbrowser.com/xmas-ads-1940s/6
Philco’s Projection Television – For a Memorable Christmas... Philco Television (1947),Philco,1940,http://file.vintageadbrowser.com/stnn6rjuanocx1.jpg,http://www.vintageadbrowser.com/xmas-ads-1940s/3
Christmas Theres a Philco Radio for Everyo (1947),Philco,1940,http://file.vintageadbrowser.com/oocst3l876e02a.jpg,http://www.vintageadbrowser.com/xmas-ads-1940s/9
Bell Boy Philip Morris Cigarette (1940),Philip Morris,1940,http://file.vintageadbrowser.com/lsyq3l7f5zep67.jpg,http://www.vintageadbrowser.com/xmas-ads-1940s/16
Philip Morris Cigarettes Christmas – The Best To You and Yours (1940),Philip Morris,1940,http://file.vintageadbrowser.com/4wwksia15thjwr.jpg,http://www.vintageadbrowser.com/xmas-ads-1940s/17
Phillips’ Milk of Magnesia – too much Christmas rob you of Sleep (1949),Philip's,1940,http://file.vintageadbrowser.com/a1mgwm0rnibvez.jpg,http://www.vintageadbrowser.com/xmas-ads-1940s/4
School Christmas Recital New Plymouth Car (1948),Plymouth Car,1940,http://file.vintageadbrowser.com/dm7duowpa8sctp.jpg,http://www.vintageadbrowser.com/xmas-ads-1940s/4
Polaroid & Sears Pronto Christmas (1976),Polaroid,1970,http://file.vintageadbrowser.com/xnfuv46d22dvfx.jpg,http://www.vintageadbrowser.com/xmas-ads-1970s
Polaroid Land Camera Christmas Camera – 60 second Portrait (1951),Polaroid,1950,http://file.vintageadbrowser.com/ec26bl6bgdivjb.jpg,http://www.vintageadbrowser.com/xmas-ads-1950s
Polaroid land camera Christmast picture in 60 seconds (1953),Polaroid,1950,http://file.vintageadbrowser.com/aygklywmjz6j3l.jpg,http://www.vintageadbrowser.com/xmas-ads-1950s/6
Proctor Appliances Santa Toaster Iron (1948),Proctor Appliances,1940,http://file.vintageadbrowser.com/dsz8rnadnj8oyu.jpg,http://www.vintageadbrowser.com/xmas-ads-1940s/13
Prudential Insurance Christmas (1947),Prudential Insurance,1940,http://file.vintageadbrowser.com/c5alegxhrbwnf6.jpg,http://www.vintageadbrowser.com/xmas-ads-1940s/11
Puerto Rican Rum Christmas – Rum n Cider Punch Recipe (1949),Puerto Rican Rum,1940,http://file.vintageadbrowser.com/1gyfagm00s0t85.jpg,http://www.vintageadbrowser.com/xmas-ads-1940s/7
Pullman All A-board for Christmas Train (1949),Pullman Company,1940,http://file.vintageadbrowser.com/42losm6nze1cgu.jpg,http://www.vintageadbrowser.com/xmas-ads-1940s/8
Pullman Company – Christmas Cargo (1948),Pullman Company,1940,http://file.vintageadbrowser.com/1id1w54v0k26p8.jpg,http://www.vintageadbrowser.com/xmas-ads-1940s/16
Pullman Company – The nicest Christmas present I’ve ever had (1947),Pullman Company,1940,http://file.vintageadbrowser.com/wf1igu6ksnt1g1.jpg,http://www.vintageadbrowser.com/xmas-ads-1940s/2
Pullman Company – Why the best part of this Christmas trip can’t be pictured (1951),Pullman Company,1950,http://file.vintageadbrowser.com/zoj3iz9vokhuht.jpg,http://www.vintageadbrowser.com/xmas-ads-1950s/4
Pullman Train Christmas – Christmas Cargo (1948),Pullman Company,1940,http://file.vintageadbrowser.com/phef0h4td5lp8b.jpg,http://www.vintageadbrowser.com/xmas-ads-1940s/11
Pullman Train Conductor Porter (1949),Pullman Company,1940,http://file.vintageadbrowser.com/c83ww92uzfim0a.jpg,http://www.vintageadbrowser.com/xmas-ads-1940s/10
Give Pyrex Ware for Christmas Gifts Print (1941),Pyrex,1940,http://file.vintageadbrowser.com/gh0s6qxxk84p9s.jpg,http://www.vintageadbrowser.com/xmas-ads-1940s/12
"Pyrex Ad ""Bring Your Christmas List... (1948)",Pyrex,1940,http://file.vintageadbrowser.com/c1p0e992wvajkd.jpg,http://www.vintageadbrowser.com/xmas-ads-1940s/8
Santa Claus Christmas Pyrex OvenWare (1946),Pyrex,1940,http://file.vintageadbrowser.com/qnndyiiwi778r6.jpg,http://www.vintageadbrowser.com/xmas-ads-1940s/8
"Q-tips Ad ""This Christmas You’ll Need... (1957)",Q-tips,1950,http://file.vintageadbrowser.com/yfcb5m0zah09xg.jpg,http://www.vintageadbrowser.com/xmas-ads-1950s/6
Quaker Oats – Candy Cane Oatmeal Cookies – 3 Recipes (1957),Quaker,1950,http://file.vintageadbrowser.com/shfr9boqq8ue8n.jpg,http://www.vintageadbrowser.com/xmas-ads-1950s
Quaker Sugar Cookie Mix Santa Christmas (1977),Quaker,1970,http://file.vintageadbrowser.com/mv1u0cmi4nobe0.jpg,http://www.vintageadbrowser.com/xmas-ads-1970s
Rand McNally & Company – Santa Claus (1948),Rand McNally,1940,http://file.vintageadbrowser.com/rjr4uytsj56zce.jpg,http://www.vintageadbrowser.com/xmas-ads-1940s/2
Asst Ray Ban Sunglasses Christmas Tree Theme (1993),Ray Ban,1990,http://file.vintageadbrowser.com/y6tqfqm0tlfwt3.jpg,http://www.vintageadbrowser.com/xmas-ads-1990s
Revere Ware Holiday – Flaming Fruit Jubilee – Sold (1957),Revere Ware,1950,http://file.vintageadbrowser.com/kmn6dsba865n5j.jpg,http://www.vintageadbrowser.com/xmas-ads-1950s/7
"Old , Intimate, Revlon, Christmas (1964)",Revlon,1960,http://file.vintageadbrowser.com/4v1ac67lk7ooji.jpg,http://www.vintageadbrowser.com/xmas-ads-1960s/3
Miss Rheingold Beer Ad Mary Austin Christmas Photo (1953),Rheingold,1950,http://file.vintageadbrowser.com/jbt92ry7zl0bfk.jpg,http://www.vintageadbrowser.com/xmas-ads-1950s/6
Richard Hudnut’s Fragrance Gemey gifts – Gay Gifts for Christmas The World Around in that single thread of Fragrance Gemey (1937),Richard Hudnu,1930,http://file.vintageadbrowser.com/u295asl36ovjvo.jpg,http://www.vintageadbrowser.com/xmas-ads-1930s/2
Roadmaster Bicycle Bike Bumpers On Rims Christmas (1950),Roadmaster Bicycle,1950,http://file.vintageadbrowser.com/feb87vx90l4jjc.jpg,http://www.vintageadbrowser.com/xmas-ads-1950s/7
Roadmaster Bicycle Bike Christmas Dream Tree (1953),Roadmaster Bicycle,1950,http://file.vintageadbrowser.com/iyu6fein5yabrd.jpg,http://www.vintageadbrowser.com/xmas-ads-1950s/3
"Robt. Burns Cigar – Corona, Perfecto, Panatela (1940)",Robt. Burns,1940,http://file.vintageadbrowser.com/6xbyc2yx7rly0m.jpg,http://www.vintageadbrowser.com/xmas-ads-1940s/13
Dad & Daughter 1847 Rogers Bros Silverware Xmas (1939),Rogers Bros.,1930,http://file.vintageadbrowser.com/gs4sfrcszz0dq2.jpg,http://www.vintageadbrowser.com/xmas-ads-1930s
Ronson Lighters (10) As Christmas Gifts (1949),Ronson,1940,http://file.vintageadbrowser.com/8i6wks3lkxrci5.jpg,http://www.vintageadbrowser.com/xmas-ads-1940s/16
Roy Rogers Christmas Toy Cowboy Boots Mayan Art (1956),Roy Rogers,1950,http://file.vintageadbrowser.com/jwa6s88qrvl80u.jpg,http://www.vintageadbrowser.com/xmas-ads-1950s/3
Royal Portable Typewriter Christmas Vintage (1954),Royal,1950,http://file.vintageadbrowser.com/296fg3qfosa4lj.jpg,http://www.vintageadbrowser.com/xmas-ads-1950s/8
Royal Vacuum – Santa Claus (1949),Royal,1940,http://file.vintageadbrowser.com/4k2q47lum36yof.jpg,http://www.vintageadbrowser.com/xmas-ads-1940s/14
Samson Asst All Purpose Tables Christmas Tree (1947),Samson,1940,http://file.vintageadbrowser.com/sj0wwjs1vytk3k.jpg,http://www.vintageadbrowser.com/xmas-ads-1940s/9
Samsonite Luggage Holiday – 2 Pages (1949),Samsonite,1940,http://file.vintageadbrowser.com/890agcsenptuk7.jpg,http://www.vintageadbrowser.com/xmas-ads-1940s/3
Schenley Brands of Whiskey Christmas (1940),Schenley,1940,http://file.vintageadbrowser.com/6mb2a9mjhy6j65.jpg,http://www.vintageadbrowser.com/xmas-ads-1940s/14
Schenley Whiskey Christmas – Tony Martin (1949),Schenley,1940,http://file.vintageadbrowser.com/uob0xweh4cbcw3.jpg,http://www.vintageadbrowser.com/xmas-ads-1940s/6
"Schenley Whisky, Christmas (1956)",Schenley,1950,http://file.vintageadbrowser.com/tej0g4jmfos4ms.jpg,http://www.vintageadbrowser.com/xmas-ads-1950s/6
Pretty Woman Schick Shaver Christmas Art (1954),Schick,1950,http://file.vintageadbrowser.com/n4xzykoavfkh91.jpg,http://www.vintageadbrowser.com/xmas-ads-1950s/7
Schick (1950),Schick,1950,http://file.vintageadbrowser.com/m756nyhmz81wys.jpg,http://www.vintageadbrowser.com/xmas-ads-1950s/2
Schick Injector Razor Christmas (1940),Schick,1940,http://file.vintageadbrowser.com/fg63te916jbdk7.jpg,http://www.vintageadbrowser.com/xmas-ads-1940s/15
Mistletoe Toe Lady Schick Shave Christmas (1958),Schick,1950,http://file.vintageadbrowser.com/t72zbg5354sphc.jpg,http://www.vintageadbrowser.com/xmas-ads-1950s/2
Schlitz Beer Christmas Theme Photo Vintage (1959),Schlitz,1950,http://file.vintageadbrowser.com/ob01jhg9dhwo8m.jpg,http://www.vintageadbrowser.com/xmas-ads-1950s/10
Schlitz Beer Christmas Tree Can Home (1950),Schlitz,1950,http://file.vintageadbrowser.com/n6bvpe43k2tn35.jpg,http://www.vintageadbrowser.com/xmas-ads-1950s/3
Christmas Charm Bracelet Schlitz Beer Lake (1958),Schlitz,1950,http://file.vintageadbrowser.com/mrrt0qj6cmucyn.jpg,http://www.vintageadbrowser.com/xmas-ads-1950s/5
Seagram’s Ancient Bottle Gin Christmas (1948),Seagram's,1940,http://file.vintageadbrowser.com/goprqmgh9ljavz.jpg,http://www.vintageadbrowser.com/xmas-ads-1940s/4
Seagram’s Gin Holiday (1949),Seagram's,1940,http://file.vintageadbrowser.com/gqkycgh0krngr6.jpg,http://www.vintageadbrowser.com/xmas-ads-1940s/10
Seagrams 7 Christmas – Only the Finest (1948),Seagram's,1940,http://file.vintageadbrowser.com/a3ed4256orzx1j.jpg,http://www.vintageadbrowser.com/xmas-ads-1940s/13
Seagrams Whiskey Bottle Christmas To Do (1942),Seagram's,1940,http://file.vintageadbrowser.com/idiwg8pmu6ddxz.jpg,http://www.vintageadbrowser.com/xmas-ads-1940s
Christmas Santa Seagram’s Crown Royal (1983),Seagram's,1980,http://file.vintageadbrowser.com/vldrbcn8kr9qxv.jpg,http://www.vintageadbrowser.com/xmas-ads-1980s
Sheaffer’s Pen Christmas – We wish it were possible (1951),Sheaffer’s,1950,http://file.vintageadbrowser.com/aja1h9fgomlsdx.jpg,http://www.vintageadbrowser.com/xmas-ads-1950s/10
Sheaffer’s Pen Christmas (1949),Sheaffer’s,1940,http://file.vintageadbrowser.com/i660n1v4rurivx.jpg,http://www.vintageadbrowser.com/xmas-ads-1940s
Sheaffer’s Pen Sets (12) Christmas Gift (1937),Sheaffer’s,1930,http://file.vintageadbrowser.com/tzm3k860ykk645.jpg,http://www.vintageadbrowser.com/xmas-ads-1930s/3
Shulton (1950),Shulton,1950,http://file.vintageadbrowser.com/c1diyq8sumvl6u.jpg,http://www.vintageadbrowser.com/xmas-ads-1950s/9
"Shulton, Christmas Gift Sets (1949)",Shulton,1940,http://file.vintageadbrowser.com/3hpletvohko8ds.jpg,http://www.vintageadbrowser.com/xmas-ads-1940s/10
Singer Christmas Fiesta Home Appliances Holiday (1967),Singer,1960,http://file.vintageadbrowser.com/aj5rom2kjb4hc8.jpg,http://www.vintageadbrowser.com/xmas-ads-1960s/2
Singer Sewing Centers Holiday (1957),Singer,1950,http://file.vintageadbrowser.com/fj1ryulstnojmj.jpg,http://www.vintageadbrowser.com/xmas-ads-1950s/8
Singer Sewing Machines. Give her the best. Christmas theme (1970),Singer,1970,http://file.vintageadbrowser.com/um0tk0f5hwgukc.jpg,http://www.vintageadbrowser.com/xmas-ads-1970s
Smith Corona Christmas with Santa Claus (1977),Smith Corona,1970,http://file.vintageadbrowser.com/l7wzz0nmq9x4kd.jpg,http://www.vintageadbrowser.com/xmas-ads-1970s
Smith Corona Typewriter Cute Fox (1964),Smith Corona,1960,http://file.vintageadbrowser.com/ngrsvtpe63i39a.jpg,http://www.vintageadbrowser.com/xmas-ads-1960s/4
1962,Soaky,1960,http://file.vintageadbrowser.com/yloa6526iuqpoi.jpg,http://www.vintageadbrowser.com/xmas-ads-1960s/3
Spode Christmas Tree Pattern China Photo (1968),Spode,1960,http://file.vintageadbrowser.com/cdnrp9h6wqbg9x.jpg,http://www.vintageadbrowser.com/xmas-ads-1960s
John Hudson Moore’s Sportsman Grooming Essentials – Just the ticket for his Christmas (1945),Sportsman,1940,http://file.vintageadbrowser.com/ee8rclykdn6vev.jpg,http://www.vintageadbrowser.com/xmas-ads-1940s/4
Slater Hotels Comic Christmas – Where’s Santa (1949),Statler Hotels,1940,http://file.vintageadbrowser.com/e65sierxfcpj1s.jpg,http://www.vintageadbrowser.com/xmas-ads-1940s/10
Statler Hotels Christmas Santa Claus (1952),Statler Hotels,1950,http://file.vintageadbrowser.com/jhz6rknss4diqd.jpg,http://www.vintageadbrowser.com/xmas-ads-1950s/8
Statler Hotels Holiday Comic – Hotel Pennsylvania (1948),Statler Hotels,1940,http://file.vintageadbrowser.com/vc8tcaxn09h9uk.jpg,http://www.vintageadbrowser.com/xmas-ads-1940s/10
Steinway Christmas – Franz Gruber (1948),Steinway,1940,http://file.vintageadbrowser.com/ptyh1o8yqwuudj.jpg,http://www.vintageadbrowser.com/xmas-ads-1940s/9
Steinway Christmas – J.S. Bach (1948),Steinway,1940,http://file.vintageadbrowser.com/teokojnr2ni9fw.jpg,http://www.vintageadbrowser.com/xmas-ads-1940s/12
Steuben Glass Crystal for Christmas (10) Photos (1962),Steuben,1960,http://file.vintageadbrowser.com/67k0z717aa30v9.jpg,http://www.vintageadbrowser.com/xmas-ads-1960s/3
"Streit ""Slumber"" Chair, Xmas (1950)",Streit,1950,http://file.vintageadbrowser.com/o6f0ruvd7wjl94.jpg,http://www.vintageadbrowser.com/xmas-ads-1950s/8
Stromberg-Carlson Company’s Television – It’s really Christmas family style (1953),Stromberg-Carlson,1950,http://file.vintageadbrowser.com/ahcgxm3au3f0ir.jpg,http://www.vintageadbrowser.com/xmas-ads-1950s/7
"Stromberg-Carlson Television’s ""Emperor"" – ""This Christmas we’re really on top of the World!"" (1949)",Stromberg-Carlson,1940,http://file.vintageadbrowser.com/fdoonchk8z1eu0.jpg,http://www.vintageadbrowser.com/xmas-ads-1940s/10
Sunbeam Assorted Appliances Christmas Santa (1948),Sunbeam,1940,http://file.vintageadbrowser.com/xg3fscyie9itc5.jpg,http://www.vintageadbrowser.com/xmas-ads-1940s/16
Swift’s Premium Christmas Ham (1949),Swift,1940,http://file.vintageadbrowser.com/k5ie3cgfl1l3tt.jpg,http://www.vintageadbrowser.com/xmas-ads-1940s/7
Swiss Federation of Watch Manufactures Christmas – Gift of Time (1949),Swiss Federation of Watch Manufactures,1940,http://file.vintageadbrowser.com/oalisewk3fe9gd.jpg,http://www.vintageadbrowser.com/xmas-ads-1940s/16
Swiss Federation of Watch Manufactures Christmas – Santa should know (1949),Swiss Federation of Watch Manufactures,1940,http://file.vintageadbrowser.com/q0ziyxjcsfwmb3.jpg,http://www.vintageadbrowser.com/xmas-ads-1940s/15
Swiss Federation of Watch Manufactures Christmas – The Thrill (1948),Swiss Federation of Watch Manufactures,1940,http://file.vintageadbrowser.com/70j810vtfox0cm.jpg,http://www.vintageadbrowser.com/xmas-ads-1940s/9
"Swiss Federation Watch Manufacturers, Austin Briggs (1948)",Swiss Federation of Watch Manufactures,1940,http://file.vintageadbrowser.com/l7hpz89xomrl3b.jpg,http://www.vintageadbrowser.com/xmas-ads-1940s
Tanqueray Gin Bottles Christmas Tree (1983),Tanqueray,1980,http://file.vintageadbrowser.com/x1e4rwvngn67tf.jpg,http://www.vintageadbrowser.com/xmas-ads-1980s
Great English Christmas Tree Tanqueray Gin (1976),Tanqueray,1970,http://file.vintageadbrowser.com/p7ri8jtwcs289d.jpg,http://www.vintageadbrowser.com/xmas-ads-1970s
Tanqueray Gin Bottle Christmas Tree Car Roof (1989),Tanqueray,1980,http://file.vintageadbrowser.com/0vfqok35a0u2h0.jpg,http://www.vintageadbrowser.com/xmas-ads-1980s
Tareyton Cigarette Santa Man Black Eye Fight (1963),Tareyton,1960,http://file.vintageadbrowser.com/tkh0vqnh85l4f0.jpg,http://www.vintageadbrowser.com/xmas-ads-1960s/2
Texaco Toy Service Station Christmas Gift Idea (1960),Texaco,1960,http://file.vintageadbrowser.com/gsoahhlr7uqmic.jpg,http://www.vintageadbrowser.com/xmas-ads-1960s/3
Textron Christmas White Clothing (1946),Textron,1940,http://file.vintageadbrowser.com/q7wln1yh4k48y7.jpg,http://www.vintageadbrowser.com/xmas-ads-1940s/16
The Etude Music Magazine – December (1932),The Etude Music Magazine,1930,http://file.vintageadbrowser.com/14mbtvn4490mel.jpg,http://www.vintageadbrowser.com/xmas-ads-1930s/2
"""The New Yorker"" Magazine Christmas Promo (1986)",The New Yorker,1980,http://file.vintageadbrowser.com/es7l9i9bog1yyf.jpg,http://www.vintageadbrowser.com/xmas-ads-1980s
Constantin Alajalov Xmas Store New Yorker Cover (1949),The New Yorker,1940,http://file.vintageadbrowser.com/xfwumu9htlrg34.jpg,http://www.vintageadbrowser.com/xmas-ads-1940s/2
Tia Maria Coffee Liqueur Christmas Promo (1986),Tia Maria,1980,http://file.vintageadbrowser.com/vga10kyxv6lelv.jpg,http://www.vintageadbrowser.com/xmas-ads-1980s
Tiffany & Co. Jewelry Photo Christmas Gifts (1985),Tiffany,1980,http://file.vintageadbrowser.com/2g2ovx4a3m8yei.jpg,http://www.vintageadbrowser.com/xmas-ads-1980s
Exhibition Christmas Table Settings Tiffany Co (1965),Tiffany,1960,http://file.vintageadbrowser.com/tppawxzxmdyswm.jpg,http://www.vintageadbrowser.com/xmas-ads-1960s/2
Time Magazine Christmas Subscription – Santa Says Hurry (1949),TIME Magazine,1940,http://file.vintageadbrowser.com/a1ml4w68ce9jon.jpg,http://www.vintageadbrowser.com/xmas-ads-1940s/15
Time Magazine Christmas Subscription By Airmail (1940),TIME Magazine,1940,http://file.vintageadbrowser.com/ct5k8g4f1cjt4z.jpg,http://www.vintageadbrowser.com/xmas-ads-1940s/12
Time Magazine Subscription – Santa Claus – Sold (1948),TIME Magazine,1940,http://file.vintageadbrowser.com/sgy52b4peroi22.jpg,http://www.vintageadbrowser.com/xmas-ads-1940s/11
Time Magazine Subscription Holiday (1948),TIME Magazine,1940,http://file.vintageadbrowser.com/wnwicv7ciz7p5v.jpg,http://www.vintageadbrowser.com/xmas-ads-1940s/2
Diane Keaton on Time Holiday Magazine (1977),TIME Magazine,1970,http://file.vintageadbrowser.com/c27z1doyotl2mt.jpg,http://www.vintageadbrowser.com/xmas-ads-1970s/2
Timken Detroit Axles 1900 Boston Horse Car Xmas (1951),Timken Detroit Axles,1950,http://file.vintageadbrowser.com/g074muqwjyff65.jpg,http://www.vintageadbrowser.com/xmas-ads-1950s/3
Trans World Airline’s Skyliner – The flight before Christmas (1951),Trans World Airline,1950,http://file.vintageadbrowser.com/qw60xmeuy9ead2.jpg,http://www.vintageadbrowser.com/xmas-ads-1950s/5
Trans-Canada Air Line’s Canada – Home To Canada For Christmas (1947),Trans-Canada Air Line,1940,http://file.vintageadbrowser.com/5c9gw9kvm0ibag.jpg,http://www.vintageadbrowser.com/xmas-ads-1940s/5
Trav-Ler Radio Corporation’s Various – on christmas morning... Travel With Trav-Ler (1947),Trav-Ler,1940,http://file.vintageadbrowser.com/w1f72ex2csaau5.jpg,http://www.vintageadbrowser.com/xmas-ads-1940s/2
"Trifari, Jewels for Christmas (1949)",Trifari,1940,http://file.vintageadbrowser.com/6lmn0blmj3wtzv.jpg,http://www.vintageadbrowser.com/xmas-ads-1940s
US Savings Bond Christmas (1949),"U.S, Savings Bond",1940,http://file.vintageadbrowser.com/uv23n4dcz83a6g.jpg,http://www.vintageadbrowser.com/xmas-ads-1940s/6
"U. S. Treas. Dept., War Advertising Council’s War Bonds – What’s the word you think most of at Christmas? (1943)",U.S. Department of Treasury,1940,http://file.vintageadbrowser.com/0ogatmq3sa22op.jpg,http://www.vintageadbrowser.com/xmas-ads-1940s/11
Underwood Typewriters Christmas Old (1937),Underwood,1930,http://file.vintageadbrowser.com/jrfl6tic34fb6n.jpg,http://www.vintageadbrowser.com/xmas-ads-1930s
United Airlines Hawaii For Christmas Wife (1968),United Airlines Hawaii,1960,http://file.vintageadbrowser.com/8ge5bbo22gveht.jpg,http://www.vintageadbrowser.com/xmas-ads-1960s/3
United Gas Christmas – Invite to Winter in the Sun (1940),United Gas,1940,http://file.vintageadbrowser.com/ia3hsfavvqwz7d.jpg,http://www.vintageadbrowser.com/xmas-ads-1940s/13
Wahl Eversharp & Wahl Pen – For Christmas (1924),Wahl Eversharp & Wah,1920,http://file.vintageadbrowser.com/n0v27tm9dpdptp.jpg,http://www.vintageadbrowser.com/xmas-ads-1920s/3
"J Walker Red, Christmas Box (1939)",Johnnie Walker,1930,http://file.vintageadbrowser.com/yu7ubrran0wiqf.jpg,http://www.vintageadbrowser.com/xmas-ads-1930s/3
J. Walter Thompson Company’s Jewelry and Silver – Christmas Gifts,J. Walter,1920,http://file.vintageadbrowser.com/h3gg07djbq24gm.jpg,http://www.vintageadbrowser.com/xmas-ads-1920s/2
Perfect Christmas Tree Johnnie Walker Scotch (1979),Johnnie Walker,1970,http://file.vintageadbrowser.com/eopjlv4wu6adgh.jpg,http://www.vintageadbrowser.com/xmas-ads-1970s
Walkers Deluxe Bourbon Xmas (1964),Johnnie Walker,1960,http://file.vintageadbrowser.com/rk7seub9q939yb.jpg,http://www.vintageadbrowser.com/xmas-ads-1960s/3
Hiram Walkers Holiday – 2 Pages (1949),Johnnie Walker,1940,http://file.vintageadbrowser.com/5xb4oylwltqscr.jpg,http://www.vintageadbrowser.com/xmas-ads-1940s/7
Wamsutta Mills Bed Sheet Santa Claus (1955),Wamsutta Mills,1950,http://file.vintageadbrowser.com/t3jmw70wzqfp0d.jpg,http://www.vintageadbrowser.com/xmas-ads-1950s/6
John Wanamaker’s Wanamaker Christmas Pudding – And now let Yuletide bring you all good cheese (1905),Wanamaker,1900,http://file.vintageadbrowser.com/j4ghyl32ksx1js.jpg,http://www.vintageadbrowser.com/xmas-ads-1900s/2
Wards Montgomery Ward Christmas (1969),Ward,1960,http://file.vintageadbrowser.com/49f1hx4h6ngul6.jpg,http://www.vintageadbrowser.com/xmas-ads-1960s/4
Webster Electric Company’s Telehome – 1947...the First Telehome Christmas (1947),Webster Electric,1940,http://file.vintageadbrowser.com/ghcvmwin5m66f3.jpg,http://www.vintageadbrowser.com/xmas-ads-1940s/14
Webster Electric’s Ekotape Recorder – For Christmas! Give This Treasure-trove of Entertainment (1956),Webster Electric,1950,http://file.vintageadbrowser.com/dnaei982em4mvb.jpg,http://www.vintageadbrowser.com/xmas-ads-1950s/5
Wedgwood Christmas Plate Break Mold (1971),Wedgwood,1970,http://file.vintageadbrowser.com/9uzj9tem67mn1x.jpg,http://www.vintageadbrowser.com/xmas-ads-1970s/2
West Ben Appliances Christmas shopping early (1952),West Ben Appliances,1950,http://file.vintageadbrowser.com/3rl260neyo96u7.jpg,http://www.vintageadbrowser.com/xmas-ads-1950s/7
Merry Christmas Westclox Electric Clock (1949),Westclox Electric,1940,http://file.vintageadbrowser.com/gp240vfmwtn9aj.jpg,http://www.vintageadbrowser.com/xmas-ads-1940s/6
Western Union Christmas – Santa Claus – Sold (1948),Western Union,1940,http://file.vintageadbrowser.com/izrc0w1peldecx.jpg,http://www.vintageadbrowser.com/xmas-ads-1940s/11
Western Union Christmas – Smartest People (1949),Western Union,1940,http://file.vintageadbrowser.com/535mr1f91pjh8i.jpg,http://www.vintageadbrowser.com/xmas-ads-1940s/14
Westinghouse Sun Lamp Suntan X-mas (1952),Westinghouse Electric,1950,http://file.vintageadbrowser.com/p4dd9ucmz45cpe.jpg,http://www.vintageadbrowser.com/xmas-ads-1950s/5
Westinghou (1946),Westinghouse Electric,1940,http://file.vintageadbrowser.com/wr2vlg2sam6xxi.jpg,http://www.vintageadbrowser.com/xmas-ads-1940s/17
"Westinghouse Christmas Lights, Florian Kraner (1950)",Westinghouse Electric,1950,http://file.vintageadbrowser.com/3nmlte6nnqi4ob.jpg,http://www.vintageadbrowser.com/xmas-ads-1950s/8
Westinghouse Electric Corporation’s Portable Radio – Just in time for Christmas New Westinghouse Personal Portable (1952),Westinghouse Electric,1950,http://file.vintageadbrowser.com/37exv5dzxzzhue.jpg,http://www.vintageadbrowser.com/xmas-ads-1950s/6
Westinghouse Electric Corporation’s Radio Phonograph – 4 ways to delight your family this Christmas... (1946),Westinghouse Electric,1940,http://file.vintageadbrowser.com/amuubcmo2qvgsf.jpg,http://www.vintageadbrowser.com/xmas-ads-1940s/5
Westinghouse Electric Corporation’s Various – 3 Gifts to make a Merrier Christmas by Westinghouse (1947),Westinghouse Electric,1940,http://file.vintageadbrowser.com/h878rrsbrrmk0x.jpg,http://www.vintageadbrowser.com/xmas-ads-1940s/4
Westinghouse Electric Corporation’s Various – Take a Westinghouse Radio Home for Christmas (1953),Westinghouse Electric,1950,http://file.vintageadbrowser.com/5346nu9x6p49a1.jpg,http://www.vintageadbrowser.com/xmas-ads-1950s/10
This Christmas Whitmans Chocolates (1929),Whitman’s,1920,http://file.vintageadbrowser.com/90atz2qo2e3lkq.jpg,http://www.vintageadbrowser.com/xmas-ads-1920s/2
Christmas Santa Whitman’s Assorted Chocolate (1954),Whitman’s,1950,http://file.vintageadbrowser.com/2ftdh5s16fldhj.jpg,http://www.vintageadbrowser.com/xmas-ads-1950s/9
Christmas Santa Whitman’s Chocolate 3 Box Photo (1950),Whitman’s,1950,http://file.vintageadbrowser.com/0mqqtdamqj0jti.jpg,http://www.vintageadbrowser.com/xmas-ads-1950s/4
Whitman’s Chocolates Christmas – Sold (1935),Whitman’s,1930,http://file.vintageadbrowser.com/kgx9seuqh1eyvd.jpg,http://www.vintageadbrowser.com/xmas-ads-1930s
Whitman’s Chocolates Christmas without Whitman’s (1940),Whitman’s,1940,http://file.vintageadbrowser.com/4xxbjz623yzfht.jpg,http://www.vintageadbrowser.com/xmas-ads-1940s/11
"Whitman’s, Sweets Father Christmas Santa Claus, USA (1920)",Whitman’s,1920,http://file.vintageadbrowser.com/yexkkv71ubfx38.jpg,http://www.vintageadbrowser.com/xmas-ads-1920s
Wilcox-Gay Corporation’s Recordio – Christmas...lives forever in the hearts of children and in your Recordio album... (1947),Wilcox-Gay,1940,http://file.vintageadbrowser.com/n14yzu6mjm12zy.jpg,http://www.vintageadbrowser.com/xmas-ads-1940s
"Willys-overland Six Color Ad ""This Christmas... (1925)",Willys-Overland Six,1920,http://file.vintageadbrowser.com/otpcklijwoaf5r.jpg,http://www.vintageadbrowser.com/xmas-ads-1920s
1977,Woolco,1970,http://file.vintageadbrowser.com/yhkx1ve4ybmsmj.jpg,http://www.vintageadbrowser.com/xmas-ads-1970s
"The Works Progress Administration in Ohio presents the Federal Theatre for youth in ""A Christmas Carol"". (1936)",Works Progress Administration,1930,http://file.vintageadbrowser.com/s73fas0abd8j70.jpg,http://www.vintageadbrowser.com/xmas-ads-1930s
"Old , Wrisley, Christmas Gifts (1944)",Wrisley,1940,http://file.vintageadbrowser.com/lqv47pg2h0keua.jpg,http://www.vintageadbrowser.com/xmas-ads-1940s/7
Wyler Incaflex Watches Christmas (1947),Wyler Incaflex,1940,http://file.vintageadbrowser.com/czzrvv9g40jv7h.jpg,http://www.vintageadbrowser.com/xmas-ads-1940s/2
Bond Street Yardley Romantic Christmas White Fur (1948),Yardley,1940,http://file.vintageadbrowser.com/lrd0hdzeta24ug.jpg,http://www.vintageadbrowser.com/xmas-ads-1940s/11
"Yardley’s ""Be a Christmas Angel. Give fragrant gifts by (1951)",Yardley,1950,http://file.vintageadbrowser.com/vsq29mglxakr5z.jpg,http://www.vintageadbrowser.com/xmas-ads-1950s/10
Zenith Radio Corporation’s various – For Your Merriest Christmas...Thrills You Can Give Only With A Zenith (1946),Zenith,1940,http://file.vintageadbrowser.com/l1z9zld387xg7o.jpg,http://www.vintageadbrowser.com/xmas-ads-1940s/7
Zippo Cigarette Lighter Christmas Gift Santa (1954),Zippo,1950,http://file.vintageadbrowser.com/p1dmtdtrhi0btm.jpg,http://www.vintageadbrowser.com/xmas-ads-1950s/2
Zippo Lighters Christmas Gifts (1949),Zippo,1940,http://file.vintageadbrowser.com/90l9ahh33kl7k1.jpg,http://www.vintageadbrowser.com/xmas-ads-1940s/16
1927,Other,1920,http://file.vintageadbrowser.com/5gkqciuy7s0aqn.jpg,http://www.vintageadbrowser.com/xmas-ads-1920s/2
1973,Other,1970,http://file.vintageadbrowser.com/xozbtmg7en09vj.jpg,http://www.vintageadbrowser.com/xmas-ads-1970s
’55 Lionel Train Santa Christmas American Mutual Ins (1955),Other,1950,http://file.vintageadbrowser.com/0323cckyafs9fb.jpg,http://www.vintageadbrowser.com/xmas-ads-1950s/9
1916 (1),Other,1910,http://file.vintageadbrowser.com/83wjjfaw1p3exv.jpg,http://www.vintageadbrowser.com/xmas-ads-1910s
1940 (2),Other,1940,http://file.vintageadbrowser.com/w8uy6q3t3gppqe.jpg,http://www.vintageadbrowser.com/xmas-ads-1940s/7
Cookie Recipes – Holiday Magazine Article (1957),Other,1950,http://file.vintageadbrowser.com/x8cq9sziekbs8o.jpg,http://www.vintageadbrowser.com/xmas-ads-1950s/2
Drifted Snow Flour Christmas Cookies Recipes (1940),Other,1940,http://file.vintageadbrowser.com/zc0lmdodntdqxe.jpg,http://www.vintageadbrowser.com/xmas-ads-1940s/10
Jungle Bell Rock Sheet Music (1957),Other,1950,http://file.vintageadbrowser.com/q3qpwgjtyibhn8.jpg,http://www.vintageadbrowser.com/xmas-ads-1950s/9
Keith Haring Art Special Olympics Christmas Rec (1987),Other,1980,http://file.vintageadbrowser.com/b5p97d3b2ougco.jpg,http://www.vintageadbrowser.com/xmas-ads-1980s/2
King Radio’s Various – Of all Christmas gifts this is... The KING radio (1927),Other,1920,http://file.vintageadbrowser.com/gjyb57fnafztsa.jpg,http://www.vintageadbrowser.com/xmas-ads-1920s
Liberty Mutual Christmas – It’s Santa Claus (1948),Other,1940,http://file.vintageadbrowser.com/w8o2ocanaumzy3.jpg,http://www.vintageadbrowser.com/xmas-ads-1940s/16
Life Savers Christmas Album (1949),Other,1940,http://file.vintageadbrowser.com/1741qgxxdkn03d.jpg,http://www.vintageadbrowser.com/xmas-ads-1940s/8
NA’s War Bonds – Christmas Sock of 1943 (1944),Other,1940,http://file.vintageadbrowser.com/qjtpnz5z6pp2cw.jpg,http://www.vintageadbrowser.com/xmas-ads-1940s/6
Open before Christmas! here’s why: there’s so much going on in NBC BIG COLOR TV... every night,Other,1950,http://file.vintageadbrowser.com/0xjwhwmq9h1kbu.jpg,http://www.vintageadbrowser.com/xmas-ads-1950s/4
Party Punch Recipes – Holiday Magazine Article (1957),Other,1950,http://file.vintageadbrowser.com/awxgsv4ivrpifm.jpg,http://www.vintageadbrowser.com/xmas-ads-1950s/4
Quality Goods Mfrs Assoc Toys Christmas 9-Page (1955),Other,1950,http://file.vintageadbrowser.com/xq6knzbw4tz2zu.jpg,http://www.vintageadbrowser.com/xmas-ads-1950s/7
Railway Clerk Vol. 44 No.12 (1945),Other,1940,http://file.vintageadbrowser.com/o96k3wm3k5u25u.jpg,http://www.vintageadbrowser.com/xmas-ads-1940s/2
Railway Clerk Vol. 45 No.12 (1946),Other,1940,http://file.vintageadbrowser.com/efc511n9nj2fz6.jpg,http://www.vintageadbrowser.com/xmas-ads-1940s/6
Rca Victor Victrola (1906),Other,1900,http://file.vintageadbrowser.com/2iubw5x9uw0bp0.jpg,http://www.vintageadbrowser.com/xmas-ads-1900s/2
Santa Claus Tanning Florida Christmas Travel (1964),Other,1960,http://file.vintageadbrowser.com/iw0o5qezbka24k.jpg,http://www.vintageadbrowser.com/xmas-ads-1960s/3
Santa Fe System Line’s Arizona and Southern California – Give your family the Sun for Christmas (1949),Other,1940,http://file.vintageadbrowser.com/cnnvhc03pd7k7j.jpg,http://www.vintageadbrowser.com/xmas-ads-1940s/7
Santa Message Give Washing Machine to Wife All (1952),Other,1950,http://file.vintageadbrowser.com/9ow53wkfazh86m.jpg,http://www.vintageadbrowser.com/xmas-ads-1950s/7
Scuba Divers Christmas Shoppers Guide (1978),Other,1970,http://file.vintageadbrowser.com/mrv7r2oa21cp5p.jpg,http://www.vintageadbrowser.com/xmas-ads-1970s/2
"Shelby ""He’s Dreaming of a Bike Christmas"" (1947)",Shelby,1940,http://file.vintageadbrowser.com/an52k362z0ui7o.jpg,http://www.vintageadbrowser.com/xmas-ads-1940s/3
US propaganda,Other,1910,http://file.vintageadbrowser.com/3ca3ykpno7egww.jpg,http://www.vintageadbrowser.com/xmas-ads-1910s
USA Christmas Seals Fight Emphysema Tuberculosis (1969),Other,1960,http://file.vintageadbrowser.com/e513jeim67fihq.jpg,http://www.vintageadbrowser.com/xmas-ads-1960s
Various – Christmas Chimes (1901),Other,1900,http://file.vintageadbrowser.com/yjuu6j4cpeeuq1.jpg,http://www.vintageadbrowser.com/xmas-ads-1900s
White Christmas Sheet Music by Irving Berlin (1942),Other,1940,http://file.vintageadbrowser.com/jvj7yx812inb9k.jpg,http://www.vintageadbrowser.com/xmas-ads-1940s/3
Woody Herman Christmas Music (1943),Other,1940,http://file.vintageadbrowser.com/4dz2nos5fgybn0.jpg,http://www.vintageadbrowser.com/xmas-ads-1940s
