ID,Image,Read more on
Vintage Sexist Ad n. 1,http://lh3.ggpht.com/__zoKJ77EvEc/TIexV5NMI7I/AAAAAAAAHaA/KXifLMd5lpg/vintage-sexist-ads%20%281%29%5B2%5D.jpg?imgmax=800,http://www.amusingplanet.com/2010/09/45-vintage-sexist-ads-that-wouldnt-go.html
Vintage Sexist Ad n. 2,http://lh3.ggpht.com/__zoKJ77EvEc/TIexX5dQXKI/AAAAAAAAHaE/WZRH39atbLk/vintage-sexist-ads%20%281%29%5B3%5D.jpg?imgmax=800,http://www.amusingplanet.com/2010/09/45-vintage-sexist-ads-that-wouldnt-go.html
Vintage Sexist Ad n. 3,http://lh5.ggpht.com/__zoKJ77EvEc/TIexZm1jUjI/AAAAAAAAHaI/2pY109hTC-M/vintage-sexist-ads%20%282%29%5B2%5D.jpg?imgmax=800,http://www.amusingplanet.com/2010/09/45-vintage-sexist-ads-that-wouldnt-go.html
Vintage Sexist Ad n. 4,http://lh4.ggpht.com/__zoKJ77EvEc/TIexcCCIa4I/AAAAAAAAHaM/5y3FgWIeCIQ/vintage-sexist-ads%20%284%29%5B2%5D.jpg?imgmax=800,http://www.amusingplanet.com/2010/09/45-vintage-sexist-ads-that-wouldnt-go.html
Vintage Sexist Ad n. 5,http://lh6.ggpht.com/__zoKJ77EvEc/TIexd2ObDlI/AAAAAAAAHaQ/o-WUb5FhdJs/vintage-sexist-ads%20%286%29%5B2%5D.jpg?imgmax=800,http://www.amusingplanet.com/2010/09/45-vintage-sexist-ads-that-wouldnt-go.html
Vintage Sexist Ad n. 6,http://lh3.ggpht.com/__zoKJ77EvEc/TIexf8s0VfI/AAAAAAAAHaU/eYtHFiOPejU/vintage-sexist-ads%20%283%29%5B3%5D%5B2%5D.jpg?imgmax=800,http://www.amusingplanet.com/2010/09/45-vintage-sexist-ads-that-wouldnt-go.html
Vintage Sexist Ad n. 7,http://lh6.ggpht.com/__zoKJ77EvEc/TIexiIteA2I/AAAAAAAAHaY/0pQnDeYDF_E/vintage-sexist-ads%20%2810%29%5B4%5D%5B4%5D.jpg?imgmax=800,http://www.amusingplanet.com/2010/09/45-vintage-sexist-ads-that-wouldnt-go.html
Vintage Sexist Ad n. 8,http://lh4.ggpht.com/__zoKJ77EvEc/TIexkuESPrI/AAAAAAAAHac/yIwtehXjA94/vintage-sexist-ads%20%287%29%5B2%5D.jpg?imgmax=800,http://www.amusingplanet.com/2010/09/45-vintage-sexist-ads-that-wouldnt-go.html
Vintage Sexist Ad n. 9,http://lh3.ggpht.com/__zoKJ77EvEc/TIexoFcDRJI/AAAAAAAAHag/zuGUSXVpjJE/vintage-sexist-ads%20%288%29%5B2%5D.jpg?imgmax=800,http://www.amusingplanet.com/2010/09/45-vintage-sexist-ads-that-wouldnt-go.html
Vintage Sexist Ad n. 10,http://lh5.ggpht.com/__zoKJ77EvEc/TIexqr5_5bI/AAAAAAAAHao/kKq9sk01PWY/vintage-sexist-ads%20%289%29%5B2%5D.jpg?imgmax=800,http://www.amusingplanet.com/2010/09/45-vintage-sexist-ads-that-wouldnt-go.html
Vintage Sexist Ad n. 11,http://BleuVous.com/wp-content/uploads/2013/10/bleuvous-sexist-ads11.jpg,http://bleuvous.com/2013/10/sexist-sells-40-vintage-sexist-ads/
Vintage Sexist Ad n. 12,http://lh6.ggpht.com/__zoKJ77EvEc/TIexvzxDJ1I/AAAAAAAAHas/P-PFuN_7UuM/vintage-sexist-ads%20%2811%29%5B3%5D.jpg?imgmax=800,http://www.amusingplanet.com/2010/09/45-vintage-sexist-ads-that-wouldnt-go.html
Vintage Sexist Ad n. 13,http://lh3.ggpht.com/__zoKJ77EvEc/TIexydFePjI/AAAAAAAAHaw/A41hlli6tm4/vintage-sexist-ads%20%2812%29%5B3%5D.jpg?imgmax=800,http://www.amusingplanet.com/2010/09/45-vintage-sexist-ads-that-wouldnt-go.html
Vintage Sexist Ad n. 14,http://lh4.ggpht.com/__zoKJ77EvEc/TIex3hgSwBI/AAAAAAAAHa0/CACF7i7P-uY/vintage-sexist-ads%20%2814%29%5B2%5D.jpg?imgmax=800,http://www.amusingplanet.com/2010/09/45-vintage-sexist-ads-that-wouldnt-go.html
Vintage Sexist Ad n. 15,http://lh5.ggpht.com/__zoKJ77EvEc/TIex5s_rL0I/AAAAAAAAHa4/V1Aj5zC6fHg/vintage-sexist-ads%20%2815%29%5B2%5D.jpg?imgmax=800,http://www.amusingplanet.com/2010/09/45-vintage-sexist-ads-that-wouldnt-go.html
Vintage Sexist Ad n. 16,http://BleuVous.com/wp-content/uploads/2013/10/bleuvous-sexist-ads13.jpg,http://bleuvous.com/2013/10/sexist-sells-40-vintage-sexist-ads/
Vintage Sexist Ad n. 17,http://BleuVous.com/wp-content/uploads/2013/10/bleuvous-sexist-ads14.jpg,http://bleuvous.com/2013/10/sexist-sells-40-vintage-sexist-ads/
Vintage Sexist Ad n. 18,http://BleuVous.com/wp-content/uploads/2013/10/bleuvous-sexist-ads15.jpg,http://bleuvous.com/2013/10/sexist-sells-40-vintage-sexist-ads/
Vintage Sexist Ad n. 19,http://BleuVous.com/wp-content/uploads/2013/10/bleuvous-sexist-ads16.jpg,http://bleuvous.com/2013/10/sexist-sells-40-vintage-sexist-ads/
Vintage Sexist Ad n. 20,http://BleuVous.com/wp-content/uploads/2013/10/bleuvous-sexist-ads18.jpg,http://bleuvous.com/2013/10/sexist-sells-40-vintage-sexist-ads/
Vintage Sexist Ad n. 21,http://BleuVous.com/wp-content/uploads/2013/10/bleuvous-sexist-ads19.jpg,http://bleuvous.com/2013/10/sexist-sells-40-vintage-sexist-ads/
Vintage Sexist Ad n. 22,http://BleuVous.com/wp-content/uploads/2013/10/bleuvous-sexist-ads2.jpg,http://bleuvous.com/2013/10/sexist-sells-40-vintage-sexist-ads/
Vintage Sexist Ad n. 23,http://BleuVous.com/wp-content/uploads/2013/10/bleuvous-sexist-ads20.jpg,http://bleuvous.com/2013/10/sexist-sells-40-vintage-sexist-ads/
Vintage Sexist Ad n. 24,http://BleuVous.com/wp-content/uploads/2013/10/bleuvous-sexist-ads21.jpg,http://bleuvous.com/2013/10/sexist-sells-40-vintage-sexist-ads/
Vintage Sexist Ad n. 25,http://BleuVous.com/wp-content/uploads/2013/10/bleuvous-sexist-ads22.jpg,http://bleuvous.com/2013/10/sexist-sells-40-vintage-sexist-ads/
Vintage Sexist Ad n. 26,http://BleuVous.com/wp-content/uploads/2013/10/bleuvous-sexist-ads23.jpg,http://bleuvous.com/2013/10/sexist-sells-40-vintage-sexist-ads/
Vintage Sexist Ad n. 27,http://BleuVous.com/wp-content/uploads/2013/10/bleuvous-sexist-ads24.jpg,http://bleuvous.com/2013/10/sexist-sells-40-vintage-sexist-ads/
Vintage Sexist Ad n. 28,http://BleuVous.com/wp-content/uploads/2013/10/bleuvous-sexist-ads25.jpg,http://bleuvous.com/2013/10/sexist-sells-40-vintage-sexist-ads/
Vintage Sexist Ad n. 29,http://BleuVous.com/wp-content/uploads/2013/10/bleuvous-sexist-ads27.jpg,http://bleuvous.com/2013/10/sexist-sells-40-vintage-sexist-ads/
Vintage Sexist Ad n. 30,http://BleuVous.com/wp-content/uploads/2013/10/bleuvous-sexist-ads28.png,http://bleuvous.com/2013/10/sexist-sells-40-vintage-sexist-ads/
Vintage Sexist Ad n. 31,http://BleuVous.com/wp-content/uploads/2013/10/bleuvous-sexist-ads30.jpg,http://bleuvous.com/2013/10/sexist-sells-40-vintage-sexist-ads/
Vintage Sexist Ad n. 32,http://BleuVous.com/wp-content/uploads/2013/10/bleuvous-sexist-ads31.jpg,http://bleuvous.com/2013/10/sexist-sells-40-vintage-sexist-ads/
Vintage Sexist Ad n. 33,http://BleuVous.com/wp-content/uploads/2013/10/bleuvous-sexist-ads3.jpg,http://bleuvous.com/2013/10/sexist-sells-40-vintage-sexist-ads/
Vintage Sexist Ad n. 34,http://BleuVous.com/wp-content/uploads/2013/10/bleuvous-sexist-ads34.jpg,http://bleuvous.com/2013/10/sexist-sells-40-vintage-sexist-ads/
Vintage Sexist Ad n. 35,http://BleuVous.com/wp-content/uploads/2013/10/bleuvous-sexist-ads36.jpg,http://bleuvous.com/2013/10/sexist-sells-40-vintage-sexist-ads/
Vintage Sexist Ad n. 36,http://BleuVous.com/wp-content/uploads/2013/10/bleuvous-sexist-ads37.jpg,http://bleuvous.com/2013/10/sexist-sells-40-vintage-sexist-ads/
Vintage Sexist Ad n. 37,http://BleuVous.com/wp-content/uploads/2013/10/bleuvous-sexist-ads38.jpg,http://bleuvous.com/2013/10/sexist-sells-40-vintage-sexist-ads/
Vintage Sexist Ad n. 38,http://BleuVous.com/wp-content/uploads/2013/10/bleuvous-sexist-ads4.jpg,http://bleuvous.com/2013/10/sexist-sells-40-vintage-sexist-ads/
Vintage Sexist Ad n. 39,http://s3-ec.buzzfed.com/static/enhanced/terminal05/2012/2/25/18/enhanced-buzz-30379-1330214202-94.jpg,http://www.buzzfeed.com/babymantis/sexism-in-30-vintage-ads-1opu
Vintage Sexist Ad n. 40,http://s3-ec.buzzfed.com/static/enhanced/terminal05/2012/2/25/21/enhanced-buzz-4669-1330224012-45.jpg,http://www.buzzfeed.com/babymantis/sexism-in-30-vintage-ads-1opu
Vintage Sexist Ad n. 41,http://s3-ec.buzzfed.com/static/enhanced/terminal05/2012/2/25/19/enhanced-buzz-7235-1330215894-3.jpg,http://www.buzzfeed.com/babymantis/sexism-in-30-vintage-ads-1opu
Vintage Sexist Ad n. 42,http://s3-ec.buzzfed.com/static/enhanced/terminal05/2012/2/25/19/enhanced-buzz-7235-1330215522-1.jpg,http://www.buzzfeed.com/babymantis/sexism-in-30-vintage-ads-1opu
Vintage Sexist Ad n. 43,http://s3-ec.buzzfed.com/static/enhanced/web05/2012/2/25/19/enhanced-buzz-4921-1330217373-14.jpg,http://www.buzzfeed.com/babymantis/sexism-in-30-vintage-ads-1opu
Vintage Sexist Ad n. 44,http://s3-ec.buzzfed.com/static/enhanced/web05/2012/2/25/19/enhanced-buzz-4555-1330216070-34.jpg,http://www.buzzfeed.com/babymantis/sexism-in-30-vintage-ads-1opu
Vintage Sexist Ad n. 45,http://s3-ec.buzzfed.com/static/enhanced/terminal05/2012/2/25/19/enhanced-buzz-30379-1330214911-101.jpg,http://www.buzzfeed.com/babymantis/sexism-in-30-vintage-ads-1opu
Vintage Sexist Ad n. 46,http://s3-ec.buzzfed.com/static/enhanced/web05/2012/2/25/19/enhanced-buzz-4921-1330215958-12.jpg,http://www.buzzfeed.com/babymantis/sexism-in-30-vintage-ads-1opu
Vintage Sexist Ad n. 47,http://s3-ec.buzzfed.com/static/enhanced/web04/2012/2/25/22/enhanced-buzz-11486-1330225795-66.jpg,http://www.buzzfeed.com/babymantis/sexism-in-30-vintage-ads-1opu
Vintage Sexist Ad n. 48,http://BleuVous.com/wp-content/uploads/2013/10/bleuvous-sexist-ads5.jpg,http://bleuvous.com/2013/10/sexist-sells-40-vintage-sexist-ads/
Vintage Sexist Ad n. 49,http://s3-ec.buzzfed.com/static/enhanced/web04/2012/2/25/19/enhanced-buzz-11443-1330216737-42.jpg,http://www.buzzfeed.com/babymantis/sexism-in-30-vintage-ads-1opu
Vintage Sexist Ad n. 50,http://s3-ec.buzzfed.com/static/enhanced/terminal05/2012/2/25/19/enhanced-buzz-30379-1330216105-106.jpg,http://www.buzzfeed.com/babymantis/sexism-in-30-vintage-ads-1opu
Vintage Sexist Ad n. 51,http://s3-ec.buzzfed.com/static/enhanced/terminal05/2012/2/25/19/enhanced-buzz-30379-1330216887-110.jpg,http://www.buzzfeed.com/babymantis/sexism-in-30-vintage-ads-1opu
Vintage Sexist Ad n. 52,http://s3-ec.buzzfed.com/static/enhanced/web05/2012/2/25/20/enhanced-buzz-2830-1330220790-0.jpg,http://www.buzzfeed.com/babymantis/sexism-in-30-vintage-ads-1opu
Vintage Sexist Ad n. 53,http://s3-ec.buzzfed.com/static/enhanced/web03/2012/2/25/22/enhanced-buzz-22862-1330225575-0.jpg,http://www.buzzfeed.com/babymantis/sexism-in-30-vintage-ads-1opu
Vintage Sexist Ad n. 54,http://BleuVous.com/wp-content/uploads/2013/10/bleuvous-sexist-ads6.jpg,http://bleuvous.com/2013/10/sexist-sells-40-vintage-sexist-ads/
Vintage Sexist Ad n. 55,http://s3-ec.buzzfed.com/static/enhanced/terminal05/2012/2/25/20/enhanced-buzz-4669-1330219326-33.jpg,http://www.buzzfeed.com/babymantis/sexism-in-30-vintage-ads-1opu
Vintage Sexist Ad n. 56,http://s3-ec.buzzfed.com/static/enhanced/web05/2012/2/25/20/enhanced-buzz-2792-1330219676-1.jpg,http://www.buzzfeed.com/babymantis/sexism-in-30-vintage-ads-1opu
Vintage Sexist Ad n. 57,http://s3-ec.buzzfed.com/static/enhanced/web05/2012/2/25/20/enhanced-buzz-2888-1330220477-2.jpg,http://www.buzzfeed.com/babymantis/sexism-in-30-vintage-ads-1opu
Vintage Sexist Ad n. 58,http://s3-ec.buzzfed.com/static/enhanced/web04/2012/2/25/20/enhanced-buzz-21877-1330220570-17.jpg,http://www.buzzfeed.com/babymantis/sexism-in-30-vintage-ads-1opu
Vintage Sexist Ad n. 59,http://s3-ec.buzzfed.com/static/enhanced/terminal05/2012/2/25/20/enhanced-buzz-30424-1330220911-128.jpg,http://www.buzzfeed.com/babymantis/sexism-in-30-vintage-ads-1opu
Vintage Sexist Ad n. 60,http://s3-ec.buzzfed.com/static/enhanced/web04/2012/2/25/20/enhanced-buzz-11443-1330221499-47.jpg,http://www.buzzfeed.com/babymantis/sexism-in-30-vintage-ads-1opu
Vintage Sexist Ad n. 61,http://BleuVous.com/wp-content/uploads/2013/10/bleuvous-sexist-ads7.jpg,http://bleuvous.com/2013/10/sexist-sells-40-vintage-sexist-ads/
Vintage Sexist Ad n. 62,http://lh6.ggpht.com/__zoKJ77EvEc/TIewMu-gupI/AAAAAAAAHYM/1fpKgbtOGaA/vintage-sexist-ads%20%285%29%5B3%5D%5B2%5D.jpg?imgmax=800,http://www.amusingplanet.com/2010/09/45-vintage-sexist-ads-that-wouldnt-go.html
Vintage Sexist Ad n. 63,http://lh6.ggpht.com/__zoKJ77EvEc/TIewTM3qTMI/AAAAAAAAHYY/NFksE8PO93Y/vintage-sexist-ads%20%2824%29%5B2%5D.jpg?imgmax=800,http://www.amusingplanet.com/2010/09/45-vintage-sexist-ads-that-wouldnt-go.html
Vintage Sexist Ad n. 64,http://lh5.ggpht.com/__zoKJ77EvEc/TIewZNG97MI/AAAAAAAAHYk/2L59DDBe694/vintage-sexist-ads%20%2849%29%5B2%5D.jpg?imgmax=800,http://www.amusingplanet.com/2010/09/45-vintage-sexist-ads-that-wouldnt-go.html
Vintage Sexist Ad n. 65,http://lh6.ggpht.com/__zoKJ77EvEc/TIewdV9Zk1I/AAAAAAAAHYs/SIuIhB9921s/vintage-sexist-ads%20%2828%29%5B2%5D.jpg?imgmax=800,http://www.amusingplanet.com/2010/09/45-vintage-sexist-ads-that-wouldnt-go.html
Vintage Sexist Ad n. 66,http://BleuVous.com/wp-content/uploads/2013/10/bleuvous-sexist-ads8.jpg,http://bleuvous.com/2013/10/sexist-sells-40-vintage-sexist-ads/
Vintage Sexist Ad n. 67,http://lh6.ggpht.com/__zoKJ77EvEc/TIewk5n7C2I/AAAAAAAAHY4/FmlPeE-vFdQ/vintage-sexist-ads%20%2819%29%5B5%5D.jpg?imgmax=800,http://www.amusingplanet.com/2010/09/45-vintage-sexist-ads-that-wouldnt-go.html
Vintage Sexist Ad n. 68,http://lh4.ggpht.com/__zoKJ77EvEc/TIewpCrMebI/AAAAAAAAHY8/iL7w7IcCV8g/vintage-sexist-ads%20%2831%29%5B2%5D.jpg?imgmax=800,http://www.amusingplanet.com/2010/09/45-vintage-sexist-ads-that-wouldnt-go.html
Vintage Sexist Ad n. 69,http://lh6.ggpht.com/__zoKJ77EvEc/TIewwETetBI/AAAAAAAAHZE/F6kKJEK52iU/vintage-sexist-ads%20%2833%29%5B2%5D.jpg?imgmax=800,http://www.amusingplanet.com/2010/09/45-vintage-sexist-ads-that-wouldnt-go.html
Vintage Sexist Ad n. 70,http://lh5.ggpht.com/__zoKJ77EvEc/TIew0hmnoeI/AAAAAAAAHZM/TPOVcF90RKQ/vintage-sexist-ads%20%2835%29%5B2%5D.jpg?imgmax=800,http://www.amusingplanet.com/2010/09/45-vintage-sexist-ads-that-wouldnt-go.html
Vintage Sexist Ad n. 71,http://lh3.ggpht.com/__zoKJ77EvEc/TIew4lRdn4I/AAAAAAAAHZU/2AbOCKp9Bts/vintage-sexist-ads%20%2837%29%5B2%5D.jpg?imgmax=800,http://www.amusingplanet.com/2010/09/45-vintage-sexist-ads-that-wouldnt-go.html
Vintage Sexist Ad n. 72,http://BleuVous.com/wp-content/uploads/2013/10/bleuvous-sexist-ads9.jpg,http://bleuvous.com/2013/10/sexist-sells-40-vintage-sexist-ads/
Vintage Sexist Ad n. 73,http://lh5.ggpht.com/__zoKJ77EvEc/TIew-9a-yoI/AAAAAAAAHZc/62OUeM1_w6M/vintage-sexist-ads%20%2840%29%5B2%5D.jpg?imgmax=800,http://www.amusingplanet.com/2010/09/45-vintage-sexist-ads-that-wouldnt-go.html
Vintage Sexist Ad n. 74,http://lh6.ggpht.com/__zoKJ77EvEc/TIexCn8oj5I/AAAAAAAAHZk/Gsl-ZfOkW8k/vintage-sexist-ads%20%2842%29%5B2%5D.jpg?imgmax=800,http://www.amusingplanet.com/2010/09/45-vintage-sexist-ads-that-wouldnt-go.html
Vintage Sexist Ad n. 75,http://lh5.ggpht.com/__zoKJ77EvEc/TIexEidb8PI/AAAAAAAAHZo/7gjBlUA2LYI/vintage-sexist-ads%20%2844%29%5B3%5D.jpg?imgmax=800,http://www.amusingplanet.com/2010/09/45-vintage-sexist-ads-that-wouldnt-go.html
Vintage Sexist Ad n. 76,http://lh6.ggpht.com/__zoKJ77EvEc/TIexG0JL1GI/AAAAAAAAHZs/Y-dgcBqE4K4/vintage-sexist-ads%20%2845%29%5B2%5D.jpg?imgmax=800,http://www.amusingplanet.com/2010/09/45-vintage-sexist-ads-that-wouldnt-go.html
Vintage Sexist Ad n. 77,http://lh3.ggpht.com/__zoKJ77EvEc/TIexJsgxoPI/AAAAAAAAHZw/Imn0BZc1Y1M/vintage-sexist-ads%20%2813%29%5B3%5D%5B2%5D.jpg?imgmax=800,http://www.amusingplanet.com/2010/09/45-vintage-sexist-ads-that-wouldnt-go.html
Vintage Sexist Ad n. 78,http://lh3.ggpht.com/__zoKJ77EvEc/TIexMEbTVSI/AAAAAAAAHZ0/JfzhaI063Ik/vintage-sexist-ads%20%2846%29%5B2%5D.jpg?imgmax=800,http://www.amusingplanet.com/2010/09/45-vintage-sexist-ads-that-wouldnt-go.html
Vintage Sexist Ad n. 79,http://lh4.ggpht.com/__zoKJ77EvEc/TIexNjgqoTI/AAAAAAAAHZ4/dnhbCNmnbAM/vintage-sexist-ads%20%2847%29%5B2%5D.jpg?imgmax=800,http://www.amusingplanet.com/2010/09/45-vintage-sexist-ads-that-wouldnt-go.html
Vintage Sexist Ad n. 80,http://lh6.ggpht.com/__zoKJ77EvEc/TIexQrlIwmI/AAAAAAAAHZ8/9ldcXuBxloo/vintage-sexist-ads%20%2848%29%5B2%5D.jpg?imgmax=800,http://www.amusingplanet.com/2010/09/45-vintage-sexist-ads-that-wouldnt-go.html
