Date,rx2,rx3,rx4,rx5,f0,f1,f2,f3,f4 
19640131,NaN,NaN,NaN,NaN,3.5166,4.0072,4.1648,4.1854,4.1875
19640228,NaN,NaN,NaN,NaN,3.6469,4.1593,4.1677,4.1677,4.1674
19640331,NaN,NaN,NaN,NaN,3.7582,4.2396,4.2413,4.2409,4.2415
19640430,NaN,NaN,NaN,NaN,3.6066,4.1098,4.2476,4.27,4.2725
19640528,NaN,NaN,NaN,NaN,3.6202,4.0626,4.1609,4.1827,4.1876
19640630,NaN,NaN,NaN,NaN,3.5495,4.0011,4.1152,4.1438,4.1514
19640731,NaN,NaN,NaN,NaN,3.506,3.835,4.0563,4.2055,4.3052
19640831,NaN,NaN,NaN,NaN,3.621,3.9054,4.0863,4.2013,4.2745
19640930,NaN,NaN,NaN,NaN,3.6645,3.9815,4.1077,4.1579,4.1779
19641030,NaN,NaN,NaN,NaN,3.6923,3.9703,4.0941,4.1493,4.174
19641130,NaN,NaN,NaN,NaN,3.9341,4.0843,4.1391,4.1449,4.1451
19641231,NaN,NaN,NaN,NaN,3.7492,4.0388,4.1766,4.1914,4.1925
19650129,0.1973,0.438,0.5923,0.6493,3.8099,3.9241,4.0311,4.1305,4.2229
19650226,0.2358,0.3992,0.4872,0.5045,3.9235,4.0043,4.0797,4.1501,4.2159
19650331,0.4017,0.5985,0.6687,0.6885,3.8379,4.0445,4.1707,4.2217,4.2392
19650430,0.2809,0.5044,0.6196,0.7003,3.8289,4.0241,4.1548,4.1918,4.2009
19650528,0.2176,0.3713,0.3873,0.3718,3.845,4.0072,4.1667,4.2031,4.209
19650630,0.2446,0.4169,0.4065,0.3343,3.7565,3.9429,4.1542,4.2236,4.2408
19650730,0.0353,0.0615,0.0731,0.1384,3.7997,4.0301,4.1939,4.2399,4.2499
19650831,-0.0135,-0.0663,-0.1103,-0.0937,3.9189,4.1391,4.2453,4.2579,4.2593
19650930,-0.1719,-0.2622,-0.3499,-0.4674,4.1534,4.198,4.2456,4.2954,4.3471
19651029,-0.1455,-0.2708,-0.5033,-0.7643,4.1158,4.2194,4.3818,4.435,4.4485
19651130,-0.121,-0.3264,-0.6478,-0.9826,4.2053,4.3445,4.4663,4.4799,4.4815
19651231,-0.6915,-1.2836,-1.8624,-2.4399,4.7303,4.7687,4.7702,4.77,4.7698
19660131,-0.7606,-1.5742,-2.2969,-2.9274,4.6847,4.8447,4.8532,4.8534,4.853
19660228,-0.698,-1.6808,-2.6012,-3.456,4.7023,5.0625,5.0705,5.0707,5.0705
19660331,-0.5678,-1.194,-1.7699,-2.3287,4.6123,4.7969,4.7976,4.798,4.7977
19660429,-0.682,-1.3541,-1.9897,-2.616,4.7061,4.8269,4.8274,4.8272,4.8274
19660531,-0.907,-1.6275,-2.311,-2.9884,4.9142,4.8872,4.8866,4.8864,4.8866
19660630,-0.9838,-1.8843,-2.7156,-3.5293,4.9267,5.0547,5.0549,5.0545,5.0547
19660729,-0.9985,-2.0074,-2.9999,-3.9842,5.0286,5.2028,5.2324,5.2342,5.234
19660831,-1.391,-2.7806,-4.1595,-5.5368,5.5301,5.6349,5.6368,5.6366,5.6366
19660930,-1.1134,-2.137,-3.1112,-4.0335,5.3114,5.2692,5.2696,5.2694,5.2699
19661031,-1.0157,-1.7676,-2.466,-3.1509,5.2351,5.1337,5.1334,5.1334,5.1334
19661130,-0.8869,-1.6384,-2.3891,-3.1386,5.2314,5.2178,5.2306,5.231,5.2307
19661230,0.0077,0.0691,0.13,0.1907,4.761,4.7088,4.7091,4.7091,4.709
19670131,0.4458,0.7473,0.9805,1.2083,4.3989,4.5517,4.6202,4.6252,4.6255
19670228,0.5782,0.933,1.2825,1.6318,4.4843,4.7157,4.7212,4.7212,4.7211
19670331,0.8358,1.3831,1.7232,2.0254,3.9611,4.2503,4.4579,4.4955,4.5012
19670428,0.8543,1.2155,1.2557,1.2005,3.9726,4.4662,4.787,4.8826,4.9061
19670531,0.8606,1.1416,1.2145,1.238,4.0266,4.6056,4.8135,4.8631,4.8732
19670630,0.3097,0.107,-0.0969,-0.3008,4.745,5.2576,5.2584,5.2586,5.2584
19670731,0.3557,0.5576,0.7621,0.9662,4.8471,5.0305,5.0297,5.0299,5.0298
19670831,0.6603,1.0069,1.3524,1.6981,4.9746,5.2902,5.2911,5.2909,5.2912
19670929,0.1815,0.1546,0.1272,0.1001,5.0877,5.2965,5.2968,5.297,5.297
19671031,-0.0672,-0.4839,-1.0149,-1.5789,5.2009,5.5501,5.6644,5.6974,5.7067
19671130,-0.1978,-0.4708,-0.9421,-1.4767,5.4156,5.5036,5.7023,5.7653,5.7807
19671229,-0.8184,-1.7507,-2.7822,-3.8396,5.5272,5.6414,5.7406,5.7664,5.7719
19680131,-0.5586,-1.3829,-2.303,-3.2502,5.1103,5.4445,5.5453,5.5727,5.5792
19680229,-0.4934,-1.3525,-2.2189,-3.0852,5.2091,5.5803,5.5876,5.5874,5.5876
19680329,-1.0785,-2.3702,-3.6263,-4.8767,5.3288,5.7496,5.7516,5.7516,5.7519
19680430,-1.0612,-1.9848,-2.987,-3.9969,5.5274,5.7106,5.8848,5.916,5.9202
19680531,-1.1161,-2.0809,-2.9972,-3.9034,5.7217,5.7783,5.7794,5.7794,5.7792
19680628,-0.2657,-0.5248,-0.8274,-1.2182,5.5233,5.5175,5.5612,5.6492,5.7768
19680731,-0.0995,-0.225,-0.4475,-0.8309,5.13,5.1552,5.2524,5.4132,5.6287
19680830,0.3044,0.4453,0.2575,-0.0346,4.9858,5.1502,5.4787,5.5833,5.6095
19680930,0.3425,0.3785,0.1331,-0.1691,4.954,5.2608,5.5424,5.5992,5.6086
19681031,0.3914,0.8421,0.9651,0.9514,5.1587,5.2137,5.5744,5.7204,5.7653
19681129,0.193,0.5501,0.6116,0.6035,5.3106,5.3452,5.7038,5.7888,5.8036
19681231,-0.3282,-0.6912,-1.1246,-1.5557,5.9696,6.1036,6.1998,6.203,6.2035
19690131,-0.4657,-0.979,-1.5257,-2.0683,5.9102,6.0586,6.1194,6.1218,6.122
19690228,-0.7435,-1.4929,-2.1597,-2.7331,6.3238,6.337,6.2542,6.161,6.0845
19690328,-0.3784,-0.693,-1.0472,-1.4761,6.128,6.0662,6.1058,6.1808,6.2602
19690430,-0.2917,-0.5688,-0.815,-1.0572,6.0023,6.1619,6.1622,6.1624,6.1622
19690529,-0.7417,-1.5305,-2.1395,-2.7221,6.52,6.5682,6.3884,6.3618,6.3591
19690630,-1.8826,-3.2815,-4.1113,-4.7157,7.4001,6.9601,6.479,6.3812,6.3656
19690731,-2.269,-4.3014,-5.52,-6.1117,7.4242,7.2848,6.6318,6.2204,6.0213
19690829,-2.3225,-4.0439,-5.2423,-6.1775,7.4727,7.2001,6.7817,6.5447,6.4368
19690930,-2.5575,-4.9584,-7.1434,-9.0846,7.8183,7.9433,7.7842,7.5498,7.3259
19691031,-2.1921,-3.8553,-5.1833,-6.2602,7.4058,7.2376,7.0484,6.8422,6.6235
19691128,-2.4952,-4.0772,-5.367,-6.5646,7.8404,7.2858,7.0786,7.0012,6.9725
19691231,-2.1,-3.9254,-5.5203,-6.8505,8.2036,8.0252,7.7979,7.5337,7.2421
19700130,-1.9708,-3.8962,-5.7752,-7.5606,8.0294,8.0448,8.0008,7.9074,7.7731
19700227,-0.5463,-1.55,-2.7227,-3.8617,6.8833,7.2579,7.3337,7.2235,7.0036
19700331,-0.6647,-1.6784,-2.7285,-3.6726,6.7309,7.1195,7.2309,7.2043,7.1179
19700430,-1.3041,-3.0533,-4.8154,-6.4981,7.466,7.9114,7.9245,7.8449,7.7697
19700529,-0.9428,-2.499,-3.8896,-5.0753,7.511,7.9446,7.7524,7.5448,7.4152
19700630,-0.2491,-1.6273,-3.0574,-4.3645,7.2092,7.8572,7.8113,7.6727,7.5691
19700731,0.3673,-0.6428,-2.0795,-3.6033,6.9175,7.6419,7.6571,7.5451,7.4509
19700831,0.4345,-0.2046,-1.2157,-2.3179,6.7656,7.4208,7.5558,7.539,7.4928
19700930,1.463,2.2373,2.5572,2.5616,6.4803,7.0099,7.2299,7.3215,7.3594
19701030,0.9705,0.9642,0.6937,0.2005,6.2671,7.0547,7.1127,7.1167,7.1173
19701130,2.244,3.579,4.3568,4.7785,5.0418,5.7436,6.2234,6.5508,6.7744
19701231,3.0268,4.8409,6.0861,6.9453,4.9984,5.9838,6.2885,6.3829,6.4119
19710129,3.8642,6.5042,8.2345,9.3649,4.1806,5.3608,6.1771,6.6427,6.8848
19710226,3.6053,5.9914,7.35,7.9783,3.6526,4.9476,5.8649,6.3753,6.6301
19710331,3.3516,5.9042,7.8027,9.1818,3.7679,4.6783,5.3058,5.7388,6.0372
19710430,3.1946,5.1717,6.6483,7.9061,4.7168,5.9474,6.3683,6.5119,6.5611
19710528,2.9627,4.7086,5.7962,6.5554,4.9819,6.0065,6.4572,6.656,6.7434
19710630,1.8216,2.7221,3.4329,4.0371,6.0356,6.9108,6.9619,6.9649,6.9648
19710730,1.571,2.321,2.7909,3.1326,6.0709,6.9071,7.0752,7.1092,7.1156
19710831,2.271,3.9152,5.2461,6.4156,5.1498,5.9116,6.2081,6.3233,6.3682
19710930,1.8496,3.2184,4.4157,5.5519,5.1603,5.8611,6.1242,6.2232,6.2597
19711029,2.5305,4.2008,5.337,6.291,4.5242,5.4424,5.9805,6.1633,6.2156
19711130,1.0897,1.8438,2.4234,2.969,4.6539,5.4693,5.9712,6.2288,6.3503
19711231,1.6296,2.6899,3.3291,3.6935,4.3542,5.2282,5.7437,6.0475,6.2264
19720131,1.1178,1.6985,2.1873,2.6886,4.243,5.5964,6.1539,6.3835,6.4782
19720229,0.744,1.1173,1.4132,1.6955,4.2036,5.4916,6.0794,6.3478,6.4701
19720330,-0.3425,-1.1589,-1.7215,-2.0151,5.0208,6.1222,6.3014,6.3308,6.3353
19720428,1.4015,1.9625,2.2493,2.4467,4.5459,5.8073,6.2251,6.3637,6.4095
19720531,1.4375,2.3423,2.9587,3.4207,4.569,5.5524,6.0396,6.2814,6.4011
19720630,1.8339,2.8549,3.6272,4.326,5.0769,5.9409,6.1926,6.266,6.2876
19720731,2.1298,3.1845,4.0206,4.8119,4.7773,6.0205,6.2731,6.3243,6.3343
19720831,0.5853,0.6723,0.5996,0.4768,5.3263,6.1211,6.396,6.491,6.5241
19720929,0.4173,0.3463,0.165,-0.0386,5.4438,6.1952,6.4045,6.4633,6.4792
19721031,-0.0013,-0.2609,-0.4738,-0.6574,5.4437,6.2401,6.3762,6.3992,6.4033
19721130,0.147,0.0475,-0.0064,0.0012,5.3223,6.0707,6.2827,6.3427,6.3596
19721229,-0.4288,-0.8689,-1.1447,-1.2786,5.657,6.1838,6.3233,6.3603,6.3696
19730131,-0.5415,-0.8077,-0.8538,-0.7964,6.1379,6.4201,6.4296,6.4208,6.4166
19730228,-0.9429,-1.623,-1.9919,-2.1271,6.4345,6.7595,6.7167,6.6053,6.511
19730330,-0.8683,-1.3122,-1.5481,-1.7275,6.9905,6.7453,6.5667,6.5147,6.5023
19730430,-0.9241,-1.3714,-1.5848,-1.7348,6.7314,6.6724,6.5771,6.5595,6.5566
19730531,-1.4818,-2.048,-2.3511,-2.5347,7.0342,6.6058,6.5845,6.5847,6.5843
19730629,-1.6478,-2.0627,-2.3587,-2.6329,7.5887,6.6075,6.562,6.5618,6.5615
19730731,-2.6741,-3.8392,-4.6585,-5.4478,8.6946,7.4382,7.1436,7.1236,7.1225
19730831,-2.1733,-2.7245,-2.8481,-2.9478,8.2944,6.9472,6.6146,6.6238,6.7185
19730928,-1.0759,-1.1355,-0.947,-0.8182,7.2711,6.4641,6.2748,6.3504,6.5176
19731031,-0.7626,-0.8857,-1.0422,-1.2336,7.0027,6.4993,6.5557,6.5947,6.6076
19731130,-1.1115,-1.2716,-1.3712,-1.4543,7.1822,6.4428,6.4423,6.4427,6.4425
19731231,-1.0186,-1.0699,-1.1672,-1.4158,7.2024,6.3746,6.4576,6.6182,6.7207
19740131,-0.5725,-0.6197,-0.8868,-1.3437,6.9926,6.4768,6.6879,6.8735,6.9697
19740228,-0.2286,-0.1538,-0.3944,-0.7771,6.9881,6.6419,6.8459,6.8937,6.9009
19740329,-1.412,-2.1432,-2.8767,-3.6198,8.1573,7.2979,7.2482,7.2454,7.2447
19740430,-2.1084,-3.3781,-4.4316,-5.4296,8.7808,7.8468,7.613,7.5546,7.5398
19740531,-1.8482,-2.9555,-3.931,-4.8839,8.454,7.6918,7.5602,7.5372,7.5333
19740628,-1.9384,-3.4341,-4.6671,-5.7592,8.5459,8.0577,7.7948,7.6536,7.5775
19740731,-1.2091,-2.4684,-3.5156,-4.3437,8.6473,8.4029,8.1708,7.9506,7.7409
19740830,-2.4939,-4.0226,-5.3108,-6.4891,9.4411,8.1433,7.912,7.8968,7.8963
19740930,-1.6023,-3.2037,-4.6374,-5.8963,8.0664,7.8762,7.7841,7.7765,7.7763
19741031,-1.258,-2.4874,-3.663,-4.7735,7.7573,7.7851,7.7703,7.7181,7.6347
19741129,-0.9679,-1.9173,-2.8461,-3.7529,7.4107,7.3917,7.3715,7.3493,7.3268
19741231,-0.7701,-1.4754,-2.0209,-2.4637,7.1447,7.1629,7.1637,7.1635,7.1637
19750131,0.2379,-0.1753,-0.6942,-1.1577,6.2389,7.1011,7.3924,7.4332,7.4379
19750228,0.7251,0.9302,0.598,0.08,5.9168,6.6408,7.2259,7.4189,7.4701
19750331,1.0562,1.0319,0.7021,0.3298,6.2417,7.2725,7.5752,7.617,7.6221
19750430,1.0555,0.6358,0.0857,-0.4806,6.7913,8.0327,8.1047,8.1061,8.1062
19750530,1.5856,1.6898,1.3911,1.0141,6.1062,7.456,7.8359,7.9103,7.9236
19750630,1.2969,1.5827,1.4699,1.226,6.7608,7.509,7.7664,7.8214,7.8034
19750731,1.2206,1.4309,1.3589,1.1856,7.1823,7.9605,8.0226,7.9142,7.8014
19750829,0.7997,0.6949,0.4975,0.354,7.3436,8.0168,8.0942,8.0398,7.9806
19750930,0.3336,-0.2359,-0.8794,-1.4301,7.5426,8.3536,8.42,8.327,8.2343
19751031,1.4413,1.7024,1.528,1.1962,6.3438,7.5092,7.8925,7.9665,7.9785
19751128,0.8064,0.48,-0.1973,-0.9875,6.5853,7.6979,8.0266,8.117,8.1387
19751231,1.0304,0.9378,0.4121,-0.2718,6.1325,7.2563,7.6892,7.8476,7.9029
19760130,1.5384,1.6877,1.2669,0.7234,5.5627,7.2431,7.854,7.9814,8.0043
19760227,0.5456,0.3911,0.1182,-0.1591,6.0952,7.3804,7.6918,7.7474,7.7562
19760331,1.2463,1.5847,1.5979,1.5052,6.0262,7.2368,7.6038,7.7148,7.7484
19760430,2.0436,2.9734,3.5123,3.9213,5.9891,7.1749,7.5672,7.6972,7.7401
19760528,0.7565,0.8897,0.9308,0.9798,6.6995,7.7027,7.8692,7.8746,7.862
19760630,1.1158,1.5094,1.6219,1.6014,6.3932,7.3728,7.7089,7.8239,7.8632
19760730,1.8444,2.6451,2.8949,2.8547,6.1161,7.2219,7.6644,7.8416,7.9125
19760831,2.0893,3.2256,3.8084,4.0902,5.9275,6.9579,7.457,7.6988,7.8158
19760930,2.548,4.2716,5.3726,6.0657,5.8056,6.6964,7.226,7.5412,7.7283
19761029,1.9665,3.4173,4.3755,4.9883,5.5427,6.4417,7.0083,7.3657,7.5901
19761130,2.6799,4.9923,6.8261,8.2166,5.018,5.7142,6.2832,6.7482,7.1279
19761231,2.325,4.2241,5.67,6.7772,4.9313,5.7901,6.4017,6.7957,7.0347
19770131,1.5877,2.7599,3.5755,4.186,5.6554,6.6818,7.1658,7.3938,7.5017
19770228,1.8499,2.8842,3.4156,3.6794,5.5305,6.6575,7.216,7.4924,7.6296
19770331,1.8093,2.8532,3.3785,3.6114,5.4275,6.5599,7.1895,7.5155,7.6776
19770429,1.6679,2.6433,3.1649,3.4158,5.507,6.5918,7.1756,7.4892,7.6584
19770531,1.9523,3.3245,4.2036,4.7369,5.7504,6.497,6.9955,7.3287,7.5509
19770630,1.7463,3.1179,4.1181,4.8252,5.6265,6.3373,6.8237,7.1561,7.3839
19770729,1.133,2.0605,2.7779,3.3344,6.0889,6.7369,7.1242,7.356,7.494
19770831,0.7388,1.4959,2.1862,2.7959,6.2191,6.6999,7.0085,7.2061,7.3334
19770930,0.1837,0.5328,0.958,1.4135,6.5127,6.8769,7.116,7.2728,7.3756
19771031,-0.3941,-0.6296,-0.682,-0.5842,6.8358,7.2438,7.4181,7.4923,7.5245
19771130,-1.0444,-1.8894,-2.4737,-2.7913,6.7586,7.1282,7.3325,7.4455,7.5077
19771230,-1.0972,-2.017,-2.7973,-3.4882,6.8873,7.3215,7.576,7.7256,7.8131
19780131,-0.4384,-0.7844,-1.1305,-1.5013,7.1202,7.5118,7.7399,7.8725,7.9501
19780228,-0.5027,-0.9369,-1.324,-1.6813,7.1602,7.6502,7.8795,7.9869,8.0372
19780331,-0.6976,-1.3032,-1.7673,-2.1327,7.2575,7.7951,7.9796,8.043,8.0648
19780428,-0.8196,-1.6216,-2.2055,-2.6362,7.4114,7.9776,8.0731,8.0891,8.0923
19780531,-1.2851,-2.4663,-3.3264,-3.9647,7.7821,8.1767,8.1888,8.1892,8.1892
19780630,-1.84,-3.4538,-4.7053,-5.7218,8.1773,8.4375,8.4076,8.4004,8.3987
19780731,-1.4174,-2.6537,-3.6253,-4.4561,8.1543,8.3605,8.3276,8.3248,8.3248
19780831,-1.5228,-2.7708,-3.753,-4.5897,8.2227,8.2565,8.1883,8.1701,8.1664
19780929,-1.7431,-2.8709,-3.8038,-4.6331,8.62,8.2438,8.2057,8.2049,8.2046
19781031,-2.2291,-3.6921,-4.8062,-5.8525,9.4729,8.8811,8.6064,8.5708,8.5678
19781130,-2.5966,-4.0305,-4.972,-5.7873,9.7248,8.7664,8.387,8.323,8.3148
19781229,-2.9566,-4.6347,-5.6024,-6.3474,10.2781,9.2541,8.6933,8.5581,8.5314
19790131,-2.3115,-3.3949,-3.9544,-4.3805,9.8233,8.8233,8.432,8.3762,8.3692
19790228,-2.2708,-3.4395,-4.1698,-4.7998,9.921,9.0482,8.7172,8.6672,8.6614
19790330,-1.8925,-2.9597,-3.6533,-4.2375,9.6876,9.0468,8.7366,8.649,8.628
19790430,-1.842,-2.9557,-3.7599,-4.4891,9.8196,9.1868,8.8933,8.8215,8.8068
19790531,-1.3771,-1.9765,-2.406,-2.8165,9.5538,8.7882,8.6187,8.5997,8.5976
19790629,-0.4902,-0.5053,-0.5239,-0.5442,8.9277,8.4227,8.419,8.419,8.4191
19790731,-1.0249,-1.3179,-1.586,-1.8539,9.3854,8.6206,8.5929,8.5927,8.5929
19790831,-1.7909,-2.5314,-3.1117,-3.6819,10.0474,8.9288,8.7504,8.7366,8.7358
19790928,-2.2748,-3.1425,-3.845,-4.541,10.5186,9.0734,8.9074,8.9006,8.9005
19791031,-3.4864,-5.8169,-7.5336,-8.9667,12.3675,10.9369,10.2875,10.0009,9.8807
19791130,-2.5098,-4.1244,-5.3858,-6.6016,11.2762,10.0016,9.5844,9.5306,9.6102
19791231,-2.2055,-3.5268,-4.456,-5.3247,11.4596,10.0146,9.4873,9.4001,9.5019
19800131,-2.9444,-5.1225,-6.9521,-8.7697,11.7677,10.6101,10.2058,10.1868,10.3451
19800229,-5.4615,-10.1062,-13.2697,-15.8312,14.5097,13.3619,11.8307,11.2229,11.1818
19800331,-6.0601,-10.1726,-12.8142,-14.8196,15.1069,12.8491,11.2906,10.6334,10.609
19800430,-1.4684,-2.3445,-3.3438,-4.6624,10.6552,9.7694,9.8208,10.1254,10.4352
19800530,0.0826,-0.5233,-1.306,-2.393,8.7056,9.2246,9.3824,9.6846,10.0658
19800630,-0.1025,-0.8993,-2.0273,-3.299,8.5252,9.2158,9.547,9.6908,9.7627
19800731,-0.4554,-1.7963,-3.4123,-5.0825,9.076,9.9338,10.2087,10.2631,10.2904
19800829,-2.139,-4.8218,-7.471,-9.9012,11.0678,11.4332,11.3858,11.166,10.9207
19800930,-2.7618,-5.5528,-7.9864,-10.1861,11.8352,11.6984,11.3342,11.1002,11.0595
19801031,-2.0281,-3.8788,-5.8079,-7.832,12.965,12.1382,11.93,11.9048,11.9025
19801128,-4.0739,-6.938,-9.4193,-11.6144,14.0755,12.4485,12.0119,11.8053,11.7158
19801231,-3.0422,-5.0739,-7.4517,-9.7953,13.0568,11.519,11.7779,11.8455,11.7918
19810130,-2.9278,-4.4321,-6.0515,-7.5846,13.5379,11.7101,11.8062,11.8782,11.8981
19810227,-0.3039,-1.1664,-2.6751,-4.2255,13.6658,12.6932,12.7316,12.7322,12.7322
19810331,0.2653,-1.3107,-3.5474,-5.8087,12.5838,12.8666,12.8701,12.8703,12.8697
19810430,-4.6021,-8.4568,-11.8254,-14.7124,14.3715,13.6755,13.494,13.3222,13.2053
19810529,-5.2582,-9.1808,-12.287,-14.6882,14.4828,13.305,12.7908,12.467,12.3559
19810630,-4.9294,-8.9432,-12.4121,-15.5573,14.1452,13.5608,13.1597,12.9079,12.8224
19810731,-5.535,-9.8307,-13.6197,-17.0036,15.4688,14.5044,14.0521,13.6743,13.3889
19810831,-4.6768,-8.5746,-11.9576,-15.2355,16.11,15.2836,14.549,14.1986,14.0753
19810930,-3.9933,-8.5304,-12.591,-16.2069,15.6917,15.8713,15.1608,14.6754,14.4888
19811030,-1.9151,-4.0034,-6.1893,-8.4561,14.0533,14.0183,14.0907,14.1693,14.2184
19811130,1.091,0.665,-0.1735,-1.0497,11.3575,12.4379,12.6438,12.592,12.5243
19811231,-1.7386,-3.5931,-5.2184,-6.9166,13.2576,13.6324,13.4708,13.49,13.5252
19820129,-2.012,-3.9883,-5.7247,-7.3742,13.7221,13.7825,13.6146,13.5476,13.5592
19820226,-0.9177,-2.0006,-2.7615,-3.2188,13.6109,13.8145,13.4931,13.1895,13.0505
19820331,-0.9813,-1.9521,-2.8194,-3.5365,13.8479,13.8409,13.7376,13.5868,13.4243
19820430,0.3451,0.3139,0.3148,0.4186,13.3304,13.5252,13.3213,13.1015,12.9476
19820528,0.5676,-0.0102,-0.7798,-1.5437,12.7374,13.3686,13.2366,13.1198,13.0671
19820630,-0.4477,-1.5345,-2.5966,-3.4604,14.0085,14.2465,13.97,13.6862,13.4933
19820730,1.9574,2.8695,3.3658,3.5677,12.547,13.14,13.178,13.187,13.188
19820831,4.122,6.2756,8.1269,9.8593,11.1616,12.3954,12.3473,12.3429,12.3423
19820930,5.4775,8.9055,11.8246,14.5571,10.3938,11.7328,11.7563,11.7563,11.7568
19821029,4.7158,8.0992,11.42,14.7875,9.3025,10.7073,10.8485,10.8509,10.8513
19821130,3.2,5.4275,7.0623,8.4308,9.2379,10.4163,10.9572,11.1558,11.1913
19821231,4.7945,8.259,11.1038,13.7008,8.8379,10.0063,10.6452,10.9282,10.9879
19830131,4.8695,8.3381,11.0161,13.3299,8.913,10.146,10.8696,11.2454,11.3965
19830228,5.1869,8.907,11.7046,14.084,8.6276,9.773,10.3919,10.6711,10.7484
19830331,4.617,8.2625,11.2538,13.8276,9.2239,10.0921,10.5955,10.8505,10.9465
19830429,4.7962,8.4339,11.2746,13.6496,8.729,9.6836,10.2608,10.5726,10.705
19830531,4.1304,7.1118,9.4073,11.3809,9.2382,10.2552,10.8243,11.0935,11.1743
19830630,4.6797,8.1939,10.9202,13.2124,9.5668,10.4558,10.9599,11.2011,11.2739
19830729,2.9356,4.8278,6.2665,7.5286,10.2044,11.2858,11.7483,11.9259,11.9781
19830831,2.0896,2.9857,3.4535,3.7775,10.3058,11.4512,11.8751,12.0183,12.0636
19830930,2.0666,2.9623,3.2924,3.395,9.6662,10.8606,11.4262,11.6542,11.7168
19831031,1.0988,0.9636,0.1759,-0.8896,9.6085,10.9837,11.6386,11.9168,12.0099
19831130,0.7017,0.7157,0.2853,-0.3366,9.7146,10.9432,11.5862,11.8132,11.8403
19831230,0.0542,-0.4489,-1.2307,-2.1804,9.9521,11.1483,11.71,11.9376,12.0025
19840131,0.4431,0.4644,0.1799,-0.2513,9.7029,10.8483,11.5299,11.8277,11.9082
19840229,-0.2972,-1.1819,-2.4091,-3.8244,10.0702,11.2766,11.8983,12.1637,12.2387
19840330,-0.5964,-1.7676,-3.2523,-4.8994,10.6885,11.7667,12.3352,12.5936,12.6705
19840430,-1.1018,-2.8664,-4.9544,-7.188,10.7854,12.0254,12.6606,12.9386,13.0135
19840531,-1.6689,-4.0339,-6.5834,-9.2167,11.9241,13.1893,13.643,13.8076,13.846
19840629,-1.5296,-4.0755,-6.5278,-8.9021,11.9854,13.5058,13.6534,13.6482,13.6417
19840731,-0.3907,-1.2749,-1.9883,-2.6579,11.6765,12.6325,12.6393,12.6477,12.6825
19840831,-0.2251,-0.9225,-1.6082,-2.177,11.6763,12.5725,12.704,12.6324,12.5368
19840928,-0.3373,-1.126,-1.9495,-2.6798,11.1979,12.2149,12.4777,12.4471,12.3279
19841031,0.7088,0.9533,1.1569,1.4186,10.2749,11.3941,11.7132,11.7482,11.7026
19841130,1.4539,2.0286,2.1826,2.1649,9.4893,11.0115,11.6592,11.858,11.8515
19841231,2.034,2.9487,3.3316,3.4736,9.1143,10.7953,11.5547,11.8605,11.9552
19850131,1.8559,2.9226,3.5501,3.9629,8.9924,10.4632,11.2002,11.4954,11.5458
19850228,1.5588,2.3225,2.6236,2.6833,9.7178,11.1346,11.8626,12.179,12.267
19850329,2.2573,3.5691,4.5049,5.2804,9.5094,11.0234,11.6578,11.895,11.9679
19850430,2.9944,5.015,6.5767,7.8929,9.031,10.64,11.3769,11.6973,11.8333
19850531,5.121,9.1671,12.661,15.9071,8.0683,9.5969,10.3137,10.5999,10.6867
19850628,5.6934,9.9488,13.2905,16.1687,7.8124,9.398,10.3065,10.7635,10.9371
19850731,4.4318,7.3916,9.487,11.1544,8.2007,9.6795,10.5523,11.0151,11.2154
19850830,4.6172,7.7411,9.9987,11.8337,7.9553,9.5801,10.3748,10.7018,10.793
19850930,4.2039,7.149,9.309,11.0084,8.011,9.5326,10.2871,10.6285,10.7723
19851031,3.4358,5.9405,7.7802,9.2033,7.9583,9.2085,9.9085,10.2795,10.4697
19851129,3.2201,6.0411,8.4314,10.4394,7.7914,8.8382,9.4677,9.8435,10.0712
19851231,3.1879,6.4774,9.6252,12.5481,7.6074,8.2652,8.7127,9.0323,9.2764
19860131,2.8665,5.7794,8.4937,10.8914,7.5967,8.2873,8.7811,9.1481,9.4298
19860228,3.7013,7.7026,11.8113,15.8964,7.4333,7.8613,8.0703,8.1819,8.2572
19860331,4.1944,8.6628,13.1646,17.6201,6.829,7.1894,7.3932,7.5124,7.5875
19860430,4.0288,8.1539,12.3251,16.5243,6.6112,7.2518,7.5261,7.6341,7.6793
19860530,2.7104,5.0726,7.2995,9.4844,6.8865,7.9515,8.373,8.5018,8.5182
19860630,2.8414,5.8183,8.8938,11.9871,6.5566,7.3296,7.688,7.8438,7.911
19860731,3.3622,6.8806,10.426,13.8847,6.3173,7.0339,7.4697,7.7567,7.9629
19860829,4.011,7.9881,11.7768,15.3085,5.5691,6.3977,6.9131,7.2613,7.5168
19860930,3.616,6.9767,10.0953,12.9949,5.9166,6.9264,7.5099,7.8727,8.1204
19861031,3.4275,6.7072,9.8086,12.7098,5.781,6.6288,7.1781,7.5685,7.8666
19861128,3.0449,6.0601,8.9683,11.719,5.7933,6.4525,6.9353,7.3205,7.6374
19861231,2.1497,4.2553,6.3236,8.3182,6.1155,6.6071,6.964,7.2818,7.5756
19870130,2.3113,4.6176,6.895,9.1115,5.976,6.4748,6.8707,7.2133,7.5112
19870227,1.8319,3.3544,4.6669,5.7807,6.0294,6.5478,6.8694,7.1434,7.4005
19870331,0.932,1.5312,1.8963,2.0401,6.2574,6.794,7.1473,7.4437,7.7086
19870430,0.3279,0.1055,-0.1894,-0.7231,6.9239,7.7485,7.929,8.213,8.4956
19870529,0.7771,1.0441,1.2697,1.3625,7.1744,8.106,8.2762,8.4254,8.61
19870630,0.4097,0.2976,-0.0766,-0.6464,6.9199,7.8001,8.218,8.4808,8.6742
19870731,0.1247,-0.356,-1.0497,-1.8304,6.9092,7.9504,8.4504,8.7436,8.9494
19870831,-0.8455,-2.2352,-3.7402,-5.2535,7.2432,8.3028,8.7663,9.0301,9.2186
19870930,-0.9367,-2.4719,-4.0307,-5.5586,7.8631,9.0451,9.4315,9.6483,9.822
19871030,-0.429,-1.4813,-2.6777,-3.928,7.0578,8.2304,8.7649,9.1169,9.3115
19871130,-0.6548,-1.9588,-3.3796,-4.8571,7.1073,8.2393,8.7413,9.1149,9.3662
19871231,-0.6257,-1.7933,-2.9833,-4.2571,7.2328,8.1316,8.4718,8.8494,9.1544
19880129,-0.3022,-0.9207,-1.5542,-2.194,6.777,7.4892,7.8468,8.151,8.466
19880229,-0.0883,-0.6256,-1.2125,-1.8177,6.6361,7.4067,7.7303,8.0057,8.3117
19880331,-0.0519,-0.6445,-1.3331,-2.1344,6.8459,7.7399,8.1323,8.5099,8.874
19880429,0.6504,0.4865,0.2466,0.0185,7.0981,8.0929,8.4529,8.7237,9.0274
19880531,0.4637,0.203,-0.1176,-0.5296,7.6423,8.5369,8.746,9.022,9.3313
19880630,0.286,0.2479,0.3411,0.3943,7.5141,8.2561,8.3876,8.621,8.9052
19880729,0.0328,-0.0898,-0.0337,0.0874,7.9176,8.573,8.6875,8.8283,9.0831
19880831,0.0142,-0.0193,0.1543,0.3862,8.2886,8.7998,8.8565,8.9867,9.1874
19880930,0.9342,1.9072,3.065,4.2565,8.1109,8.4585,8.4905,8.6305,8.8231
19881031,0.2649,0.8159,1.7453,2.7257,7.9655,8.2139,8.1875,8.3311,8.568
19881130,-0.3717,-0.3996,-0.0006,0.5553,8.611,8.7692,8.7159,8.8103,8.9551
19881230,-0.8332,-1.3402,-1.4485,-1.3296,8.9648,8.9788,8.9577,9.0355,9.0817
19890131,-1.4427,-2.5302,-3.2364,-3.6214,8.9319,8.9343,8.8572,8.851,8.8566
19890228,-1.9895,-3.5928,-4.7771,-5.6364,9.3962,9.3336,9.19,9.171,9.1672
19890331,-1.9185,-3.2604,-3.9946,-4.2691,9.6584,9.4742,9.2441,9.1485,9.0618
19890428,-1.0233,-1.5396,-1.6315,-1.4283,9.1162,8.9692,8.8156,8.8242,8.8698
19890531,-0.261,-0.0349,0.5106,1.3518,8.7979,8.5199,8.4765,8.4901,8.4981
19890630,0.1229,0.7261,1.4909,2.3919,8.1332,7.7844,7.8562,8.0042,8.1135
19890731,0.9281,2.3541,3.8156,5.3335,7.6449,7.2615,7.3668,7.5652,7.7451
19890831,0.5084,1.2127,2.0835,3.118,8.2914,8.1522,8.1159,8.1529,8.1846
19890929,0.0722,0.3804,0.7911,1.3526,8.3863,8.1823,8.2198,8.2616,8.278
19891031,0.3603,0.9026,1.4639,2.1593,7.8536,7.6452,7.7698,7.8726,7.9428
19891130,1.0798,2.2429,3.358,4.4933,7.6894,7.5528,7.6952,7.8198,7.8813
19891229,1.1549,2.3997,3.6467,4.8485,7.8239,7.7129,7.7885,7.8799,7.9443
19900131,0.8345,1.4781,1.9891,2.4511,8.0998,8.2136,8.34,8.3946,8.414
19900228,1.2411,2.0202,2.6872,3.3378,8.0925,8.4109,8.504,8.5166,8.517
19900330,1.155,1.7627,2.2408,2.673,8.3192,8.6364,8.6704,8.6296,8.5934
19900430,0.4008,0.225,0.0203,-0.1036,8.5684,8.9914,9.0289,8.9937,8.9641
19900531,0.3836,0.3946,0.2829,0.1574,8.1363,8.4655,8.6018,8.6236,8.6133
19900629,-0.1815,-0.5482,-0.8997,-1.2213,7.9659,8.2229,8.3557,8.4351,8.4789
19900731,-0.4276,-0.9763,-1.5137,-2.0214,7.6891,7.9155,8.1026,8.2528,8.376
19900831,0.3444,0.2385,-0.1478,-0.7396,7.8078,8.2218,8.5392,8.7764,8.9698
19900928,0.4687,0.5639,0.3616,-0.1015,7.7136,8.1246,8.4639,8.7411,8.9628
19901031,0.1561,0.0382,-0.3173,-0.8892,7.4891,7.8877,8.2281,8.5147,8.7524
19901130,0.2303,0.283,0.185,-0.0853,7.3225,7.6425,7.9178,8.1516,8.3466
19901231,0.7965,1.208,1.3268,1.1944,6.9164,7.377,7.7611,8.0767,8.3303
19910131,1.5406,2.579,3.248,3.6262,6.673,7.3016,7.7256,8.0358,8.2745
19910228,1.8706,3.0519,3.7574,4.1513,6.5403,7.3227,7.8111,8.1231,8.3313
19910328,2.2114,3.4092,4.0187,4.3134,6.425,7.4726,8.0201,8.2987,8.4421
19910430,2.746,4.4575,5.5592,6.2997,6.2454,7.3174,7.892,8.2236,8.4336
19910531,2.2367,3.5499,4.2922,4.6422,6.2288,7.2886,7.8813,8.2633,8.5255
19910628,1.8926,2.7256,3.0039,2.9494,6.3303,7.5227,8.1568,8.5334,8.7723
19910731,1.7078,2.5099,2.7627,2.7061,6.2077,7.3005,8,8.4326,8.6877
19910830,2.4242,4.1686,5.4161,6.3304,5.7976,6.7948,7.5289,8.0555,8.4192
19910930,2.5932,4.5981,6.1884,7.4952,5.5314,6.459,7.1508,7.656,8.0163
19911031,2.6704,4.7146,6.2705,7.4517,5.2173,6.1839,6.9588,7.5712,8.0443
19911129,2.8007,4.7717,6.0905,6.9061,4.8418,5.9468,6.8328,7.531,8.0691
19911231,3.1447,5.5093,7.2881,8.6371,4.2323,5.3965,6.2979,6.9813,7.486
19920131,2.8748,4.7108,5.7974,6.3775,4.4268,5.8896,6.9492,7.6944,8.1955
19920228,2.8154,4.5972,5.6412,6.1982,4.5073,6.0293,7.0791,7.7743,8.208
19920331,2.7094,4.2439,5.0099,5.3275,4.7632,6.4856,7.5327,8.1245,8.4195
19920430,2.8298,4.43,5.2017,5.4782,4.4876,6.2918,7.4519,8.1571,8.5486
19920529,2.943,4.8725,6.0887,6.8483,4.3456,5.9518,7.0471,7.7659,8.2131
19920630,3.3543,5.9601,7.8761,9.2248,4.1684,5.551,6.6174,7.4236,8.0161
19920731,3.5587,6.4435,8.6983,10.4032,3.7418,5.1152,6.1778,6.9828,7.5774
19920831,3.2313,5.9055,8.0377,9.6612,3.5635,4.8547,5.9233,6.7957,7.4943
19920930,3.2405,5.8752,7.923,9.4221,3.2185,4.5161,5.6082,6.5172,7.2615
19921030,2.4611,4.2273,5.4346,6.2838,3.7228,5.1926,6.3639,7.1951,7.7496
19921130,1.933,3.111,3.8595,4.4517,4.0138,5.6548,6.7825,7.4769,7.878
19921230,1.6661,2.684,3.1345,3.3189,3.7304,5.28,6.5308,7.3016,7.7257
19930129,2.3528,4.454,6.2157,7.6815,3.5368,4.848,5.9327,6.7297,7.2773
19930226,2.6482,5.26,7.5456,9.4555,3.3811,4.4673,5.4887,6.2981,6.8878
19930331,3.0714,6.0953,8.7034,10.8059,3.4142,4.5088,5.5164,6.317,6.9076
19930429,2.9916,6.1583,8.9789,11.3246,3.3002,4.2852,5.3365,6.2029,6.8412
19930528,2.313,4.5911,6.7437,8.7087,3.6388,4.769,5.6133,6.2481,6.7278
19930630,2.0016,4.1216,6.3059,8.5001,3.5494,4.4974,5.2393,5.8219,6.28
19930730,1.5146,3.0622,4.6666,6.3196,3.6006,4.6302,5.3784,5.9244,6.3264
19930831,1.4084,3.0844,4.9548,6.972,3.4463,4.2473,4.9253,5.4771,5.914
19930930,1.071,2.3495,3.8903,5.6886,3.4451,4.3297,4.9764,5.4632,5.8396
19931029,1.6556,3.6283,5.8033,8.0552,3.537,4.3912,5.0201,5.4977,5.869
19931130,1.9842,4.0835,6.1667,8.1358,3.6706,4.6832,5.3937,5.9089,6.2906
19931231,1.5966,3.3966,5.2752,7.0841,3.6834,4.7308,5.423,5.9168,6.288
19940131,1.2823,2.6483,4.1466,5.7217,3.5657,4.5667,5.2314,5.7022,6.0555
19940228,0.3678,0.6566,1.1176,1.7179,4.0995,5.1999,5.8371,6.2875,6.637
19940331,-0.0434,-0.3906,-0.6246,-0.7378,4.5522,5.8636,6.551,7.0208,7.3399
19940429,-0.7469,-1.8251,-2.563,-2.9502,5.0321,6.4147,6.9408,7.2284,7.4305
19940531,-0.5448,-1.5415,-2.3422,-2.8554,5.3138,6.61,7.0488,7.241,7.3934
19940630,-0.9821,-2.4789,-3.828,-5.0234,5.4795,6.7361,7.171,7.4754,7.7145
19940729,-0.7579,-1.8692,-2.838,-3.683,5.3881,6.4897,6.8932,7.1714,7.3921
19940831,-1.2483,-2.9378,-4.4633,-5.7759,5.4956,6.6148,7.0026,7.2266,7.4064
19940930,-1.5812,-3.7177,-5.7912,-7.6503,5.9109,7.1129,7.5367,7.6987,7.8028
19941031,-1.7317,-4.0365,-6.2338,-8.244,6.1229,7.3249,7.695,7.8792,8.0105
19941130,-2.1231,-4.5567,-6.5496,-8.1776,6.8063,7.8273,7.9018,7.9186,7.9415
19941230,-2.5216,-4.9722,-6.9172,-8.4882,7.2524,7.8736,7.8618,7.859,7.8622
19950131,-2.2184,-4.5273,-6.4504,-8.0186,6.7851,7.5403,7.6253,7.6237,7.6276
19950228,-1.1773,-2.3322,-3.1742,-3.7221,6.3772,6.992,7.1295,7.1849,7.2604
19950331,-0.5447,-0.985,-1.0855,-0.9235,6.4083,6.9913,7.1213,7.1779,7.2542
19950428,0.1683,0.3605,0.6645,1.1024,6.2464,6.7486,6.9244,6.9926,7.0505
19950531,0.8385,2.033,3.2928,4.55,5.7715,5.8543,5.9812,6.1362,6.3058
19950630,1.0548,2.3869,3.9162,5.5742,5.6813,5.8389,5.9461,6.0565,6.1887
19950731,0.815,1.7173,2.6806,3.6968,5.6747,5.9909,6.2081,6.3759,6.5224
19950831,0.9806,2.069,3.2142,4.4136,5.6342,5.9142,6.0814,6.207,6.3257
19950929,1.437,3.0642,4.7599,6.4963,5.6759,5.9095,6.003,6.0664,6.1452
19951031,1.786,3.8367,5.9521,8.0704,5.5389,5.6443,5.7638,5.8922,6.0248
19951130,2.4774,5.0699,7.5332,9.8424,5.3499,5.3093,5.4553,5.6323,5.8042
19951229,2.7356,5.4408,7.9725,10.341,5.138,5.1566,5.3273,5.4937,5.6459
19960131,2.62,5.3106,7.7206,9.8681,4.9203,4.9347,5.2137,5.4801,5.7087
19960229,1.8115,3.4063,4.7962,6.0436,5.1805,5.5347,5.795,6.013,6.2123
19960329,1.5316,2.644,3.6226,4.5723,5.4597,6.0089,6.1993,6.3045,6.4201
19960430,1.1252,1.7262,2.1817,2.6061,5.6234,6.3234,6.5371,6.6261,6.717
19960531,0.1224,-0.4815,-1.1596,-1.7209,5.7319,6.5851,6.8143,6.8671,6.9076
19960628,0.0994,-0.368,-0.8866,-1.3302,5.7395,6.4135,6.5751,6.6323,6.7071
19960731,0.149,-0.105,-0.3845,-0.5931,5.8419,6.4621,6.6554,6.731,6.7986
19960830,0.0756,-0.5468,-1.1972,-1.7709,5.8386,6.7038,6.8574,6.8994,6.9718
19960930,0.1891,-0.1659,-0.6451,-1.1839,5.7204,6.358,6.5456,6.684,6.806
19961031,0.1565,0.0155,-0.2413,-0.5249,5.4878,5.9048,6.149,6.3084,6.4325
19961129,-0.0738,-0.305,-0.5108,-0.6469,5.3831,5.6865,5.8381,5.9403,6.04
19961231,-0.4226,-1.1679,-1.9654,-2.7137,5.5792,6.0726,6.2912,6.3942,6.4623
19970131,-0.6573,-1.562,-2.4366,-3.1984,5.592,6.1184,6.3547,6.4705,6.5509
19970228,-0.1699,-0.6637,-1.149,-1.5034,5.7046,6.2888,6.4983,6.5667,6.6051
19970331,-0.0127,-0.5166,-1.1088,-1.6292,6.0216,6.7032,6.8967,6.9405,6.9685
19970430,0.4286,0.4703,0.4288,0.4324,5.8948,6.4954,6.6676,6.7134,6.7513
19970530,0.7833,1.139,1.3986,1.6705,5.8018,6.4586,6.6075,6.6357,6.6749
19970630,0.6727,0.9408,1.0902,1.2676,5.7408,6.307,6.4829,6.5297,6.5611
19970731,0.9189,1.8081,2.6573,3.4955,5.5432,5.7662,5.8818,5.9604,6.0354
19970829,0.9984,1.7292,2.364,3.008,5.7054,6.1266,6.2646,6.3278,6.3926
19970930,0.743,1.4038,2.0784,2.7616,5.615,5.8848,6.0094,6.1228,6.225
19971031,0.3996,0.8598,1.4122,2.0439,5.5052,5.6888,5.756,5.8008,5.8597
19971128,0.035,0.0566,0.1696,0.4037,5.6515,5.8165,5.8273,5.8059,5.8033
19971231,0.5072,1.1322,1.8401,2.6119,5.5654,5.6662,5.6863,5.6905,5.7086
19980130,0.7923,1.8689,3.0289,4.1861,5.3261,5.2781,5.3105,5.3937,5.5071
19980227,0.81,1.7797,2.7935,3.8133,5.4788,5.5286,5.5529,5.5853,5.6379
19980331,1.208,2.4843,3.7824,5.1037,5.4952,5.6204,5.6424,5.6472,5.6723
19980430,1.0286,2.0592,3.164,4.2913,5.4668,5.637,5.6086,5.624,5.6991
19980529,0.9745,2.0581,3.1901,4.3019,5.4841,5.5239,5.5037,5.5631,5.6402
19980630,0.8825,1.8431,2.924,4.0671,5.4245,5.5223,5.4488,5.418,5.4434
19980731,0.3721,0.7208,1.169,1.7262,5.3941,5.5331,5.5122,5.4782,5.4794
19980831,1.0713,2.4112,3.8429,5.2968,5.0553,4.9247,4.8961,4.9387,5.0267
19980930,1.3736,3.1496,5.1071,7.0948,4.5112,4.2334,4.1653,4.2373,4.3988
19981030,1.292,2.8372,4.4038,5.8701,4.3968,4.2108,4.2342,4.3934,4.6318
19981130,1.1926,2.4684,3.7058,4.8602,4.6239,4.5515,4.5685,4.6489,4.7712
19981231,1.0621,2.1867,3.273,4.2756,4.6041,4.5617,4.6042,4.706,4.8455
19990129,0.6466,1.3764,2.2513,3.1942,4.6315,4.5807,4.5188,4.5642,4.7113
19990226,0.5397,0.8393,1.1244,1.4235,4.9889,5.2533,5.3002,5.3388,5.4268
19990331,0.7784,1.2822,1.6922,2.0343,4.842,5.1386,5.2372,5.3302,5.467
19990430,0.7422,1.1288,1.4646,1.8147,4.8948,5.222,5.2882,5.349,5.468
19990527,0.4035,0.2384,0.0049,-0.1787,5.1204,5.6688,5.7966,5.8238,5.8659
19990630,0.2814,0.0115,-0.3497,-0.7515,5.2409,5.7187,5.7792,5.8452,5.9825
19990730,0.226,-0.1181,-0.6461,-1.2431,5.3071,5.8563,6.0062,6.0764,6.166
19990831,-0.5627,-1.5866,-2.6381,-3.6978,5.4874,5.92,5.9902,6.0864,6.2435
19990930,-1.1499,-2.7835,-4.425,-6.0104,5.3833,5.7989,5.8788,5.9842,6.1583
19991029,-1.3449,-3.079,-4.6804,-6.1094,5.5557,5.9683,5.9948,6.0608,6.2099
19991130,-1.2302,-2.7674,-4.2086,-5.5739,5.7817,6.1057,6.0901,6.1365,6.284
19991231,-1.4556,-3.2005,-4.807,-6.4038,6.0173,6.3491,6.3125,6.4423,6.6463
20000131,-1.7128,-3.9921,-6.1486,-8.0938,6.2935,6.7981,6.7207,6.6565,6.6632
20000229,-1.0248,-2.3553,-3.6266,-4.8121,6.2781,6.6307,6.6101,6.6123,6.6223
20000331,-1.2044,-2.4432,-3.3491,-3.9638,6.343,6.476,6.2361,6.0817,6.0382
20000428,-1.2644,-2.658,-3.7557,-4.5968,6.4864,6.6818,6.4467,6.3091,6.2575
20000531,-1.0062,-1.835,-2.3623,-2.8281,6.675,6.6254,6.3511,6.3317,6.3543
20000630,-0.6878,-1.1881,-1.3637,-1.3744,6.4065,6.2795,6.0208,5.9932,6.0555
20000731,-0.5212,-0.6949,-0.6257,-0.4439,6.3775,6.1799,6.0072,5.9842,6.0162
20000831,-0.353,-0.3178,0.0053,0.5113,6.273,5.955,5.7633,5.7375,5.7797
20000929,-0.3888,-0.2043,0.2217,0.713,6.1877,5.6943,5.5582,5.667,5.8403
20001031,-0.2459,0.1475,0.6983,1.2754,6.2142,5.6014,5.51,5.6328,5.7741
20001130,0.1624,0.949,1.9208,2.9679,5.9433,5.3035,5.1647,5.2369,5.3836
20001229,0.9029,2.37,4.0061,5.6922,5.4462,4.8454,4.8062,4.9602,5.163
20010131,2.0638,4.1796,5.9853,7.5273,4.7343,4.6049,4.8508,5.1212,5.3578
20010228,2.0884,4.3116,6.2763,7.9642,4.5423,4.3869,4.6476,4.9344,5.1878
20010330,2.3056,4.2813,5.7336,6.7904,4.1704,4.2604,4.6294,4.9814,5.2834
20010430,2.6132,4.4569,5.6961,6.5247,4.0686,4.603,5.0699,5.4289,5.7211
20010531,2.7982,4.4413,5.5601,6.3477,3.8272,4.708,5.2129,5.5667,5.8502
20010629,2.3946,3.7103,4.4905,4.9706,3.8849,4.7051,5.213,5.5754,5.8606
20010731,2.6903,4.5369,5.7387,6.5699,3.4896,4.1606,4.7824,5.185,5.4874
20010831,2.6323,4.3667,5.4591,6.1959,3.3227,4.0289,4.6451,5.0429,5.3489
20010928,3.2082,5.4453,6.9184,7.9494,2.4861,3.3211,4.1939,4.8093,5.2671
20011031,3.5812,6.1308,7.8453,9.0827,2.0202,2.9604,3.9183,4.5367,4.9789
20011130,3.2245,4.761,5.38,5.5731,2.079,3.6282,4.6179,5.1905,5.5999
20011231,2.7613,3.5262,3.3819,2.9336,2.0841,4.0413,5.1045,5.6113,5.9463
20020131,2.336,3.1795,3.3053,3.1579,2.2689,4.0073,4.9954,5.5052,5.8452
20020228,2.1969,2.9719,3.1215,3.0059,2.19,3.8726,4.7848,5.3034,5.6832
20020328,1.5069,1.5098,1.0126,0.3754,2.7535,4.6265,5.4786,5.9206,6.2138
20020430,2.305,3.2049,3.5317,3.7017,2.298,4.17,5.1021,5.5511,5.8568
20020531,2.3768,3.5841,4.3438,4.8806,2.3312,4.0056,4.807,5.3134,5.7098
20020628,2.6471,4.2269,5.2239,5.9533,2.058,3.6332,4.5784,5.1312,5.5432
20020731,2.454,4.4948,5.8087,6.6618,1.7066,2.7416,3.8711,4.6343,5.1964
20020830,2.3048,4.4522,6.0906,7.3034,1.7241,2.4977,3.4045,4.1361,4.7291
20020930,1.8324,4.1054,6.1872,7.9558,1.4887,1.9209,2.7275,3.4985,4.1629
20021031,1.5809,3.4971,5.0836,6.2699,1.3795,2.0021,2.9502,3.7926,4.5016
20021129,2.0982,4.0677,5.6975,7.0169,1.53,2.6484,3.5607,4.2805,4.8689
20021231,2.8024,5.9568,8.6521,10.8698,1.2389,1.9501,2.916,3.7286,4.3954
20030131,2.7285,5.5529,7.8359,9.6667,1.2788,2.171,3.2222,4.0144,4.6161
20030228,2.6527,5.6028,8.1246,10.2148,1.2199,1.8347,2.7816,3.593,4.2393
20030331,3.4611,7.0267,10.0083,12.4555,1.1654,1.913,2.939,3.7666,4.4105
20030430,3.0066,6.2069,8.7674,10.7604,1.1634,1.9018,2.9906,3.8638,4.5069
20030530,2.8718,6.1622,9.2171,11.9034,1.1338,1.5166,2.2585,3.0235,3.7011
20030630,2.6001,5.5568,8.1927,10.4324,1.0331,1.6217,2.4953,3.3035,3.9719
20030731,1.4799,2.9743,4.0518,4.7698,1.2617,2.3767,3.5568,4.4784,5.1779
20030829,1.1961,2.0132,2.3829,2.5334,1.3016,2.5874,3.7664,4.5786,5.161
20030930,0.8409,1.69,2.2183,2.5334,1.08,1.8784,2.9702,3.8478,4.5186
20031031,0.7271,1.2535,1.5353,1.7305,1.275,2.4238,3.5108,4.3064,4.911
20031128,1.213,2.1017,2.7538,3.2981,1.4354,2.672,3.6284,4.3246,4.8726
20031231,0.7074,1.2161,1.4559,1.5917,1.2427,2.4073,3.4888,4.2596,4.8341
20040130,0.9058,1.7298,2.3246,2.7925,1.2652,2.3982,3.4196,4.1482,4.6988
20040227,0.6761,1.3261,1.7014,1.9438,1.1586,2.1316,3.2177,3.9969,4.5577
20040331,0.752,1.7,2.5337,3.2499,1.161,1.991,2.9329,3.6943,4.3023
20040430,0.2825,0.2026,0.0868,0.0031,1.6193,3.0705,3.9796,4.5906,5.069
20040528,-0.3389,-1.3475,-2.4633,-3.5059,1.8555,3.2671,4.1393,4.7437,5.2109
20040630,-0.4525,-1.298,-2.0757,-2.7304,2.0742,3.3408,4.0812,4.6266,5.0737
20040730,0.2798,0.5659,1.0897,1.7914,2.0969,3.2707,3.9546,4.4762,4.9106
20040831,0.6115,1.5674,2.683,3.8394,1.9759,2.8105,3.463,4.0046,4.468
20040930,-0.3492,-0.3592,-0.0126,0.559,2.2276,2.9802,3.5012,3.947,4.3595
20041029,0.172,0.844,1.7879,2.858,2.2518,2.8388,3.3625,3.8409,4.275
20041130,0.0089,0.2408,0.7529,1.458,2.6631,3.3965,3.8125,4.1675,4.5199
20041231,-0.3618,-0.2345,0.3391,1.1826,2.7691,3.3615,3.686,3.9906,4.3163
20050131,-0.5745,-0.6968,-0.3093,0.442,2.9727,3.5419,3.7607,3.9475,4.1712
20050228,-1.1224,-1.8197,-1.9239,-1.5897,3.254,3.915,4.1011,4.2235,4.3849
20050331,-1.4377,-2.6471,-3.236,-3.2959,3.4287,4.1423,4.2832,4.3622,4.4981
20050429,-0.315,-0.1963,0.4657,1.5405,3.3855,3.8609,3.9286,3.9942,4.1348
20050531,-0.1174,0.268,1.2592,2.6922,3.3845,3.7539,3.7525,3.7779,3.8957
20050630,-0.1625,0.1832,1.1151,2.4867,3.5033,3.7355,3.6947,3.7021,3.8039
20050729,-0.586,-0.7963,-0.4509,0.3541,3.8567,4.1649,4.1308,4.1056,4.163
20050831,-0.9417,-1.3407,-1.1477,-0.4915,3.7522,3.862,3.8116,3.8118,3.8929
20050930,-1.1551,-1.779,-1.9238,-1.7765,4.1353,4.1251,4.0918,4.2122,4.3471
20051031,-1.4881,-2.6013,-3.1587,-3.2656,4.3269,4.4757,4.3983,4.3819,4.4587
20051130,-0.9833,-1.5896,-1.7332,-1.5104,4.3798,4.4188,4.3111,4.2971,4.3882
20051230,-1.0392,-1.7155,-1.9786,-1.872,4.4007,4.3623,4.2537,4.2097,4.2466
20060131,-1.0138,-1.697,-2.1287,-2.3351,4.5557,4.4439,4.3792,4.3776,4.4296
20060228,-0.775,-1.3015,-1.6099,-1.6983,4.69,4.6276,4.5319,4.4733,4.4657
20060331,-0.684,-1.1951,-1.5562,-1.7638,4.8263,4.7943,4.7233,4.7057,4.7519
20060428,-1.0213,-1.8867,-2.679,-3.3947,4.8822,4.794,4.7865,4.8505,4.9638
20060531,-1.286,-2.4992,-3.6161,-4.6208,5.0399,4.9657,4.8948,4.9004,4.9807
20060630,-1.4746,-2.8306,-4.0405,-5.1306,5.2101,5.0507,4.912,4.894,4.9712
20060731,-0.8996,-1.5727,-2.1766,-2.7437,5.0645,4.8039,4.7095,4.7301,4.821
20060831,-1.0889,-1.8114,-2.4448,-3.0573,4.9509,4.5341,4.4452,4.5054,4.6234
20060929,-0.7524,-1.1037,-1.2269,-1.2642,4.8775,4.4431,4.3354,4.3844,4.4981
20061031,-0.404,-0.4404,-0.3719,-0.2642,4.8797,4.4347,4.3134,4.351,4.4572
20061130,-0.3985,-0.4075,-0.2738,-0.068,4.8173,4.3201,4.1634,4.1824,4.2828
20061229,-0.5907,-0.9316,-1.1804,-1.3933,4.953,4.5946,4.4585,4.4595,4.5374
20070131,-0.5596,-0.9163,-1.1636,-1.3509,5.0035,4.7359,4.6249,4.6169,4.6723
20070228,-0.2108,-0.0437,0.1895,0.3677,4.8384,4.3648,4.2401,4.2875,4.4097
20070330,-0.0366,0.3384,0.7842,1.1828,4.8309,4.3483,4.2599,4.3533,4.5171
20070430,-0.0468,0.4305,1.0627,1.71,4.8408,4.3092,4.2183,4.3165,4.4817
20070531,-0.0022,0.0979,0.3147,0.6292,4.9679,4.7947,4.6836,4.6662,4.7276
20070629,0.1334,0.2677,0.3961,0.5347,4.9173,4.7777,4.7656,4.8326,4.9438
20070731,0.0635,0.4472,0.8152,1.0913,4.7404,4.3258,4.3621,4.5449,4.7528
20070831,0.2456,0.6773,1.1418,1.5377,4.2885,4.0135,4.0409,4.2275,4.4801
20070928,0.4156,0.8629,1.2127,1.401,4.0275,3.8881,4.0346,4.3098,4.616
20071031,0.4062,0.9279,1.3655,1.6339,4.0285,3.7917,3.9134,4.1888,4.5006
20071130,1.1259,2.4111,3.4136,4.0115,3.1942,2.8782,3.1799,3.6849,4.1888
20071231,1.3844,2.9925,4.2927,5.1324,3.2102,2.8504,3.1593,3.6977,4.2434
20080131,2.5996,5.0658,7.0195,8.3836,2.1363,2.1587,2.6632,3.3082,3.9301
20080229,2.748,5.3621,7.2458,8.4053,1.6168,1.626,2.4038,3.2502,3.9722
20080331,2.8847,5.4,7.4439,8.9674,1.4636,1.7446,2.3094,2.9936,3.6898
20080430,2.406,4.1075,5.3239,6.1693,1.9032,2.5168,3.1001,3.6363,4.1141
20080530,2.5433,4.2747,5.3881,6.0541,2.2514,2.9522,3.5528,4.0616,4.487
20080630,2.4822,4.3493,5.7416,6.7677,2.2955,2.8985,3.4403,3.9177,4.3295
20080731,2.1355,3.7431,4.9834,5.9184,2.1903,2.7545,3.3046,3.8178,4.2798
20080829,1.8808,3.3772,4.5515,5.4476,2.1327,2.5445,3.0532,3.584,4.0886
20080930,2.092,3.9467,5.373,6.3325,1.7961,2.1799,2.8835,3.6565,4.3635
20081031,2.4592,4.8843,6.5185,7.1477,1.3325,1.4883,2.5546,3.8714,5.0907
20081128,2.1071,4.5021,6.5666,8.0438,0.7711,0.7849,1.6204,2.7116,3.7525
20081231,2.4654,4.8671,7.1148,9.128,0.385,0.7576,1.45,2.2302,2.9612
20090130,1.614,3.1891,4.5883,5.7182,0.5447,1.0881,1.909,2.8002,3.6385
20090227,0.9022,2.1062,3.3395,4.3886,0.7238,1.1998,2.0169,2.9231,3.7729
20090331,1.173,2.5038,3.8493,5.1382,0.5716,0.9786,1.6481,2.4009,3.1278
20090430,1.9999,3.7927,5.2821,6.4377,0.5169,1.3073,2.1469,2.9585,3.6939
20090529,2.461,4.6836,6.3894,7.5168,0.4912,1.3302,2.3558,3.3596,4.2337
20090630,2.3408,4.1576,5.3845,6.0832,0.5577,1.6235,2.6908,3.6308,4.3892
20090731,2.2083,3.8387,4.9545,5.6555,0.5462,1.6742,2.702,3.5788,4.2873
20090831,2.0944,3.6609,4.7102,5.3359,0.4501,1.4867,2.5347,3.4629,4.2156
20090930,1.7595,3.2104,4.4218,5.4482,0.4204,1.4326,2.4451,3.3371,4.0583
20091030,1.0992,2.2323,3.6522,5.3786,0.3891,1.4215,2.4515,3.3643,4.1121
20091130,0.5102,1.1167,1.8148,2.5726,0.2747,1.0139,2.0135,2.9947,3.8307
20091231,0.2115,-0.0756,-0.6778,-1.4862,0.5461,1.7371,2.8324,3.7696,4.5268
20100129,0.7609,1.3571,1.7086,1.8566,0.3272,1.3128,2.4487,3.4905,4.3373
20100226,0.8519,1.6121,2.1648,2.5155,0.3479,1.2567,2.3704,3.4222,4.2943
20100331,0.5377,0.6275,0.2936,-0.3258,0.4409,1.5583,2.7348,3.7472,4.5348
20100430,0.8478,1.5564,1.9424,2.0698,0.4595,1.4383,2.5725,3.5665,4.3377
20100528,0.9175,2.1182,3.2644,4.3157,0.4127,1.1551,2.2134,3.1824,3.9459
20100630,1.2761,3.0973,4.9349,6.6171,0.3474,0.8696,1.7932,2.707,3.4668
20100730,1.3562,3.3666,5.4281,7.2779,0.318,0.6916,1.5173,2.4375,3.2756
20100831,1.1894,3.124,5.321,7.5223,0.2973,0.6001,1.2659,2.0143,2.7064
20100930,1.1546,3.0943,5.2639,7.3647,0.278,0.5054,1.1675,1.9575,2.7131
20101029,1.1792,3.2866,5.6461,7.8934,0.2423,0.3441,1.0048,1.8648,2.724
20101130,0.7148,2.1228,3.7793,5.422,0.2991,0.6055,1.3382,2.188,2.9977
20101231,1.4338,3.3783,5.1576,6.6543,0.3033,0.8879,1.9903,3.0301,3.8529
20110131,1.0297,2.6527,4.2613,5.6445,0.2831,0.8257,1.8819,2.9541,3.8632
20110228,0.9721,2.3035,3.533,4.6152,0.2846,1.039,2.1927,3.2121,3.9896
20110331,1.2263,2.7389,4.1316,5.3487,0.332,1.2222,2.3545,3.3177,4.0456
20110429,1.1981,2.8494,4.4555,5.8238,0.2402,0.9212,1.9604,2.9694,3.8083
20110531,0.9497,2.4847,4.1011,5.524,0.2054,0.6784,1.566,2.523,3.3852
20110630,0.6481,1.7008,2.7601,3.5982,0.2215,0.7405,1.6477,2.6287,3.5221
20110729,0.431,1.5333,2.8575,4.1272,0.2606,0.415,1.1133,2.0059,2.8972
20110831,0.4687,1.4868,2.7205,3.9443,0.1314,0.2478,0.7806,1.4826,2.2086
20110930,0.3315,1.1023,2.2102,3.5287,0.1739,0.3967,0.8496,1.3946,1.9447
20111031,0.1813,0.8581,1.8604,3.0513,0.1628,0.328,0.8625,1.5331,2.2061
20111130,0.4482,1.4485,2.7907,4.313,0.1573,0.3379,0.8458,1.4754,2.1066
20111230,0.7386,2.3932,4.6588,7.2152,0.1493,0.3357,0.7645,1.2965,1.843
20120131,0.6706,2.331,4.7002,7.4669,0.1551,0.2215,0.5849,1.0965,1.658
20120229,0.8262,2.6409,5.071,7.759,0.2128,0.378,0.782,1.3016,1.8536
20120330,0.9871,2.8707,5.2237,7.7008,0.2351,0.4709,0.9647,1.5685,2.1878
20120430,0.7112,2.3478,4.6051,7.1785,0.21,0.3238,0.7121,1.2349,1.8002
20120531,0.4405,1.685,3.6142,6.0294,0.2379,0.3215,0.5938,0.97,1.3898
20120629,0.4815,1.7454,3.7008,6.167,0.259,0.3838,0.6733,1.0559,1.48
20120731,0.2307,1.1033,2.6027,4.6126,0.1843,0.2407,0.5065,0.8873,1.3177
20120831,0.0512,0.6062,1.5936,2.9056,0.1966,0.2256,0.4952,0.8966,1.3535
20120928,0.1954,0.8049,1.6869,2.7128,0.2013,0.2401,0.5126,0.9188,1.3882
20121031,0.1063,0.6285,1.5122,2.6549,0.2217,0.3403,0.6494,1.0634,1.5217
20121130,0.1199,0.7067,1.6565,2.8429,0.218,0.259,0.5256,0.9202,1.3732
20121231,0.1414,0.6032,1.2699,2.0377,0.1943,0.3027,0.6298,1.0752,1.5675
20130131,0.0449,0.2826,0.6096,0.9581,0.1766,0.3472,0.7695,1.3095,1.8797
20130228,0.1926,0.695,1.3549,2.0664,0.1854,0.2796,0.6417,1.1421,1.6942
20130328,0.2939,0.956,1.8686,2.9243,0.177,0.3026,0.6559,1.1321,1.6574
20130430,0.1724,0.6349,1.3063,2.1102,0.1514,0.2496,0.5635,0.9963,1.4792
