197901,10.96,10.89,9.56,10.93,12.39,9.1,8.48,9.02,8.33,10.99,7.56,7.14,8.23,7.19,10.19,5.69,5.55,6.72,8.3,6.08,2.49,5.43,5.39,5.99,9.12
197902,-2.09,-2.9,-1.53,-2.18,-0.89,-2.83,-3.16,-3.04,-2.83,-2,-4.85,-2.22,-2.27,-1.7,-0.8,-3.93,-3.54,-3.11,-3.51,-4.48,-4.37,-2.89,-2.83,-2.43,-2.99
197903,11.71,8.45,8.73,7.13,7.28,12.6,8.74,9.2,6.96,8.95,10.69,8.97,7.24,9.35,13.41,7.17,7.84,7.06,7.92,9.91,5.89,5.85,6.18,6.87,6.88
197904,3.27,3.1,2.44,4.27,3.57,0.93,2.76,2.2,2.93,2.61,1.23,1.14,2.47,1.7,3.96,1.44,1.22,1.87,1.04,1.81,0.43,0.19,-0.89,-0.02,-1.82
197905,-1.89,-0.81,-1.24,4.54,-0.27,-2.06,-1.65,-0.34,-0.34,-1.65,-3.56,-2.75,-0.63,0.13,-1.54,-0.38,-1.64,-1.49,-0.93,-0.32,-1.97,-1.27,0.15,0.14,-0.73
197906,7.4,5.61,4.73,4.13,4.62,7.39,5.57,5.18,5.14,7.25,3.55,4.49,6.52,6.4,5.14,4.86,6.58,6.49,7.78,5.88,5.05,5.85,5.55,6.36,3.2
197907,1.77,2.29,2.22,2.12,2.04,2.18,2.16,3.54,4.58,3.74,3.13,3.93,4.3,2.6,5.03,1.49,3.88,3.24,2.26,3.1,1.53,1.84,2.95,1.62,4.12
197908,9.32,8.21,6.7,7.61,7.17,8.83,9.06,7.17,6.43,7.12,9.39,7.88,6.33,5.49,7.1,8.95,5.79,7.03,5.4,7.64,7.87,7.39,4.66,4.93,4.14
197909,-0.04,-0.26,-0.47,0.12,-0.16,0.5,-0.18,-2.11,-1.49,-1.78,1.42,-0.34,-1.11,-2.84,-1.15,0.13,-0.48,0.15,-1.15,-1.98,-0.44,0.55,0.09,-0.17,-0.86
197910,-10.56,-9.87,-9.59,-9.21,-9.24,-9.82,-10.27,-12.11,-11.73,-12.3,-8.22,-8.83,-10.34,-7.46,-12.45,-7.86,-8.03,-7.93,-10.47,-10.62,-6.43,-7.43,-7.5,-7.95,-8.17
197911,9.25,7.7,4.91,4.77,3.86,10.74,7.71,6.61,7.4,7.57,11.88,7.2,6.34,6.75,5.7,9.74,7.43,7.69,6.06,5.7,6.07,6.68,6.99,6.17,2.77
197912,12.14,8.19,5.64,6.98,5.74,8.32,6.26,5.93,3.36,4.17,5.58,3.16,2.98,1.62,7.84,4.67,3.94,1.87,2.24,3.22,2.96,4.91,2.2,1.11,2.82
198001,15.28,11.2,10.3,10.8,12.19,7.01,7.8,6.45,4.37,8.35,4.99,6.02,7.06,4.89,8.35,7.21,5.11,5.7,1.47,6.49,2.8,5.84,5.28,4.15,9.54
198002,1.77,-0.83,-0.71,-0.55,-0.69,-1.58,-1.17,-2.49,-5.28,-1.92,-1.76,-3.88,-4.67,-4.5,-2.98,-2.9,-2.6,-3.51,-5.1,-2.34,-4.57,-2.8,-2.29,-2.31,-2.24
198003,-21.65,-17.62,-16.59,-15.14,-15.74,-19.43,-16.02,-16.45,-13.46,-16.37,-14.87,-15.07,-15.42,-11.23,-17.95,-11.42,-13.46,-11.25,-10.63,-13.91,-5.65,-9.6,-7.8,-8.24,-10.7
198004,5.24,5.27,5.32,4.21,3.52,6.25,4.97,6.55,7.81,4.15,6.2,6.66,8.15,8.72,5.93,4.59,6.07,7.88,8.58,7.45,4.65,3.79,5.31,8,3.69
198005,6.93,6.41,6.93,6.39,6.67,8.84,10.13,7.94,7.9,9.73,7.92,7.91,8.99,8.19,9.18,8.05,7.86,10.17,7.61,9.37,5.86,6.89,6.72,5.26,6.72
198006,4.77,3.64,3.62,3.97,4.23,4.48,6.22,4.01,5.3,2.51,4.71,5.92,4.03,5.19,2.64,5.14,3.54,4.15,2.87,4.74,2.01,3.37,3.3,3.63,1.2
198007,11.3,12.44,9.94,8.3,7.96,14.51,11.31,9.82,7.72,7.57,12.9,8.71,9.49,5.88,6.51,11.4,10.24,8,3.16,5.07,12.31,7.88,4.74,4.77,5.54
198008,11.74,10.47,7.38,8.05,6.48,8.39,7.55,4.37,3.04,3.37,6.94,6.28,2.07,1.71,1.28,4.7,2.66,3.52,0.56,0.66,3.35,1.72,1.73,0.85,-0.51
198009,8.51,5.38,4.01,3.89,5.06,4.64,3.84,3.77,0.99,1.2,5.74,2.97,2.85,1.31,-0.91,5.29,4.15,1.55,0.65,0.4,4.51,5.56,2.97,-0.67,0.04
198010,8.42,5.99,3.98,4.31,2.74,7.04,2.07,1.21,2.64,0.65,2.3,2.35,2.87,1.69,2.04,1.89,2.42,-0.62,-1.52,-0.37,0.89,1.2,2.48,-0.32,1.51
198011,14.84,6.23,5.08,0.94,1.75,12.9,6.43,4.65,4.74,2.65,10.54,6.86,2.75,1.91,0.97,11.98,14.13,4.97,2.56,0.94,12.25,10.56,11.25,4.38,2.64
198012,-4.95,-5.55,-3.77,-2.72,-3.33,-5.59,-2.28,-2.17,-1.23,-0.37,-3.64,-3.12,0.48,-0.17,-0.43,-3.47,-4.45,-0.11,1.01,0.02,-0.26,-2.11,-0.68,1.44,0.04
198101,-2.1,1.16,3.59,2.2,4.22,-4.16,0.59,0.38,2.52,4.29,-2.89,-0.81,-0.19,1.98,2.96,-5.1,-2.29,-0.02,0.79,1.6,-5.75,-5.78,-3.46,-0.87,2.31
198102,-3.01,0.67,0.68,1.5,1.88,-0.89,1.34,2.78,3.39,3.35,1.83,2.13,4.16,0.86,0.99,1.29,3.45,3.88,1.06,3,2.68,1.52,1.34,3.23,-0.73
198103,6.89,8.88,8.1,9.69,7.85,7.8,8.51,8.29,7.76,7.58,8.06,7.91,7.73,8.61,6.19,8.66,6.91,9.39,7.86,7.54,4.11,5.97,5.07,8.55,7.62
198104,3.04,6.13,4.19,3.92,5.33,0.19,3.07,3.9,3.08,3.82,2.35,3.24,1.71,1.01,3.79,0.03,-0.74,0.46,0.4,1.96,-2.29,-0.35,-1.56,0.56,-2.23
198105,3.83,4.67,5.15,2.78,3.36,4.89,1.91,2.35,0,1.94,1.91,3.46,2.68,0.77,3.77,3.1,1.27,1.9,1.13,2.77,0.64,-0.4,-0.24,3.89,1.03
198106,-4.98,0.33,2.04,2.98,1.86,-6.06,-0.33,-0.32,0.27,2.32,-4.16,-0.15,0.12,2.27,0.83,-4.47,-1.34,0.82,3.16,0.56,-4.21,-0.16,1.12,0.58,0.82
198107,-4.08,-3.66,-2,-1.84,-1.41,-2.58,-3.33,-0.66,-1.31,-2.11,-1.48,-1.91,-3.11,-2.55,-0.37,1.44,-1.46,-2.71,-2.91,-3.33,2.38,0.55,-3.36,-3.38,0.78
198108,-11.91,-8.49,-7.22,-5.41,-4.9,-10.68,-8.07,-5.05,-5.15,-5.63,-8.28,-6.08,-5.45,-5.28,-3.7,-6.65,-6.3,-4.18,-5.2,-3.32,-7.33,-6.51,-6.07,-4.62,-1.36
198109,-13.64,-9.4,-7.7,-7.46,-6.69,-10.35,-6.7,-6.74,-3.6,-5.64,-9.08,-5.65,-5.83,-2.4,-3.82,-8.41,-7.46,-6.01,-3.89,-4.45,-7.06,-4.94,-5.76,-1.92,-4.77
198110,9.93,7.41,7.44,6.23,3.5,11.42,6.78,7.29,7.67,5.89,11.74,5.06,6.86,5.42,4.86,9.49,7.51,5.39,3.97,3.23,11.34,6.78,4.16,4.27,6.74
198111,-2.94,2.64,2.07,2.49,1.76,1.02,5.42,5.14,6.12,5.44,0.64,2.88,4.85,3.22,5.36,4.44,4.84,2.98,7.1,5.02,2.39,4.57,4.43,5,6.2
198112,-4.44,-1.89,-1.34,-0.93,-1.01,-1.51,-0.28,-1.75,-2.68,-1.8,-1.52,-1.37,-1.07,-1.2,-2.9,-3,-2.11,-1.15,-2.31,-2.33,-3.21,-2.45,-2.37,-2.46,-2.96
198201,-2.05,-0.25,0.21,-0.59,0.35,-5.11,-3,-3.43,-2.76,0.06,-5.91,-3.93,-4.93,-2.59,1.53,-6.37,-4.49,-4.22,-1.42,-2.18,-2.19,-3.69,-2.72,-1.71,1.41
198202,-8.04,-3.04,-2.43,-2.45,-0.2,-7.55,-5.09,-4.59,-1.51,-1.41,-8.57,-2.61,-1.73,-3.18,0.44,-7,-6.32,-3.31,-0.56,0.23,-9.28,-6.25,-2.06,-1.33,-0.04
198203,-2.25,-1.14,-0.23,-0.06,0.46,-3.79,0,-0.98,1.69,0.98,-2.49,0.33,1.07,-1.35,3.59,-3,-1.43,-0.11,-0.15,0.83,-3.53,0.26,-1.34,0.78,1.46
198204,6.35,6.03,4.89,5.2,4.69,6.68,5.88,5.67,4.44,4.66,6.09,5.68,4.57,5.18,4.91,6.51,4.99,3.82,3.94,4.78,5.18,5.34,4.73,3.86,4.48
198205,-3.22,-0.77,-0.63,-0.54,-0.78,-3.65,-4.11,-2.83,-1.67,-1.96,-4.29,-2.18,-3.54,-1.39,-1.49,-4.61,-4.32,-3.59,-4.49,-3.45,-5.08,-4.22,-3.55,-5.59,-2.67
198206,-6.33,-2.65,-2.99,-0.36,-1.26,-5.32,-1.77,-1.8,-0.69,-1.7,-5.19,-1.3,-1.27,-2.85,-2.21,-5.31,-3.4,-1.04,-0.7,0.51,-4.75,-0.72,-0.22,-2.77,-2.48
198207,-3.22,-2.31,-0.22,-0.67,0.24,-3.61,0.59,-0.32,0.02,-0.84,-1.59,-0.4,-2.37,-3.13,-1.43,-1.4,-3.53,-3.31,-3.42,-2.74,-1.87,-3.59,-2.99,-2.8,-1.19
198208,3.55,6.01,5.01,2.44,3.71,7.89,8.52,9.7,7.95,8.53,11.05,11.29,11.82,11.39,10.48,11.89,12.68,10.97,12.23,13.9,11.55,11.76,13.58,14.79,12.71
198209,1.04,1.66,6.72,3.79,4.7,2.24,2.56,4.81,5.3,6.51,3.25,5.31,4.24,4.22,3.01,2.44,2.09,6.64,2.96,0.67,0.86,2.48,1.2,0.97,0.2
198210,16.05,12.75,10.88,12.02,11.67,17.27,12.34,13.69,10.25,11.51,15.11,13.6,12.47,12.91,13.15,15.75,15.21,12.39,12.77,12.92,14.4,12.97,11.46,12.83,7.4
198211,8.65,10.18,12.95,12.78,12.44,8.61,8.37,7.41,7.21,8.66,10.26,7.56,6.63,5.76,7.89,6.78,7.84,4.11,5.45,7.43,6.96,3.76,2.96,3.65,2.22
198212,2.9,3.62,4.06,2.38,3.34,0.14,2.58,1.11,0.91,1.2,0.74,0.32,-0.81,0.23,3.1,1.63,0.01,3.02,0.51,2.31,0.93,0.58,1.03,0.18,5.3
198301,20.39,11.86,10.54,11.71,9.7,8.42,8.45,3.7,5.28,5.22,6.87,3.83,4.71,3.4,4.51,4.32,3.52,2.48,2.75,2.97,2.02,3,2.51,4.26,3
198302,3.1,5.66,8.66,7.63,9.48,3.6,4.66,7.87,5.51,5.27,4.77,4.24,5.61,4.85,4.32,4.6,2.57,2.62,3.57,4.51,2.59,3.21,3.5,3.41,2.78
198303,3.63,6.46,7.2,5.6,7.62,1.85,3.31,6.34,6.49,5.15,1.6,5.2,4.79,7.23,6.73,1.49,2.7,4.24,5.61,5.49,4.28,3.2,4.19,4.82,2.17
198304,7.86,7.47,9.95,8.26,8.52,8.16,9.08,8.83,8.06,7.74,5.81,7.02,7.59,5.54,6.01,4.84,5.71,7.11,6.62,6.48,4.86,6.46,7.82,7.26,5.96
198305,14.91,11.78,9.56,10.5,10.51,7.96,6.48,5.28,3.64,6.11,6.57,5.66,3.06,3.01,1.73,5.16,5.76,5.38,2.34,1.8,1.35,1.51,0.78,0.65,2.19
198306,5.41,7.12,5.53,3.88,5.64,6.09,5.13,2.25,2.8,3.37,3.42,6.28,5.33,0.99,1.43,6.94,5.11,4.04,-1.31,1.66,5.32,4.65,2.83,0.66,-0.47
198307,-4.87,-2.02,0.09,1.39,1.63,-6.91,-4.18,-0.77,1.93,0.95,-6.11,-2.72,2.8,1.42,0.82,-4.13,-3.36,-4.22,-1.21,-0.67,-5.77,-5.67,-3.88,-0.61,-1.17
198308,-6.13,-4.06,-3.17,-4.25,-2.34,-5.86,-3.26,-2.92,-0.9,0.69,-3.53,-4.61,-1.74,-1.07,2.02,-3.03,-2.1,0.04,2.4,3.97,-1.76,-0.45,1.18,2.25,5.25
198309,-3.79,-0.54,-0.31,1.43,0.4,1.22,1.77,4.08,4.62,3.4,1.65,4.13,2.87,4.89,7.23,3.49,3.15,3.44,3.36,1.54,1.56,3.18,2.23,1.2,1.29
198310,-10.18,-6.26,-5.93,-3.62,-2.68,-10.43,-7.18,-4.29,-1.94,-2.95,-8.59,-5.21,-3,-0.43,-1.81,-6.96,-3.09,-2.4,-1.81,-0.66,-5.4,-1.46,-0.64,-0.97,1.23
198311,2.79,1.32,2.4,2.43,2.74,5.19,5.65,5.38,5.47,5.16,6.39,4.51,5.3,4.26,3.94,6.29,3.17,4.58,4.96,3.95,3.61,2.83,3.14,1.9,0.66
198312,-5.86,-2.17,-1.58,0.02,-0.08,-2.98,-1.36,0.01,0.05,0.24,-2.85,-1.71,0.03,-1.38,1.77,-3.14,-1.08,-2.25,-1.79,-0.47,-0.54,-0.41,-1.95,-1.5,0.61
198401,0.34,1.59,1.98,2.62,4.05,-6.28,-1.34,-0.67,0.73,3.58,-6.73,-4.56,-1.76,0.43,0.54,-7.55,-3.63,-1.19,-0.18,0.59,-5.69,-0.33,-0.17,-0.01,4.03
198402,-7.31,-7.24,-5.33,-3.53,-4.12,-7.66,-6.22,-3.85,-2.99,-3.99,-7.01,-6.9,-4.88,-4.36,-2.35,-6.13,-5.77,-5.79,-3.39,-4.56,-4.51,-6.75,-5.26,-3.65,-1.26
198403,-1.55,0.92,0.96,2.2,2.28,-0.76,1.55,0.54,1.29,2.17,0.22,1.68,2.5,0.72,3.68,0.5,0.54,2.22,1.39,3.98,0.26,3.98,2.46,2.24,1.29
198404,-4.57,-3.24,-1.26,-1.28,-1.4,-2.61,1.28,0.72,0.11,-1.16,-0.02,1.21,-0.23,-1.56,0.5,-0.82,-0.82,-1.17,-3.04,-2.12,1.69,-0.02,0.28,-1.11,0.74
198405,-6.38,-3.77,-4.88,-3.25,-2.29,-6.38,-5.08,-5.36,-3.63,-4.54,-6.09,-5.28,-5.48,-3.58,-6.53,-3.82,-4.67,-5.08,-3.92,-7.9,-5.64,-4.57,-6.41,-4.4,-6.14
198406,0.68,1.45,2.04,1.29,0.73,2.18,4.55,2.13,2.64,0.57,5.81,5.39,0.87,1.95,0.29,5.24,4.56,1.3,1.66,2.04,6.29,5.29,1.02,-0.76,0.88
198407,-7.62,-5.1,-5.9,-2.73,-2.28,-5.49,-5.66,-2,-3.33,-3.67,-3.75,-3.5,-2.42,-2.85,-1.44,-3.72,-4.59,-2.48,-4.64,-1.14,-0.27,-2.47,-1.21,-2.12,-0.97
198408,9.25,9.24,7.52,6.01,6.86,16.3,11.26,10.38,9.22,10.59,15.38,13.4,11.06,11.93,9.7,12.63,12.7,12.48,11.62,10.24,11.56,11.08,11.31,12.35,11.13
198409,-2.21,-0.46,-0.36,1.89,1.79,-5.11,0.2,1.85,1.72,3.34,-4.04,1.91,2.62,2.15,2.97,-1.51,-0.95,0.81,1.5,3.74,-3.71,-1.8,-0.92,1.15,4.27
198410,-3.99,-3.38,-2.87,-2.7,-1.74,-3.52,-1.3,-0.09,0.73,1.02,-1.83,-0.33,1.19,-1.43,0.96,-1.02,0.08,0.2,-0.28,2.11,-0.02,2.11,0.93,0.97,0.99
198411,-6.55,-4.91,-2.69,-3.46,-2.94,-5.61,-1.9,-0.72,0.09,1.06,-4.31,0.02,1.56,1.39,1.16,-3.76,-0.6,-1.46,0.76,1.98,-2.94,-0.53,-1.25,-0.31,2.3
198412,-0.84,-0.82,-0.01,-0.47,0.56,2.39,2.1,1.7,2.29,2.43,4.57,3.45,0.83,1.19,2.3,3.69,1.69,2.7,2.31,3.21,3.82,2.39,2.8,3.1,2.29
198501,15.82,14.57,12.79,11.2,8.85,16.6,13.63,10.28,10.59,8.46,14.47,10.67,9.51,9.87,8.33,12.88,13.14,8.2,8.58,7.06,10.01,8.84,7.33,7.57,3.72
198502,6.58,7.57,5.1,5.89,5,2.96,3.17,2.22,2.21,1.13,1.46,1.62,1.39,1.55,-0.17,2.99,-0.7,1.55,2.47,0.8,0.09,2.92,2.6,2.27,2.11
198503,-1.59,-2.48,-2.42,-1.08,0.04,-5.36,-3.76,-1.04,0.91,3.17,-4.28,-1.49,-1.94,1.22,3.54,-3.4,-1.48,1.05,0.34,4.43,-0.78,1.42,1.2,0.51,2.2
198504,-2.76,-2.18,-1.46,0.64,-0.53,-3.22,-2.14,-1.04,1.71,0.24,-1.99,-1.21,-0.47,2.4,1.89,-1.74,-3.28,-0.16,0.13,1,-2.87,-2.03,-0.02,0.12,1.97
198505,0.92,3.66,1.56,0.88,0.54,3.16,3.76,2.96,5.23,3.17,5.38,5.22,3.09,4.56,3.76,5.79,6.13,5.4,4.11,6.79,7.06,7.89,8.3,6.24,5.94
198506,-1.22,-0.73,-0.29,-0.03,0.57,0.35,1.97,1.57,2.23,3.64,1.95,1.03,3.47,2.06,2.29,1.79,1.31,2.27,2.91,1.04,2.48,3.02,2.14,0.39,2.35
198507,1.43,2.49,2.28,0.94,2.79,3.15,3.62,4.75,0.37,0.51,1.28,2.72,1.53,1.08,1.97,-0.5,0.56,1.1,-1.76,0.87,-1.2,-0.81,0.03,-1.82,-2.48
198508,-1.45,-0.76,-0.86,-0.08,-0.89,-1.99,-0.89,0.87,0.38,0.16,-2.47,-0.96,0.28,-0.33,0.6,-1.87,0.02,1.18,-0.15,0.41,-1.18,-0.06,-0.33,0.13,0.87
198509,-8.36,-5.42,-5.44,-4.73,-4.6,-7.64,-6.14,-3.27,-4.07,-5.94,-7.35,-4.79,-3.47,-3.38,-3.32,-5.4,-4.26,-4.65,-6.33,-5.09,-4.29,-2.21,-2.64,-4.94,-5.4
198510,-0.37,0.52,2.02,2.39,-0.75,3.91,3.63,4.07,5.63,2.51,4.72,4.35,4.65,2.64,3.51,5.5,5.17,4.28,5.63,5.59,4.28,4.71,6.29,6.41,7.05
198511,3.64,5.03,4.47,3.86,5.22,9.69,7.1,7.73,7.77,7.03,8.32,7.62,5.89,6.5,7.2,8.77,7.21,8.16,5.89,5.28,9.53,8.36,7.36,5.51,5.13
198512,1.59,3.92,3.07,2.13,1.08,5.62,4.76,4.9,4.09,0.96,5.82,4.54,2.73,2.58,5.58,4.02,4.87,3.04,4.42,5.32,5.39,3.4,4.48,3.85,4.81
198601,5.7,4.95,3.88,3.04,5.74,1.2,0.98,0.81,0.5,1.52,1.92,2.25,1.23,2.16,3.04,0.72,0.22,1.56,2.26,3.93,1.06,1.77,4.7,0.85,1.2
198602,5.85,4.3,6.08,6.14,5.71,7.59,7.52,6.7,8.9,2.82,6.73,9.24,8.2,6.56,6.78,7.61,9.53,6.36,7.54,7.85,9.68,10.42,9.47,6.22,8.24
198603,3.88,4.78,5.32,4.5,6.1,3.48,5.29,6.73,5.34,7.23,4.48,6.55,5.49,5.85,5.49,5.77,5.06,6.3,4.05,4.79,6.39,7.04,4.62,3.89,4.06
198604,1.36,2.88,1.44,2.33,1.81,2.05,2.05,-0.18,1.08,-1.61,2.54,1.51,0.75,1.51,-0.7,1.86,0.08,-1.25,-2.13,-5.24,-0.35,-1.43,-2.13,-3.26,-3.98
198605,2.51,3.55,3.21,4.83,2.78,2.8,3.07,4.51,3.73,2.96,5.1,4.07,6.08,5.4,2.74,5.98,4.08,5.57,4.37,4.76,7.27,5.94,4.04,5.39,5.42
198606,0.47,-0.71,-0.85,2.15,1.96,-0.4,-0.15,2.25,0.96,1.65,-0.09,-1.85,1.55,0.57,2.37,0.91,1.07,-0.79,2.59,1.24,1.5,1.78,1.59,0.75,2.61
198607,-9.62,-8.26,-7.11,-6.09,-7.08,-11.49,-10.08,-9.18,-4.87,-7.43,-10.04,-8.4,-8.53,-5.93,-5.04,-8.56,-7.14,-7.2,-4.56,-4.35,-6.95,-7.08,-4.32,-3.32,-1.63
198608,-0.72,-0.23,1.13,0.9,1.86,2.27,4.1,4.25,5.14,5.34,4.19,3.09,5.72,7.12,8.44,4.43,6.92,7.34,10.35,9.31,3.93,6.37,7.04,10.35,10.31
198609,-8.18,-7.4,-4.69,-3.21,-2.96,-8.87,-6.29,-4.76,-2.58,-5.42,-7.98,-8.12,-4.17,-4.73,-5.47,-8.91,-5.91,-7.19,-7.33,-5.86,-11.09,-10.82,-7.31,-7.84,-6.26
198610,1.88,1.54,2.12,2.47,0.91,6.39,4.67,3.8,3.02,1.6,5.69,2.6,1.42,2.19,2.24,6.07,6.48,5.79,6.2,3.93,8.15,7.21,5.86,4.95,7.12
198611,-2.68,-0.27,-0.01,0.45,-0.9,0.06,0.95,-0.28,-1.9,-0.11,-0.27,0.6,-1.41,1.52,-0.25,0.93,1.57,1.96,-1.05,0.61,1.82,1.96,1.27,2.2,1.08
198612,-6.11,-3.2,-3.19,-2.6,-3.12,-3.13,-2.56,-2.92,-3.01,0.62,-2.37,-2.2,-3.78,-2.25,-1.34,-4.43,-2.98,-2.58,-1.76,-3.3,-2.56,-3.07,-4.18,-3.69,-2.67
198701,11.38,10.52,11.82,11.44,11.69,12.69,12.38,11.17,9.67,11.25,13.28,12.84,9.22,9.87,9.37,13.91,13.29,10.85,11.94,10.71,14.47,15.02,11.21,11.57,11.3
198702,10.95,8.79,6.71,7.11,7.36,9.42,8.56,6.15,5.93,5.76,9.8,7.47,4.81,4.49,4.27,7.68,6.77,6.7,3.98,2.76,8.48,7.53,5.62,0.15,-1.11
198703,3.73,5.23,3.52,4.3,6.44,0,3.34,1.36,3.2,3.14,0.19,2.8,1.03,2.29,3.35,1.59,1.06,1.32,1.53,-0.95,0.53,1.71,-0.23,1.41,3.46
198704,-2.64,-1.6,-1.25,0.28,0.67,-4.42,-2.32,-3,-3.69,-4.75,-3.31,-2.2,-4.92,-2.68,-3.21,-3.93,-2.15,-2.32,-1.9,-1.63,-3.1,-2.25,-2.81,-1.02,-2.48
198705,0.12,-1.11,0.69,0.12,4.11,-1.09,-0.06,0.41,0.26,0.99,0.68,-0.68,-0.48,-0.03,-0.68,1.71,0.93,-0.31,-0.64,0.63,2.39,-0.41,-0.48,0.83,-0.18
198706,1.5,2.64,1.97,3.27,3.08,2.49,2.98,3.78,2.27,3.88,2.94,3.16,5.25,5.1,2.97,4.74,3.37,5.25,4.06,3.63,5.44,6,5.82,4.7,5.41
198707,1.77,2.3,3.2,4.18,7.15,2.59,2.13,3.54,3.95,5.21,2.61,4.11,3.9,3.73,7.4,3.85,4.74,4.49,4.29,4.68,6.02,4.02,5.63,3.58,2.42
198708,-0.11,0.68,1.19,2.11,0.96,2.99,3.6,4.16,2.66,4.01,4.26,4.39,4.41,4.28,1.16,4.96,4.11,3.43,3.66,2.37,4.11,3.87,4.16,4.07,2.08
198709,-2.48,40.77,-0.37,0.42,-1.04,-2.25,-2.56,-0.82,-0.74,-2.75,-3.03,-2.69,-1.91,-2.31,-0.96,-2.63,-1.52,-2.43,-1.66,0.49,-3.01,-2.91,0.17,-2.48,-1.61
198710,-32.71,-29.8,-27.84,-27.5,-26.49,-33,-31.55,-27.74,-25.48,-28.63,-30,-29.88,-24.78,-22.27,-25.32,-25.74,-28.77,-25.5,-17.81,-23.52,-22.22,-24.58,-22.39,-16.42,-17.9
198711,-7.88,-5,-5.87,-5.1,-4.24,-7.83,-5.94,-3.91,-3.2,-2.35,-7.01,-3.35,-3.35,-3.32,-4.15,-5.38,-5.79,-6.32,-4.91,-2.73,-9.75,-7.31,-7.05,-5.64,-6.39
198712,-0.16,2.05,2.39,1.65,1.24,11.23,9.77,8.03,5.94,4.2,13.52,10.55,7.14,4.69,6.02,11.77,11.13,9.84,4.5,2.67,10.03,9.71,9.48,3.83,5.47
198801,10.53,10.16,8.06,6.3,8.6,2.86,4.13,6.26,4.32,9.04,1.57,3.44,4.86,8.42,8.58,1.18,5.48,4.52,6.15,7.32,3.35,6.13,6.66,8.28,7.71
198802,5.53,7.77,6.02,7.23,6.03,8.65,12.06,9.19,8.21,8.09,9.58,9.06,7.06,8.29,6.39,9.57,10.31,6.63,5.49,5.86,6.28,6.63,5.54,1.78,2.3
198803,4.32,4.79,5.6,5.55,5.21,2.28,6.49,3.57,3.29,5.01,3.32,1.58,0.87,0.58,0.05,-0.85,1.43,0.23,0.2,2.99,-3.84,-1.38,-3.62,-3.21,-1.3
198804,0.74,1.15,3.27,0.68,3.03,1.81,3.87,3.25,1.27,1.82,-0.39,-0.2,1.37,0.8,1.78,-0.4,0.37,0.96,-1.33,0.47,-0.71,0.4,1.09,0.8,0.93
198805,-3.35,-2.39,-0.65,-2.01,0.1,-4.86,-2.13,-2.87,-1.64,-2.41,-1.44,-2.08,-1.66,1.33,0.85,-1.09,-0.79,-0.85,2.69,0.56,-0.82,-0.09,-0.69,3.01,3.11
198806,4.37,5.39,5.38,4.88,3.82,7.53,10.55,8.29,5.59,7.86,7.24,7.67,5.98,5.94,6.13,7.54,6.96,7.64,4.52,10.82,5.66,4.84,6.64,4.08,4.31
198807,0.14,1.05,0.03,0.9,0.11,-2.16,-2.11,-0.24,0.79,0.43,-4.16,-1.71,-1.12,0,-0.03,-3.04,-3.47,-0.2,-1.53,0.6,-1.55,-1.33,-0.88,-0.02,-0.23
198808,-3.39,-2.23,-1.89,-1.06,-1.19,-4.07,-4.17,-1.99,-0.49,-2.02,-4.4,-2.53,-2.26,-0.08,-0.88,-3.94,-3.08,-0.83,-0.01,1.92,-2.94,-3.74,-2.67,-0.52,-1.79
198809,1.52,1.97,1.66,1.57,2.25,3.39,2.79,2.84,2.9,2.84,3.61,2.6,2.84,1.65,3.87,4.6,1.09,4.78,2.24,4.85,5.16,5.94,4.26,3.88,5.25
198810,-4.14,-1.89,-1.15,-1.93,-1.28,-2.46,-0.46,0.38,-0.1,-1.19,-1.75,0.2,1.13,1.34,2.62,-1.73,0.75,0.5,1.4,2.78,1.56,3.14,2.17,1.97,2.8
198811,-6.02,-5.45,-3.76,-3.71,-4.21,-4.5,-3.23,-2.67,-3.79,-1.32,-3.39,-2.04,-3.79,-0.33,-1.26,-1.66,-2.64,-2.9,-1.95,-1,-2.66,-2.71,-2.32,-1.55,-0.27
198812,0.7,2.46,2.44,4.95,1.41,5.2,4.98,4.13,4.8,3.74,4.74,3.88,3.69,2.42,2.72,3.11,3.32,1.82,1.95,-0.22,3.08,2.71,2.08,0.45,0.25
198901,6.76,9.94,5.73,4.63,8.07,3.79,5.39,4.64,4.3,6.81,4.14,4.97,4.97,4.31,5.28,5.11,5.75,5.5,6.21,7.94,7.87,6.59,5.68,6.14,8.3
198902,0.4,1.7,1.17,1.09,0.34,1.21,1.83,1.26,0.24,1.57,-0.05,0.32,0.29,1.16,0.08,-0.08,-0.14,-0.84,0.29,0.99,-3.07,-1.84,-1.69,-0.75,-1.77
198903,0.05,2.59,3.7,2.53,2.57,1.82,1.92,2.11,1.75,3.01,2.31,1.06,1.65,3.38,2.38,-0.95,1.29,3.02,1.01,2.41,2.87,1.6,4.02,2.9,1.59
198904,1.77,3.87,3.14,2.66,3.45,3.83,5.42,4.31,2.74,5.53,5.38,5.28,4.77,4.23,3.09,6.63,5.24,4.42,5.18,4.94,6,4.7,5.11,4.12,4.24
198905,1.6,3.33,1.9,2.48,4.45,4.17,3.65,3.95,3.17,3.35,5.27,4.97,3.58,4.12,3.97,5.15,2.96,3.21,4.78,6.03,4.4,4.33,5.49,4.24,3.95
198906,-3.23,-1.85,-2.05,1.38,0.37,-4.56,-2.41,-0.8,-0.94,-1.81,-2.97,-0.79,-1.86,0.33,2.42,-2.39,-1.73,0.31,1.72,3.14,0.05,-0.94,-1.76,0.28,1.01
198907,0.88,3.84,2.26,2.79,0.49,5.76,5.54,3.24,3.36,3.83,5,4.97,3.74,4.85,4,7.62,8.8,5.83,5.27,6.41,10.74,9.85,6.99,7.79,7.43
198908,1.18,-0.33,0.92,1.67,1.31,3.92,2.87,3.28,3.61,2.22,2.91,2.84,4.96,3.43,2.16,4.23,3.95,3.26,3.65,2.12,0.64,3.32,4.03,1.87,2.34
198909,1.01,-0.02,-0.68,1.54,0.33,2.02,-0.19,0.76,0.46,-1.08,1.38,-1.15,-0.77,-0.53,-1.23,0.39,-2.59,-3.38,-0.95,0.21,1.1,-1.43,-0.34,0.46,-0.31
198910,-3.53,-6.06,-4.66,-4.32,-5.38,-4.86,-7.41,-5.03,-6.27,-7.24,-4.47,-6.25,-6,-5.19,-4.92,-2.78,-3.28,-8.24,-2.9,-4.63,-1.16,-4.07,-5.15,-3.99,-0.71
198911,-2.45,-1.42,-0.58,-1.21,-3.69,0.22,1.75,0.27,1.18,-1.46,2.16,1.02,-0.02,0.57,1.83,1.65,2.69,0.07,0.01,0.17,1.45,2.08,1.83,0.4,0.84
198912,-2.84,-1.15,-1.85,-1.24,-2.23,0.81,-0.62,1.12,0.38,-0.42,-0.03,0.32,-1.36,1.36,-1.04,2.57,2.2,1.04,1.19,4.09,0.86,1.15,3.34,2.59,1.47
199001,-5.16,-5.58,-2.88,-4.05,-2.98,-9.32,-9.42,-6.69,-8.71,-8.67,-10,-9.76,-7.66,-7.53,-8.1,-6.9,-6.05,-7.86,-8.96,-10.49,-7.21,-6.73,-6.99,-7.97,-6.83
199002,1.55,1.12,1.76,2.62,2.04,3.57,3.98,2.6,4.11,2.18,3.63,4.53,1.66,1.67,2.92,1.51,1.5,1.65,1.22,4.14,0.3,1.38,2.74,1.67,1.2
199003,3.45,3.58,2.75,3.85,1.89,4.9,4.33,5.39,3.37,2.24,5.36,2.01,3.2,1.77,0.41,3.88,3.97,2.19,1.93,-0.12,3.53,4.02,0.66,-0.31,0.41
199004,-0.26,-1.67,-1.17,-1.72,-2.68,-3.69,-4.05,-2.02,-3.09,-6.94,-2.96,-1.92,-3.51,-5.51,-5.85,-3.31,-4.33,-6.42,-5.88,-6.23,-1.2,-2.25,-4.66,-4.65,-4.8
199005,6.31,4.8,3.62,4.72,1.15,9.95,7.71,5.17,4.57,3.33,8.28,7.96,7.38,4.51,6.21,11.55,8.59,9.79,7.06,7.95,11.62,11,8.34,6.78,7.95
199006,2.15,2.9,2.5,0.11,-0.16,0.03,0.86,-0.27,-0.26,-1.2,2,1.59,-0.89,-1.63,0.5,-0.26,-1.78,-1.67,-1.94,0.3,2.22,-2.07,-2.93,-3.24,-0.29
199007,-2.87,-4.61,-3.38,-1.83,-2.13,-5.13,-4.01,-4.57,-2.46,-4.11,-4.51,-1.71,-3.6,-4.57,-5.2,-1.71,-1.72,-3.57,-2.06,-2.29,-2.01,-1.63,-0.29,-0.72,-2.72
199008,-15.37,-13.39,-10.25,-9.99,-9.83,-15.04,-13.74,-12.92,-10.46,-11.59,-14.18,-14.14,-12.1,-8.61,-10.87,-10.08,-12.02,-11.06,-9.04,-9.92,-8.92,-10.15,-7.9,-10.23,-9.31
199009,-9.26,-7.88,-6.37,-7.51,-6.41,-11.19,-9.49,-9.31,-7.64,-7.99,-10.63,-7.94,-8.3,-8.65,-9.56,-5.56,-7.88,-9.73,-6.83,-7.26,-6.21,-5.2,-6.14,-6.77,-6.74
199010,-7.11,-5.9,-6.07,-5.4,-6.68,-6.53,-4.93,-5.31,-4.42,-8.59,-5.62,-5.3,-5.81,-4.04,-8.12,-0.98,-2.82,-7.29,-2.72,-2.64,-0.59,-2.24,-2.19,-1.48,-0.66
199011,1.37,3.09,3.93,0.64,0.05,13.17,6.1,7.85,7.77,5.05,12.45,9.24,8.64,8.49,10.3,9.36,9.7,11.68,10.31,8.16,8.97,10.49,9.38,8.69,6.7
199012,-2.15,-1.88,-1.97,-0.02,-2.91,3.35,5.32,4.39,4.11,3.29,5.87,5.17,4.17,3.85,3.61,4.72,4.58,4.75,4.03,4.04,3.8,4.3,3.7,3.2,3.29
199101,8.26,8.45,10.73,10.54,12.69,11.99,7.04,8.56,7.42,9.69,9.82,10.37,7.82,8.41,4.69,7.77,5.4,9.86,4.11,6.52,6.68,7.18,4.39,7.11,4.37
199102,17.89,13.84,14,13.15,13.87,12.63,11.08,12.66,9.81,17.03,10.31,11.51,9.31,9.54,12.11,9.65,9.73,10.41,9.56,6.76,7.61,6.76,6.12,7.5,7.77
199103,10.37,12.78,8.66,8.87,9.75,8.25,5.66,5.94,6.08,6.39,6.76,3.3,1.97,4.91,6.15,4.74,3.35,2.79,4.32,3.55,3.79,2.3,1.09,1.47,3.03
199104,6.44,4.99,6.32,2.09,3.91,-1.28,0.21,0.95,2.14,0.94,-1.54,-0.49,2.71,2.73,0.72,-0.78,0.19,4.04,2.26,-0.8,1.02,0.4,0.78,1.18,0.97
199105,2.27,3.17,3.75,1.5,3.11,4.1,2.73,5.46,3.17,2.68,2.24,6.07,4.94,5.11,-1.63,6.04,2.85,6.8,3.73,5.26,4.27,4.64,4.08,4.38,4.86
199106,-4.93,-2.59,-1.62,-3.03,-2.83,-4.56,-4.97,-3.34,-2.87,-4.93,-4.11,-5.17,-3.61,-1.62,-5.95,-4.9,-4.6,-5.95,-3.14,-2.95,-4.8,-6.8,-4.53,-5.06,-4.8
199107,2.54,4.65,1.88,2.96,3.68,4.31,3.26,3.5,2.91,2.43,6.22,3.99,3.57,2.86,6.85,6.08,3.92,2.47,4.57,5.69,5.46,3.84,4.88,5.78,1.26
199108,3.28,2.17,4.36,2.78,3.5,3.9,3.07,3.55,3.11,2.95,5.35,4.06,2.42,4.04,6.35,1.68,2.36,2.66,3.42,3.06,3.78,1.26,2.96,2.24,4.38
199109,2.62,4.86,0.82,0.41,-0.03,1.01,0.21,2.21,1.28,-2.49,-0.16,-0.77,-0.44,0.83,-2.35,-0.19,-1.74,-1.07,0,-1.16,-1.81,-2.29,-0.27,0.34,-2.7
199110,5.27,2.79,1.64,2.45,2.03,2.26,1.67,2.22,0.93,0.86,1.81,1.65,1.34,3.04,4.7,2,0.45,1.93,2.95,2.89,1.22,0.78,1.65,3.57,5.2
199111,-0.02,-0.87,-2.27,-2.28,-1.37,-4.74,-4.33,-1.76,-5.37,-6.59,-3.85,-4.22,-4.15,-4.82,-6.12,-2.6,-4.99,-3.94,-2.65,-5.09,-2.15,-6.46,-5.66,-3.04,-8.2
199112,1.35,0.66,2.62,0.69,1.43,9.89,6.77,5.18,5.86,7.83,13.28,10.2,7.7,9.03,11.71,12.07,9.21,8.78,8.61,10.96,13.82,10.89,8.82,8.86,13.22
199201,24.13,22.66,13.33,21.16,25.99,11.43,5.54,6.45,8.09,12,3.2,5.52,6.14,6.94,9.33,0.2,3.2,1.83,0.82,6.41,-1.67,0.14,-1.45,-0.58,6.66
199202,5.13,9.04,5.62,5.36,10.04,0.37,2.53,1.93,4.53,6.14,0.97,2.18,3.37,3.86,7.34,-0.53,3.15,2.74,2.42,4.3,1.03,0.5,2.18,3.48,8.03
199203,-2.41,-2.25,0.42,1.38,1.68,-8.2,-1.87,-1.63,-0.23,-1.03,-5.29,-2.08,-0.28,0.55,-1.39,-4.87,-0.66,-2.95,-0.61,-2.21,-3.21,-1.88,-0.55,-1.6,-0.17
199204,-8.38,-5.53,-6.88,-3.51,-2.68,-6.71,-2.95,-2.8,-2.63,-0.9,-4.43,-1.38,-1.32,0.2,2.2,-2.28,0.83,1.42,3.36,3.28,-0.4,4.16,4.69,2.19,6.92
199205,-1.84,0.36,1.22,-0.55,1.95,-0.81,0.56,0.82,1.03,4.06,0.88,-0.56,2.28,0.41,2.68,0.3,1.49,1.81,1.06,-0.3,1.18,0.62,0.57,0.72,-0.12
199206,-8.98,-5.32,-5.15,-4.03,-3.56,-6.34,-5.96,-2.71,-2.73,-1.83,-5.14,-3.42,-2.33,-1.18,-1.39,-1.93,-4.13,-1.85,0.23,-1.1,-1.82,-2.06,-1.8,-0.81,2.42
199207,0.05,0.54,0.45,1.91,2.43,2.75,4.13,3.17,4.69,3.19,5.02,4.38,3.7,5.05,4.03,4.86,3.85,3.4,4.68,2.13,3.95,4.25,4.45,4.41,1.79
199208,-4.14,-2.56,-2.45,-2.19,-2.5,-4.04,-3.12,-0.39,-0.09,-4.3,-4.59,-2.08,-2.51,-1.55,-2.86,-1.54,-2.34,-2.27,-1.65,-4.34,-0.51,-2.58,-1.74,-3.35,-6.34
199209,0.11,2.96,1,1.14,0.87,2.12,1.63,3.83,2.05,1.77,2.4,2.28,1.82,0.6,1.69,-0.33,3.6,1.43,1.26,0.69,2.39,2.89,1.82,0.96,2.14
199210,0.99,2.35,1.54,1.58,1.8,4.82,4.51,2.46,1.05,2.39,6.59,3.31,1.75,2.28,1.49,5.74,0.79,1.25,1.62,4.77,2.82,2.45,-1.15,0.91,1.14
199211,8.56,8.41,7.55,8.2,8.09,10.46,9.01,6.52,5.44,6.04,10.57,6.98,6.5,5.42,4.74,6.94,4.75,4,2.66,4.86,4.38,4.18,2.72,2.79,7.52
199212,2.63,4.62,3.02,4.5,6.08,0.58,2.48,3.13,6.03,5.68,2.71,5.63,1.96,4.18,4.11,1.52,2.33,4.43,3.41,4.34,-0.66,1.79,2.98,2.59,3.2
199301,7.67,9.73,9.02,7.43,10.07,0.01,3.2,4.3,4.99,8.36,-0.09,3.48,4.82,3.27,4.11,1,1.14,2.52,2.34,4.73,-1.12,0.54,1.01,3.17,7.56
199302,-4.83,-4.24,0.61,1.36,0.72,-8.17,-3.67,0.09,2.25,2.84,-8.35,-0.27,1.21,0.98,3.23,-5.1,1.36,1.75,3.32,2.75,-3.22,1.09,4.14,4.45,3.73
199303,1.16,2.33,1.92,2.4,4.38,0.36,2.11,3.87,1.42,3.39,3.46,2.52,2.95,3.02,5.75,1.68,4.74,4.03,3.31,2.08,1.92,3.04,3.56,1.76,2.39
199304,-2.73,-3.87,-0.42,-2.07,0.76,-3.49,-3.68,-1.74,-2.07,-4.47,-5.37,-3.42,-2.78,-1.53,-1.53,-4.29,-2.34,-1.58,-2.5,-1.97,-5.54,-2.22,-0.02,-1.13,-0.22
199305,4.79,5.68,3.49,3.82,5.15,7.3,4.17,3.71,1.65,3.63,8.07,5.56,3.06,1.92,2.62,7,3.99,1.34,1.15,2.95,3.1,3.21,1.41,0.92,0.05
199306,1.71,1.1,3.99,1.42,2.43,-0.59,0.06,0.34,-0.38,0.21,-0.74,0.16,0.7,2.19,1.55,0.02,0.61,2.07,1.84,3.17,-2.8,-0.5,1.98,2.25,4.16
199307,-1.04,-0.18,1.22,0.93,3.39,-0.14,0.51,1.18,3.22,2.3,-0.31,0.33,1.03,2.31,-0.21,-2.54,1.14,1.11,2.43,0.25,-1.54,-0.78,1.1,2.23,0.99
199308,5.02,5.25,3.05,3.49,2.35,3.64,5.84,4.84,5.4,3.47,4.33,4.74,3.75,2.86,3.1,5.92,3.91,4.56,3.43,5.01,3.49,3.56,3.79,3.95,4.6
199309,2.27,3.3,5.04,2.81,3.95,3.43,3.11,1.9,2.48,2.38,3.97,0.82,1.53,1.57,0.73,0.92,1.95,0.06,-0.39,-1,0.17,-1.27,-0.47,0.99,-2.68
199310,4.86,4.65,6.62,6.2,5.37,4.1,3.56,0.87,1.36,1.45,2.74,-0.5,0.88,0.19,4.27,3.17,0.37,-0.25,-0.88,-0.6,3.49,1.21,-0.56,-1.17,1.62
199311,-3.79,-2.56,-1.68,-1.55,-0.86,-2.93,-2.74,-2.4,-4.04,-3.61,-2.72,-2.22,-2.72,-3.02,-0.4,-1.74,-2.98,-2.72,-2.76,-4.66,0.45,-0.43,-2.75,-3.05,0.12
199312,-1.01,-0.11,0.41,1.01,0.2,1.83,4.2,4.5,1.57,3.76,3.69,6.3,5.58,3.74,3.04,4.38,5.39,3.99,2.55,3.65,0.82,2.52,2.36,1.91,1.52
199401,4.7,6.44,6.17,5.53,8.76,2.14,2.91,2.33,3.12,5.11,1.94,1.81,1.68,2.25,7,3.38,2.96,3.96,2.21,2.44,1.58,3.51,4.36,2.6,4.81
199402,-2.93,0.53,0.22,1.17,1.23,-0.51,0.26,0.39,-1.99,-1.28,-0.76,1.8,0.92,-1.68,-1.71,-0.76,-0.36,-1.54,-2.69,-4.19,-1.87,-0.92,-2.65,-4.24,-4.59
199403,-7.07,-3.53,-4.02,-3.13,-2.42,-7.06,-5.41,-5.13,-3.42,-6.04,-5.64,-4.68,-3.98,-3.75,-5.12,-6.02,-5.18,-3.95,-2.68,-2.02,-3.44,-4.02,-3.59,-4.31,-4.82
199404,-5.05,-2.52,-2.47,-0.92,-0.09,-2.24,-0.05,1.11,1.22,2.33,-2.32,2.03,0.68,1.06,1.36,-0.68,1.19,1.49,1.93,2.21,0.15,-0.22,2.9,1.28,0.85
199405,-2.12,-0.64,1.91,-0.17,0.82,-1.04,-1.48,-0.95,0.47,1.38,-1.33,-1.28,0.54,-1.37,-0.18,-0.72,1.27,0.3,-1.99,-2.33,1.29,2.56,1.46,-0.3,1.25
199406,-6.03,-3.96,-3.55,-2.63,-1.72,-5.57,-2.59,-0.25,-1.23,-1.31,-4.72,-2.09,0.14,-1.34,-1.6,-4.81,-2.59,-1.08,-1.65,-3.72,-3.22,-2.59,-1.41,-2.16,-3.31
199407,0.26,-0.76,0.97,1.35,1.47,2.5,1.3,2.42,1.43,3.44,3.06,2.32,1.01,2.85,4.91,2.79,2.28,4.06,4.49,5.59,2.97,2.28,2.84,4.46,3.39
199408,1.93,3.68,2.18,3.61,3.53,9.42,5.48,3.57,4.64,4.82,10.42,4.43,4.63,4.75,3.12,8.89,5.49,2.74,2.59,4.6,6.41,4.85,3.11,3.86,2.84
199409,1.23,1.56,2.34,1.84,2.43,0.21,0.64,0.29,0,-1.68,0.51,-1.51,-1.7,-1.2,-2.28,-0.43,-2.52,-2.59,-3.45,-2.35,-0.89,-3.94,-3.61,-3.73,-3.29
199410,-1.82,1.61,0,1.16,0.55,0.91,0.34,-0.73,-1.38,-4.06,2.08,0.25,-0.35,-1.41,-2.13,1.62,0.17,-0.47,-0.37,-0.78,2.43,1.29,2.57,1.51,2.3
199411,-5.21,-4.23,-4.56,-2.42,-3.72,-2.77,-4.26,-3.98,-3.16,-5.87,-5.5,-4.04,-3.44,-4.83,-3.33,-4.04,-4.14,-4.8,-4.3,-4.16,-2.85,-4.72,-5.55,-3.89,-2.1
199412,-6.13,-3.18,-2.37,-0.77,-1.6,0.33,1.4,2.99,2.52,0.88,1.82,1.8,2.98,4.49,4.36,1.79,0.81,0.87,0.77,2.09,0.99,0.55,1.31,1.13,0.7
199501,5.08,5.88,5.45,4.61,4.39,-1.03,-0.85,-0.3,-0.08,0.38,-1.55,-1.37,-1.94,0.72,1.28,0.68,1.92,0.11,4.04,3.47,2.07,1.69,3.85,3.89,5.4
199502,1.72,2.64,1.67,1.86,4.1,4.03,2.67,3.41,5.26,4.98,5.71,4.29,5.12,4.58,4.62,4.17,5.92,4.93,4.11,4.42,3.7,6.19,5.76,4.59,3
199503,1.14,1.26,0.48,1.58,1.59,3.45,2.85,2.19,1.96,2.37,3.12,2.46,1.42,0.34,1,2.51,4.05,3.59,2.38,-0.41,3.52,4.5,2.66,1.95,-0.28
199504,0.97,2.91,1.76,3.24,4.65,0.74,3.17,3.43,1.28,3.94,0.5,1.22,3.35,3.06,2.13,-0.17,2.15,2.65,1.86,2.88,1.25,0.83,2.33,2.6,4.05
199505,1.16,1.59,1.46,1.69,3.1,1.08,2.48,1.43,3.12,2.77,2.13,-0.3,1.52,2.83,2.44,2.64,1.05,2.91,4.17,3.64,2.82,3.91,4.26,4.63,6.71
199506,8.19,7.89,6.26,4.34,4.05,8.86,3.86,3.84,4.05,3.63,5.29,2.5,4.25,1.96,2.16,6.56,2.77,4.82,1.31,3.15,3.36,2.86,0.71,2.27,0.72
199507,6.12,6.07,5.84,5.01,5.52,8.54,6.3,4.54,4.42,4.67,8.39,4.6,4.91,4.76,3.86,8.35,6.58,4.52,3.84,1.57,4.09,3.22,3.95,3.92,1.58
199508,5.21,4.49,4.98,4.46,4.36,0.93,1.5,2.17,4,3.43,1.01,1.46,2.43,3.55,3.69,-0.13,1.12,2.53,2.07,3.06,1.23,1.44,1.29,1.67,2.82
199509,3.62,2.84,2.81,2.27,3.91,1.87,1.8,1.23,1.61,0.9,2.77,0.64,2.01,1.39,1.29,3.49,1.91,1.26,1.94,3.35,3.33,2.85,2.11,4.13,5.64
199510,-6.47,-6.93,-4.56,-3.2,-3.04,-7.75,-6.8,-5.19,-4.59,-5.88,-3.32,-3.63,-3.72,-3.76,-1.73,-1.66,-4.89,-1.98,-1.34,-0.93,-0.42,-0.8,-2.44,-2.32,-0.76
199511,-0.83,0.58,-0.44,0.76,0.08,4.7,4.28,4.73,4.39,4.46,6.03,2.63,3.65,4.48,6.51,4.78,3.69,4.65,5.6,3.83,5.08,4.82,6.19,5.43,3.19
199512,-1.04,1.58,0.56,1.25,0.21,1.5,2.83,3,3.38,2.68,0.41,1.47,3.05,1.22,2.72,-2.31,-0.3,0.41,1.58,1.23,-0.9,2.5,0.79,1.68,3.37
199601,4.46,5.82,3.2,3.24,4.85,-1.31,-0.86,0.15,0.64,2.21,-1.54,1.17,-1.57,2.58,0.21,0.56,2.59,2.48,1.01,1.81,3.4,3.26,3.3,2.8,3.51
199602,4.21,3.76,4.49,2.69,4.61,5.99,3.72,1.68,1.86,0.64,7.44,1.95,4.07,2.58,1.69,5.09,1.36,2.33,1.22,-2.28,2.3,2.5,2.53,0.36,-0.03
199603,4,3.3,3.27,3.03,3,1.83,1.86,3.46,2.28,3.82,2.16,2.21,2.35,3.73,1.39,1.93,0.87,1.92,2.41,1.08,-0.29,2.7,2.51,3.35,-0.73
199604,6.18,9.26,8.14,5.36,5.92,11.55,6.36,4.04,4.36,2.89,6.7,4.09,1.83,2.45,0.56,6.47,5.45,4.13,0.82,-1.44,3.1,2.84,1.45,1.17,-2.06
199605,10,8.34,10.55,7.89,8.33,6.33,4.33,4.22,5.23,2.92,3.41,2.68,2.89,0.6,1.88,2.4,1.03,0.76,1.38,-0.02,2.09,2.22,0.9,1.59,1.91
199606,-6.21,-3.23,-3.79,-2.12,-1.46,-8.02,-4.63,-2.02,-0.66,-1.94,-7.7,-2.81,0.15,-0.12,-0.51,-5.06,-2.56,-1.49,0.29,2.32,-1.4,0.23,-0.55,-0.87,2.64
199607,-14.21,-10.11,-7.13,-5.42,-6.03,-16.02,-9.56,-6.81,-5.38,-5.87,-12.25,-6.78,-5.56,-6.76,-4.34,-8.42,-5.71,-4.6,-4.72,-5.56,-6.7,-5.17,-4.13,-3.13,-6.98
199608,3.57,4.36,4.55,3.78,3.41,7.78,5.99,3.66,4.49,5.45,9.12,6.38,6.6,5.94,4.65,5.82,5.51,5.67,5.59,3.71,3.23,2.53,4.15,3.16,2.55
199609,0.89,2.1,2.81,2.83,1.92,5.63,2.39,2.55,4.09,3.45,8.3,3.72,3.9,1.23,1.51,6.06,4.59,3.45,3.67,2.49,8.36,5.29,4.41,2.46,2.27
199610,-7.58,-2.61,-1.1,-0.46,-0.62,-5.87,-2.35,0.68,1.44,0.42,-6.64,-2.44,0.54,0.32,0.33,-3.91,1.86,2.16,1.86,3.09,-0.75,1.16,3.78,3.9,3.51
199611,-1.55,-0.28,2.94,3.44,2.75,2.03,2.82,5.66,2.93,4.62,2.47,6,7.66,3.26,4.61,4.74,5.81,7.48,5.98,6.41,7.54,8.09,8.27,6.54,4.67
199612,-4.86,-1.19,-0.04,0.99,-0.44,0.94,0.33,3.05,3.72,1.7,-0.27,0.83,2.21,0.87,1.57,-0.91,-0.66,0.15,0.6,2.27,-2.78,-2.24,-2.82,-1.08,-0.49
199701,11.33,10.13,9.51,8.27,6.39,3.69,3.68,2.26,0.75,2.52,1.49,3.25,1.38,3.62,3.57,1.6,4.62,3.78,1.89,2.37,5.59,4.82,4.74,3.89,2.08
199702,-4.96,-4.04,-0.35,0.15,1.96,-7.7,-2.87,0.24,1.63,-0.24,-6.42,-0.16,1.36,2.49,0.77,-3.62,1.62,0.97,1.48,1.9,-0.5,0.02,1.02,2.04,2.34
199703,-9.53,-7.29,-3.67,-2.07,-2,-9.25,-6.55,-2.53,-2.39,-1.82,-8.22,-3.77,-4.08,-1.92,-2.12,-8.46,-4.01,-3.53,-2.87,-4.04,-5.31,-3.21,-2.27,-3.22,-4.44
199704,-5.34,-4.6,-3.24,-1.72,-2.43,-4.76,-2.22,0.67,1.05,0.06,-2.05,3.02,3.42,1.84,2.06,1.71,1.46,3.09,1.94,0.91,3.89,3.19,4.88,3.09,0.28
199705,7.18,10.58,8.67,7.07,6.33,18.29,13.73,10.3,9.73,8.43,19.93,11.51,8.18,6.96,7.48,12.74,7.52,6.42,6.95,7.46,9.5,7.58,5.12,6.35,5.51
199706,2.07,4.11,5.71,5.3,5.36,0.97,4.28,6.02,5.93,6.99,4.24,4.08,4.93,4.7,6.12,1.91,4.61,4.71,3.93,2.55,3.32,3.58,3.97,3.51,3.81
199707,1.93,4.11,6.15,5.99,4.92,4.13,5.88,4.19,5.65,4.35,4.98,6.61,6.37,5.98,5.96,6.45,8.3,7.19,5.92,5.74,9.61,9.37,8.39,9.32,6.49
199708,5.64,4.62,4.25,4.31,4.52,3.69,2.74,3.46,2.77,3.11,2.62,3.78,1.23,0.19,1,-0.22,1.04,-0.14,-1.05,0.28,-4.83,-2.94,-2.85,-3.02,-2.56
199709,10.41,9.56,9,8.66,9.67,8.28,7.79,8.12,8.29,6.48,7.43,8.19,7.31,8.15,5.28,5.61,5.36,6.82,5.1,4.54,4.33,5.35,5.62,7.58,5.9
199710,-3.69,-1.26,-1.73,-0.68,1.88,-6.48,-3.75,-3.03,-2.68,-2.97,-6.15,-4.08,-3.74,-2.24,-2.37,-7.13,-4.62,-2.5,-4.49,-3.42,-3.15,-5.16,-3.64,-0.42,-1.44
199711,-6.1,-3.59,-3.22,-1.69,-1.3,-3.55,-1.75,-0.46,-0.09,-0.32,-3.1,-2.23,1.74,2.16,1.7,1.27,0.87,2.67,1.94,3.95,3.34,4.29,2.83,2.88,5.33
199712,-10.85,-6.89,-3.97,-1.88,-2.8,-1.69,-2.13,2.83,1.4,3.12,0.17,-0.11,2.81,3.47,4.15,-1.37,2.51,2.92,5.3,2.23,0.78,3.15,3.45,3.62,6.3
199801,3.87,2.46,1.61,0.97,2.67,0.52,-1.68,-1.3,-3.02,-1.02,0.5,-2.58,-1.04,-3.48,0.93,-0.97,0.01,-1.78,-0.27,0.42,1.08,-1.07,-2.58,-0.68,-1.85
199802,4.12,5.16,6.09,6.2,5.78,9.7,9.05,9.43,7.19,6.66,9.03,10.02,8.25,8.26,7.69,10.25,7.61,7.82,5.43,5.22,9.39,7.37,8.79,7.42,5.31
199803,4.6,7.36,4.4,4.51,5.9,3.9,6.14,2.74,4.46,4.64,3.87,2.56,5.72,4.53,5.85,3.65,5.19,5.02,4.17,8.13,4.34,4.48,4.66,5.34,7.19
199804,2.95,3.59,5.2,3.45,3.71,-0.23,2.13,0.52,2.96,1.88,0.53,0.39,0.64,0.72,-0.02,0.7,0.16,0.35,0.25,-0.07,1.87,0.86,0.77,1.34,-1.84
199805,-5.74,-6.12,-3.6,-2.83,-2.1,-9.3,-5.83,-5.22,-2.71,-3.37,-7.86,-7.73,-4.87,-4.12,-2.4,-5.88,-2.94,-3.97,-1.89,-3.27,-3.48,-2.92,-2.72,-0.29,-0.9
199806,-5.16,-4.09,-3.68,-3.71,-3.47,-0.31,-2.32,-0.89,-1.64,0.6,0.07,-3.28,-1.65,0.25,0.15,-0.2,-1.4,-0.6,-0.71,0.63,4.69,0.63,0.55,1.15,1.44
199807,-6.56,-6.86,-5.72,-5.71,-3.49,-7.53,-8.69,-8.35,-8.54,-7.2,-7.77,-8.18,-7.68,-8.47,-7.32,-6.11,-5.23,-6.32,-4.75,-4.85,-1.92,-2.38,-5.01,-3.92,-3.78
199808,-25.96,-22.32,-19.65,-18.38,-18.12,-24.95,-20.36,-18.02,-18.71,-15.82,-23.87,-20.44,-18.83,-16.88,-15.31,-20.97,-20.32,-19.01,-13.46,-9.59,-15.54,-17.1,-19.15,-11.39,-6.06
199809,3.98,3.74,3.09,2.11,-0.71,12.17,8.2,5.93,5.34,4.99,12.76,6.02,6.65,5.18,3.92,6.81,6.3,6.69,4.48,6.84,9.15,3.36,3.17,6.64,8.32
199810,3.3,3.45,1.55,1.93,0.29,7.46,7,3.05,3.97,2.57,4.41,8.8,6.94,5.1,4.74,10.55,11.28,7.11,4.94,3.72,9.51,11.78,9.94,6.18,3.77
199811,14.11,9.43,7.22,7.69,8.26,9.46,6.73,4.11,5.29,2.83,7.43,6.76,3.64,2.53,2.7,8.18,2.58,4.9,4.58,2.91,8.04,4.51,6.16,4.54,4.24
199812,0.16,0.46,0.6,2.04,1.04,6.23,4.38,2.35,3.78,4.92,10.41,5.78,3.27,4.34,2.58,9.75,3.53,2.09,3.79,2.11,9.05,3.54,0.85,1.7,2.51
199901,15.62,9.47,9.27,7.49,11.92,4.97,0.74,-0.96,-1.64,-0.77,1.52,2.35,-1.04,-2.86,-3.03,1.05,-3.51,-2.55,-3.04,-3.4,4.19,0.45,0.82,-2.03,-1.36
199902,-5.7,-6.14,-3.45,-3.77,-3.09,-9.79,-9.11,-6.59,-8.05,-8.08,-8.82,-8.47,-6.5,-7.38,-5.92,-5.52,-2.82,-2.56,-3.54,-2.69,-2.98,-1.1,0.33,-2.47,-2.39
199903,-4.13,-3.26,-3.28,-3.55,-2.79,-1.19,0.5,0.48,0.18,-3.73,2.12,3.46,2.27,-1.65,-0.48,2.36,1.72,2.96,0.43,0.47,3.53,2.17,6.95,4.06,0.94
199904,6.33,6.92,10.77,8.58,9.85,7.69,11.63,9.4,10.39,10.58,7.47,10.43,11.08,11.56,8.27,7.64,11.2,12.31,11.3,11.03,3.31,8.88,10.42,8.08,6.85
199905,3.42,3.61,5.19,4.5,6.09,4.05,3.28,3.1,4,5.11,5.38,2.93,2.42,1.6,6.39,4.66,0.82,2.78,1.32,2.68,-1.89,-0.84,-1.41,3.33,4.29
199906,3.84,4.17,4.37,2.51,4.55,4.09,7.2,4.39,5.17,6.06,4.64,4.24,3,2.8,3.89,7.09,4.99,2.81,3.34,2.46,5.26,3.23,2.57,-0.12,-2.7
199907,1.82,3.38,2.55,3.32,2.99,-1.63,-1.4,-0.99,-2.52,-3.5,-2.65,-2.11,-2.78,-0.78,0.09,-2.32,-2.62,-0.31,-0.31,-1.65,-3.62,-3.29,-2.83,-3.96,-4.38
199908,-4.63,-2.91,-2.57,-2.05,-3.88,-4.65,-4.9,-2.96,-4.24,-3.47,-1.89,-6.18,-4.55,-3.3,0.25,-2.83,-5.17,-4.42,-1.68,-4.41,-1.46,-4.63,-2.47,-0.71,-2.28
199909,0.38,-1.94,-0.5,-2.74,-4.41,-0.23,1.92,-1.09,-3.77,-1.28,2.03,1.65,-1.6,-3.91,-2.06,2.41,-3.78,-3.69,-4.66,-2.16,-2.62,-3.76,-7.83,-6.11,-6.03
199910,-1.21,-2.38,-1.65,-1.27,-1.67,2.42,-0.33,0.28,-3.09,-6.41,2.76,-1.04,-1.27,-0.44,-2.21,7.32,0.95,2.06,3,2.6,6.81,6.98,5.8,0.42,4.29
199911,25.55,11.78,12.83,6.79,9.1,12.24,6.14,6.53,1.79,2.35,13.03,4.63,-0.15,-0.11,0.43,10.88,-0.36,-0.58,0.12,0.48,5.92,-0.55,-2.52,-4.72,-4.87
199912,19.41,13.51,7.18,7.08,5.69,12.77,7.26,5.07,1.15,6.55,13.54,5.2,1.54,2.52,4.16,14.19,2.8,2.85,4.75,3.34,7.2,2.09,2.3,-0.63,-1.05
200001,17.77,12.77,7.34,7.67,12.45,1.98,-4.42,-2.55,-0.76,-2.77,-6.08,-4.41,-4.99,-4.28,-5.49,-3.24,-4.69,-4.96,-4.16,-6.19,-3.91,-7.21,-3.78,-4.58,-4.08
200002,31.04,19.35,15.77,13.5,16.51,20.18,10.65,3.51,3.72,3.68,14.02,3.9,1.85,-2.78,-2.47,15.31,-5.01,-2.73,-1.04,-7.1,1.27,-6.58,-9.69,-10.32,-10.73
200003,-5.17,-3.87,-1.15,0.23,-1.26,-7.44,2.49,2.79,1.36,4.06,-2.61,7.22,8.08,7.48,11.37,7.41,17.68,17,15.96,12.5,9.35,11.67,13.18,12.03,12.37
200004,-23.16,-13.3,-8.38,-6.97,-8.4,-13.34,-5.54,-1.91,-1.24,-2.52,-6.66,0.91,1.34,4.13,0.98,-5.83,-2.11,1.04,1.79,1.13,-3.76,-0.63,1.51,7.28,6.57
200005,-13.89,-9.01,-6.23,-4.26,-6.7,-9.63,-4.84,-3.69,-1.8,-3.66,-3.59,-1.87,-1.49,1.73,2.56,-3.43,1.78,-0.88,2.97,-2.42,-0.95,2.1,2.49,2.83,7.11
200006,15.12,13.02,9.23,8.19,6.53,11.78,7.16,4.91,0.85,0.62,10.09,1.68,0.87,-2.22,-0.35,7.35,0.15,-4.43,-2.04,-6.22,3.92,-7.55,-5.29,-8.14,-6.16
200007,-8.29,-3.2,-0.03,0.82,0.51,-7.09,-0.55,1.05,1.68,1.43,-10.33,0.15,3.25,3.19,7.61,-7.71,-0.54,2.49,3.41,3.13,-4.34,2.51,4.67,6.86,4.39
200008,7,5.74,4.78,4.23,4.23,8.67,4.22,5.06,6.42,6.77,9.57,9.97,6.57,8.78,4.36,13.49,6.23,4.7,7.58,6.33,11.2,8.02,10.39,7.4,5.26
200009,-10.64,-3.6,-2.57,-1.28,-2.14,-7.09,-4.11,-0.34,0.22,-3.97,-12.26,-2.81,1.31,0.93,-1.17,-9.22,-0.49,-2.98,0.88,-0.06,-4.35,0.27,3.3,6.22,1.02
200010,-12.85,-7.43,-4.81,-6.29,-6.41,-10.3,-3.42,-1.19,0.12,-1.41,-11.67,-1.98,-0.49,-0.75,4.86,-6.75,1.67,2.43,-0.9,0.25,-4.04,1.86,1.79,0.7,4.86
200011,-24.64,-14.51,-7.7,-6.61,-8.07,-21.1,-8.55,-4.02,-3.12,-6.37,-22.44,-8.69,-4.38,-0.85,0.73,-19.61,-1.4,-0.5,0.75,-1.78,-16.67,-4.65,-3.21,0.82,-0.86
200012,-15.92,-9.15,-2.45,-1.78,-2.8,-4.98,5.9,10.86,10.17,11.3,-1.5,12.81,13.53,15.2,5.45,2.59,10.36,11.59,12.55,13.87,0.95,9.08,11.41,7.94,5.27
200101,56.97,36.91,24.12,19.45,23.62,37.33,19.48,9.9,9.25,9.8,34.29,8.07,3.85,-0.3,11.71,18.52,2.86,3.8,1.16,1.54,11.59,4.34,0.81,-3.02,-1.09
200102,-13.15,-9.1,-3.19,-1.4,-0.44,-17.89,-5.42,-2.87,-0.37,1.55,-21.99,-7.03,0.53,1.37,0.97,-17.94,-2.32,-1.41,2.62,-0.56,-16.77,-2.65,0.63,3.98,5.03
200103,-13.66,-5.56,-2.88,-2.39,-3.3,-11.97,-3.5,-2.25,-3.08,-0.87,-15.37,-5.84,-2.88,-2.93,0.97,-14.71,-3.96,-3.24,-2.48,-2.72,-13.27,-3.69,-1.06,-4.13,-2.6
200104,11.53,5.96,4.59,2.52,2.64,10.42,7.88,6.76,3.66,7.07,14.41,10.55,6.52,4.04,6.35,18.33,8.17,7.19,9.05,6.37,16.16,7.49,4.27,5.21,2.66
200105,11.42,9.91,7.12,10.13,9.83,4.3,3.67,4.42,4.76,5.47,5.46,0.68,2.16,2.69,2.59,3.98,4.85,1.84,1.6,2.38,-0.16,1.83,3.17,3.97,6.22
200106,-1.22,0.5,3.64,1.83,0.97,2.79,9.34,6,6.75,3.47,4.56,-0.5,3.51,1.57,-1.38,3.28,-0.66,-2.62,-4.43,0.02,-2.32,-3.17,-1.96,-2.16,-1.82
200107,-8.02,-6.06,-1.52,-0.04,-0.5,-10.46,-7.88,-5.69,-2.87,-4.08,-9.37,-4.62,-2.64,0.29,0.5,-5.18,-1.54,1.87,0.54,2.68,-3.05,0.03,-2.02,-4.45,-0.34
200108,-7.89,-4.47,-3.77,-1.23,-2.23,-10.64,-6.38,-1.05,-2.06,-0.72,-7.95,-3.26,-3.42,-1.09,-0.84,-8.58,-3.97,-3.6,-1.23,-6.98,-7.17,-3.89,-3.5,-2.73,-7.11
200109,-17.49,-14.58,-11.08,-9.21,-11.79,-19.89,-15.75,-13.33,-14.43,-17.44,-17.54,-15.46,-12.68,-12.94,-18.56,-17.16,-13.28,-11.64,-13.84,-14.54,-12.92,-10.98,-10.4,-4.26,-12.65
200110,13.33,9.98,8.74,6.19,5.16,16.47,11,6.82,5.34,3.06,17.45,10.83,5.58,5.48,12.03,16.23,3.47,2.8,3.27,1.76,7.76,1.3,0.8,1.1,-4.07
200111,6.9,8.95,7.24,5.75,6.54,13.84,8.81,8.44,10.93,13.42,13.24,8.83,7.41,9.67,12.59,12.48,9.49,8.25,10.82,7.46,10.6,9.6,5.62,5.59,12.02
200112,11.46,7.2,6.88,5.15,5.88,8.62,6.61,7.4,7.82,11.9,6.35,6.73,6.74,6.45,5.97,4.54,3.98,7.71,5.18,0.2,1.51,3.49,4.26,2.73,2.24
200201,-1.89,1.81,3.83,5.82,7.51,-6.91,-3.62,0.16,0.84,1.05,-5.09,-1.85,-1.88,1.08,3.09,-4.53,-2.25,1.19,1.77,-3.78,-0.53,-0.34,-2.81,0.01,-2.44
200202,-9.83,-6.16,-4.33,-1.91,-2.59,-11.36,-4.54,-1.88,-0.33,-0.81,-9.11,-2.34,-0.56,-0.54,1.77,-5.99,1,1.64,-0.71,-1.9,-5.64,0.81,0.7,-4.16,-4.12
200203,5.53,10.56,6.78,7.67,8.75,9.74,8.59,9.74,10.12,11.52,9.46,7.49,7.37,9.3,9.23,7.81,9.79,6.24,6.15,8.4,7.5,5.3,7.01,7.28,5.71
200204,-8.88,-3.34,1.1,4.5,3.85,-6.11,0.05,2.64,3.69,2.46,-7.9,-0.86,0.59,-0.17,-0.88,-5.64,-0.28,-0.59,-3.69,-2.49,-6.61,-2.84,-3.3,-2.96,-10.27
200205,-8.85,-4.28,-1.09,0.96,1.82,-9.74,-5.29,-4.41,-5.05,-6.87,-7.68,-5.19,-4.32,-3.64,-4.01,-4.95,-0.92,-1.19,-1.06,-0.24,-1.66,0.14,-2.74,-1.1,-2.67
200206,-12.09,-11.52,-5.16,-3.66,-5.03,-10.8,-7.41,-4.07,-2.18,-5.53,-9.37,-7.98,-7.6,-5.38,-6.48,-12.47,-8.41,-7.84,-7.47,-6.63,-10.65,-6.04,-7.79,-7.43,-15.51
200207,-15.27,-15.42,-11.32,-9.08,-10.44,-15.69,-16.56,-14.15,-15.02,-20.62,-7.94,-9.72,-11.64,-14.82,-16.48,-9.86,-9.03,-9.74,-13.29,-14.71,-7.4,-9.29,-9.69,-10.06,-11.74
200208,-0.26,-0.23,0.73,1.07,-0.7,0.56,0.09,-0.12,0.99,1.03,-0.41,0.09,2.5,1.54,5.73,-0.78,0.49,0.08,1.97,5.36,-0.76,1.06,0.67,4.16,4.21
200209,-11.59,-10.17,-8.18,-5.54,-8.71,-8.93,-8.37,-6.04,-8.44,-8.55,-8.23,-9.49,-9.29,-6.79,-9.88,-9.13,-9.83,-10.63,-13.57,-17.37,-9.24,-11.06,-9.64,-8.61,-10.58
200210,8.14,6.93,3.7,2.01,3.54,10.57,4.92,3.97,1.36,-1.98,8.1,5.54,5.49,4.02,1.46,9.19,6.13,5.48,0.67,1,8.76,6.45,6.13,4.57,2.33
200211,18.54,17.62,14.54,10.66,12.45,20.15,12.36,9.02,7.92,9.7,11.21,10.23,7.67,8.27,10.44,11.9,9.63,11.67,11.65,13.76,6.96,5.62,6.38,5.27,8.38
200212,-10.71,-6.35,-4.32,-3.13,-3.09,-9.63,-7.27,-3.15,-2.77,-2.59,-7.45,-4.27,-3.82,-2.52,-6.29,-7.19,-5.61,-4.13,-2.33,-1.92,-5.87,-4.72,-5.56,-0.08,-1.51
200301,2.69,1.64,-0.18,1.83,2.7,-3.86,-4.69,-1.52,-3.92,-3.26,-2.11,-3.35,-3.72,-4.73,-3.48,-1.99,-3.49,-0.51,-1.64,-6.64,-1.9,-2.74,-1.1,-2.13,-3.54
200302,-5.17,-2.34,-2.03,-2.02,-1.25,-3.14,-2.13,-2.15,-3.53,-6.41,-4.15,-1.45,-3.58,-4.21,-4.18,-2.1,-2.56,-1.19,-1.72,-7.55,-0.46,-2.12,-4.87,-3.36,-4.62
200303,2.85,-0.22,0.62,1.55,0.38,4.35,0.13,0.24,1.78,0.13,2.68,0.24,-0.25,2.08,-0.63,1.32,0.73,-0.54,2.53,-2.68,1.41,-0.44,1.52,0.66,2.04
200304,13.77,11.62,9.56,7.34,8.86,11.83,11.27,9.84,10.64,10.54,9.96,9.95,10.03,13.71,12.72,10.55,9.4,8.63,12.77,15.56,8.14,8.82,8.8,5.82,9.39
200305,26.36,17.48,15.61,10.95,14.18,13.03,14.75,10.6,9.47,13.37,9.86,9.9,9.79,10.78,10.85,11.41,10.89,9.67,9.1,9.39,7.88,8.3,8.41,8.56,7.57
200306,9.48,6.76,5.99,5.52,7.54,2.13,0.14,2.31,2.9,4.99,3.32,2.48,0.48,0.61,3.5,1.73,0.46,0.29,-1.35,7.6,0.26,1.25,0.09,1.58,-0.3
200307,8.67,9.2,8.61,8.25,9.58,9.16,5.3,6.96,7.01,7.42,8.22,5,1.63,4.17,1.68,4.75,3.09,4.52,4.91,0.7,2.29,3.61,1.31,-0.15,0.65
200308,4.24,5.2,4.63,4.57,7.14,3.91,4.09,4.74,4.59,5.41,4.51,3.89,4.73,7.52,8.51,5.21,4.08,4.21,5.69,5.85,3.82,3.66,2.61,2.42,2.32
200309,6.57,2.27,1.91,4.6,7.34,-1.83,-2.23,-1.61,-3.5,-0.51,-2.57,-2.88,-1.76,-1.66,-0.34,-1.77,-2.02,-0.25,-0.68,0.59,-2.19,-2.21,-1.08,-0.14,-1
200310,6.42,7.44,7.7,9.22,11.48,9.91,7.29,7.88,9.63,10.13,8.82,7.55,6.74,7.92,11.36,8.32,8.3,6.88,8.38,7.98,6.12,9.02,7,5.74,3.48
200311,1.97,3.68,4.17,4.42,6.29,2.23,4.26,2.56,3.75,4.13,3.13,4.12,2.63,3.92,2.73,1.7,3.27,4.45,3.62,3.2,2.03,2.43,1.41,0.83,3.04
200312,1.61,2.54,3.41,3.28,6.09,2.48,2.66,2.65,2.62,6.32,-0.45,2.64,4.23,3.88,8.12,0.48,3.79,3.3,4.12,4.91,3.43,4.13,5.73,5.68,6.96
200401,10.88,7.44,6.65,7.73,11.52,4.07,2.9,4.72,4.39,5.92,3.08,2.65,1.14,4.12,5.81,2.36,1.81,3.36,3.57,3.56,1.23,1.58,1.95,2.91,2.27
200402,-0.35,0.02,0.9,2.07,0.57,0.53,1.71,0.58,0.01,1.38,0.22,2.43,3.81,2.74,0.22,2.8,1.68,3.75,2.92,1.8,2.02,1.78,2.18,2.34,4.07
200403,-1.77,0.16,0.23,0.37,1.31,1.74,0.67,-0.17,1.34,2.87,1.57,0.95,0.45,1.12,0.1,-0.23,-0.01,0.36,-0.41,-2.01,-0.94,-1.73,-0.84,0.7,-1.23
200404,-3.38,-4.28,-2.14,-3.82,-2.11,-4.16,-4.13,-2.25,-4.37,-6.63,-2.32,-2.51,-3.08,-3.99,-5.07,-2.92,-3.32,-2.81,-3.17,-4.38,0.19,-1.88,-3.72,-3.2,-0.11
200405,-3.35,-0.73,-0.41,-0.46,-0.32,1.41,1.19,0.53,1.6,2.18,1.23,3.07,1.9,0.91,1.04,1.82,1.89,1.93,1.88,2.81,1.71,2.27,1.61,0.5,1.14
200406,-0.19,3.02,2.17,1.83,2.76,3.64,5.38,5.55,4.62,8.58,2.44,4.25,3.05,2.26,4.68,0.91,2.66,2.1,2.5,4.69,1.18,2.99,2.18,2.84,2.99
200407,-12.07,-6.99,-5.38,-4.71,-3.15,-9.95,-7.25,-4.37,-5.98,-3.08,-8.97,-6.23,-3.57,-2.21,-4.06,-7.26,-4.75,-5.17,-5.85,-0.6,-5.56,-3.28,-1.92,-2.41,-1.27
200408,-2.4,-1.55,-0.36,-1.02,-2.3,-4.59,-1.42,0.87,0.09,0.71,-2.29,-1.33,0.58,0.09,-1.06,-1.6,-1,0.26,-0.47,0.85,-1,0.95,1.04,1.09,0.91
200409,4.41,3.71,5.24,3.75,3.16,8.03,5.11,5.83,4.59,3.93,4.76,3.46,4.4,3.57,2.53,2.81,3.22,4.52,3.59,2.82,2.75,3.17,2.86,2.77,3.39
200410,1.77,2.41,2.49,1.19,1.48,3.78,3.32,0.75,1.2,3.25,2.49,4.9,1.13,0.23,1.47,4.26,2.88,2.92,0.74,-0.17,2.01,1.81,2.84,0.62,3.77
200411,10.92,10.28,7.31,7.23,11.44,8.28,9.02,9.4,10.32,11.65,6.4,6.84,7.77,8.42,9.87,5.23,6.61,7.54,10.06,7.08,3.27,6.03,4.84,7.59,5.52
200412,9.33,7.21,5.6,5.87,7.39,4.78,3.64,2.65,2.93,3.66,5.83,3.97,1.42,2.15,4.11,4.75,4.62,4.33,2.99,3.36,4.21,3.77,1.52,4.58,2.68
200501,-5.86,-3.66,-2.43,-2.52,-1.67,-6.53,-3.35,-3.69,-3.16,-3.15,-4.38,-3.94,-3.68,-1.06,-2.87,-3.19,-4.21,-1.67,-3.04,-1.46,-3.11,-3.03,-1.31,-1.16,-0.06
200502,-0.91,0.35,0.39,1.1,1.68,2.46,0.8,2.55,4.25,2.2,0.4,1.65,2.84,3.33,2.62,1.73,1.94,2.86,4.63,3.15,1.17,2.36,3.02,2.32,4.87
200503,-6.84,-2.08,-2.85,-2.44,-1.13,-4.89,-2.32,-1.92,-0.31,-1.89,-2.35,-2.2,-2.12,-3.6,0.35,-1.99,0.29,-0.01,-2.25,-0.48,-1.54,-1.57,-0.65,-0.77,0.65
200504,-7.42,-5.7,-5.38,-5.97,-6.09,-7.48,-6.81,-5.98,-6.26,-5.63,-5.24,-4.36,-6.01,-5.76,-4.65,-4.09,-4.26,-4.78,-3.86,-2.46,-2.28,-2.17,-2.78,-0.88,-2.19
200505,6.6,5.17,3.76,2.49,3.47,9.93,7.2,7.25,5.94,5.95,6.72,6.44,5.22,5.26,9.17,6.11,5.43,7.61,5.83,4.97,4.61,3.62,2.3,3.45,3.13
200506,2.59,3.4,4.05,3.54,4.35,2.59,4.48,4.24,3.85,4.22,2.44,2.28,3.46,3.56,3.5,0.78,2.07,3.96,2.86,3.11,-0.39,1.22,1.49,3.92,3.57
200507,8.25,6.92,7.75,5.93,6.92,6.84,6.58,7.57,6.5,6.99,4.58,5.47,7.11,5.63,3.8,6.28,5.11,5.24,7.07,4.31,4.68,4.66,4.62,2.86,5.27
200508,-2.82,-0.35,-0.43,-0.12,-0.57,-1.77,-1.87,-1.66,-1.74,-1.74,-2.61,-0.38,-1.07,-1.79,-0.43,-1.47,-0.14,-1.13,-0.76,-0.17,-1.68,-1.73,-0.14,-0.49,0.56
200509,0.97,0.98,0.47,0.96,0.8,0.16,1.11,-0.24,0.44,0.26,-0.97,0.57,1.31,-0.19,0.21,0.2,0.64,-0.82,3.62,1.54,0.23,-0.01,1.79,1.59,3.56
200510,-5.12,-2.88,-2.77,-2.24,-3.31,-3.72,-1.77,-3.19,-2.11,-3.4,-3.37,-3.94,-1.43,-3.29,-3.93,-1.11,-2.21,-2.96,-3.97,-3.97,-1.08,-1.26,-1.45,-1.85,-5.12
200511,2.87,3.77,3.12,3.06,3.12,6.1,2.84,4.97,6.02,2.9,7.52,5.36,5.33,3.75,0.63,5.04,5.12,4.49,4.35,2.08,4.02,4.25,3.68,3.5,2.18
200512,1.32,0.5,0.1,1.31,1.61,0.29,-0.94,0.39,0.4,-1.36,0.28,0.88,0.31,0.28,0.28,0.35,1.47,0.71,0.86,1.78,-0.01,0.51,1.58,0.62,1.19
200601,11.12,10.13,8.19,6.95,7.58,7.51,7.88,9.64,9.05,8.1,5.87,7.5,9.63,5.34,4.76,4.46,4.3,4.19,3.67,4.41,3.04,1.44,3.77,2.95,6.94
200602,1.07,1.39,0.37,0.13,1.4,0.26,-0.2,-0.12,-0.82,-0.98,0.45,-0.83,0.23,-1.97,-1.57,1.08,0.39,0.84,-2.28,1.18,-0.16,1.59,-0.24,1.79,-2.37
200603,4.43,5.18,4.27,4.86,5.85,3.49,4.49,5.77,5.13,3.39,4.48,4.09,3.54,2.03,1.68,3.61,2.26,2.6,1.11,1.69,1.1,1.8,2.54,0.61,0.96
200604,-1.39,0.95,0.34,1.05,2.17,-1.16,0.84,1.71,0.25,2.09,-1.31,0.24,0.54,2.1,1.29,0.24,-0.01,0.68,3.77,1.95,0.56,1.44,1.41,2.5,2.24
200605,-8.87,-5.21,-3.68,-3.6,-3.63,-6.73,-5.62,-3.17,-4.17,-2.43,-5.54,-5.05,-4.26,-2.62,-1.41,-5.35,-2.71,-2.85,-3.51,-1.81,-3.57,-3.6,-3.08,-0.76,-0.38
200606,-1.87,-1.75,-0.82,-0.17,0.06,-0.62,0.52,-0.19,0.02,-0.19,-1.81,-0.7,-0.97,0.37,0.1,-1.3,-1.63,-0.01,-1.11,1.09,0.23,-0.96,-0.01,0.86,3.34
200607,-5.61,-3.73,-3.17,-2.3,-2.55,-5.1,-4.58,-2.69,-3.18,-2.12,-6.01,-3.82,-3.57,-1.62,-1.57,-4.89,-3.57,-2.45,-4.18,-0.15,-2.13,0.54,-0.9,1.32,0.17
200608,3.23,1.55,2.07,1.6,1.45,4.23,2.83,2.68,4.93,0.64,3.02,1.76,1.94,3.18,1.67,1.53,2.68,0.79,3.84,2.19,3.99,2.26,2.73,-0.28,1.37
200609,-1.32,0.63,0.52,0.91,1.78,0.87,2.55,0.89,2.02,0.77,2.84,-0.01,2.08,0.63,0.41,2.94,2.64,1.31,0.53,0.56,2.83,2.14,3.09,1.07,3.05
200610,6.61,6.23,5.64,3.83,4.15,6.31,5.76,4.83,3.89,5.28,6.02,5.35,2.82,4.66,5.78,3.93,4.43,3.69,3.8,3.15,2.61,3.02,3.99,3.47,5.14
200611,2.06,3.34,1.89,2.17,2.49,1.73,2.98,3.06,3.3,2.72,4.35,3.79,3.43,4.33,4.02,3.78,4.32,3.45,1.88,4.62,1.45,2.28,1.83,3.64,-0.05
200612,0.58,1.48,2,2.46,3.2,-2.51,0.13,0.27,0.84,1.19,-0.94,0.17,0.54,1.11,0.33,-0.95,0.53,0.18,1.47,1.62,-0.34,1.38,1.38,1.59,1.69
200701,3.4,1.4,0.98,1.14,4.06,2.24,1.85,0.55,0.61,2.79,3.75,1.9,2.27,3.53,1.18,4.49,3.89,1.75,4.22,1.87,2.11,3.18,2.5,1.81,2.39
200702,0.49,-0.22,-0.4,0.34,1.71,-0.21,0.1,-1.05,-0.92,0.31,0.26,1.14,0.61,-0.95,0.56,-0.49,0.61,0.52,0.94,0.73,-1.07,0.51,-1.7,0.52,-1.33
200703,0.4,-0.87,0.79,-0.27,-0.55,0.9,1.78,-0.92,1.39,-1.74,2.82,2.04,2.08,1.03,0.79,0.53,1.28,0.2,1.31,3.03,0.37,0.89,0.72,2.03,1.85
200704,3.91,1.42,0.33,0.91,1.83,1.47,2.71,1.49,0.69,2.05,2.84,3.9,4.47,3.18,1.73,3.89,4.27,3.59,5.71,3.14,5.1,3.88,3.41,3.31,4.42
200705,0.23,2.74,1.85,1.6,0.88,3.71,4.46,3.66,2.39,2.48,6.37,5.34,6.37,4.2,4.03,4.29,3.97,3.65,4.96,2.85,2.9,4.04,3.59,3.64,3.49
200706,-0.37,0.1,-0.69,-0.19,0.64,-1.73,-0.64,-2.19,-1.82,-3.55,-0.92,-0.4,-0.41,-1.77,-3.09,-1.55,-1.45,-3.5,-1.85,-2.46,-1.72,-0.7,-1.8,-2.17,-1.44
200707,-5.09,-5.38,-5.32,-4.94,-4.51,-4.71,-5.35,-5.89,-7.68,-9.53,-3.18,-3.1,-6.28,-6.36,-6.46,-2.09,-5.07,-5.54,-6.03,-6.45,-1.37,-3.47,-2.1,-5.62,-4.54
200708,-1.83,-1.95,-0.26,-2.3,-3.68,2.7,2.63,3.06,3.13,-1.82,-0.09,2.32,0.77,0.22,-3.78,1.4,0,-1.06,-1.93,-1.57,1,1.56,2.13,-0.88,-1.24
200709,2.26,2.56,0.91,0.4,-0.43,2.88,0.98,0.5,-0.15,-0.38,3.23,2.19,2.03,1.73,0.62,3.25,1.14,2.67,0.88,1.55,4.85,2.75,3.15,3.6,4.14
200710,3.21,0.51,-0.25,-1.69,-0.73,3.09,3.94,-0.08,1.77,1.47,4.06,1.29,3.66,1.76,2.97,2.4,2.87,0.58,2.41,-2.47,1.99,3.68,1.84,0.88,1.88
200711,-10.34,-9.62,-9.28,-8.07,-10,-6.97,-7.85,-6.96,-6.78,-9.61,-6.49,-5.57,-6.64,-5.92,-5.62,-4.02,-4.62,-8.79,-7.31,-4.72,-3.65,-2.85,-4.68,-5.7,-4.91
200712,-2.42,-0.1,-1.68,-1.99,-3.15,1.38,0.22,-0.04,-0.34,0.01,-1.93,-2.34,-1.18,-2.26,0,-1.3,-0.47,-3.15,0.17,-2.76,-1.25,-0.98,-0.28,-0.87,-2.07
200801,-7.22,-6.5,-4.21,-4.55,-2.22,-8.44,-6.81,-6.36,-1.87,-1.86,-5.41,-5.11,-5.6,-2.85,-4.57,-5.6,-5.85,-2.93,-2.39,-4.1,-7.51,-4.08,-3.94,-2.76,-4.24
200802,-3.91,-2.88,-3.15,-2.02,-2.33,-4.22,-0.65,-1.9,-2.26,-6.19,-4.55,-2.59,-1.39,-2.51,-4.21,-1.73,-1.92,-3.1,-3.89,-6.93,-1.5,-3.69,-3.59,-5.01,-2.76
200803,-4.41,-2.71,-1.85,-2.3,-3.09,-0.86,1.35,1.59,0.88,1.74,-4.23,0.74,-0.74,-1.9,-1.25,-0.99,-1.99,-3.79,-3.46,-2.75,-1.02,-0.99,-2.63,-7.01,-0.52
200804,1.59,2.41,0.54,0.06,0.01,3.34,3.24,3.59,1.77,1.03,6.61,5.58,9.07,7.9,9.08,6.11,5.64,5.73,4.87,3.32,5.67,5.03,5.93,3.9,7.18
200805,4.83,2.54,3.19,1.99,2.06,7.03,5.3,6.46,3.65,0.88,3.99,3.99,6.01,4.05,6.41,4.67,5.07,2.59,3.42,3.19,3.11,2.55,0.38,2.58,1.28
200806,-7.84,-9.39,-9.8,-8.94,-9.41,-9.9,-8.54,-9.4,-11.59,-13.58,-10.17,-10.48,-9.28,-10.52,-9.49,-8.69,-10.21,-12.7,-9.57,-15.92,-8.25,-9.31,-12.52,-11.14,-9.75
200807,1.6,0.95,2.85,2.52,-1.57,2.28,4.87,2.93,4.27,7.52,0.14,0.74,0.88,-1.05,5.85,0.04,-1.73,-6.53,-3.64,-1.97,-1.71,-2.1,-3.59,-1.38,3.16
200808,-0.35,1.11,2.29,1.56,3.91,4.21,4.92,4.55,5.74,9.13,2.81,3.4,4.35,2.6,5.32,0.46,2.13,2.14,3.57,-0.02,0.78,0.39,-1.61,-0.02,2.75
200809,-15.3,-11.6,-10.95,-8.07,-10.86,-9.15,-8.88,-5.92,-6.93,-6.28,-14.53,-11.67,-7.83,-8.45,-6.76,-12.8,-14,-14.84,-12.11,-9.37,-12.99,-12.69,-12.7,-10.88,-7.65
200810,-23.95,-20.46,-18.87,-17.08,-21.88,-24.55,-21.82,-20.9,-24.67,-22.79,-23.79,-20.24,-19.98,-20.68,-22.43,-21.59,-22.94,-25.99,-22.9,-18.9,-19.47,-18.56,-20.27,-23.94,-16.19
200811,-14.79,-15.68,-15.81,-14.67,-17.42,-11.87,-11.97,-12.58,-14.09,-17.58,-11.78,-13.77,-11.16,-11.06,-5.34,-10.14,-10.4,-9.87,-13.01,-16.58,-10.6,-5.82,-8.71,-9.26,-11.69
200812,3.55,3.78,4.64,0.18,-1.86,5.21,4.37,11.14,8.64,6.46,7.62,5.33,5.18,-0.41,10.59,5.16,6.07,4.13,3.48,6.4,2.51,4.22,3.47,0.87,6.53
200901,2.39,2.75,-2.66,-6.08,-2.71,-7.36,-5.93,-9.5,-12.79,-16.77,-8.01,-7.75,-8.01,-6.13,-15.85,-2.65,-5.74,-7.22,-7.28,-13.78,-4.29,-6.07,-8.21,-11.11,-10.71
200902,-10.44,-11.91,-11.84,-9.39,-13.49,-9.48,-11.43,-13.1,-15.82,-22.96,-7.73,-12.63,-11.57,-14.78,-14.42,-6.18,-10.54,-12.77,-14.21,-21.08,-7.82,-11.72,-14.06,-15.54,-11.8
200903,14.23,17.48,11.85,12.51,12.21,12.43,12.02,11.66,8.5,20.53,11.48,10.97,11.93,9.66,13.02,10.15,9.89,8.69,10.45,14.81,10.52,7.46,13.32,13.27,9.07
200904,21.72,20.44,18.28,18.32,25.15,20.98,24.29,25.85,22.1,32.71,20.21,26.8,20.89,24.2,27.36,15.41,20.32,26.97,19.67,34.96,15.59,16.83,16.62,19.68,30.77
200905,9.4,16.35,10.91,8.63,12.31,6.51,7.27,5.31,5.62,8.71,8.1,3.68,7.11,3.97,3.44,5.44,4.73,6.86,9.82,11.17,6.71,9.3,7.58,9.28,1.45
200906,9.87,6.5,5.41,2.62,3.6,6.51,2.02,1.27,-3.75,1.09,3.18,0.39,-0.96,-0.64,0.83,1.99,0.39,-2.37,-1.94,0.43,-0.72,-0.91,-0.19,-2.18,3.78
200907,8.54,6.96,8.46,7.18,9.51,6.5,7.8,11.16,11.32,14.42,7.1,8.68,10.76,13,16.42,7.16,7.99,8.75,13.17,9.56,6.86,9.45,7.77,9.18,8.88
200908,6.06,3.7,6.93,5.62,12.72,0.44,0.66,2.88,3.44,10.06,0.57,1.03,4.12,5.6,11.46,2.16,3.52,3.82,4.42,18.18,2.03,3.83,3.05,5.55,9.73
200909,7.69,9.08,5.12,6.03,8.59,9.03,6.11,7.44,5.29,9.5,6.52,4.38,6.06,7.76,8.86,6.88,6.42,5.49,5.67,8.67,4.25,4.62,4.61,4.14,4
200910,-9.31,-8,-6.16,-6.39,-6.64,-6.84,-5.15,-7.02,-8.05,-11.35,-4.85,-4.64,-4.95,-5.47,-10.12,-3.26,-4.63,-4.14,-5.92,-6.62,-1.78,-2.63,-1.56,-3.7,-7.52
200911,-0.77,-0.02,1.52,0.95,-0.07,2.82,0.86,2.23,2.53,4.77,3.11,3.51,1.04,6.19,6.64,4.35,4.45,4.33,3.92,5.83,6.52,6.55,3.59,6.91,5.49
200912,6.06,7.61,6.6,7.03,5.44,9.5,8.64,8.69,8.26,9.58,7.12,7.14,7.24,7.42,8.43,5.6,6.14,7.01,7.54,5.11,2.7,3.68,3.58,3.92,3.58
201001,-2.72,-2.84,-1.17,0.01,5.42,-2.79,-3.01,-1.54,-1.31,-3.24,-3.51,-2.96,-3.46,-4.02,-1.39,-3.39,-4.35,-4.07,-2.55,-0.07,-2.93,-4.87,-2.02,-4,-1.4
201002,3.13,3.56,3.2,3.88,3.37,1.86,2.73,4.15,5.73,5.24,4.16,3.95,3.71,7.1,8.6,4.86,5.62,5.82,3.42,5.05,2.85,5.09,3.21,3.02,4.25
201003,5.68,6.99,7.76,7.49,9.87,7.81,7.99,8.06,8.19,10.91,9.24,6.81,8.71,9.03,7.48,7.93,6.91,7.6,5.59,10.49,5.8,5.59,4.71,6.61,9.84
201004,8.44,6.34,7.72,8.38,14.81,3.58,4.89,5.36,6.61,8.17,2.89,5.82,4.44,5.69,8.52,4.12,3.2,3.22,7.08,5.26,1.4,1.3,2.8,2.84,1.97
201005,-9.64,-6.85,-7.66,-7.42,-10.06,-5.35,-6.9,-7.61,-8.43,-10.15,-6.67,-6.18,-7,-8.95,-10.24,-5.74,-7.43,-7.61,-7.27,-9.49,-6.9,-7.39,-8.02,-8.29,-8.73
201006,-7.77,-8.2,-6.52,-6.89,-10.58,-5.69,-5.1,-8.13,-8.76,-12.42,-5.43,-6.26,-6.68,-8.83,-11.18,-4.07,-6.48,-7.23,-7.46,-9.45,-4.24,-6.51,-3.98,-5.33,-11.47
201007,5.54,4.91,5.83,4.63,4.1,6.8,8.43,5.29,7.11,7.05,6.6,6.44,6.42,7.98,8.94,6.88,5.88,9.03,8.89,6.62,7.02,6.51,9.58,6.98,7.42
201008,-7.37,-7.05,-7.65,-7.3,-7.09,-5.11,-9.16,-7.45,-7.28,-9.02,-4.66,-6.24,-7.83,-6.84,-6.55,-4.56,-4.38,-6.94,-2.96,-4.73,-3.78,-4.87,-3.75,-3.95,-6.75
201009,12.01,10.17,12.41,9.79,7.39,14.42,15.63,12.9,11.17,10.76,13.52,14.46,12.28,11.38,11.19,12.37,10.86,11.85,7.64,9.3,11.01,10.41,8.53,9.35,7.98
201010,5.69,5.69,6.86,4.19,3.45,4.74,4.32,3.23,2.75,3.28,4.4,3.89,3.6,3.06,4,2.27,4.19,4.21,3.04,0.32,4.63,4.35,3.64,3.8,2.4
201011,0.47,2.28,3.83,2.28,0.86,3.14,4.67,2.3,2.88,3.99,4.16,5.52,3.1,2.45,1.85,3.51,2.68,2.66,2.3,-0.55,1,1.93,-0.51,0.46,-3.19
201012,11.28,6.7,10,7.28,8.36,7.35,8.3,8.92,9.02,10.63,6.28,8.3,8.09,8.65,8.73,5.99,7.06,9.34,7.37,9.14,4.81,6.61,6.09,7.38,11.81
201101,-0.38,0.59,0.69,2.93,4.99,-0.11,-0.05,0.91,0.78,0.66,1.62,0.59,2.18,2,-0.12,1.91,2.86,2.64,1.78,1.87,1.13,3.15,3.4,2.05,2.6
201102,1.43,4.56,3.32,4.77,4.01,4.64,6.53,6.27,5.43,5.21,4.93,5.17,5.29,5.95,3.31,4.58,3.8,3.66,4.21,3.29,3.24,3.46,3.39,4,4.39
201103,1.92,1.23,0.22,0.4,-0.72,2.03,3.1,3.1,0.78,2.53,4.84,2.39,3.71,1.19,2.1,1.84,2.81,2.36,2.81,-0.02,0.53,0.65,1.1,0.81,-1.08
201104,1.03,0.52,0.08,1.07,-0.28,4.01,2.45,1.14,1.37,0.14,4.11,3.44,3.11,3.24,1.56,3.69,2.16,2.53,3.09,2.58,4.1,2.7,3.95,2.8,2.26
