 ,FEDFUNDS,TB3MS,TB6MS,GS1,GS3,GS5,GS7,GS10
1969-07-01,8.61,7,7.24,7.6,7.31,7.01,6.8,6.72
1969-08-01,9.19,6.98,7.19,7.54,7.29,7.03,6.79,6.69
1969-09-01,9.15,7.09,7.32,7.82,7.77,7.57,7.36,7.16
1969-10-01,9,7,7.29,7.64,7.57,7.51,7.24,7.1
1969-11-01,8.85,7.24,7.62,7.89,7.65,7.53,7.17,7.14
1969-12-01,8.97,7.82,7.9,8.17,8.1,7.96,7.51,7.65
1970-01-01,8.98,7.87,7.78,8.1,8.24,8.17,7.73,7.79
1970-02-01,8.98,7.13,7.22,7.59,7.79,7.82,7.51,7.24
1970-03-01,7.76,6.63,6.58,6.97,7.15,7.21,7.13,7.07
1970-04-01,8.1,6.51,6.6,7.06,7.39,7.5,7.45,7.39
1970-05-01,7.94,6.84,7.02,7.75,7.94,7.97,7.93,7.91
1970-06-01,7.6,6.68,6.86,7.55,7.84,7.85,7.84,7.84
1970-07-01,7.21,6.45,6.51,7.1,7.56,7.59,7.61,7.46
1970-08-01,6.61,6.41,6.55,6.98,7.46,7.57,7.59,7.53
1970-09-01,6.29,6.12,6.46,6.73,7.11,7.29,7.4,7.39
1970-10-01,6.2,5.91,6.21,6.43,6.96,7.12,7.32,7.33
1970-11-01,5.6,5.28,5.42,5.51,6.25,6.47,6.76,6.84
1970-12-01,4.9,4.87,4.89,5,5.75,5.95,6.23,6.39
1971-01-01,4.14,4.44,4.47,4.57,5.61,5.89,6.16,6.24
1971-02-01,3.72,3.7,3.78,3.89,5.07,5.56,5.94,6.11
1971-03-01,3.71,3.38,3.5,3.69,4.5,5,5.42,5.7
1971-04-01,4.15,3.86,4.03,4.3,5.22,5.65,5.87,5.83
1971-05-01,4.63,4.14,4.36,5.04,5.97,6.28,6.42,6.39
1971-06-01,4.91,4.75,4.97,5.64,6.32,6.53,6.65,6.52
1971-07-01,5.31,5.4,5.63,6.04,6.74,6.85,6.92,6.73
1971-08-01,5.56,4.94,5.22,5.8,6.35,6.55,6.67,6.58
1971-09-01,5.55,4.69,4.97,5.41,5.89,6.14,6.2,6.14
1971-10-01,5.2,4.46,4.6,4.91,5.56,5.93,5.98,5.93
1971-11-01,4.91,4.22,4.38,4.67,5.35,5.78,5.94,5.81
1971-12-01,4.14,4.01,4.23,4.6,5.27,5.69,5.97,5.93
1972-01-01,3.5,3.38,3.66,4.28,5.14,5.59,5.91,5.95
1972-02-01,3.29,3.2,3.63,4.27,5.25,5.69,5.99,6.08
1972-03-01,3.83,3.73,4.12,4.67,5.56,5.87,6.05,6.07
1972-04-01,4.17,3.71,4.23,4.96,5.88,6.17,6.22,6.19
1972-05-01,4.27,3.69,4.12,4.64,5.55,5.85,6.07,6.13
1972-06-01,4.46,3.91,4.35,4.93,5.64,5.91,6.06,6.11
1972-07-01,4.55,3.98,4.5,4.96,5.78,5.97,6.09,6.11
1972-08-01,4.8,4.02,4.55,4.98,5.79,6.02,6.19,6.21
1972-09-01,4.87,4.66,5.13,5.52,6.06,6.25,6.43,6.55
1972-10-01,5.04,4.74,5.13,5.52,6.05,6.18,6.35,6.48
1972-11-01,5.06,4.78,5.09,5.27,5.94,6.12,6.18,6.28
1972-12-01,5.33,5.07,5.3,5.52,6.01,6.16,6.2,6.36
1973-01-01,5.94,5.41,5.62,5.89,6.27,6.34,6.36,6.46
1973-02-01,6.58,5.6,5.83,6.19,6.58,6.6,6.6,6.64
1973-03-01,7.09,6.09,6.51,6.85,6.86,6.8,6.76,6.71
1973-04-01,7.12,6.26,6.52,6.85,6.78,6.67,6.67,6.67
1973-05-01,7.84,6.36,6.62,6.89,6.83,6.8,6.83,6.85
1973-06-01,8.49,7.19,7.23,7.31,6.84,6.69,6.81,6.9
1973-07-01,10.4,8.01,8.12,8.39,7.54,7.33,7.23,7.13
1973-08-01,10.5,8.67,8.65,8.82,7.89,7.63,7.52,7.4
1973-09-01,10.78,8.29,8.45,8.31,7.25,7.05,7.08,7.09
1973-10-01,10.01,7.22,7.32,7.4,6.81,6.77,6.78,6.79
1973-11-01,10.03,7.83,7.96,7.57,7,6.92,6.89,6.73
1973-12-01,9.95,7.45,7.56,7.27,6.81,6.8,6.77,6.74
1974-01-01,9.65,7.77,7.65,7.42,6.96,6.95,6.88,6.99
1974-02-01,8.97,7.12,6.96,6.88,6.76,6.82,6.92,6.96
1974-03-01,9.35,7.96,7.83,7.76,7.35,7.31,7.34,7.21
1974-04-01,10.51,8.33,8.32,8.62,8.05,7.92,7.77,7.51
1974-05-01,11.31,8.23,8.4,8.78,8.27,8.18,7.93,7.58
1974-06-01,11.93,7.9,8.12,8.67,8.15,8.1,7.9,7.54
1974-07-01,12.92,7.55,7.94,8.8,8.41,8.38,8.19,7.81
1974-08-01,12.01,8.96,9.11,9.36,8.66,8.63,8.41,8.04
1974-09-01,11.34,8.06,8.53,8.87,8.41,8.37,8.25,8.04
1974-10-01,10.06,7.46,7.74,8.05,8,7.97,7.92,7.9
1974-11-01,9.45,7.47,7.52,7.66,7.61,7.68,7.68,7.68
1974-12-01,8.53,7.15,7.11,7.31,7.24,7.31,7.38,7.43
1975-01-01,7.13,6.26,6.36,6.83,7.23,7.41,7.45,7.5
1975-02-01,6.24,5.5,5.62,5.98,6.65,7.11,7.3,7.39
1975-03-01,5.54,5.49,5.62,6.11,6.81,7.3,7.58,7.73
1975-04-01,5.49,5.61,6,6.9,7.76,7.99,8.1,8.23
1975-05-01,5.22,5.23,5.59,6.39,7.39,7.72,7.9,8.06
1975-06-01,5.55,5.34,5.61,6.29,7.17,7.51,7.69,7.86
1975-07-01,6.1,6.13,6.5,7.11,7.72,7.92,7.99,8.06
1975-08-01,6.14,6.44,6.94,7.7,8.16,8.33,8.37,8.4
1975-09-01,6.24,6.42,6.92,7.75,8.29,8.37,8.39,8.43
1975-10-01,5.82,5.96,6.25,6.95,7.81,7.97,8.06,8.14
1975-11-01,5.22,5.48,5.8,6.49,7.46,7.8,7.98,8.05
1975-12-01,5.2,5.44,5.85,6.6,7.43,7.76,7.93,8
1976-01-01,4.87,4.87,5.14,5.81,6.99,7.46,7.67,7.74
1976-02-01,4.77,4.88,5.2,5.91,7.06,7.45,7.72,7.79
1976-03-01,4.84,5,5.44,6.21,7.13,7.49,7.65,7.73
1976-04-01,4.82,4.86,5.18,5.92,6.84,7.25,7.44,7.56
1976-05-01,5.29,5.2,5.62,6.4,7.27,7.59,7.77,7.9
1976-06-01,5.48,5.41,5.77,6.52,7.31,7.61,7.75,7.86
1976-07-01,5.31,5.23,5.53,6.2,7.12,7.49,7.7,7.83
1976-08-01,5.29,5.14,5.4,6,6.86,7.31,7.58,7.77
1976-09-01,5.25,5.08,5.3,5.84,6.66,7.13,7.41,7.59
1976-10-01,5.02,4.92,5.06,5.5,6.24,6.75,7.16,7.41
1976-11-01,4.95,4.75,4.88,5.29,6.09,6.52,6.86,7.29
1976-12-01,4.65,4.35,4.51,4.89,5.68,6.1,6.37,6.87
1977-01-01,4.61,4.62,4.83,5.29,6.22,6.58,6.92,7.21
1977-02-01,4.68,4.67,4.9,5.47,6.44,6.83,7.16,7.39
1977-03-01,4.69,4.6,4.88,5.5,6.47,6.93,7.2,7.46
1977-04-01,4.73,4.54,4.8,5.44,6.31,6.79,7.11,7.37
1977-05-01,5.35,4.96,5.2,5.84,6.55,6.94,7.26,7.46
1977-06-01,5.39,5.02,5.21,5.8,6.39,6.76,7.05,7.28
1977-07-01,5.42,5.19,5.4,5.94,6.51,6.84,7.12,7.33
1977-08-01,5.9,5.49,5.83,6.37,6.79,7.03,7.24,7.4
1977-09-01,6.14,5.81,6.04,6.53,6.84,7.04,7.21,7.34
1977-10-01,6.47,6.16,6.43,6.97,7.19,7.32,7.44,7.52
1977-11-01,6.51,6.1,6.41,6.95,7.22,7.34,7.46,7.58
1977-12-01,6.56,6.07,6.4,6.96,7.3,7.48,7.59,7.69
1978-01-01,6.7,6.44,6.7,7.28,7.61,7.77,7.86,7.96
1978-02-01,6.78,6.45,6.74,7.34,7.67,7.83,7.94,8.03
1978-03-01,6.79,6.29,6.63,7.31,7.7,7.86,7.95,8.04
1978-04-01,6.89,6.29,6.73,7.45,7.85,7.98,8.06,8.15
1978-05-01,7.36,6.41,7.02,7.82,8.07,8.18,8.25,8.35
1978-06-01,7.6,6.73,7.23,8.09,8.3,8.36,8.4,8.46
1978-07-01,7.81,7.01,7.44,8.39,8.54,8.54,8.55,8.64
1978-08-01,8.04,7.08,7.37,8.31,8.33,8.33,8.38,8.41
1978-09-01,8.45,7.85,7.99,8.64,8.41,8.43,8.42,8.42
1978-10-01,8.96,7.99,8.55,9.14,8.62,8.61,8.64,8.64
1978-11-01,9.76,8.64,9.24,10.01,9.04,8.84,8.8,8.81
1978-12-01,10.03,9.08,9.36,10.3,9.33,9.08,9.03,9.01
1979-01-01,10.07,9.35,9.47,10.41,9.5,9.2,9.14,9.1
1979-02-01,10.06,9.32,9.41,10.24,9.29,9.13,9.11,9.1
1979-03-01,10.09,9.48,9.47,10.25,9.38,9.2,9.15,9.12
1979-04-01,10.01,9.46,9.49,10.12,9.43,9.25,9.21,9.18
1979-05-01,10.24,9.61,9.54,10.12,9.42,9.24,9.23,9.25
1979-06-01,10.29,9.06,9.06,9.57,8.95,8.85,8.86,8.91
1979-07-01,10.47,9.24,9.24,9.64,8.94,8.9,8.92,8.95
1979-08-01,10.94,9.52,9.49,9.98,9.14,9.06,9.05,9.03
1979-09-01,11.43,10.26,10.2,10.84,9.69,9.41,9.38,9.33
1979-10-01,13.77,11.7,11.66,12.44,10.95,10.63,10.47,10.3
1979-11-01,13.18,11.79,11.82,12.39,11.18,10.93,10.8,10.65
1979-12-01,13.78,12.04,11.84,11.98,10.71,10.42,10.42,10.39
1980-01-01,13.82,12,11.84,12.06,10.88,10.74,10.77,10.8
1980-02-01,14.13,12.86,12.86,13.92,12.84,12.6,12.53,12.41
1980-03-01,17.19,15.2,15.03,15.82,14.05,13.47,13,12.75
1980-04-01,17.61,13.2,12.88,13.3,12.02,11.84,11.49,11.47
1980-05-01,10.98,8.58,8.65,9.39,9.44,9.95,10.09,10.18
1980-06-01,9.47,7.07,7.3,8.16,8.91,9.21,9.45,9.78
1980-07-01,9.03,8.06,8.06,8.65,9.27,9.53,9.84,10.25
1980-08-01,9.61,9.13,9.41,10.24,10.63,10.84,10.95,11.1
1980-09-01,10.87,10.27,10.57,11.52,11.57,11.62,11.57,11.51
1980-10-01,12.81,11.62,11.63,12.49,12.01,11.86,11.79,11.75
1980-11-01,15.85,13.73,13.5,14.15,13.31,12.83,12.71,12.68
1980-12-01,18.9,15.49,14.64,14.88,13.65,13.25,13,12.84
1981-01-01,19.08,15.02,14.08,14.08,13.01,12.77,12.66,12.57
1981-02-01,15.93,14.79,14.05,14.57,13.65,13.41,13.28,13.19
1981-03-01,14.7,13.36,12.81,13.71,13.51,13.41,13.24,13.12
1981-04-01,15.72,13.69,13.45,14.32,14.09,13.99,13.85,13.68
1981-05-01,18.52,16.3,15.29,16.2,15.08,14.63,14.3,14.1
1981-06-01,19.1,14.73,14.09,14.86,14.29,13.95,13.67,13.47
1981-07-01,19.04,14.95,14.74,15.72,15.15,14.79,14.49,14.28
1981-08-01,17.82,15.51,15.52,16.72,16,15.56,15.22,14.94
1981-09-01,15.87,14.7,14.92,16.52,16.22,15.93,15.65,15.32
1981-10-01,15.08,13.54,13.82,15.38,15.5,15.41,15.33,15.15
1981-11-01,13.31,10.86,11.3,12.41,13.11,13.38,13.42,13.39
1981-12-01,12.37,10.85,11.52,12.85,13.66,13.6,13.62,13.72
1982-01-01,13.22,12.28,12.83,14.32,14.64,14.65,14.67,14.59
1982-02-01,14.78,13.48,13.61,14.73,14.73,14.54,14.46,14.43
1982-03-01,14.68,12.68,12.77,13.95,14.13,13.98,13.93,13.86
1982-04-01,14.94,12.7,12.8,13.98,14.18,14,13.94,13.87
1982-05-01,14.45,12.09,12.16,13.34,13.77,13.75,13.74,13.62
1982-06-01,14.15,12.47,12.7,14.07,14.48,14.43,14.47,14.3
1982-07-01,12.59,11.35,11.88,13.24,14,14.07,14.07,13.95
1982-08-01,10.12,8.68,9.88,11.43,12.62,13,13.14,13.06
1982-09-01,10.31,7.92,9.37,10.85,12.03,12.25,12.36,12.34
1982-10-01,9.71,7.71,8.29,9.32,10.62,10.8,10.88,10.91
1982-11-01,9.2,8.07,8.34,9.16,9.98,10.38,10.53,10.55
1982-12-01,8.95,7.94,8.16,8.91,9.88,10.22,10.49,10.54
1983-01-01,8.68,7.86,7.93,8.62,9.64,10.03,10.36,10.46
1983-02-01,8.51,8.11,8.23,8.92,9.91,10.26,10.56,10.72
1983-03-01,8.77,8.35,8.37,9.04,9.84,10.08,10.31,10.51
1983-04-01,8.8,8.21,8.3,8.98,9.76,10.02,10.29,10.4
1983-05-01,8.63,8.19,8.22,8.9,9.66,10.03,10.3,10.38
1983-06-01,8.98,8.79,8.89,9.66,10.32,10.63,10.83,10.85
1983-07-01,9.37,9.08,9.26,10.2,10.9,11.21,11.35,11.38
1983-08-01,9.56,9.34,9.51,10.53,11.3,11.63,11.77,11.85
1983-09-01,9.45,9,9.15,10.16,11.07,11.43,11.61,11.65
1983-10-01,9.48,8.64,8.83,9.81,10.87,11.28,11.47,11.54
1983-11-01,9.34,8.76,8.93,9.94,10.96,11.41,11.61,11.69
1983-12-01,9.47,9,9.17,10.11,11.13,11.54,11.78,11.83
1984-01-01,9.56,8.9,9.01,9.9,10.93,11.37,11.58,11.67
1984-02-01,9.59,9.09,9.18,10.04,11.05,11.54,11.75,11.84
1984-03-01,9.91,9.52,9.66,10.59,11.59,12.02,12.25,12.32
1984-04-01,10.29,9.69,9.84,10.9,11.98,12.37,12.56,12.63
1984-05-01,10.32,9.83,10.31,11.66,12.75,13.17,13.34,13.41
1984-06-01,11.06,9.87,10.51,12.08,13.18,13.48,13.56,13.56
1984-07-01,11.23,10.12,10.52,12.03,13.08,13.27,13.35,13.36
1984-08-01,11.64,10.47,10.61,11.82,12.5,12.68,12.75,12.72
1984-09-01,11.3,10.37,10.47,11.58,12.34,12.53,12.6,12.52
1984-10-01,9.99,9.74,9.87,10.9,11.85,12.06,12.16,12.16
1984-11-01,9.43,8.61,8.81,9.82,10.9,11.33,11.49,11.57
1984-12-01,8.38,8.06,8.28,9.33,10.56,11.07,11.45,11.5
1985-01-01,8.35,7.76,8,9.02,10.43,10.93,11.27,11.38
1985-02-01,8.5,8.27,8.39,9.29,10.55,11.13,11.44,11.51
1985-03-01,8.58,8.52,8.9,9.86,11.05,11.52,11.82,11.86
1985-04-01,8.27,7.95,8.23,9.14,10.49,11.01,11.34,11.43
1985-05-01,7.97,7.48,7.65,8.46,9.75,10.34,10.72,10.85
1985-06-01,7.53,6.95,7.09,7.8,9.05,9.6,10.08,10.16
1985-07-01,7.88,7.08,7.2,7.86,9.18,9.7,10.16,10.31
1985-08-01,7.9,7.14,7.32,8.05,9.31,9.81,10.2,10.33
1985-09-01,7.92,7.1,7.27,8.07,9.37,9.81,10.24,10.37
1985-10-01,7.99,7.16,7.33,8.01,9.25,9.69,10.11,10.24
1985-11-01,8.05,7.24,7.3,7.88,8.88,9.28,9.62,9.78
1985-12-01,8.27,7.1,7.14,7.67,8.4,8.73,9.11,9.26
1986-01-01,8.14,7.07,7.16,7.73,8.41,8.68,9.03,9.19
1986-02-01,7.86,7.06,7.11,7.61,8.1,8.34,8.58,8.7
1986-03-01,7.48,6.56,6.57,7.03,7.3,7.46,7.67,7.78
1986-04-01,6.99,6.06,6.08,6.44,6.86,7.05,7.16,7.3
1986-05-01,6.85,6.15,6.19,6.65,7.27,7.52,7.65,7.71
1986-06-01,6.92,6.21,6.27,6.73,7.41,7.64,7.75,7.8
1986-07-01,6.56,5.83,5.86,6.27,6.86,7.06,7.22,7.3
1986-08-01,6.17,5.53,5.55,5.93,6.49,6.8,7.01,7.17
1986-09-01,5.89,5.21,5.35,5.77,6.62,6.92,7.28,7.45
1986-10-01,5.85,5.18,5.26,5.72,6.56,6.83,7.24,7.43
1986-11-01,6.04,5.35,5.41,5.8,6.46,6.76,7.08,7.25
1986-12-01,6.91,5.53,5.55,5.87,6.43,6.67,6.97,7.11
1987-01-01,6.43,5.43,5.44,5.78,6.41,6.64,6.92,7.08
1987-02-01,6.1,5.59,5.59,5.96,6.56,6.79,7.06,7.25
1987-03-01,6.13,5.59,5.6,6.03,6.58,6.79,7.06,7.25
1987-04-01,6.37,5.64,5.9,6.5,7.32,7.57,7.83,8.02
1987-05-01,6.85,5.66,6.05,7,8.02,8.26,8.47,8.61
1987-06-01,6.73,5.67,5.99,6.8,7.82,8.02,8.27,8.4
1987-07-01,6.58,5.69,5.76,6.68,7.74,8.01,8.27,8.45
1987-08-01,6.73,6.04,6.15,7.03,8.03,8.32,8.59,8.76
1987-09-01,7.22,6.4,6.64,7.67,8.67,8.94,9.26,9.42
1987-10-01,7.29,6.13,6.69,7.59,8.75,9.08,9.37,9.52
1987-11-01,6.69,5.69,6.19,6.96,7.99,8.35,8.69,8.86
1987-12-01,6.77,5.77,6.36,7.17,8.13,8.45,8.82,8.99
1988-01-01,6.83,5.81,6.25,6.99,7.87,8.18,8.48,8.67
1988-02-01,6.58,5.66,5.93,6.64,7.38,7.71,8.02,8.21
1988-03-01,6.58,5.7,5.91,6.71,7.5,7.83,8.19,8.37
1988-04-01,6.87,5.91,6.21,7.01,7.83,8.19,8.52,8.72
1988-05-01,7.09,6.26,6.56,7.4,8.24,8.58,8.89,9.09
1988-06-01,7.51,6.46,6.71,7.49,8.22,8.49,8.78,8.92
1988-07-01,7.75,6.73,6.99,7.75,8.44,8.66,8.91,9.06
1988-08-01,8.01,7.06,7.39,8.17,8.77,8.94,9.13,9.26
1988-09-01,8.19,7.24,7.43,8.09,8.57,8.69,8.87,8.98
1988-10-01,8.3,7.35,7.5,8.11,8.43,8.51,8.69,8.8
1988-11-01,8.35,7.76,7.86,8.48,8.72,8.79,8.89,8.96
1988-12-01,8.76,8.07,8.22,8.99,9.11,9.09,9.13,9.11
1989-01-01,9.12,8.27,8.36,9.05,9.2,9.15,9.14,9.09
1989-02-01,9.36,8.53,8.55,9.25,9.32,9.27,9.23,9.17
1989-03-01,9.85,8.82,8.85,9.57,9.61,9.51,9.43,9.36
1989-04-01,9.84,8.65,8.65,9.36,9.4,9.3,9.24,9.18
1989-05-01,9.81,8.43,8.41,8.98,8.98,8.91,8.88,8.86
1989-06-01,9.53,8.15,7.93,8.44,8.37,8.29,8.31,8.28
1989-07-01,9.24,7.88,7.61,7.89,7.83,7.83,7.94,8.02
1989-08-01,8.99,7.9,7.74,8.18,8.13,8.09,8.11,8.11
1989-09-01,9.02,7.75,7.74,8.22,8.26,8.17,8.23,8.19
1989-10-01,8.84,7.64,7.62,7.99,8.02,7.97,8.03,8.01
1989-11-01,8.55,7.69,7.49,7.77,7.8,7.81,7.86,7.87
1989-12-01,8.45,7.63,7.42,7.72,7.77,7.75,7.85,7.84
1990-01-01,8.23,7.64,7.55,7.92,8.13,8.12,8.2,8.21
1990-02-01,8.24,7.74,7.7,8.11,8.39,8.42,8.48,8.47
1990-03-01,8.28,7.9,7.85,8.35,8.63,8.6,8.65,8.59
1990-04-01,8.26,7.77,7.84,8.4,8.78,8.77,8.81,8.79
1990-05-01,8.18,7.74,7.76,8.32,8.69,8.74,8.78,8.76
1990-06-01,8.29,7.73,7.63,8.1,8.4,8.43,8.52,8.48
1990-07-01,8.15,7.62,7.52,7.94,8.26,8.33,8.46,8.47
1990-08-01,8.13,7.45,7.38,7.78,8.22,8.44,8.64,8.75
1990-09-01,8.2,7.36,7.32,7.76,8.27,8.51,8.79,8.89
1990-10-01,8.11,7.17,7.16,7.55,8.07,8.33,8.59,8.72
1990-11-01,7.81,7.06,7.03,7.31,7.74,8.02,8.28,8.39
1990-12-01,7.31,6.74,6.7,7.05,7.47,7.73,8,8.08
1991-01-01,6.91,6.22,6.28,6.64,7.38,7.7,7.97,8.09
1991-02-01,6.25,5.94,5.93,6.27,7.08,7.47,7.73,7.85
1991-03-01,6.12,5.91,5.92,6.4,7.35,7.77,8,8.11
1991-04-01,5.91,5.65,5.71,6.24,7.23,7.7,7.92,8.04
1991-05-01,5.78,5.46,5.61,6.13,7.12,7.7,7.94,8.07
1991-06-01,5.9,5.57,5.75,6.36,7.39,7.94,8.17,8.28
1991-07-01,5.82,5.58,5.7,6.31,7.38,7.91,8.15,8.27
1991-08-01,5.66,5.33,5.39,5.78,6.8,7.43,7.74,7.9
1991-09-01,5.45,5.22,5.25,5.57,6.5,7.14,7.48,7.65
1991-10-01,5.21,4.99,5.04,5.33,6.23,6.87,7.25,7.53
1991-11-01,4.81,4.56,4.61,4.89,5.9,6.62,7.06,7.42
1991-12-01,4.43,4.07,4.1,4.38,5.39,6.19,6.69,7.09
1992-01-01,4.03,3.8,3.87,4.15,5.4,6.24,6.7,7.03
1992-02-01,4.06,3.84,3.93,4.29,5.72,6.58,6.96,7.34
1992-03-01,3.98,4.04,4.18,4.63,6.18,6.95,7.26,7.54
1992-04-01,3.73,3.75,3.87,4.3,5.93,6.78,7.15,7.48
1992-05-01,3.82,3.63,3.75,4.19,5.81,6.69,7.06,7.39
1992-06-01,3.76,3.66,3.77,4.17,5.6,6.48,6.9,7.26
1992-07-01,3.25,3.21,3.28,3.6,4.91,5.84,6.36,6.84
1992-08-01,3.3,3.13,3.21,3.47,4.72,5.6,6.12,6.59
1992-09-01,3.22,2.91,2.96,3.18,4.42,5.38,5.96,6.42
1992-10-01,3.1,2.86,3.04,3.3,4.64,5.6,6.15,6.59
1992-11-01,3.09,3.13,3.34,3.68,5.14,6.04,6.49,6.87
1992-12-01,2.92,3.22,3.36,3.71,5.21,6.08,6.46,6.77
1993-01-01,3.02,3,3.14,3.5,4.93,5.83,6.26,6.6
1993-02-01,3.03,2.93,3.07,3.39,4.58,5.43,5.87,6.26
1993-03-01,3.07,2.95,3.05,3.33,4.4,5.19,5.66,5.98
1993-04-01,2.96,2.87,2.97,3.24,4.3,5.13,5.59,5.97
1993-05-01,3,2.96,3.07,3.36,4.4,5.2,5.66,6.04
1993-06-01,3.04,3.07,3.2,3.54,4.53,5.22,5.61,5.96
1993-07-01,3.06,3.04,3.16,3.47,4.43,5.09,5.48,5.81
1993-08-01,3.03,3.02,3.14,3.44,4.36,5.03,5.35,5.68
1993-09-01,3.09,2.95,3.06,3.36,4.17,4.73,5.08,5.36
1993-10-01,2.99,3.02,3.12,3.39,4.18,4.71,5.05,5.33
1993-11-01,3.02,3.1,3.26,3.58,4.5,5.06,5.45,5.72
1993-12-01,2.96,3.06,3.23,3.61,4.54,5.15,5.48,5.77
1994-01-01,3.05,2.98,3.15,3.54,4.48,5.09,5.43,5.75
1994-02-01,3.25,3.25,3.43,3.87,4.83,5.4,5.72,5.97
1994-03-01,3.34,3.5,3.78,4.32,5.4,5.94,6.28,6.48
1994-04-01,3.56,3.68,4.09,4.82,5.99,6.52,6.8,6.97
1994-05-01,4.01,4.14,4.6,5.31,6.34,6.78,7.01,7.18
1994-06-01,4.25,4.14,4.55,5.27,6.27,6.7,6.91,7.1
1994-07-01,4.26,4.33,4.75,5.48,6.48,6.91,7.12,7.3
1994-08-01,4.47,4.48,4.88,5.56,6.5,6.88,7.06,7.24
1994-09-01,4.73,4.62,5.04,5.76,6.69,7.08,7.28,7.46
1994-10-01,4.76,4.95,5.39,6.11,7.04,7.4,7.58,7.74
1994-11-01,5.29,5.29,5.72,6.54,7.44,7.72,7.83,7.96
1994-12-01,5.45,5.6,6.21,7.14,7.71,7.78,7.8,7.81
1995-01-01,5.53,5.71,6.21,7.05,7.66,7.76,7.79,7.78
1995-02-01,5.92,5.77,6.03,6.7,7.25,7.37,7.44,7.47
1995-03-01,5.98,5.73,5.89,6.43,6.89,7.05,7.14,7.2
1995-04-01,6.05,5.65,5.77,6.27,6.68,6.86,6.95,7.06
1995-05-01,6.01,5.67,5.67,6,6.27,6.41,6.5,6.63
1995-06-01,6,5.47,5.42,5.64,5.8,5.93,6.05,6.17
1995-07-01,5.85,5.42,5.37,5.59,5.89,6.01,6.2,6.28
1995-08-01,5.74,5.4,5.41,5.75,6.1,6.24,6.41,6.49
1995-09-01,5.8,5.28,5.3,5.62,5.89,6,6.13,6.2
1995-10-01,5.76,5.28,5.32,5.59,5.77,5.86,5.97,6.04
1995-11-01,5.8,5.36,5.27,5.43,5.57,5.69,5.83,5.93
1995-12-01,5.6,5.14,5.13,5.31,5.39,5.51,5.63,5.71
1996-01-01,5.56,5,4.92,5.09,5.2,5.36,5.54,5.65
1996-02-01,5.22,4.83,4.77,4.94,5.14,5.38,5.64,5.81
1996-03-01,5.31,4.96,4.96,5.34,5.79,5.97,6.19,6.27
1996-04-01,5.22,4.95,5.06,5.54,6.11,6.3,6.48,6.51
1996-05-01,5.24,5.02,5.12,5.64,6.27,6.48,6.66,6.74
1996-06-01,5.27,5.09,5.25,5.81,6.49,6.69,6.83,6.91
1996-07-01,5.4,5.15,5.3,5.85,6.45,6.64,6.76,6.87
1996-08-01,5.22,5.05,5.13,5.67,6.21,6.39,6.52,6.64
1996-09-01,5.3,5.09,5.24,5.83,6.41,6.6,6.73,6.83
1996-10-01,5.24,4.99,5.11,5.55,6.08,6.27,6.42,6.53
1996-11-01,5.31,5.03,5.07,5.42,5.82,5.97,6.1,6.2
1996-12-01,5.29,4.91,5.04,5.47,5.91,6.07,6.2,6.3
1997-01-01,5.25,5.03,5.1,5.61,6.16,6.33,6.47,6.58
1997-02-01,5.19,5.01,5.06,5.53,6.03,6.2,6.32,6.42
1997-03-01,5.39,5.14,5.26,5.8,6.38,6.54,6.65,6.69
1997-04-01,5.51,5.16,5.37,5.99,6.61,6.76,6.86,6.89
1997-05-01,5.5,5.05,5.3,5.87,6.42,6.57,6.66,6.71
1997-06-01,5.56,4.93,5.13,5.69,6.24,6.38,6.46,6.49
1997-07-01,5.52,5.05,5.12,5.54,6,6.12,6.2,6.22
1997-08-01,5.54,5.14,5.19,5.56,6.06,6.16,6.29,6.3
1997-09-01,5.54,4.95,5.09,5.52,5.98,6.11,6.2,6.21
1997-10-01,5.5,4.97,5.09,5.46,5.84,5.93,6.05,6.03
1997-11-01,5.52,5.14,5.17,5.46,5.76,5.8,5.9,5.88
1997-12-01,5.5,5.16,5.24,5.53,5.74,5.77,5.83,5.81
1998-01-01,5.56,5.04,5.03,5.24,5.38,5.42,5.53,5.54
1998-02-01,5.51,5.09,5.07,5.31,5.43,5.49,5.6,5.57
1998-03-01,5.49,5.03,5.04,5.39,5.57,5.61,5.71,5.65
1998-04-01,5.45,4.95,5.06,5.38,5.58,5.61,5.7,5.64
1998-05-01,5.49,5,5.14,5.44,5.61,5.63,5.72,5.65
1998-06-01,5.56,4.98,5.12,5.41,5.52,5.52,5.56,5.5
1998-07-01,5.54,4.96,5.03,5.36,5.47,5.46,5.52,5.46
1998-08-01,5.55,4.9,4.95,5.21,5.24,5.27,5.36,5.34
1998-09-01,5.51,4.61,4.63,4.71,4.62,4.62,4.76,4.81
1998-10-01,5.07,3.96,4.05,4.12,4.18,4.18,4.46,4.53
1998-11-01,4.83,4.41,4.42,4.53,4.57,4.54,4.78,4.83
1998-12-01,4.68,4.39,4.4,4.52,4.48,4.45,4.65,4.65
1999-01-01,4.63,4.34,4.33,4.51,4.61,4.6,4.8,4.72
1999-02-01,4.76,4.44,4.44,4.7,4.9,4.91,5.1,5
1999-03-01,4.81,4.44,4.47,4.78,5.11,5.14,5.36,5.23
1999-04-01,4.74,4.29,4.37,4.69,5.03,5.08,5.28,5.18
1999-05-01,4.74,4.5,4.56,4.85,5.33,5.44,5.64,5.54
1999-06-01,4.76,4.57,4.82,5.1,5.7,5.81,6.05,5.9
1999-07-01,4.99,4.55,4.58,5.03,5.62,5.68,5.94,5.79
1999-08-01,5.07,4.72,4.87,5.2,5.77,5.84,6.15,5.94
1999-09-01,5.22,4.68,4.88,5.25,5.75,5.8,6.12,5.92
1999-10-01,5.2,4.86,4.98,5.43,5.94,6.03,6.33,6.11
1999-11-01,5.42,5.07,5.2,5.55,5.92,5.97,6.17,6.03
1999-12-01,5.3,5.2,5.44,5.84,6.14,6.19,6.38,6.28
2000-01-01,5.45,5.32,5.5,6.12,6.49,6.58,6.7,6.66
2000-02-01,5.73,5.55,5.72,6.22,6.65,6.68,6.72,6.52
2000-03-01,5.85,5.69,5.85,6.22,6.53,6.5,6.51,6.26
2000-04-01,6.02,5.66,5.81,6.15,6.36,6.26,6.27,5.99
2000-05-01,6.27,5.79,6.1,6.33,6.77,6.69,6.69,6.44
2000-06-01,6.53,5.69,5.97,6.17,6.43,6.3,6.33,6.1
2000-07-01,6.54,5.96,6,6.08,6.28,6.18,6.22,6.05
2000-08-01,6.5,6.09,6.07,6.18,6.17,6.06,6.05,5.83
2000-09-01,6.52,6,5.98,6.13,6.02,5.93,5.98,5.8
2000-10-01,6.51,6.11,6.04,6.01,5.85,5.78,5.84,5.74
2000-11-01,6.51,6.17,6.06,6.09,5.79,5.7,5.78,5.72
2000-12-01,6.4,5.77,5.68,5.6,5.26,5.17,5.28,5.24
2001-01-01,5.98,5.15,4.95,4.81,4.77,4.86,5.13,5.16
2001-02-01,5.49,4.88,4.71,4.68,4.71,4.89,5.1,5.1
2001-03-01,5.31,4.42,4.28,4.3,4.43,4.64,4.88,4.89
2001-04-01,4.8,3.87,3.85,3.98,4.42,4.76,5.03,5.14
2001-05-01,4.21,3.62,3.62,3.78,4.51,4.93,5.24,5.39
2001-06-01,3.97,3.49,3.45,3.58,4.35,4.81,5.14,5.28
2001-07-01,3.77,3.51,3.45,3.62,4.31,4.76,5.06,5.24
2001-08-01,3.65,3.36,3.29,3.47,4.04,4.57,4.84,4.97
2001-09-01,3.07,2.64,2.63,2.82,3.45,4.12,4.51,4.73
2001-10-01,2.49,2.16,2.12,2.33,3.14,3.91,4.31,4.57
2001-11-01,2.09,1.87,1.88,2.18,3.22,3.97,4.42,4.65
2001-12-01,1.82,1.69,1.78,2.22,3.62,4.39,4.86,5.09
2002-01-01,1.73,1.65,1.73,2.16,3.56,4.34,4.79,5.04
2002-02-01,1.74,1.73,1.82,2.23,3.55,4.3,4.71,4.91
2002-03-01,1.73,1.79,2.01,2.57,4.14,4.74,5.14,5.28
2002-04-01,1.75,1.72,1.93,2.48,4.01,4.65,5.02,5.21
2002-05-01,1.75,1.73,1.86,2.35,3.8,4.49,4.9,5.16
2002-06-01,1.75,1.7,1.79,2.2,3.49,4.19,4.6,4.93
2002-07-01,1.73,1.68,1.7,1.96,3.01,3.81,4.3,4.65
2002-08-01,1.74,1.62,1.6,1.76,2.52,3.29,3.88,4.26
2002-09-01,1.75,1.63,1.6,1.72,2.32,2.94,3.5,3.87
2002-10-01,1.75,1.58,1.56,1.65,2.25,2.95,3.54,3.94
2002-11-01,1.34,1.23,1.27,1.49,2.32,3.05,3.64,4.05
2002-12-01,1.24,1.19,1.24,1.45,2.23,3.03,3.63,4.03
2003-01-01,1.24,1.17,1.2,1.36,2.18,3.05,3.6,4.05
2003-02-01,1.26,1.17,1.18,1.3,2.05,2.9,3.45,3.9
2003-03-01,1.25,1.13,1.13,1.24,1.98,2.78,3.34,3.81
2003-04-01,1.26,1.13,1.14,1.27,2.06,2.93,3.47,3.96
2003-05-01,1.26,1.07,1.08,1.18,1.75,2.52,3.07,3.57
2003-06-01,1.22,0.92,0.92,1.01,1.51,2.27,2.84,3.33
2003-07-01,1.01,0.9,0.95,1.12,1.93,2.87,3.45,3.98
2003-08-01,1.03,0.95,1.03,1.31,2.44,3.37,3.96,4.45
2003-09-01,1.01,0.94,1.01,1.24,2.23,3.18,3.74,4.27
2003-10-01,1.01,0.92,1,1.25,2.26,3.19,3.75,4.29
2003-11-01,1,0.93,1.02,1.34,2.45,3.29,3.81,4.3
2003-12-01,0.98,0.9,0.99,1.31,2.44,3.27,3.79,4.27
2004-01-01,1,0.88,0.97,1.24,2.27,3.12,3.65,4.15
2004-02-01,1.01,0.93,0.99,1.24,2.25,3.07,3.59,4.08
2004-03-01,1,0.94,0.99,1.19,2,2.79,3.31,3.83
2004-04-01,1,0.94,1.09,1.43,2.57,3.39,3.89,4.35
2004-05-01,1,1.02,1.31,1.78,3.1,3.85,4.31,4.72
2004-06-01,1.03,1.27,1.6,2.12,3.26,3.93,4.35,4.73
2004-07-01,1.26,1.33,1.66,2.1,3.05,3.69,4.11,4.5
2004-08-01,1.43,1.48,1.72,2.02,2.88,3.47,3.9,4.28
2004-09-01,1.61,1.65,1.87,2.12,2.83,3.36,3.75,4.13
2004-10-01,1.76,1.76,2,2.23,2.85,3.35,3.75,4.1
2004-11-01,1.93,2.07,2.27,2.5,3.09,3.53,3.88,4.19
2004-12-01,2.16,2.19,2.43,2.67,3.21,3.6,3.93,4.23
2005-01-01,2.28,2.33,2.61,2.86,3.39,3.71,3.97,4.22
2005-02-01,2.5,2.54,2.77,3.03,3.54,3.77,3.97,4.17
2005-03-01,2.63,2.74,3,3.3,3.91,4.17,4.33,4.5
2005-04-01,2.79,2.78,3.05,3.32,3.79,4,4.16,4.34
2005-05-01,3,2.84,3.08,3.33,3.72,3.85,3.94,4.14
2005-06-01,3.04,2.97,3.13,3.36,3.69,3.77,3.86,4
2005-07-01,3.26,3.22,3.42,3.64,3.91,3.98,4.06,4.18
2005-08-01,3.5,3.44,3.66,3.87,4.08,4.12,4.18,4.26
2005-09-01,3.62,3.42,3.67,3.85,3.96,4.01,4.08,4.2
2005-10-01,3.78,3.71,3.99,4.18,4.29,4.33,4.38,4.46
2005-11-01,4,3.88,4.15,4.33,4.43,4.45,4.48,4.54
2005-12-01,4.16,3.89,4.18,4.35,4.39,4.39,4.41,4.47
2006-01-01,4.29,4.24,4.31,4.45,4.35,4.35,4.37,4.42
2006-02-01,4.49,4.43,4.52,4.68,4.64,4.57,4.56,4.57
2006-03-01,4.59,4.51,4.62,4.77,4.74,4.72,4.71,4.72
2006-04-01,4.79,4.6,4.72,4.9,4.89,4.9,4.94,4.99
2006-05-01,4.94,4.72,4.82,5,4.97,5,5.03,5.11
2006-06-01,4.99,4.79,4.97,5.16,5.09,5.07,5.08,5.11
2006-07-01,5.24,4.95,5.06,5.22,5.07,5.04,5.05,5.09
2006-08-01,5.25,4.96,4.97,5.08,4.85,4.82,4.83,4.88
2006-09-01,5.25,4.81,4.89,4.97,4.69,4.67,4.68,4.72
2006-10-01,5.25,4.92,4.92,5.01,4.72,4.69,4.69,4.73
2006-11-01,5.25,4.94,4.95,5.01,4.64,4.58,4.58,4.6
2006-12-01,5.24,4.85,4.88,4.94,4.58,4.53,4.54,4.56
2007-01-01,5.25,4.98,4.95,5.06,4.79,4.75,4.75,4.76
2007-02-01,5.26,5.03,4.96,5.05,4.75,4.71,4.71,4.72
2007-03-01,5.26,4.94,4.89,4.92,4.51,4.48,4.5,4.56
2007-04-01,5.25,4.87,4.86,4.93,4.6,4.59,4.62,4.69
2007-05-01,5.25,4.73,4.78,4.91,4.69,4.67,4.69,4.75
2007-06-01,5.25,4.61,4.76,4.96,5,5.03,5.05,5.1
2007-07-01,5.26,4.82,4.83,4.96,4.82,4.88,4.93,5
2007-08-01,5.02,4.2,4.38,4.47,4.34,4.43,4.53,4.67
2007-09-01,4.94,3.89,4.05,4.14,4.06,4.2,4.33,4.52
2007-10-01,4.76,3.9,4.01,4.1,4.01,4.2,4.33,4.53
2007-11-01,4.49,3.27,3.46,3.5,3.35,3.67,3.87,4.15
2007-12-01,4.24,3,3.23,3.26,3.13,3.49,3.74,4.1
2008-01-01,3.94,2.75,2.75,2.71,2.51,2.98,3.31,3.74
2008-02-01,2.98,2.12,2.04,2.05,2.19,2.78,3.21,3.74
2008-03-01,2.61,1.26,1.48,1.54,1.8,2.48,2.93,3.51
2008-04-01,2.28,1.29,1.55,1.74,2.23,2.84,3.19,3.68
2008-05-01,1.98,1.73,1.82,2.06,2.69,3.15,3.46,3.88
2008-06-01,2,1.86,2.13,2.42,3.08,3.49,3.73,4.1
2008-07-01,2.01,1.63,1.93,2.28,2.87,3.3,3.6,4.01
2008-08-01,2,1.72,1.92,2.18,2.7,3.14,3.46,3.89
2008-09-01,1.81,1.13,1.61,1.91,2.32,2.88,3.25,3.69
2008-10-01,0.97,0.67,1.2,1.42,1.86,2.73,3.19,3.81
2008-11-01,0.39,0.19,0.73,1.07,1.51,2.29,2.82,3.53
2008-12-01,0.16,0.03,0.26,0.49,1.07,1.52,1.89,2.42
2009-01-01,0.15,0.13,0.3,0.44,1.13,1.6,1.98,2.52
2009-02-01,0.22,0.3,0.45,0.62,1.37,1.87,2.3,2.87
2009-03-01,0.18,0.21,0.42,0.64,1.31,1.82,2.42,2.82
2009-04-01,0.15,0.16,0.35,0.55,1.32,1.86,2.47,2.93
2009-05-01,0.18,0.18,0.3,0.5,1.39,2.13,2.81,3.29
2009-06-01,0.21,0.18,0.31,0.51,1.76,2.71,3.37,3.72
2009-07-01,0.16,0.18,0.27,0.48,1.55,2.46,3.14,3.56
2009-08-01,0.16,0.17,0.26,0.46,1.65,2.57,3.21,3.59
2009-09-01,0.15,0.12,0.21,0.4,1.48,2.37,3.02,3.4
2009-10-01,0.12,0.07,0.16,0.37,1.46,2.33,2.96,3.39
2009-11-01,0.12,0.05,0.15,0.31,1.32,2.23,2.92,3.4
2009-12-01,0.12,0.05,0.17,0.37,1.38,2.34,3.07,3.59
2010-01-01,0.11,0.06,0.15,0.35,1.49,2.48,3.21,3.73
2010-02-01,0.13,0.11,0.18,0.35,1.4,2.36,3.12,3.69
2010-03-01,0.16,0.15,0.22,0.4,1.51,2.43,3.16,3.73
2010-04-01,0.2,0.16,0.24,0.45,1.64,2.58,3.28,3.85
2010-05-01,0.2,0.16,0.22,0.37,1.32,2.18,2.86,3.42
2010-06-01,0.18,0.12,0.19,0.32,1.17,2,2.66,3.2
2010-07-01,0.18,0.16,0.2,0.29,0.98,1.76,2.43,3.01
2010-08-01,0.19,0.16,0.19,0.26,0.78,1.47,2.1,2.7
2010-09-01,0.19,0.15,0.19,0.26,0.74,1.41,2.05,2.65
2010-10-01,0.19,0.13,0.18,0.23,0.57,1.18,1.85,2.54
2010-11-01,0.19,0.14,0.18,0.25,0.67,1.35,2.02,2.76
2010-12-01,0.18,0.14,0.19,0.29,0.99,1.93,2.66,3.29
2011-01-01,0.17,0.15,0.18,0.27,1.03,1.99,2.72,3.39
2011-02-01,0.16,0.13,0.17,0.29,1.28,2.26,2.96,3.58
2011-03-01,0.14,0.1,0.16,0.26,1.17,2.11,2.8,3.41
2011-04-01,0.1,0.06,0.12,0.25,1.21,2.17,2.84,3.46
2011-05-01,0.09,0.04,0.09,0.19,0.94,1.84,2.51,3.17
2011-06-01,0.09,0.04,0.1,0.18,0.71,1.58,2.29,3
2011-07-01,0.07,0.04,0.08,0.19,0.68,1.54,2.28,3
2011-08-01,0.1,0.02,0.06,0.11,0.38,1.02,1.63,2.3
2011-09-01,0.08,0.01,0.04,0.1,0.35,0.9,1.42,1.98
2011-10-01,0.07,0.02,0.05,0.11,0.47,1.06,1.62,2.15
2011-11-01,0.08,0.01,0.05,0.11,0.39,0.91,1.45,2.01
2011-12-01,0.07,0.01,0.05,0.12,0.39,0.89,1.43,1.98
2012-01-01,0.08,0.03,0.07,0.12,0.36,0.84,1.38,1.97
2012-02-01,0.1,0.09,0.12,0.16,0.38,0.83,1.37,1.97
2012-03-01,0.13,0.08,0.14,0.19,0.51,1.02,1.56,2.17
2012-04-01,0.14,0.08,0.14,0.18,0.43,0.89,1.43,2.05
2012-05-01,0.16,0.09,0.15,0.19,0.39,0.76,1.21,1.8
2012-06-01,0.16,0.09,0.15,0.19,0.39,0.71,1.08,1.62
2012-07-01,0.16,0.1,0.15,0.19,0.33,0.62,0.98,1.53
2012-08-01,0.13,0.1,0.14,0.18,0.37,0.71,1.14,1.68
2012-09-01,0.14,0.11,0.14,0.18,0.34,0.67,1.12,1.72
2012-10-01,0.16,0.1,0.15,0.18,0.37,0.71,1.15,1.75
2012-11-01,0.16,0.09,0.14,0.18,0.36,0.67,1.08,1.65
2012-12-01,0.16,0.07,0.12,0.16,0.35,0.7,1.13,1.72
2013-01-01,0.14,0.07,0.11,0.15,0.39,0.81,1.3,1.91
2013-02-01,0.15,0.1,0.12,0.16,0.4,0.85,1.35,1.98
2013-03-01,0.14,0.09,0.11,0.15,0.39,0.82,1.32,1.96
2013-04-01,0.15,0.06,0.09,0.12,0.34,0.71,1.15,1.76
2013-05-01,0.11,0.04,0.08,0.12,0.4,0.84,1.31,1.93
2013-06-01,0.09,0.05,0.09,0.14,0.58,1.2,1.71,2.3
2013-07-01,0.09,0.04,0.07,0.12,0.64,1.4,1.99,2.58
2013-08-01,0.08,0.04,0.07,0.13,0.7,1.52,2.15,2.74
2013-09-01,0.08,0.02,0.04,0.12,0.78,1.6,2.22,2.81
2013-10-01,0.09,0.05,0.08,0.12,0.63,1.37,1.99,2.62
2013-11-01,0.08,0.07,0.1,0.12,0.58,1.37,2.07,2.72
2013-12-01,0.09,0.07,0.1,0.13,0.69,1.58,2.29,2.9
2014-01-01,0.07,0.04,0.07,0.12,0.78,1.65,2.29,2.86
2014-02-01,0.07,0.05,0.08,0.12,0.69,1.52,2.15,2.71
2014-03-01,0.08,0.05,0.08,0.13,0.82,1.64,2.23,2.72
2014-04-01,0.09,0.03,0.05,0.11,0.88,1.7,2.27,2.71
2014-05-01,0.09,0.03,0.05,0.1,0.83,1.59,2.12,2.56
2014-06-01,0.1,0.04,0.06,0.1,0.9,1.68,2.19,2.6
2014-07-01,0.09,0.03,0.06,0.11,0.97,1.7,2.17,2.54
2014-08-01,0.09,0.03,0.05,0.11,0.93,1.63,2.08,2.42
2014-09-01,0.09,0.02,0.04,0.11,1.05,1.77,2.22,2.53
2014-10-01,0.09,0.02,0.05,0.1,0.88,1.55,1.98,2.3
2014-11-01,0.09,0.02,0.07,0.13,0.96,1.62,2.03,2.33
2014-12-01,0.12,0.03,0.11,0.21,1.06,1.64,1.98,2.21
2015-01-01,0.11,0.03,0.08,0.2,0.9,1.37,1.67,1.88
2015-02-01,0.11,0.02,0.07,0.22,0.99,1.47,1.79,1.98
2015-03-01,0.11,0.03,0.11,0.25,1.02,1.52,1.84,2.04
2015-04-01,0.12,0.02,0.09,0.23,0.87,1.35,1.69,1.94
2015-05-01,0.12,0.02,0.08,0.24,0.98,1.54,1.93,2.2
2015-06-01,0.13,0.02,0.09,0.28,1.07,1.68,2.1,2.36
2015-07-01,0.13,0.03,0.12,0.3,1.03,1.63,2.04,2.32
2015-08-01,0.14,0.07,0.22,0.38,1.03,1.54,1.91,2.17
2015-09-01,0.14,0.02,0.18,0.37,1.01,1.49,1.88,2.17
2015-10-01,0.12,0.02,0.11,0.26,0.93,1.39,1.76,2.07
2015-11-01,0.12,0.12,0.32,0.48,1.2,1.67,2.02,2.26
2015-12-01,0.24,0.23,0.49,0.65,1.28,1.7,2.04,2.24
2016-01-01,0.34,0.26,0.43,0.54,1.14,1.52,1.85,2.09
2016-02-01,0.38,0.31,0.44,0.53,0.9,1.22,1.53,1.78
2016-03-01,0.36,0.29,0.46,0.66,1.04,1.38,1.68,1.89
2016-04-01,0.37,0.23,0.37,0.56,0.92,1.26,1.57,1.81
2016-05-01,0.37,0.27,0.41,0.59,0.97,1.3,1.6,1.81
2016-06-01,0.38,0.27,0.4,0.55,0.86,1.17,1.44,1.64
2016-07-01,0.39,0.3,0.39,0.51,0.79,1.07,1.33,1.5
2016-08-01,0.4,0.3,0.44,0.57,0.85,1.13,1.4,1.56
2016-09-01,0.4,0.29,0.46,0.59,0.9,1.18,1.46,1.63
2016-10-01,0.4,0.33,0.47,0.66,0.99,1.27,1.56,1.76
2016-11-01,0.41,0.45,0.57,0.74,1.22,1.6,1.93,2.14
2016-12-01,0.54,0.51,0.63,0.87,1.49,1.96,2.29,2.49
