Organization Name,Organization Name URL,Category Groups,Headquarters Location,Description,CB Rank (Organization),Founded Date,Number of Founders,Number of Employees,Number of Funding Rounds,Funding Status,Last Funding Date,Last Funding Amount,Last Funding Type,Total Funding Amount
LinkedIn,https://www.crunchbase.com/organization/linkedin,"Community and Lifestyle, Internet Services, Media and Entertainment, Professional Services","Mountain View, California, United States","LinkedIn, a professional networking site, allows its members to create business connections, search for jobs, and find potential clients.",9,"May 5, 2003",5,1001-5000,8,M&A,"Feb 15, 2016",,Post-IPO Equity,"$154,800,000"
Mobike,https://www.crunchbase.com/organization/mobike,"Apps, Mobile, Software, Sports, Transportation, Travel and Tourism","Beijing, China, Asia",Mobike provides an affordable means of shared transportation for convenient short urban trips.,20,"Jan 27, 2015",3,1001-5000,9,M&A,"Dec 19, 2017",,Private Equity,"$928,000,000"
iQiyi,https://www.crunchbase.com/organization/iqiyi,"Content and Publishing, Media and Entertainment, Video","China, Asia","iQiyi is a Chinese ad-supported television and movie portal providing fully-licensed, high-definition media content.",43,2010,1,501-1000,3,IPO,"Feb 21, 2017","$1,530,000,000",Undisclosed,"$1,880,000,000"
HubSpot,https://www.crunchbase.com/organization/hubspot,"Data and Analytics, Information Technology, Internet Services, Media and Entertainment, Sales and Marketing","Cambridge, Massachusetts, United States","HubSpot develops cloud-based, inbound marketing software that allows businesses to transform the way that they market online.",66,"Jun 9, 2006",3,1001-5000,6,IPO,"Nov 5, 2012","$35,000,000",Series E,"$100,500,000"
Dropbox,https://www.crunchbase.com/organization/dropbox,"Hardware, Information Technology, Internet Services, Software","San Francisco, California, United States", Dropbox provides secure file sharing and storage solution.,71,"Jun 1, 2007",2,1001-5000,8,IPO,"Mar 23, 2018","$100,000,000",Private Equity,"$1,807,215,000"
Square,https://www.crunchbase.com/organization/square,"Financial Services, Hardware, Mobile, Payments, Software","San Francisco, California, United States",Square is a merchant services aggregator and mobile payment company that aims to simplify commerce through technology.,85,"Feb 1, 2009",2,1001-5000,7,IPO,"Oct 3, 2014","$150,000,000",Series E,"$590,500,000"
Meituan.com,https://www.crunchbase.com/organization/meituan-com,"Commerce and Shopping, Internet Services","Beijing, Beijing, China","Meituan.com is a group-buying website specializing in localized consumer services, offering a selection of local restaurants, bars and more.",119,"Mar 4, 2010",1,5001-10000,4,M&A,"Jan 19, 2015","$700,000,000",Series D,"$1,070,000,000"
Palo Alto Networks,https://www.crunchbase.com/organization/palo-alto-networks,"Information Technology, Privacy and Security","Santa Clara, California, United States",Palo Alto Networks produces hardware firewall products that take an app-centric method for traffic classification and enable app visibility.,206,"Jan 1, 2005",5,1001-5000,4,IPO,"Nov 3, 2008","$10,000,000",Series C,"$65,000,000"
Google,https://www.crunchbase.com/organization/google,"Advertising, Content and Publishing, Information Technology, Internet Services, Media and Entertainment, Messaging and Telecommunications, Software, Video","Mountain View, California, United States",Google is a multinational corporation that is specialized in internet-related services and products.,216,"Sep 7, 1998",2,10001+,5,IPO,"Jun 1, 2000","$10,000,000",Undisclosed,"$36,100,000"
Snap Inc.,https://www.crunchbase.com/organization/snapchat,"Apps, Content and Publishing, Information Technology, Internet Services, Media and Entertainment, Messaging and Telecommunications, Mobile, Software","Venice, California, United States","Snap, formerly Snapchat Inc, is a camera company that develops Snapchat and Spectacles.",222,"May 1, 2011",3,1001-5000,11,IPO,"Nov 9, 2017","$2,000,000,000",Post-IPO Equity,"$4,648,985,000"
FireEye,https://www.crunchbase.com/organization/fireeye,"Information Technology, Internet Services, Privacy and Security, Software","Milpitas, California, United States",FireEye is a malware protection system that blocks attacks across web and email threat vectors and latent malware resident on file shares.,253,2004,2,1001-5000,7,IPO,"Jan 10, 2014","$739,265,776",Post-IPO Equity,"$840,945,776"
ServiceNow,https://www.crunchbase.com/organization/service-now-com,"Apps, Information Technology, Internet Services, Software","Santa Clara, California, United States","ServiceNow provides cloud-based solutions that define, structure, manage, and automate services for enterprise operations.",264,2004,1,1001-5000,6,IPO,"Mar 20, 2012","$10,980,000",Private Equity,"$83,703,892"
Instagram,https://www.crunchbase.com/organization/instagram,"Content and Publishing, Internet Services, Media and Entertainment, Mobile","Menlo Park, California, United States","Instagram is a free photo sharing application that enables its users to take photos, apply filters, and share them on social networks.",271,"Oct 6, 2010",2,251-500,3,M&A,"Apr 5, 2012","$50,000,000",Series B,"$57,500,000"
Ele.me,https://www.crunchbase.com/organization/ele-me,"Commerce and Shopping, Food and Beverage, Transportation","Shanghai, Shanghai, China",Ele.me.com is a website that offers customer-to-customer meal ordering services.,284,"Sep 1, 2008",2,11-50,8,M&A,"Jun 5, 2017","$1,000,000,000",Undisclosed,"$3,335,000,000"
Trulia,https://www.crunchbase.com/organization/trulia,"Apps, Commerce and Shopping, Internet Services, Mobile, Real Estate, Software","San Francisco, California, United States",Trulia is an online real estate platform providing information on properties and real estate professionals for home buyers and more.,297,"May 1, 2004",2,501-1000,5,M&A,"Dec 18, 2013","$222,300,000",Post-IPO Debt,"$255,100,000"
YouTube,https://www.crunchbase.com/organization/youtube,"Internet Services, Media and Entertainment, Music and Audio, Video","San Bruno, California, United States","YouTube, a video-sharing platform, allows users to upload, view, and share videos, including movie and music clips and amateur content.",327,"Feb 1, 2005",5,1001-5000,2,M&A,"Mar 30, 2006","$8,000,000",Series B,"$11,500,000"
Reddit,https://www.crunchbase.com/organization/reddit,"Content and Publishing, Internet Services, Media and Entertainment","San Francisco, California, United States","Reddit is an online platform, enabling its users to submit links, create content, and have discussions about the topics of their interest.",388,2005,2,101-250,3,M&A,"Aug 1, 2017","$200,000,000",Series C,"$250,100,000"
Skyscanner,https://www.crunchbase.com/organization/skyscanner,"Internet Services, Transportation, Travel and Tourism","Edinburgh, Edinburgh, City of, United Kingdom","Skyscanner is a global travel search site and app providing free comparisons for flights, hotel and car rental.",516,"May 16, 2003",3,501-1000,3,M&A,"Jan 11, 2016","$192,000,000",Venture - Series Unknown,"$197,207,790"
MongoDB,https://www.crunchbase.com/organization/mongodb-inc,"Data and Analytics, Internet Services, Software","New York, New York, United States",MongoDB is a next-generation database that helps businesses transform their industries by harnessing the power of data.,648,"Nov 1, 2007",3,501-1000,11,IPO,"Mar 6, 2018",,Post-IPO Equity,"$311,000,000"
RingCentral,https://www.crunchbase.com/organization/ringcentral,"Information Technology, Internet Services, Messaging and Telecommunications, Mobile, Software","Belmont, California, United States","RingCentral, a global distributor of cloud-unified communications and collaboration solutions, offers its users with technology services.",752,2003,2,1001-5000,6,IPO,"Dec 6, 2012","$1,875,000",Undisclosed,"$45,875,000"
MobileIron,https://www.crunchbase.com/organization/mobileiron,"Apps, Consumer Electronics, Hardware, Mobile, Privacy and Security, Software","Mountain View, California, United States",MobileIron manufactures Mobile Device Management solutions (MDM) and Enterprise Mobility Management (EMM) for mobile devices.,779,"May 1, 2007",2,251-500,8,IPO,"Oct 10, 2013","$48,000,000",Series F,"$163,974,696"
Qihoo 360 Technology,https://www.crunchbase.com/organization/qihoo-360-technology,"Internet Services, Mobile","Beijing, Beijing, China","Qihoo 360 Technology offers internet and mobile security products, online advertising and internet value-added services in China.",798,"Jun 1, 2005",2,11-50,5,IPO,"Sep 28, 2016","$30,000,000",Post-IPO Equity,"$645,000,000"
Meraki,https://www.crunchbase.com/organization/meraki,"Hardware, Information Technology, Internet Services, Mobile, Privacy and Security, Software","San Francisco, California, United States","Meraki provides Cisco-based, cloud-controlled Wi-Fi and routing and security products for distributed wired and wireless networks.",906,"Apr 1, 2006",3,,5,M&A,"Jul 10, 2012","$40,000,000",Series D,"$80,000,000"
Viptela,https://www.crunchbase.com/organization/viptela,"Hardware, Information Technology, Software","San Jose, California, United States",Viptela provides technology for businesses to virtualize their Wide Area Networks.,"1,077","Feb 1, 2012",2,101-250,4,M&A,"May 25, 2016","$75,000,000",Series C,"$108,500,000"
Huami,https://www.crunchbase.com/organization/huami,"Community and Lifestyle, Consumer Electronics, Hardware, Health Care, Internet Services, Sports","Beijing, Beijing, China",Huami is the largest wearable device company worldwide with over 50 million units sold today and 17.1% global marketshare. ,"1,141",Jan 2014,,501-1000,1,IPO,"Dec 5, 2014","$35,000,000",Series B,"$35,000,000"
Birst,https://www.crunchbase.com/organization/birst,"Data and Analytics, Software","San Francisco, California, United States",Birst is a global leader in cloud business intelligence and analytics for the enterprise.,"1,144",2004,2,251-500,3,M&A,"Mar 17, 2015","$65,000,000",Series F,"$129,000,000"
6Wunderkinder / Wunderlist,https://www.crunchbase.com/organization/6wunderkinder,"Apps, Internet Services, Mobile, Platforms, Software","Germany, Europe",6Wunderkinder is the maker of Wunderlist mobile application which is daily life organization software.,"1,222","Sep 1, 2010",6,,5,M&A,"Nov 12, 2013","$30,000,000",Series B,"$34,983,889"
FreeCharge,https://www.crunchbase.com/organization/freecharge,"Commerce and Shopping, Financial Services, Internet Services, Payments","Mumbai, Maharashtra, India",FreeCharge is a service that gives users coupons for charging their mobile plans.,"1,240",2010,2,251-500,6,M&A,"May 18, 2017","₹220,000,000",Series D,"$177,639,872"
WuXi NextCODE,https://www.crunchbase.com/organization/nextcode-health,"Biotechnology, Data and Analytics, Health Care, Science and Engineering","Cambridge, Massachusetts, United States",WuXi NextCODE is a genomic information company using sequence data to improve health for people around the world.,"1,297",2013,2,11-50,3,M&A,"Sep 5, 2017","$165,000,000",Series B,"$255,000,000"
Sunrun,https://www.crunchbase.com/organization/sunrun,"Energy, Natural Resources, Sustainability","San Francisco, California, United States",Sunrun is a United States-based provider of residential solar electricity and solar power services for homeowners.,"1,363",2007,3,1001-5000,15,IPO,"Oct 26, 2017","$303,000,000",Post-IPO Debt,"$1,372,600,000"
Okta,https://www.crunchbase.com/organization/okta,"Information Technology, Privacy and Security, Software","San Francisco, California, United States",Okta is a foundation for secure connections between people and technology.,"1,440","Jan 1, 2009",2,501-1000,7,IPO,"Sep 8, 2015","$75,000,000",Series F,"$229,250,000"
Humble Bundle,https://www.crunchbase.com/organization/humble-bundle,"Content and Publishing, Gaming, Media and Entertainment","San Francisco, California, United States",Humble Bundle is an online digital distribution platform that contributes part of its sales value to charities.,"1,508","Mar 1, 2010",2,51-100,1,M&A,"Apr 21, 2011","$4,480,000",Venture - Series Unknown,"$4,480,000"
Natera,https://www.crunchbase.com/organization/natera,"Biotechnology, Health Care, Science and Engineering","San Carlos, California, United States",Natera develops tests ranging from pre-implantation genetic diagnosis for IVF to advances in the field of non-invasive prenatal testing.,"1,656",2004,1,251-500,7,IPO,"Apr 6, 2015","$55,500,000",Series F,"$154,100,000"
PayPal,https://www.crunchbase.com/organization/paypal,"Commerce and Shopping, Financial Services, Internet Services, Mobile, Payments, Software","San Jose, California, United States",PayPal provides online payment solutions to its users worldwide.,"1,702","Dec 1, 1998",4,10001+,5,M&A,"Feb 16, 2001","$90,000,000",Series D,"$217,000,000"
OpenDNS,https://www.crunchbase.com/organization/opendns,"Internet Services, Privacy and Security","San Francisco, California, United States","OpenDNS provides enterprise security to more than 65 million daily users, and 10,000+ paying businesses. It was acquired by Cisco for $635m.","1,723","Nov 1, 2005",1,501-1000,5,M&A,"May 14, 2014","$35,000,000",Series C,"$54,040,000"
Skyhigh Networks,https://www.crunchbase.com/organization/skyhigh-networks,"Financial Services, Information Technology, Privacy and Security, Software","Campbell, California, United States","Manage shadow IT and securely enable sanctioned IT with unparalleled cloud visibility, threat detection, and policy enforcement.","1,769",2011,3,251-500,4,M&A,"Sep 25, 2016","$40,000,000",Series D,"$106,500,000"
Inkling Systems,https://www.crunchbase.com/organization/inkling-inc,"Content and Publishing, Education, Media and Entertainment, Mobile, Platforms, Software","San Francisco, California, United States","Inkling is a single system that lets teams create great content, share it on any digital device, and measure how it's being used.","1,793","Aug 1, 2009",3,101-250,9,M&A,"Dec 13, 2016","$25,000,000",Series E,"$102,124,999"
Nimble Storage,https://www.crunchbase.com/organization/nimble-storage,"Artificial Intelligence, Consumer Electronics, Data and Analytics, Hardware, Software","San Jose, California, United States","Nimble Storage is the leader in predictive cloud infrastructure which gives businesses the fastest, most reliable access to data.","1,922",2008,2,1001-5000,5,M&A,"Sep 10, 2012","$40,700,000",Series E,"$98,751,230"
WhatsApp,https://www.crunchbase.com/organization/whatsapp,"Information Technology, Internet Services, Messaging and Telecommunications, Mobile, Platforms, Software","Santa Clara, California, United States","WhatsApp is a proprietary, cross-platform, free instant messaging subscription service for smartphones.","2,099",2009,2,5001-10000,3,M&A,"Jul 1, 2013","$52,000,000",Series B,"$60,250,000"
Appirio,https://www.crunchbase.com/organization/appirio,"Internet Services, Mobile, Software","San Francisco, California, United States","Appirio is an IT technology company providing mobile, social, crowdsourcing and cloud technology services.","2,142","Sep 9, 2006",2,1001-5000,6,M&A,"Apr 16, 2015","$35,000,000",Series E,"$111,700,000"
Onavo,https://www.crunchbase.com/organization/onavo,"Financial Services, Internet Services, Mobile","Palo Alto, California, United States","Onavo develops mobile applications that assist its users in managing their finance, entertainment, social networking, and privacy.","2,317",2010,2,11-50,2,M&A,"Jan 24, 2012","$10,000,000",Series B,"$13,000,000"
Stemcentrx,https://www.crunchbase.com/organization/stem-centrx,"Biotechnology, Health Care, Science and Engineering","South San Francisco, California, United States",Stemcentrx develops therapies and diagnostics for cancer patients.,"2,351",2008,2,51-100,4,M&A,"Sep 9, 2015","$250,000,000",Series G,"$515,526,990"
Jive Software,https://www.crunchbase.com/organization/jive-software,"Internet Services, Media and Entertainment, Software","Palo Alto, California, United States",Jive is an independent social business software vendor.,"2,426","Feb 7, 2001",3,501-1000,8,M&A,"May 3, 2013","$7,274,794",Debt Financing,"$69,526,794"
Tumblr Inc.,https://www.crunchbase.com/organization/tumblr,"Content and Publishing, Internet Services, Media and Entertainment","New York, New York, United States","Tumblr, a microblogging platform and social networking website, enables users to post multimedia and other content to a short-form blog.","2,437","Feb 1, 2007",1,251-500,7,M&A,"Mar 23, 2012",,Series A,"$125,250,000"
Assurex Health,https://www.crunchbase.com/organization/assurerx-health,"Biotechnology, Health Care, Science and Engineering","Mason, Ohio, United States",Assurex Health offers a medicine platform technology for clinicians to determine drugs for patients with chronic medical conditions.,"2,669",2006,1,101-250,10,M&A,"Dec 21, 2015","$15,000,000",Series D,"$119,680,725"
Achievers,https://www.crunchbase.com/organization/achievers,Software,"San Francisco, California, United States","Achievers is a recognition and rewards software that increases employee engagement, retention and performance.","2,843",1995,1,251-500,5,M&A,"Sep 28, 2011","$24,500,000",Series C,"$52,392,495"
FutureAdvisor,https://www.crunchbase.com/organization/futureadvisor,Financial Services,"San Francisco, California, United States","FutureAdvisor is a registered investment advisory firm that manages a user's existing IRA, 401(k), and other investment accounts.","2,886",2010,4,11-50,4,M&A,"May 21, 2014","$15,500,000",Series B,"$21,500,000"
Yodlee,https://www.crunchbase.com/organization/yodlee,"Financial Services, Lending and Investments, Mobile, Software","Redwood City, California, United States","Yodlee is a provider of financial applications that offers solutions for banks, entrepreneurs and individuals.","3,324",1999,3,501-1000,5,M&A,"May 9, 2012","$8,309,780",Venture - Series Unknown,"$141,309,780"
CoreOS,https://www.crunchbase.com/organization/coreos,"Internet Services, Platforms, Privacy and Security, Software","San Francisco, California, United States",CoreOS builds industry-leading infrastructure software to securely run application containers anywhere.,"3,609",2013,2,51-100,5,M&A,"May 9, 2016","$28,000,000",Series B,"$48,000,000"
Ruckus Wireless,https://www.crunchbase.com/organization/ruckus-wireless,"Content and Publishing, Hardware, Media and Entertainment, Mobile, Video","Sunnyvale, California, United States","Produced high-throughput wireless access points, which could be used inside the home to stream HD video.","3,692","Jun 1, 2004",3,501-1000,8,M&A,"Feb 27, 2012","$21,700,000",Series G,"$84,946,214"
Jasper @ Cisco,https://www.crunchbase.com/organization/jasper-wireless,"Internet Services, Mobile, Software","Santa Clara, California, United States","Jasper, now part of Cisco, powers the Internet of Things (IoT) initiatives for 5,000 enterprises across 100+ service provider networks.","3,756",2004,3,251-500,7,M&A,"Apr 1, 2015",,Secondary Market,"$205,300,000"
Flipagram,https://www.crunchbase.com/organization/flipagram,"Content and Publishing, Internet Services, Media and Entertainment, Music and Audio, Video","Los Angeles, California, United States","Flipagram allows users to create and share compelling, visual stories with the music they love.","3,853","Oct 16, 2013",4,51-100,1,M&A,"Jul 16, 2015","$70,000,000",Series B,"$70,000,000"
AdMob,https://www.crunchbase.com/organization/admob,"Advertising, Apps, Mobile, Sales and Marketing, Software","Mountain View, California, United States",AdMob is a mobile advertising network that helps app developers monetize and promote their mobile and tablet apps with ads.,"3,891","May 28, 2008",1,,4,M&A,"Jan 29, 2009","$12,500,000",Series C,"$46,800,000"
Runnr,https://www.crunchbase.com/organization/roadrunnr,"Administrative Services, Food and Beverage, Transportation","Bangalore City, Karnataka, India",Runnr is intending to build Uber-for-food delivery in the long run.,"3,965",2015,6,101-250,3,M&A,"Aug 29, 2016","$7,000,000",Venture - Series Unknown,"$28,000,000"
Songkick,https://www.crunchbase.com/organization/songkick,"Data and Analytics, Events, Media and Entertainment, Music and Audio, Software","Brooklyn, New York, United States",Songkick is a ticketing vendor and online database of concerts for music enthusiasts.,"3,998",2007,5,51-100,8,M&A,"Aug 25, 2016","$15,000,000",Venture - Series Unknown,"$60,815,000"
nearbuy,https://www.crunchbase.com/organization/groupon-india,"Apps, Commerce and Shopping, Food and Beverage, Internet Services, Software, Travel and Tourism","New Delhi, Delhi, India","NearBuy lets you discover the best things to do, buy and avail near you.","4,099",2011,1,501-1000,2,M&A,"Sep 13, 2016","₹150,000,000",Debt Financing,"$22,237,274"
Quantenna Communications,https://www.crunchbase.com/organization/quantenna,"Hardware, Mobile, Science and Engineering, Software","San Jose, California, United States",Quantenna is a global leader and innovator of leading-edge performance Wi-Fi solutions.,"4,117",2006,3,251-500,12,IPO,"Dec 17, 2014","$22,000,000",Venture - Series Unknown,"$186,133,707"
Wavefront,https://www.crunchbase.com/organization/wavefront,"Consumer Electronics, Data and Analytics, Design, Hardware, Information Technology, Internet Services, Software","Palo Alto, California, United States","Wavefront is a hosted platform for ingesting, storing, visualizing and alerting on time series data.","4,155","Jan 2, 2013",3,11-50,3,M&A,"Oct 24, 2016","$52,000,000",Series B,"$65,500,000"
Barracuda Networks,https://www.crunchbase.com/organization/barracuda-networks,"Hardware, Information Technology, Internet Services, Privacy and Security, Software","Campbell, California, United States","Barracuda is a provider of powerful, easy-to-use, affordable IT solutions for security and storage.","4,279",2003,3,501-1000,4,M&A,"May 18, 2017","$750,000",Grant,"$46,360,000"
Zarget,https://www.crunchbase.com/organization/zarget,"Data and Analytics, Internet Services, Sales and Marketing, Software","Walnut, California, United States",Zarget is a SaaS-based conversion rate optimization company that provides comprehensive solutions for small- and medium-sized businesses.,"4,406","Feb 18, 2015",3,11-50,2,M&A,"Nov 2, 2016","$6,000,000",Series A,"$7,500,000"
Keen IO,https://www.crunchbase.com/organization/keen,"Data and Analytics, Internet Services, Software","San Francisco, California, United States",Keen IO is a custom analytics back-end for developers. Build and embed analytics for your teams and your customers.,"4,460","Dec 1, 2011",3,11-50,5,M&A,"Jun 29, 2016","$14,700,000",Series B,"$29,218,000"
Aruba Networks,https://www.crunchbase.com/organization/aruba-networks,"Hardware, Mobile, Software","Sunnyvale, California, United States","Aruba Networks provides access management, network infrastructure and mobility application solutions for mobile enterprise networks.","4,595","Jan 1, 2002",2,5001-10000,5,M&A,"Oct 24, 2005","$25,000,000",Series D,"$96,500,000"
VarageSale,https://www.crunchbase.com/organization/varagesale,"Commerce and Shopping, Internet Services","Toronto, Ontario, Canada",VarageSale is a Toronto-based online marketplace,"4,623",2012,2,51-100,5,M&A,"Apr 2, 2015","$34,000,000",Series B,"$59,300,000"
Tuniu,https://www.crunchbase.com/organization/tuniu-com,"Community and Lifestyle, Internet Services, Travel and Tourism","Nanjing, Jiangsu, China","Tuniu (Nasdaq:TOUR) is a online leisure travel company in China that offers a large selection of packaged tours, including.","4,831","Dec 1, 2006",2,10001+,7,IPO,"Jan 21, 2016","$500,000,000",Post-IPO Equity,"$1,271,000,000"
Bubbly,https://www.crunchbase.com/organization/bubble-motion,"Commerce and Shopping, Information Technology, Internet Services, Media and Entertainment, Messaging and Telecommunications, Mobile, Music and Audio","Singapore, Central Region, Singapore",Bubbly is a smartphone app that allows its users to create their own voice blog in real-time and share their audio updates with other users.,"4,843",2005,1,51-100,5,M&A,"Aug 23, 2012","$5,000,000",Series E,"$40,000,000"
TinyOwl Technology,https://www.crunchbase.com/organization/tinyowl-technology,"Apps, Food and Beverage, Information Technology, Mobile, Software","Mumbai, Maharashtra, India",TinyOwl Technology Pvt Ltd is producing a mobile food ordering app.,"4,859",2014,2,251-500,4,M&A,"Oct 30, 2015","$7,665,775",Series C,"$27,665,775"
Altiscale,https://www.crunchbase.com/organization/altiscale,"Consumer Electronics, Data and Analytics, Hardware, Software","Palo Alto, California, United States",Altiscale is a big data platform that operates through the cloud service.,"4,867",2012,,51-100,2,M&A,"Nov 26, 2014","$30,000,000",Series B,"$42,000,000"
ARMO BioSciences,https://www.crunchbase.com/organization/armo-biosciences,"Biotechnology, Health Care, Science and Engineering","Redwood City, California, United States",ARMO Biosciences is a biotechnology company that develops immune modulatory biologic therapeutics.,"5,103",2013,1,1-10,4,IPO,"Aug 29, 2017","$67,000,000",Series C,"$167,000,000"
Adallom,https://www.crunchbase.com/organization/adallom,"Internet Services, Privacy and Security, Software","Palo Alto, California, United States",Adallom makes it easy to secure data in any cloud application.,"5,146",2012,3,101-250,3,M&A,"Apr 14, 2015","$30,000,000",Series C,"$49,500,000"
Vipshop,https://www.crunchbase.com/organization/vipshop,Commerce and Shopping,"Guangzhou, Guangdong, China",Vipshop is a Chinese online discount retailer for brands.,"5,285","Aug 1, 2008",1,5001-10000,2,IPO,"Dec 18, 2017","$863,000,000",Post-IPO Equity,"$883,000,000"
Paper Boat,https://www.crunchbase.com/organization/hector-beverages,"Consumer Goods, Food and Beverage, Sports, Sustainability","Haryana, Haryana, India","Hector Beverages brings healthy, tasty beverages to the Indian consumer.","5,319",2009,3,11-50,2,M&A,"Jul 6, 2015","$28,700,000",Series C,"$36,700,000"
JuMei.com,https://www.crunchbase.com/organization/jumei-com,"Commerce and Shopping, Consumer Goods","Beijing, Beijing, China",JuMei.com is a China-based online cosmetic shopping platform focused on make-up and skin-care brands.,"5,504",2009,1,51-100,3,IPO,"Feb 1, 2012",,Series B,"$10,000,000"
Just Dial,https://www.crunchbase.com/organization/just-dial,"Information Technology, Internet Services","Mumbai, Maharashtra, India",Just Dial is a local search service based in India catering to over 57 million unique users.,"5,545","Nov 14, 1997",1,5001-10000,3,IPO,"Jan 25, 2016","$18,000,000",Post-IPO Equity,"$85,000,000"
"Kiwi, Inc.",https://www.crunchbase.com/organization/kiwi-inc,"Gaming, Mobile, Platforms, Software","Palo Alto, California, United States",Kiwi is a mobile entertainment company building mobile games and tools for the Android developer ecosystem.,"5,997","Aug 1, 2011",2,51-100,2,M&A,"Aug 6, 2014","$15,000,000",Series B,"$21,000,000"
Green Dot Corporation,https://www.crunchbase.com/organization/green-dot-corporation,Financial Services,"Pasadena, California, United States",Green Dot Corporation provides retail-based financial services for businesses and money management solutions for consumers based in the U.S.,"6,041",1999,2,1001-5000,5,IPO,"Nov 1, 2009",,Private Equity,"$33,000,000"
ZAI Lab,https://www.crunchbase.com/organization/zai-lab,"Health Care, Information Technology","Shanghai, Shanghai, China",Zai is built on a vision that China would be the next destination for the pharmaceutical and healthcare industry,"6,103",2013,1,11-50,4,IPO,"Jun 28, 2017","$30,000,000",Series C,"$160,000,000"
Springpath,https://www.crunchbase.com/organization/springpath-inc,"Hardware, Information Technology, Software","Sunnyvale, California, United States",Springpath is hyperconvergence software that turns standard servers of choice into a single pool of compute and storage resources.,"6,208","May 3, 2012",2,51-100,1,M&A,"Feb 18, 2015","$34,000,000",Venture - Series Unknown,"$34,000,000"
Ravello Systems,https://www.crunchbase.com/organization/ravello-systems,"Hardware, Information Technology, Internet Services, Software","Palo Alto, California, United States",A cloud service powered by nested virtualization. Enterprises run VMware or KVM workloads on AWS or Google without modifications.,"6,369",2011,2,11-50,4,M&A,"Jan 20, 2015","$28,000,000",Series C,"$54,000,000"
KAYAK,https://www.crunchbase.com/organization/kayak,"Community and Lifestyle, Internet Services, Travel and Tourism","Stamford, Connecticut, United States",Our mission at KAYAK is to helps millions of travelers around the globe make confident travel decisions. ,"6,431","Jan 14, 2004",2,101-250,7,M&A,"Aug 17, 2012","$6,000,000",Venture - Series Unknown,"$229,000,000"
PPDai,https://www.crunchbase.com/organization/ppdai,Financial Services,"Shanghai, Shanghai, China",PPDAI is an online platform for peer-to-peer small unsecured loans in China.,"6,664","Aug 1, 2007",1,1-10,4,IPO,"Apr 3, 2015","$46,700,000",Series C,"$66,500,000"
Declaraciones ISLR Venezuela,https://www.crunchbase.com/organization/kontera,"Advertising, Data and Analytics, Sales and Marketing","Caracas, NA - Venezuela, Venezuela","Kontera provides content marketing, social marketing, and actionable analytics to enable brands to optimize results.","6,676","Feb 24, 2018",2,1-10,5,M&A,"Jul 25, 2013","$2,000,000",Series D,"$36,140,000"
Plain Vanilla,https://www.crunchbase.com/organization/plain-vanilla,"Apps, Gaming, Mobile, Platforms, Software","Reykjavík, Gullbringusysla, Iceland",Creator of the popular mobile game Quizup,"6,715","Oct 1, 2010",1,11-50,6,M&A,"Jan 21, 2016","$7,500,000",Convertible Note,"$40,067,827"
Loopt,https://www.crunchbase.com/organization/loopt,"Apps, Data and Analytics, Internet Services, Mobile, Navigation and Mapping, Software","Mountain View, California, United States",Loopt is a mobile application and website that connects people to their community.,"6,765",2005,3,11-50,5,M&A,"May 3, 2010","$15,000,000",Series C,"$39,105,997"
Xoom Corporation,https://www.crunchbase.com/organization/xoom,"Commerce and Shopping, Financial Services, Payments","San Francisco, California, United States",Xoom Corporation is a digital money transfer company that allows users to securely transfer money online.,"6,872","Mar 1, 2001",2,101-250,7,M&A,"Nov 22, 2011","$25,000,000",Series F,"$104,349,000"
Grabhouse,https://www.crunchbase.com/organization/grabhouse,"Commerce and Shopping, Real Estate","Mumbai, Maharashtra, India",A listing and transactional website for finding rental accommodations.,"6,876","Mar 1, 2013",2,101-250,4,M&A,"Oct 8, 2015","$10,000,000",Series B,"$13,000,000"
Elevate Credit,https://www.crunchbase.com/organization/elevate-2,"Financial Services, Lending and Investments","Fort Worth, Texas, United States",Their innovative online credit solutions provide immediate relief to customers today and help them build a brighter financial future.,"6,966",2005,2,251-500,4,IPO,"Jul 26, 2016","$545,000,000",Debt Financing,"$615,000,000"
Taykey,https://www.crunchbase.com/organization/taykey,"Advertising, Sales and Marketing","New York, New York, United States",Taykey gives marketers real-time tools to automatically target advertising and gather insights based on what's trending for their audience.,"7,033",2009,2,51-100,5,M&A,"Jan 20, 2015","$15,000,000",Series D,"$32,000,000"
TutorVista.com,https://www.crunchbase.com/organization/tutorvista-com,"Education, Internet Services, Software","Bangalore, Karnataka, India","TutorVista.com is engaged in the education services industry, providing online tutoring services for students.","7,053","Sep 1, 2005",3,501-1000,6,M&A,"Sep 24, 2010","$50,000,000",Series D,"$102,750,000"
Citrus Payment Solutions,https://www.crunchbase.com/organization/citrus,"Financial Services, Lending and Investments, Mobile, Payments, Software","Mumbai, Maharashtra, India",Citrus Payment Solutions provides consumer payments and mobile banking services.,"7,159",2011,3,251-500,3,M&A,"Oct 19, 2015","$25,000,000",Series C,"$32,500,000"
EndoChoice,https://www.crunchbase.com/organization/endochoice,"Biotechnology, Health Care, Science and Engineering","Alpharetta, Georgia, United States","EndoChoice, a platform-technology firm, provides devices, diagnostics and infection control for treating gastrointestinal diseases.","7,385",2008,2,251-500,6,M&A,"Mar 5, 2015","$57,000,000",Series D,"$115,489,918"
A123 Systems,https://www.crunchbase.com/organization/a123systems,"Energy, Sustainability, Transportation","Westborough, Massachusetts, United States","A123 Systems is a manufacturer of lithium-ion batteries and battery systems for the transportation, electric grid, and commercial markets.","7,805",2001,4,1001-5000,9,IPO,"Jun 7, 2012","$50,000,000",Post-IPO Equity,"$507,860,000"
Flite,https://www.crunchbase.com/organization/flite,"Advertising, Sales and Marketing, Software","San Francisco, California, United States",Flite builds innovative technology to power creativity.,"7,877",2006,1,51-100,6,M&A,"Jul 23, 2015","$2,999,993",Venture - Series Unknown,"$55,499,990"
TokBox,https://www.crunchbase.com/organization/tokbox,"Hardware, Information Technology, Internet Services, Messaging and Telecommunications, Software","San Francisco, California, United States",TokBox offers an API platform that allows users to add group video chat features to their website or mobile app.,"7,910","May 1, 2007",2,101-250,3,M&A,"Nov 15, 2010","$12,000,000",Series C,"$26,000,000"
Despegar.com,https://www.crunchbase.com/organization/despegar,"Community and Lifestyle, Travel and Tourism","Buenos Aires, Distrito Federal, Argentina","Despegar.com is an online B2C travel agency enabling people to research travel plans, and book transport and accommodation.","7,970",1999,3,5001-10000,2,IPO,"Mar 21, 2012","$21,000,000",Venture - Series Unknown,"$31,500,000"
vip.com,https://www.crunchbase.com/organization/vip-com,"Clothing and Apparel, Commerce and Shopping, Design","Guangzhou, Guangdong, China","vip.com is a Chinese e-commerce site that lists special offers of various products such as clothing, cosmetics, accessories, and more.","8,026",2008,2,51-100,3,IPO,"Apr 1, 2011","$41,240,000",Series B,"$70,430,000"
FREECULTR,https://www.crunchbase.com/organization/freecultr,"Clothing and Apparel, Commerce and Shopping, Design, Manufacturing","Haryana, Haryana, India","FREECULTR offers online, hassle-free apparel and accessory shopping experiences for both men and women.","8,787",2011,1,11-50,2,M&A,"Jul 17, 2012","$9,000,000",Series B,"$13,000,000"
51Talk,https://www.crunchbase.com/organization/51talk,"Education, Software","Beijing, Beijing, China",51Talk is an online english school providing one-to-one foreign language teaching services.,"9,359",2011,2,501-1000,4,IPO,"Oct 23, 2014","$55,000,000",Series C,"$65,100,000"
Shopular,https://www.crunchbase.com/organization/shopularapp,"Commerce and Shopping, Mobile","Redwood City, California, United States",Shopular is changing the way people use their mobile phones to shop. The innovative mobile app notifies users of personalized deals.,"9,498","May 1, 2011",2,1-10,3,M&A,"Feb 10, 2016","$7,197,710",Venture - Series Unknown,"$13,597,710"
Sosh,https://www.crunchbase.com/organization/sosh,"Apps, Internet Services, Media and Entertainment, Mobile, Software","San Francisco, California, United States","Sosh is a social mobile app that enables members to discover local activities, events and places.","9,556",2010,3,11-50,4,M&A,"Aug 13, 2013","$10,100,000",Series B,"$16,254,000"
Meilishuo,https://www.crunchbase.com/organization/meilishuo,"Clothing and Apparel, Commerce and Shopping, Design","Beijing, Beijing, China",Meilishuo.com is a Chinese Pinterest-like website that enables women to find personalized clothing and skin care products.,"10,174","Nov 1, 2009",1,5001-10000,6,M&A,"Aug 12, 2014",,Series E,"$40,000,000"
adBrite,https://www.crunchbase.com/organization/adbrite,"Advertising, Content and Publishing, Media and Entertainment, Sales and Marketing, Video","San Francisco, California, United States","adBrite, an advertising exchange platform, provides site-level transparency, display, and video capabilities for advertisers and publishers.","10,182",2003,2,51-100,4,M&A,"May 1, 2012","$5,400,000",Series D,"$40,400,000"
Virident Systems,https://www.crunchbase.com/organization/virident-systems,"Consumer Electronics, Hardware, Software","Milpitas, California, United States",Virident Systems is a computer company designing and building enterprise-class data storage devices.,"10,205",2006,3,,8,M&A,"Jan 28, 2013","$40,000,000",Venture - Series Unknown,"$142,332,152"
Cisco,https://www.crunchbase.com/organization/cisco,"Hardware, Software","San Jose, California, United States","Cisco develops, manufactures, and sells networking hardware, telecommunications equipment, and other high-technology services and products.","10,253","Dec 1, 1984",,10001+,1,IPO,"Jan 1, 1987","$2,500,000",Series A,"$2,500,000"
Roambi,https://www.crunchbase.com/organization/mellmo,"Data and Analytics, Mobile, Software","Solana Beach, California, United States",Roambi develops mobile business applications that enable users to access big datasets in accessible mobile formats.,"10,402",2008,3,51-100,4,M&A,"Sep 15, 2011","$30,000,000",Series A,"$48,349,999"
Sencha,https://www.crunchbase.com/organization/sencha,"Mobile, Software","Redwood City, California, United States",Sencha offers a complete line of products for HTML5-based app development and deployment tailored for both desktop and mobile experiences.,"10,623","Apr 1, 2007",2,101-250,2,M&A,"Oct 24, 2011","$15,000,000",Series B,"$29,000,000"
Metanautix,https://www.crunchbase.com/organization/metanautix,"Data and Analytics, Internet Services","Palo Alto, California, United States",Metanautix helps large enterprises navigate oceans of data.,"10,785",2012,1,11-50,2,M&A,"Jul 14, 2015",,Venture - Series Unknown,"$7,000,000"
Ourpalm,https://www.crunchbase.com/organization/ourpalm,"Gaming, Mobile, Software","Beijing, Beijing, China","Beijing Zhangqu Technology Company of Limited Liability is engaged in the development, issue, and operation of moving target games.","10,952","Aug 1, 2004",1,5001-10000,4,IPO,"Jun 20, 2017","CN¥489,700,000",Undisclosed,"CN¥518,380,000"
Bump Technologies,https://www.crunchbase.com/organization/bump-technologies,"Apps, Hardware, Mobile, Software","Mountain View, California, United States",Bump Technologies builds mobile apps and APIs that allow two smartphones to identify one another and connect by being bumped together.,"11,012","Oct 13, 2008",3,11-50,3,M&A,"Jan 10, 2011","$16,500,000",Series B,"$19,900,000"
Electronic Arts,https://www.crunchbase.com/organization/electronicarts,"Consumer Electronics, Gaming, Hardware, Software","Redwood City, California, United States","Electronic Arts delivers games, content, and online services for internet-connected consoles, PCs, mobile phones, and tablets.","11,583","Jan 1, 1982",2,5001-10000,2,IPO,"Dec 1, 1982","$2,000,000",Series A,"$2,200,000"
Cue,https://www.crunchbase.com/organization/cue,"Apps, Internet Services, Mobile, Software","San Francisco, California, United States",Cue is a web and mobile app that pulls information from the users’ online accounts to present an overview of their day.,"12,107",2010,1,11-50,3,M&A,"Mar 14, 2011","$4,000,000",Series A,"$4,715,000"
Calm.io,https://www.crunchbase.com/organization/calm-io,"Hardware, Information Technology, Internet Services, Software","San Francisco, California, United States","Calm.io is a DevOps automation platform for modern environments comprised of containers, clouds, and microservices.","12,278",2013,1,11-50,2,M&A,"Jun 16, 2016",,Non-equity Assistance,"$4,000,000"
Rounds,https://www.crunchbase.com/organization/6rounds,"Information Technology, Internet Services, Messaging and Telecommunications","Tel Aviv, Tel Aviv, Israel",Rounds is a live social platform that combines live communication and social activities and allows friends to experience life together.,"12,392",2008,2,11-50,6,M&A,"Jan 14, 2015","$12,000,000",Series B,"$22,000,000"
Seculert,https://www.crunchbase.com/organization/seculert,"Information Technology, Privacy and Security, Software","Petah Tiqva, HaMerkaz, Israel",Seculert is a cloud-based solution that provides protection from advanced persistent threat (APT) and malware.,"12,515",2010,3,11-50,3,M&A,"Jul 8, 2013","$10,000,000",Series B,"$15,850,000"
Aster Data Systems,https://www.crunchbase.com/organization/aster-data-systems,"Data and Analytics, Software","San Carlos, California, United States",Aster Data provides big data management and analysis solutions for businesses that handle data-driven applications.,"12,626","Jul 1, 2005",3,11-50,4,M&A,"Sep 22, 2010","$30,000,000",Series C,"$53,000,000"
eMeter,https://www.crunchbase.com/organization/emeter,"Energy, Software, Sustainability","San Mateo, California, United States",eMeter provides a portfolio of energy efficiency software and integration services.,"12,831",1999,2,51-100,6,M&A,"Jul 8, 2010","$12,500,000",Series G,"$71,900,834"
IMImobile,https://www.crunchbase.com/organization/imimobile,"Advertising, Information Technology, Mobile","London, England, United Kingdom",IMImobile provides converged mobile technology platforms and content services to mobile operators and media companies around the world.,"12,916",1999,2,251-500,3,IPO,"Nov 13, 2009","$13,000,000",Venture - Series Unknown,"$26,000,000"
NuvoEx,https://www.crunchbase.com/organization/nuvo-ex,"Commerce and Shopping, Transportation","Gurgaon, Haryana, India","NuvoEx is a niche logistics services company, focused on solving the reverse flow problems in the Indian ecommerce industry.","13,053","Sep 22, 2013",2,1001-5000,4,M&A,"Dec 21, 2015","$4,000,000",Series B,"$51,200,000"
Tutorspree,https://www.crunchbase.com/organization/tutorspree,"Commerce and Shopping, Education, Software","New York, New York, United States",Tutorspree is an online platform that offers web based tuition services for the U.S students on various subjects.,"13,411","Sep 1, 2010",3,51-100,2,M&A,"Feb 18, 2013","$800,000",Venture - Series Unknown,"$1,800,000"
CREO,https://www.crunchbase.com/organization/creo-tech,"Mobile, Platforms, Software","Bengaluru, Karnataka, India",CREO is on a mission to build software that empowers every device to deliver new experiences every month.,"13,696",2014,2,51-100,1,M&A,"Jan 21, 2016","$3,000,000",Seed,"$3,000,000"
Ujjivan Financial Services,https://www.crunchbase.com/organization/ujjivan-microfinance,Financial Services,"Bangalore, Karnataka, India",Provide full range of financial services to the economically active poor to build better lives.,"13,878",2005,1,1001-5000,4,IPO,"Nov 11, 2017","₹2,150,000,000",Private Equity,"$162,207,711"
StrongView,https://www.crunchbase.com/organization/strongmail,"Information Technology, Internet Services, Messaging and Telecommunications, Mobile, Sales and Marketing, Software","Redwood City, California, United States","A leader in email and cross-channel marketing solutions, StrongView is reinventing customer relationship marketing through customer context.","13,926",2002,2,251-500,6,M&A,"Jul 13, 2009","$7,600,000",Series D,"$38,100,000"
MoboTap,https://www.crunchbase.com/organization/mobotap,"Apps, Internet Services, Mobile, Software","San Francisco, California, United States",MoboTap is a mobile technology developer engaged in the development of mobile applications and services.,"14,001","Mar 1, 2010",1,501-1000,2,M&A,"Sep 1, 2012",,Series B,"$10,000,000"
Telcare,https://www.crunchbase.com/organization/telcare,"Hardware, Health Care, Mobile","Bethesda, Maryland, United States",Telcare develops machine-2-machine cellular technology that wirelessly connects patients and physicians to cure chronic illnesses.,"14,172",2008,1,101-250,4,M&A,"Oct 21, 2014","$32,500,000",Series C,"$63,460,000"
Ganji,https://www.crunchbase.com/organization/ganji,"Commerce and Shopping, Information Technology, Internet Services","Beijing, Beijing, China","Ganji.com is a Chinese domestic classifieds website where users publish and exchange local information such as used cars, jobs, and more.","14,271",2005,1,51-100,4,M&A,"Aug 13, 2014","$200,000,000",Series E,"$298,000,000"
Navigenics,https://www.crunchbase.com/organization/navigenics,"Biotechnology, Community and Lifestyle, Health Care, Science and Engineering","Foster City, California, United States",Navigenics is a personal genomics company that uses genetic testing to help people determine their individual risk for health conditions.,"14,518",2006,2,11-50,2,M&A,"Feb 4, 2010","$18,000,000",Series C,"$43,000,000"
Duck Duck Moose,https://www.crunchbase.com/organization/duck-duck-moose,"Apps, Education, Mobile, Platforms, Software","Mountain View, California, United States",Duck Duck Moose (a subsidiary of Khan Academy) is an award-winning creator of educational mobile apps for children.,"14,724","Aug 1, 2008",3,11-50,1,M&A,"Sep 27, 2012","$7,000,000",Series A,"$7,000,000"
Stoke,https://www.crunchbase.com/organization/stoke,"Hardware, Mobile, Privacy and Security","Santa Clara, California, United States",Stoke develops carrier-class mobile broadband gateway solutions for the session-based mobile networks.,"14,889",2004,,51-100,11,M&A,"Feb 2, 2014","$2,658,139",Venture - Series Unknown,"$122,609,480"
Goodservice,https://www.crunchbase.com/organization/goodservice,Internet Services,"New Delhi, Delhi, India",Goodservice is a mobile application that takes care of all your needs over simple chat.,"15,865",2014,1,11-50,1,M&A,"Jun 23, 2015","$1,600,000",Seed,"$1,600,000"
Meebo,https://www.crunchbase.com/organization/meebo,"Information Technology, Internet Services, Messaging and Telecommunications, Software","Mountain View, California, United States",Meebo is a consumer internet company that offers a social media platform to develop products for enhancing user engagement across the web.,"16,206","Feb 1, 2005",3,101-250,5,M&A,"Dec 20, 2010","$27,500,000",Series D,"$70,000,000"
Sourcebits,https://www.crunchbase.com/organization/sourcebits-technologies,"Apps, Internet Services, Mobile, Platforms, Software","San Francisco, California, United States","Sourcebits is a digital innovation pioneer providing next-gen digital services, disruptive technologies and unique customer experiences.","16,362","Apr 27, 2006",1,1001-5000,1,M&A,"May 10, 2011","$10,000,000",Series A,"$10,000,000"
Click Security,https://www.crunchbase.com/organization/click-security,"Data and Analytics, Information Technology, Privacy and Security","Austin, Texas, United States","Click Security provides security analytics for enterprises, critical infrastructure, and government agencies to protect their networks.","16,366",2009,2,51-100,1,M&A,"Feb 25, 2013","$17,700,000",Series B,"$17,700,000"
NQ Mobile,https://www.crunchbase.com/organization/nqmobile,"Apps, Mobile, Platforms, Privacy and Security, Software","Dongcheng, Shaanxi, China",NQ Mobile Inc. is a leading global provider of consumer and enterprise mobile Internet services.,"16,983","Oct 4, 2005",1,501-1000,6,IPO,"Jul 9, 2013","$10,000,000",Post-IPO Equity,"$10,000,000"
Wilocity,https://www.crunchbase.com/organization/wilocity,"Hardware, Mobile, Software","Caesarea, Hefa, Israel",Wilocity develops multi-gigabit wireless chipsets based on WiGig 60GHz standards for the notebook and peripheral markets.,"17,157",2007,4,51-100,2,M&A,"Oct 17, 2013","$35,000,000",Series D,"$55,000,000"
DailyBooth,https://www.crunchbase.com/organization/dailybooth,"Content and Publishing, Media and Entertainment, Sales and Marketing","San Francisco, California, United States",DailyBooth was a photoblogging website that enabled its users to take photos of themselves.,"17,472","Mar 1, 2009",2,1-10,3,M&A,"Mar 8, 2011","$6,000,000",Series A,"$7,015,000"
Beequick,https://www.crunchbase.com/organization/beequick,"Commerce and Shopping, Community and Lifestyle, Internet Services","Beijing, Beijing, China",Beequick Beijing-based online community services O2O,"17,556","Jun 1, 2014",1,,3,M&A,"Sep 23, 2015","$70,000,000",Series C,"$110,000,000"
Color Labs Inc.,https://www.crunchbase.com/organization/color-labs,"Content and Publishing, Data and Analytics, Internet Services, Media and Entertainment, Mobile, Navigation and Mapping","Burlingame, California, United States","Color Labs aims to reinvent social interaction through Color, its mobile photo app.","17,715","Aug 1, 2010",2,11-50,1,M&A,"Mar 23, 2011","$41,000,000",Venture - Series Unknown,"$41,000,000"
Nimbula,https://www.crunchbase.com/organization/nimbula,"Hardware, Information Technology, Internet Services, Software","Mountain View, California, United States","Nimbula delivers cloud infrastructure software enabling enterprises and service providers to build private, public or hybrid clouds.","18,302",2008,2,10001+,2,M&A,"Aug 23, 2010","$15,000,000",Series B,"$20,750,000"
Challenge Games,https://www.crunchbase.com/organization/challenge-games,"Gaming, Sports","Austin, Texas, United States",Challenge Games creates online social games and helps people play with and against friends.,"18,748",2006,1,1-10,2,M&A,"Sep 1, 2008","$10,000,000",Series B,"$14,500,000"
Quick Heal Technologies,https://www.crunchbase.com/organization/quick-heal-technologies,"Consumer Electronics, Hardware, Information Technology, Software","Pune, Maharashtra, India",Quick Heal Technologies develops internet security tools such as anti-virus software.,"19,976",1995,1,1001-5000,1,IPO,"Aug 18, 2010","$13,000,000",Venture - Series Unknown,"$13,000,000"
Karma,https://www.crunchbase.com/organization/karma,"Commerce and Shopping, Mobile","San Francisco, California, United States",Karma Automotive is a social gifting app.,"20,220",2011,2,11-50,3,M&A,"Nov 18, 2013",,Convertible Note,"$2,304,999"
Retweett511,https://www.crunchbase.com/organization/beceem,"Commerce and Shopping, Hardware, Manufacturing, Science and Engineering","Santa Clara, California, United States",Beceem Communications is a semiconductor company specializing in the WiMAX marketplace.,"20,343","Oct 1, 2003",3,51-100,7,M&A,"Apr 22, 2009","$20,000,000",Venture - Series Unknown,"$135,203,000"
500.com,https://www.crunchbase.com/organization/500-com,"Gaming, Software","Shenzhen, Guangdong, China",500.com is a Chinese online sports lottery service provider that aggregates and processes lottery purchase orders.,"20,351","Oct 1, 2001",1,501-1000,1,IPO,"Oct 21, 2013","$20,000,000",Convertible Note,"$20,000,000"
Cotendo,https://www.crunchbase.com/organization/cotendo,"Content and Publishing, Media and Entertainment, Software","Sunnyvale, California, United States",Cotendo is a content delivery network and site acceleration services provider developing software focused on CDN technologies.,"20,631",2008,3,51-100,4,M&A,"Jun 15, 2011","$17,000,000",Series D,"$36,000,000"
Mojave Networks,https://www.crunchbase.com/organization/mojave-networks,"Financial Services, Information Technology, Mobile, Payments, Privacy and Security, Software","San Mateo, California, United States",Mojave Networks is a developer of cloud-based mobile security solutions that detect advanced threats and protects data in enterprises.,"21,558",2011,2,11-50,1,M&A,"Nov 18, 2013","$5,000,000",Venture - Series Unknown,"$5,000,000"
Jajah,https://www.crunchbase.com/organization/jajah,"Hardware, Information Technology, Internet Services, Media and Entertainment, Messaging and Telecommunications, Mobile, Music and Audio","Mountain View, California, United States",Jajah is a VoIP provider enabling users to make international and long-distance calls at local rates.,"21,819",2005,2,101-250,5,M&A,"Mar 1, 2009","$5,000,000",Series D,"$33,000,000"
SynapSense,https://www.crunchbase.com/organization/synapsense,"Hardware, Internet Services, Mobile, Sustainability","Folsom, California, United States",SynapSense offers wireless instrumentation solutions that enable carbon footprint reduction for data centers and enterprises.,"21,941",2006,1,11-50,6,M&A,"Jul 11, 2013","$4,000,000",Venture - Series Unknown,"$44,500,000"
Amobee,https://www.crunchbase.com/organization/amobee,"Advertising, Data and Analytics, Hardware, Media and Entertainment, Mobile, Sales and Marketing, Software, Video","Foster City, California, United States",Amobee is a global digital marketing technology company and a wholly owned subsidiary of Singtel.,"22,565","May 1, 2005",3,501-1000,6,M&A,"Mar 1, 2011","$18,000,000",Series D,"$72,000,000"
Mellanox Technologies,https://www.crunchbase.com/organization/mellanox-technologies,"Data and Analytics, Hardware, Internet Services, Science and Engineering, Software","Sunnyvale, California, United States",Mellanox Technologies provides end-to-end connectivity solutions for servers and storage that optimize data center performance.,"22,991",1999,2,1001-5000,4,IPO,"Nov 21, 2017",,Post-IPO Equity,"$89,300,000"
Sipera Systems,https://www.crunchbase.com/organization/sipera-systems,"Hardware, Information Technology, Privacy and Security","Richardson, Texas, United States",Sipera Systems is a company providing solutions for the rapid and simple adoption of Unified Communications (UC).,"23,359",2003,1,51-100,4,M&A,"May 18, 2010","$10,230,000",Series D,"$39,730,000"
Outright,https://www.crunchbase.com/organization/outright,"Financial Services, Professional Services, Software","Mountain View, California, United States",Outright is an online book keeping application for small businesses to track their income and expenses.,"23,374","Jun 1, 2008",2,11-50,2,M&A,"Nov 18, 2009","$5,500,000",Series A,"$7,500,000"
MarketLive,https://www.crunchbase.com/organization/marketlive,"Commerce and Shopping, Hardware, Internet Services, Software","Petaluma, California, United States","MarketLive, an e-commerce retail technology platform, helps fast-growing companies sell goods and services across multiple channels.","23,953",1995,1,101-250,4,M&A,"May 5, 2008","$20,000,000",Series E,"$47,520,000"
imeem,https://www.crunchbase.com/organization/imeem,"Content and Publishing, Media and Entertainment, Music and Audio, Video","San Francisco, California, United States",imeem is an online music service that provides fans with access to songs they want.,"24,052","Nov 1, 2003",1,51-100,6,M&A,"Aug 1, 2009","$6,000,000",Venture - Series Unknown,"$27,132,127"
Happigo.com,https://www.crunchbase.com/organization/happigo-com,"Commerce and Shopping, Internet Services","Changsha, Jiangsu, China",Happigo.com is an e-commerce website with the integration of selected products from various brands.,"24,057",2005,,11-50,3,IPO,"Mar 1, 2011","CN¥25,500,000",Series B,"CN¥440,500,000"
Ikanos,https://www.crunchbase.com/organization/ikanos,"Hardware, Information Technology, Privacy and Security, Science and Engineering, Software","Fremont, California, United States",Ikanos develops semiconductor and software products such as communications processors and other power access infrastructure.,"24,652",1999,,251-500,6,M&A,"Apr 25, 2009","$42,000,000",Venture - Series Unknown,"$155,000,000"
19pay,https://www.crunchbase.com/organization/19pay,"Financial Services, Payments","Haidian, Beijing, China",Beijing Goyang Jie Xun Information Tech provides domestic telecom integration and e-commerce payment services.,"25,179",2005,,11-50,3,M&A,"Jul 1, 2013","CN¥20,000,000",Undisclosed,"$9,485,825"
Cast Iron Systems,https://www.crunchbase.com/organization/castiron-systems,"Internet Services, Software","Mountain View, California, United States",Cast Iron Systems is a cloud and SaaS-based software platform providing integration appliances for large and mid-sized companies.,"26,658",2001,,51-100,6,M&A,"Aug 5, 2009","$2,499,997",Venture - Series Unknown,"$53,299,997"
LogLogic,https://www.crunchbase.com/organization/loglogic,"Information Technology, Privacy and Security","San Jose, California, United States",LogLogic provides a scalable log and security intelligence platform for the enterprise and cloud.,"27,304",2002,3,251-500,5,M&A,"May 26, 2009","$8,800,000",Series D,"$40,300,000"
Yahoo,https://www.crunchbase.com/organization/yahoo,"Advertising, Financial Services, Information Technology, Internet Services, Messaging and Telecommunications, Sales and Marketing","Sunnyvale, California, United States",Yahoo is a technology company that is known for its web services and applications.,"28,388",Jan 1994,2,101-250,3,M&A,"Nov 30, 1995","$4,800,000",Series B,"$6,800,000"
Correlix,https://www.crunchbase.com/organization/correlix,"Sales and Marketing, Software","New York, New York, United States",Correlix offers real-time latency intelligence monitoring software for capital markets firms.,"28,560",2005,1,51-100,5,M&A,"Feb 14, 2012",,Venture - Series Unknown,"$20,400,000"
Snaptu,https://www.crunchbase.com/organization/snaptu,Mobile,"London, England, United Kingdom",Snaptu is a mobile application platform that runs on virtually every type of internet-enabled mobile phones.,"29,053","Feb 20, 1994",3,11-50,2,M&A,"Jun 22, 2010","$6,000,000",Series B,"$6,000,000"
Sinnet,https://www.crunchbase.com/organization/sinnet,Software,"Beijing, Beijing, China","Sinnet is a business operator of telecommunication, data and integrated service information network, and value-added services.","29,381",1999,,1-10,1,IPO,"Dec 1, 2010","CN¥50,000,000",Series A,"CN¥50,000,000"
Zappos,https://www.crunchbase.com/organization/zappos,"Clothing and Apparel, Commerce and Shopping, Consumer Goods","Las Vegas, Nevada, United States",Zappos is an online retailer specializing in shoes and apparel.,"30,862",1999,,1001-5000,8,M&A,"Nov 1, 2005","$13,000,000",Series E,"$62,750,000"
Hitachi Payment Services,https://www.crunchbase.com/organization/prizm-payment-services,"Financial Services, Payments","Chennai, Tamil Nadu, India",Hitachi Payment Services provides financial services and a payments ecosystem for financial institutions and retailers.,"31,487",2008,,5001-10000,1,M&A,"Aug 5, 2011","$8,000,000",Venture - Series Unknown,"$8,000,000"
Ceat Tyres Limited,https://www.crunchbase.com/organization/ceat-tyres-limited,"Manufacturing, Transportation","Mumbai, Maharashtra, India","CEAT accelerates movement with the finest tyres known for their tough, smooth and secure grip on roads.","31,491",1958,,5001-10000,1,IPO,"Mar 24, 2017","₹1,800,000,000",Post-IPO Equity,"₹1,800,000,000"
Unisfair,https://www.crunchbase.com/organization/unisfair,"Hardware, Information Technology, Professional Services, Software","Menlo Park, California, United States","Unisfair provides virtual events, virtual trade shows, online job fairs and virtual recruiting services.","31,854",2000,1,51-100,4,M&A,"Sep 28, 2009","$3,200,000",Venture - Series Unknown,"$22,200,000"
Acton Pharmaceuticals,https://www.crunchbase.com/organization/acton-pharmaceuticals,"Biotechnology, Health Care, Science and Engineering","Marlborough, Massachusetts, United States",Acton Pharmaceuticals is a specialty pharmaceutical company that develops and markets products for the treatment of respiratory conditions.,"32,238",2008,2,1-10,4,M&A,"May 21, 2013","$7,000,005",Series B,"$36,700,005"
La Opala,https://www.crunchbase.com/organization/la-opala,"Commerce and Shopping, Community and Lifestyle, Consumer Goods","Kolkata, West Bengal, India",La Opala is a Indian tableware retailer,"32,673",1987,1,501-1000,1,IPO,"Aug 22, 2016","₹770,000,000",Post-IPO Equity,"₹770,000,000"
SintecMedia,https://www.crunchbase.com/organization/sintecmedia,"Advertising, Sales and Marketing, Software","Israel, Asia","SintecMedia is engaged in the design and implementation of management systems for the broadcast, cable, and satellite industries.","33,636",2000,,11-50,4,M&A,"Jan 15, 2013","$1,589",Seed,"$20,001,589"
Infoblox,https://www.crunchbase.com/organization/infoblox,"Hardware, Privacy and Security","Santa Clara, California, United States",Infoblox develops network identity solutions enabling businesses to automate network control functions to reduce costs and boost security.,"34,192",1999,2,251-500,3,M&A,"Apr 25, 2005","$30,000,000",Series E,"$53,000,000"
Provigent,https://www.crunchbase.com/organization/provigent-inc,"Hardware, Mobile, Science and Engineering","Santa Clara, California, United States",Provigent is a fabless semiconductor company providing SoC solutions for the broadband wireless transmission industry.,"35,114",Aug 2000,,10001+,6,M&A,"Dec 29, 2008","$10,000,000",Series E,"$52,000,000"
Pure Digital Technologies,https://www.crunchbase.com/organization/pure-digital-technologies,"Content and Publishing, Hardware, Media and Entertainment, Software, Video","San Francisco, California, United States","Pure Digital Technologies provides imaging solutions for the mass market, including the Flip Video series of digital camcorders.","36,046","Sep 1, 2001",1,51-100,6,M&A,"Aug 18, 2008","$200,000",Seed,"$68,200,000"
Right Hemisphere,https://www.crunchbase.com/organization/right-hemisphere,"Data and Analytics, Design, Hardware, Information Technology, Manufacturing, Software","Pleasanton, California, United States",Right Hemisphere offers software solutions repurposing the existing 3D CAD data for visual communication.,"37,093",1997,,51-100,4,M&A,"Apr 8, 2009","$9,999,969",Series C,"$27,599,969"
Luxim,https://www.crunchbase.com/organization/luxim,"Hardware, Manufacturing","Santa Clara, California, United States","LUXIM is engaged in the designing, manufacturing, and supplying of LIFI solid state plasma lighting products.","39,082",Jun 2000,,11-50,6,M&A,"Dec 17, 2010","$22,230,135",Venture - Series Unknown,"$75,979,131"
Rackspace,https://www.crunchbase.com/organization/rackspace,"Information Technology, Internet Services, Software","San Antonio, Texas, United States",Rackspace provides hybrid cloud-based services that enable businesses to run their workload in a public or private cloud.,"43,196",1998,5,1001-5000,2,M&A,"Mar 1, 2000","$11,500,000",Venture - Series Unknown,"$17,800,000"
AutoNavi,https://www.crunchbase.com/organization/autonavi,"Information Technology, Software, Transportation","Haidian, Beijing, China",AutoNavi is a Chinese provider of digital map content and navigation solutions.,"44,197",2001,1,1001-5000,1,M&A,"Oct 1, 2006","$40,000,000",Series A,"$40,000,000"
Boyaa Interactive,https://www.crunchbase.com/organization/boyaa-interactive,"Gaming, Internet Services","Shenzhen, Guangdong, China",Boyaa Interactive is a social network application developer and operator of chat room systems and SNS games.,"45,046",2004,1,11-50,1,IPO,"Jul 1, 2011","$6,000,000",Series A,"$6,000,000"
Forcepoint,https://www.crunchbase.com/organization/forcepoint,"Information Technology, Privacy and Security, Software","Austin, Texas, United States",Forcepoint empowers organizations to concentrate on what’s most important to them while automating routine security tasks.,"45,500",1994,,1001-5000,1,M&A,"Sep 25, 2006","$18,000,000",Venture - Series Unknown,"$18,000,000"
Santur Corporation,https://www.crunchbase.com/organization/santur-corporation,Hardware,"Fremont, California, United States",Santur Corporation develops laser array and packaging technologies for businesses in the communication sector.,"46,617","Nov 1, 2000",1,51-100,6,M&A,"Jul 27, 2009","$13,000,000",Series E,"$109,100,000"
Xceive,https://www.crunchbase.com/organization/xceive,"Consumer Electronics, Hardware, Media and Entertainment, Science and Engineering, Video","Santa Clara, California, United States",Xceive is a fabless semiconductor company producing RF-to-baseband transceiver ICs for TVs and set-top boxes.,"47,025","Jul 1, 2001",1,11-50,7,M&A,"Jun 16, 2011","$1,580,943",Debt Financing,"$54,983,427"
Conformia Software,https://www.crunchbase.com/organization/conformia-software,"Health Care, Software","Sunnyvale, California, United States",Conformia is the provider of product and process lifecycle management solutions for the pharmaceutical Industry.,"49,948",2000,1,51-100,5,M&A,"Jul 23, 2008","$2,950,000",Series D,"$34,250,000"
Pontis,https://www.crunchbase.com/organization/pontis,"Hardware, Information Technology, Mobile","Ra'anana, HaMerkaz, Israel",Pontis provides Digital Customer Engagement solutions for revolutionizing how businesses engage with their customers.,"51,327",2004,2,501-1000,2,M&A,"Feb 10, 2009","$19,650,000",Series C,"$34,650,000"
Saba,https://www.crunchbase.com/organization/saba,"Artificial Intelligence, Data and Analytics, Education, Media and Entertainment, Professional Services, Software","Redwood Shores, California, United States",We want to help transform your talent management processes to help you drive better business results and gain competitive advantage.,"55,837",1997,3,501-1000,1,M&A,"Dec 14, 1999","$30,000,000",Venture - Series Unknown,"$30,000,000"
Gracenote,https://www.crunchbase.com/organization/gracenote,"Consumer Electronics, Hardware, Media and Entertainment, Music and Audio, Sports, Transportation, Video","Emeryville, California, United States","Gracenote is an entertainment data and technology provider across Music, Video and Sports.","55,927",1995,5,1001-5000,4,M&A,"Aug 30, 2005","$10,900,000",Series E,"$36,475,000"
Cafe Press,https://www.crunchbase.com/organization/cafepress,"Commerce and Shopping, Internet Services","Louisville, Colorado, United States","CafePress runs Cafepress.com, an e-commerce platform for artists and designers to sell stock and user-customized on demand products online.","56,929","Oct 1, 1999",2,501-1000,5,IPO,"Jul 1, 2008",,Venture - Series Unknown,"$15,500,000"
ZirMed,https://www.crunchbase.com/organization/zirmed,"Biotechnology, Health Care, Information Technology, Science and Engineering","Louisville, Kentucky, United States",ZirMed provides web-based revenue cycle management solutions for the healthcare business.,"58,652",1999,1,501-1000,4,M&A,"May 1, 2012",,Venture - Series Unknown,
PopularMedia,https://www.crunchbase.com/organization/popularmedia,"Advertising, Internet Services, Media and Entertainment, Sales and Marketing","San Francisco, California, United States",PopularMedia provides social media marketing services to help advertisers and publishers multiply the impact of their online ad campaigns.,"59,597",2003,2,51-100,3,M&A,"Jul 28, 2008","$8,000,000",Series C,"$12,250,000"
GlobalLogic,https://www.crunchbase.com/organization/globallogic,"Design, Software","San Jose, California, United States",GlobalLogic is a full-lifecycle product development services leader,"59,810",2000,4,5001-10000,4,M&A,"Jan 11, 2017",,Secondary Market,"$43,696,000"
Plaxo,https://www.crunchbase.com/organization/plaxo,"Information Technology, Media and Entertainment, Software, Video","Sunnyvale, California, United States","Plaxo is a cloud-based online address book that synchronizes, updates and unifies the user's contacts across multiple sources.","61,014",Jul 2001,3,11-50,4,M&A,"Feb 1, 2007","$9,000,000",Series D,"$28,300,000"
Sanrad,https://www.crunchbase.com/organization/sanrad,"Hardware, Information Technology, Internet Services, Software","Mahwah, New Jersey, United States",SANRAD is an Internet Small Computer Systems Interface storage virtualization company. ,"61,120",Apr 2000,1,501-1000,3,M&A,"Jan 22, 2010","$3,000,000",Series D,"$21,000,000"
WeatherBug,https://www.crunchbase.com/organization/weatherbug,"Content and Publishing, Government and Military, Information Technology, Media and Entertainment","Mountain View, California, United States","WeatherBug is a provider of weather information services in the U.S., generating live neighborhood-level frequent reports.","63,325",1993,,51-100,2,M&A,"Mar 1, 2004","$23,000,000",Series B,"$38,000,000"
SkyMobi,https://www.crunchbase.com/organization/skymobi,"Apps, Hardware, Internet Services, Mobile, Software","Hangzhou, Zhejiang, China",SkyMobi a leading mobile application platform and mobile game publisher in China.,"63,591",2005,1,501-1000,2,IPO,"Sep 1, 2008","$500,000",Series B,"$4,000,000"
Marketwired,https://www.crunchbase.com/organization/marketwired,"Advertising, Data and Analytics, Internet Services, Sales and Marketing","Toronto, Ontario, Canada",Marketwired is a social communications company that provides solutions for global press release distribution and more.,"63,853","Jan 1, 1983",1,251-500,3,M&A,"Sep 30, 2003","$4,600,000",Series D,"$26,150,000"
Hayneedle,https://www.crunchbase.com/organization/hayneedle,"Commerce and Shopping, Community and Lifestyle","Omaha, Nebraska, United States",Hayneedle is an online retail company that offers home and lifestyle products.,"65,876",2002,1,501-1000,3,M&A,"Sep 1, 2014",,Secondary Market,"$22,000,000"
GameFly,https://www.crunchbase.com/organization/gamefly,"Gaming, Internet Services, Media and Entertainment, Video","Los Angeles, California, United States",GameFly is an online video game rental service that allows users to rent video games via post for a monthly subscription fee.,"65,972","Nov 1, 2002",3,251-500,3,M&A,"Aug 17, 2007",,Venture - Series Unknown,"$10,748,830"
MedExpress Urgent Care,https://www.crunchbase.com/organization/medexpress-urgent-care,"Biotechnology, Health Care, Science and Engineering","Morgantown, West Virginia, United States","MedExpress operates full-service, walk-in urgent care facilities offering timely medical treatment for non-life threatening illnesses.","67,969","Sep 1, 2001",,1001-5000,1,M&A,"Sep 1, 2010",,Private Equity,
Clearwell Systems,https://www.crunchbase.com/organization/clearwell-systems,"Apps, Internet Services, Software","Mountain View, California, United States","Clearwell Systems offers an e-discovery platform and app that enables companies to manage their legal, regulatory and investigative matters.","69,322","Dec 6, 2004",1,251-500,2,M&A,"Aug 22, 2007","$17,000,000",Series C,"$29,000,000"
Noah Holdings,https://www.crunchbase.com/organization/noah-holdings,"Financial Services, Professional Services","Yangpu, Hainan, China",Noah Is the leading wealth management service provider focusing on distributing wealth management products to the China.,"71,217",2005,1,1001-5000,1,IPO,"Oct 23, 2007","$5,000,000",Private Equity,"$5,000,000"
Sansa Security,https://www.crunchbase.com/organization/sansa-security,"Information Technology, Internet Services, Privacy and Security","Kefar Netter, HaMerkaz, Israel",Sansa Security is the only comprehensive Internet of Things (IoT) security platform securing everything from chipsets to the cloud.,"73,102",2000,2,,2,M&A,"Jan 10, 2007","$20,000,000",Series C,"$29,500,000"
ITA Software,https://www.crunchbase.com/organization/ita-software,"Commerce and Shopping, Information Technology, Travel and Tourism","Cambridge, Massachusetts, United States",ITA Software is an airline IT and services provider helping travel companies reduce costs and improve customer service.,"73,945",1996,,251-500,1,M&A,"Jan 23, 2006","$100,000,000",Private Equity,"$100,000,000"
Netezza,https://www.crunchbase.com/organization/netezza,"Data and Analytics, Software","Marlborough, Massachusetts, United States",Netezza is a company providing optimized data warehouse applications for companies to store vast amounts of information.,"74,085",2000,3,10001+,4,M&A,"Jan 10, 2005","$15,000,000",Series D,"$63,000,000"
Isilon Systems,https://www.crunchbase.com/organization/isilon,"Internet Services, Media and Entertainment","Seattle, Washington, United States",Isilon Systems is a provider of intelligent clustered storage systems for digital content.,"76,046",2001,1,,5,M&A,"Jul 24, 2006","$10,000,000",Series E,"$68,900,000"
Sourcefire,https://www.crunchbase.com/organization/sourcefire,"Information Technology, Privacy and Security, Software","Columbia, Maryland, United States",Sourcefire provides enterprise threat management solutions for IT infrastructures of various industries.,"76,839",2001,,501-1000,5,M&A,"Oct 26, 2006","$5,500,000",Venture - Series Unknown,"$20,500,000"
Traiana,https://www.crunchbase.com/organization/traiana,Financial Services,"New York, New York, United States",Traian is an ICAP group company focused on automating post-trade processing of financial institutions.,"77,588",2000,2,251-500,3,M&A,"Oct 9, 2005","$15,000,000",Series D,"$25,000,000"
Vendio,https://www.crunchbase.com/organization/vendio,"Commerce and Shopping, Internet Services, Software","San Mateo, California, United States",Vendio Services is a SaaS-based platform that provides sales management software by subscription across multiple online sales channels.,"78,978",1999,,51-100,2,M&A,"Jun 23, 2000","$27,800,000",Series C,"$37,400,000"
StreamRail,https://www.crunchbase.com/organization/streamrail,"Content and Publishing, Data and Analytics, Media and Entertainment, Software, Video","Tel Aviv, Tel Aviv, Israel",The fastest way to deliver videos,"80,552",2014,4,11-50,1,M&A,"Apr 4, 2015",,Series A,
Joost,https://www.crunchbase.com/organization/joost,"Internet Services, Media and Entertainment, Video","New York, New York, United States",Joost is an internet TV service that uses peer-to-peer TV (P2PTV) technology to distribute content.,"81,114","Oct 1, 2006",3,,1,M&A,"May 9, 2007","$45,000,000",Series A,"$45,000,000"
Hoolai Games,https://www.crunchbase.com/organization/hoolai,"Mobile, Platforms, Software","Beijing, Beijing, China","Hoolai Games develops and publishes social web and mobile games such as Hoolai Three Kingdoms, War of Immortals, and Hoolai Poker.","82,740","Dec 1, 2008",1,501-1000,2,M&A,"Sep 1, 2011",,Series B,
Webvan,https://www.crunchbase.com/organization/webvan,"Administrative Services, Commerce and Shopping","Seattle, Washington, United States","Webvan Group, an internet retailer, offers delivery services by integrating its web store with a distribution facility and delivery system.","82,997",1996,1,11-50,4,IPO,"Jul 23, 1999","$275,000,000",Series D,"$393,600,000"
Macromedia,https://www.crunchbase.com/organization/macromedia,"Hardware, Software","San Francisco, California, United States",Macromedia is a graphics and web development software company producing tools such as Macromedia Flash and Dreamweaver.,"83,121",1992,2,10001+,1,M&A,"Dec 3, 1999","$44,000,000",Venture - Series Unknown,"$44,000,000"
HealthCentral,https://www.crunchbase.com/organization/healthcentral,"Content and Publishing, Health Care, Internet Services, Media and Entertainment, Software","Arlington, Virginia, United States","HealthCentral offers condition-specific, wellness and health websites that enable users to access content and interact with other patients.","83,557",2006,1,101-250,1,M&A,"Jan 1, 2008","$50,000,000",Venture - Series Unknown,"$50,000,000"
Aceva Technologies,https://www.crunchbase.com/organization/aceva-technologies,"Apps, Data and Analytics, Software","San Mateo, California, United States",Aceva Technologies offers a suite of enterprise application software solutions for revenue and receivables management.,"87,852",1999,,251-500,3,M&A,"Jul 21, 2005","$5,280,000",Series D,"$55,580,000"
Turin Networks,https://www.crunchbase.com/organization/turin-networks,"Hardware, Internet Services, Mobile","Petaluma, California, United States",Turin Networks is a global provider of Carrier Ethernet solutions for wireline and wireless network operators.,"90,359",1999,2,51-100,6,M&A,"May 11, 2007","$52,500,000",Series B,"$204,500,000"
AppLabs,https://www.crunchbase.com/organization/applabs,"Information Technology, Software","Hyderabad, Andhra Pradesh, India","AppLabs provides consulting, outsourcing, offshoring and specialist services in software testing, quality management and certification.","90,987",2001,1,5001-10000,2,M&A,"Jun 29, 2006","$10,000,000",Venture - Series Unknown,"$17,000,000"
NetScreen Technologies,https://www.crunchbase.com/organization/netscreen-technologies,"Information Technology, Privacy and Security, Sales and Marketing","Sunnyvale, California, United States","Juniper Networks is a news network that designs, develops, and sells products and services, along with network infrastructure.","91,121",1997,2,10001+,2,M&A,"Oct 5, 2001","$30,000,000",Venture - Series Unknown,"$66,000,000"
Insider Pages,https://www.crunchbase.com/organization/insiderpages,Internet Services,"San Francisco, California, United States",InsiderPages is a social platform where people read and make recommendations on local businesses and services.,"91,604",2004,,1-10,1,M&A,"Mar 27, 2006","$8,500,000",Series A,"$8,500,000"
56.com,https://www.crunchbase.com/organization/56-com,"Commerce and Shopping, Media and Entertainment, Video","Guangzhou, Guangdong, China",56.com is a user-generated content (UGC) video-sharing website in China.,"94,321","Apr 1, 2005",1,251-500,2,M&A,"Dec 1, 2007","$20,000,000",Series B,"$30,000,000"
TravelGuru,https://www.crunchbase.com/organization/travelguru,"Professional Services, Transportation, Travel and Tourism","Mumbai, Maharashtra, India",Travelguru provides tourism services.,"95,444",2006,,251-500,1,M&A,"Nov 29, 2006","$15,000,000",Venture - Series Unknown,"$15,000,000"
Litepoint,https://www.crunchbase.com/organization/litepoint,"Consumer Electronics, Data and Analytics, Hardware, Mobile","Sunnyvale, California, United States","LitePoint designs, develops, markets and supports advanced test solutions for the development and manufacturing of wireless devices.","95,465",2001,1,1001-5000,1,M&A,"Mar 30, 2007",,Venture - Series Unknown,
Velio Communications,https://www.crunchbase.com/organization/velio-communications,"Hardware, Manufacturing, Science and Engineering","Palo Alto, California, United States","Velio Communications, Inc. designs and manufactures high-bandwidth interconnecting semiconductors for integrated telecommunication systems.","97,805",1998,1,11-50,3,M&A,"Jul 23, 2001","$45,000,000",Series C,"$95,000,000"
Pixelworks,https://www.crunchbase.com/organization/pixelworks,"Hardware, Manufacturing, Science and Engineering","San Jose, California, United States","Pixelworks is a fabless semiconductor company that designs, develops and markets innovative video and pixel processing chips and software.","98,470",1997,2,501-1000,2,IPO,"Jun 28, 1999","$11,600,000",Venture - Series Unknown,"$18,200,000"
Mixer Labs,https://www.crunchbase.com/organization/mixer-labs,"Information Technology, Internet Services","San Mateo, California, United States","Mixer Labs is the creator of GeoAPI.com, a location engine for developers, and TownMe, a local information site.","99,850",,2,1-10,2,M&A,"Jun 1, 2009",,Series A,
"PlanetOut, Inc.",https://www.crunchbase.com/organization/planetout-inc,"Commerce and Shopping, Internet Services, Media and Entertainment","San Francisco, California, United States","PlanetOut, Inc. is a leading global online media company.","100,010",1995,,1-10,4,IPO,"May 10, 2001","$8,199,999",Series D,"$37,599,998"
RightWorks,https://www.crunchbase.com/organization/rightworks,"Content and Publishing, Information Technology, Media and Entertainment","San Jose, California, United States",RightWorks Core is where we provide you with access to in-depth technical and industry information about B2B exchanges.,"100,091",1996,1,11-50,1,M&A,"Oct 21, 1999","$13,000,000",Venture - Series Unknown,"$13,000,000"
Comsenz,https://www.crunchbase.com/organization/comsenz,"Internet Services, Media and Entertainment","Beijing, Beijing, China","Comsenz, a Chinese company, provides social networking software and operates Discuz, one of the largest bulletin board systems in China.","101,702",2001,,101-250,1,M&A,"Jul 24, 2006","$2,000,000",Series A,"$2,000,000"
Plumtree Software,https://www.crunchbase.com/organization/plumtree-software,"Sales and Marketing, Software","San Francisco, California, United States",Plumtree Software develops and markets software that facilitates the deployment of web applications.,"103,057",1996,2,,1,M&A,"Jun 12, 2000","$23,000,000",Venture - Series Unknown,"$23,000,000"
Mecox Lane,https://www.crunchbase.com/organization/mecox-lane,Commerce and Shopping,"Shanghai, Shanghai, China","Mecox Lane is a China-based, foreign-invested mail order company offering apparel and accessories, home products, and more.","103,224","Jan 8, 1996",,1001-5000,3,IPO,"Mar 1, 2008",,Series C,
CenterRun,https://www.crunchbase.com/organization/centerrun,"Data and Analytics, Hardware, Information Technology, Software","Redwood City, California, United States","CenterRun, Inc. develops application configuration and deployment automation solutions for enterprise data centers.","103,695",Sep 2000,1,,2,M&A,"Jun 11, 2002","$12,000,000",Series B,"$23,000,000"
Storwize,https://www.crunchbase.com/organization/storwize,"Hardware, Information Technology, Software","Marlborough, Massachusetts, United States",Storwize is a provider of real-time data compression solutions that boost storage space on network storage environments.,"106,677",2004,2,51-100,2,M&A,"Apr 2, 2008","$19,000,000",Series C,"$28,000,000"
NetScaler,https://www.crunchbase.com/organization/netscaler,"Information Technology, Internet Services, Privacy and Security","San Jose, California, United States",NetScaler is a load balancing network application from Citrix Systems.,"107,316","Dec 1, 1997",,5001-10000,6,M&A,"Mar 1, 2004",,Series F,"$13,000,000"
BenefitPoint,https://www.crunchbase.com/organization/benefitpoint,"Financial Services, Software","San Francisco, California, United States",BenefitPoint is an employee-benefits infrastructure company for the distribution and management of group insurance and financial products.,"107,935",1998,,5001-10000,4,M&A,"Nov 21, 2003","$13,000,000",Venture - Series Unknown,"$76,000,000"
Followap,https://www.crunchbase.com/organization/followap,"Hardware, Information Technology, Internet Services, Messaging and Telecommunications, Mobile","Staines-upon-thames, Surrey, United Kingdom",Followap is a telecommunications company providing instant messaging solutions.,"111,474",1999,2,101-250,6,M&A,"Nov 1, 2006","$4,500,000",Debt Financing,"$34,500,000"
eGroups,https://www.crunchbase.com/organization/egroups,"Commerce and Shopping, Internet Services","San Francisco, California, United States","eGroups is an online community that enables its users to send and receive emails, schedule meetings, share files, and photos.","116,144",1998,,1-10,1,M&A,"Dec 22, 1999","$42,000,000",Venture - Series Unknown,"$42,000,000"
Merlin Securities,https://www.crunchbase.com/organization/merlin-securities,Financial Services,"San Francisco, California, United States","Merlin Securities was founded by Aaron Vermut and is based in San Francisco, California, United States.","117,569",2004,1,,1,M&A,"Jan 4, 2008","$20,000,000",Venture - Series Unknown,"$20,000,000"
Jigsee,https://www.crunchbase.com/organization/jigsee,"Advertising, Content and Publishing, Media and Entertainment, Mobile, Sales and Marketing, Video","Mumbai, Maharashtra, India",Jigsee is a mobile app that gives consumers free access to licensed audio and video content.,"118,375","Apr 17, 2008",1,11-50,2,M&A,"Feb 14, 2011",,Series A,
Pangea3,https://www.crunchbase.com/organization/pangea3,"Media and Entertainment, Professional Services","Eagan, Minnesota, United States",Pangea3 The Global Leader in Legal Outsourcing.,"119,053",2004,,10001+,1,M&A,"Jul 14, 2007","$7,000,000",Series C,"$7,000,000"
VxTel,https://www.crunchbase.com/organization/vxtel,"Hardware, Internet Services, Software","Fremont, California, United States",VxTel provides silicon solutions for next-generation carrier networks. The company's products use a unique signal-processing architecture,"122,959",1999,1,1-10,2,M&A,"Oct 25, 2000","$62,000,000",Venture - Series Unknown,"$76,500,000"
Guardent,https://www.crunchbase.com/organization/guardent,"Information Technology, Privacy and Security","Waltham, Massachusetts, United States",Provides security and privacy services.,"123,186",2000,1,,2,M&A,"Aug 28, 2001","$25,000,000",Series C,"$45,000,000"
VanceInfo Technologies,https://www.crunchbase.com/organization/vanceinfo-technologies,Software,"Redmond, Washington, United States",VanceInfo Technologies is an IT service provider and one of the leading offshore software development companies in China.,"124,091",1995,,10001+,1,M&A,"May 30, 2006",,Series B,
iPhrase Technologies,https://www.crunchbase.com/organization/iphrase-systems,Internet Services,"Cambridge, Massachusetts, United States","iPhrase Technologies provides e-business and e-service solutions for the finance, technology, manufacturing, healthcare, and retail sectors.","127,513",1999,,,1,M&A,"May 16, 2000","$11,000,000",Venture - Series Unknown,"$11,000,000"
Taomee,https://www.crunchbase.com/organization/taomee,"Internet Services, Media and Entertainment, Software","Shanghai, Shanghai, China",Taomee is a children's entertainment and media company in China.,"128,564","Oct 1, 2007",1,501-1000,4,IPO,"Jun 1, 2011",,Venture - Series Unknown,"$8,000,000"
BitBand,https://www.crunchbase.com/organization/bitband,"Content and Publishing, Media and Entertainment, Video","Scottsdale, Arizona, United States","BitBand is a technology provider for advanced video content delivery solutions. The company is privately held, incorporated in the","129,567",2000,,51-100,2,M&A,"Mar 24, 2003","$9,000,000",Series B,"$13,000,000"
ProSight,https://www.crunchbase.com/organization/prosight,"Government and Military, Software","Portland, Oregon, United States",ProSight offers world-class Enterprise Investment Management solutions for government and business.,"130,333",1998,,10001+,4,M&A,"Jun 17, 2002","$8,233,000",Series E,"$33,833,000"
Mirra,https://www.crunchbase.com/organization/mirra,Software,"Sunnyvale, California, United States","Mirra (formerly Ispiri) is a software, services & appliance company focused on providing solutions for personal digital content management.","134,484",2002,,,2,M&A,"Jul 27, 2004",,Series B,"$8,000,000"
Dash Navigation,https://www.crunchbase.com/organization/dash,"Internet Services, Mobile, Navigation and Mapping","Sunnyvale, Texas, United States","Dash Navigation is the developer of Dash Express, an internet-enabled personal navigation device.","137,311",2003,4,1-10,3,M&A,"Feb 1, 2008","$30,000,000",Series C,"$65,000,000"
Pacific Edge Software LLC,https://www.crunchbase.com/organization/pacific-edge-software-llc,"Administrative Services, Information Technology, Software","Bellevue, Washington, United States",Pacific Edge Software is a leading provider of IT governance solutions that are practical to adopt and deliver fast time to value.,"139,085",1998,,,3,M&A,"Jul 14, 2004","$12,000,000",Series C,"$44,400,000"
Topio,https://www.crunchbase.com/organization/topio,Software,"Santa Clara, California, United States","Topio develops enterprise-class software facilitating data replication, rapid recovery, and data migration platforms for companies.","141,786",Jan 2001,1,1-10,3,M&A,"Jun 30, 2006","$8,000,000",Series D,"$26,000,000"
Atom Entertainment,https://www.crunchbase.com/organization/atom-entertainment,"Gaming, Internet Services, Media and Entertainment","San Francisco, California, United States",Atom Entertainment is an internet entertainment company that aggregates and distributes casual games.,"142,619",2001,1,51-100,1,M&A,"Mar 1, 2001","$22,900,000",Series A,"$22,900,000"
Obongo,https://www.crunchbase.com/organization/obongo,"Financial Services, Internet Services, Privacy and Security","Redwood City, California, United States","Obongo provides e-commerce solutions such as tools to remember passwords, compare prices, fill out forms, and more.","146,030",1999,2,5001-10000,1,M&A,"Jan 18, 2000","$20,000,000",Series B,"$20,000,000"
diCarta,https://www.crunchbase.com/organization/dicarta,"Information Technology, Software","San Carlos, California, United States",diCarta provides enterprise contract management software solutions for its clients.,"148,095","Oct 14, 1998",1,,2,M&A,"Jul 18, 2000","$26,000,000",Venture - Series Unknown,"$35,300,000"
Rhapsody Networks,https://www.crunchbase.com/organization/rhapsody-networks,"Hardware, Information Technology, Software","Fremont, California, United States",A provider of storage networking products for enterprises,"156,957",2000,1,,2,M&A,"Sep 5, 2001","$50,000,000",Series B,"$62,000,000"
PeakStream,https://www.crunchbase.com/organization/peakstream,"Apps, Hardware, Software","Redwood City, California, United States",PeakStream provides a software application platform for the high-performance computing market.,"159,071",2005,,1-10,2,M&A,"Sep 18, 2006","$17,000,000",Series B,"$22,000,000"
Integration Associates,https://www.crunchbase.com/organization/integration-associates,"Hardware, Manufacturing, Mobile, Science and Engineering","Mountain View, California, United States",Integration Associates manufactures networking devices based on the latest technology.,"160,601",1991,,501-1000,2,M&A,"Mar 31, 2006",,Venture - Series Unknown,"$11,000,000"
BioProcessors,https://www.crunchbase.com/organization/bioprocessors,"Biotechnology, Health Care, Science and Engineering","Berkeley, California, United States","Developing a technology, or platform, that is intended to speed up the drug-development process.","160,618",Oct 2000,,1-10,5,M&A,"Aug 6, 2007","$10,010,000",Series C,"$53,510,000"
Airslide Systems,https://www.crunchbase.com/organization/airslide-systems,"Hardware, Software","New York, New York, United States",Airslide Systems Inc. is a world leader in 3G-IP convergence solutions for cellular networks.,"162,154",1999,,,2,M&A,"Sep 6, 2000","$35,000,000",Series B,"$40,000,000"
HyperRoll,https://www.crunchbase.com/organization/hyperroll,"Hardware, Information Technology, Real Estate, Software","Mountain View, California, United States","HyperRoll Data Performance Management Suite™ The HyperRoll Data Performance Management SuiteTM dramatically improves load time, query time","163,991","Jan 1, 1999",,51-100,4,M&A,"Mar 24, 2004","$20,000,000",Series C,"$35,100,000"
Atoga Systems,https://www.crunchbase.com/organization/atoga-systems,"Community and Lifestyle, Internet Services, Manufacturing, Professional Services","Fremont, California, United States",Atoga Systems is a rising new start-up developing full-service WDM solutions for the metro network.,"169,692",1999,,,2,M&A,"May 1, 2001","$50,000,000",Venture - Series Unknown,"$64,500,000"
Santera Systems,https://www.crunchbase.com/organization/santera,"Hardware, Information Technology","Plano, Texas, United States","Santera offers a carrier-class next-generation switch with both trunk and line functionality, enabling true circuit to packet migration.","173,623",1998,,,4,M&A,"May 20, 2003","$2,000,000",Series D,"$174,300,000"
Brecis Communications,https://www.crunchbase.com/organization/brecis-communications,"Hardware, Internet Services, Science and Engineering","San Jose, California, United States",BRECIS Communications Corporation operates as a fabless semiconductor company.,"173,662",1999,,,3,M&A,"Feb 1, 2003","$20,000,000",Series C,"$63,500,000"
Uniscape,https://www.crunchbase.com/organization/uniscape,"Internet Services, Software","Sunnyvale, California, United States","Uniscape, a company that specializes in globalization infrastructure for eBusiness.","174,263",1996,,,3,M&A,"Oct 1, 2001","$18,500,000",Series D,"$33,000,000"
T-Networks,https://www.crunchbase.com/organization/t-networks,"Consumer Electronics, Hardware, Science and Engineering","Allentown, Pennsylvania, United States",T-Networks is an Allentown-based developer of electronic components and modulators.,"175,486",2000,,1-10,3,M&A,"Feb 28, 2005","$5,750,000",Series C,"$48,850,000"
Actona Technologies,https://www.crunchbase.com/organization/actona-technologies,"Commerce and Shopping, Internet Services, Media and Entertainment","Los Gatos, California, United States",Actona Technologies develops end-to-end solutions for efficient exchange of content between enterprises and their business partners.,"176,890",2000,1,,3,M&A,"Mar 8, 2004","$10,000,000",Series C,"$28,000,000"
Suppliermarket.com,https://www.crunchbase.com/organization/suppliermarket-com,"Commerce and Shopping, Manufacturing","Burlington, Massachusetts, United States",SupplierMarket.com is an online marketplace for buying and selling manufactured direct materials.,"178,337",,,,2,M&A,"Dec 2, 1999","$40,000,000",Series B,"$48,000,000"
marketRx,https://www.crunchbase.com/organization/marketrx,"Data and Analytics, Professional Services, Software","Newtonville, New Jersey, United States",marketRx provides analytics and software services to life sciences companies.,"186,312",2000,3,,1,M&A,"Oct 10, 2003","$10,250,000",Series C,"$10,250,000"
Greenfield Networks,https://www.crunchbase.com/organization/greenfield-networks,"Consumer Electronics, Hardware, Manufacturing, Science and Engineering","Sunnyvale, California, United States",Greenfield Networks provides Ethernet switch silicon technology solutions for enterprise and metro applications primarily in India and,"189,201",2000,1,,1,M&A,"Sep 20, 2004","$21,500,000",Series C,"$21,500,000"
AccessLan Communications,https://www.crunchbase.com/organization/accesslan-communications,"Hardware, Internet Services","San Jose, California, United States",Develops carrier-class multiprotocol provisioning equipment designed for large-scale access networks.,"192,777",1997,,,2,M&A,"Aug 28, 2001","$16,000,000",Venture - Series Unknown,"$51,000,000"
Navini Networks,https://www.crunchbase.com/organization/navini-networks,"Hardware, Mobile","Richardson, Texas, United States","Navini Networks provides portable, plug-n-play broadband wireless access solutions in the United States.","194,210",2000,,51-100,7,M&A,"May 23, 2007","$50,322,546",Series F,"$202,742,546"
Zeevo,https://www.crunchbase.com/organization/zeevo,"Hardware, Mobile, Science and Engineering, Software","Santa Clara, California, United States","Zeevo, Inc. develops system-on-chip solutions for Bluetooth and other wireless communications applications.","194,983",1999,,10001+,5,M&A,"Nov 20, 2003","$20,000,000",Series E,"$81,000,000"
Vividence,https://www.crunchbase.com/organization/vividence,"Information Technology, Software","San Mateo, California, United States",Vividence Corporation provides market information services and evaluation applications to e-businesses.,"196,782",1998,,,2,M&A,"Sep 5, 2000",,Series D,"$12,500,000"
Syndesis,https://www.crunchbase.com/organization/syndesis,"Data and Analytics, Design, Sales and Marketing","Richmond Hill, Ontario, Canada",Syndesis is the market leader in the creation and activation of converged services for the new public network.,"197,853",Aug 1987,,,1,M&A,"Jan 25, 2000","$33,000,000",Venture - Series Unknown,"$33,000,000"
PortAuthority Technologies,https://www.crunchbase.com/organization/portauthority-technologies,"Information Technology, Privacy and Security, Software","Palo Alto, California, United States",PortAuthority Technologies offers information leak prevention and data recovery security solutions.,"208,663",2000,1,,4,M&A,"Sep 26, 2006","$18,000,000",Series D,"$45,850,000"
Excel PharmaStudies,https://www.crunchbase.com/organization/excel-pharmastudies,"Biotechnology, Science and Engineering, Travel and Tourism","Beijing, Beijing, China",Excel PharmaStudies is focused on clinical research and contract research.,"210,380",2000,1,,1,M&A,"Dec 1, 2007","$1,000,000",Venture - Series Unknown,"$1,000,000"
Big Bear Networks,https://www.crunchbase.com/organization/bigbear-network,"Hardware, Software","Sunnyvale, California, United States",Big Bear Networks develops optical transponders and subassemblies for network operators.,"212,662",2000,,,4,M&A,"Jun 15, 2005","$4,000,000",Series D,"$82,000,000"
VINA Technologies,https://www.crunchbase.com/organization/vina-technologies,Manufacturing,"Newark, California, United States","VINA Technologies, an architect of broadband access solutions for small and mid-sized businesses.","216,737",1998,1,,2,M&A,"Mar 14, 2000","$23,800,000",Series D,"$35,800,000"
Waps.cn,https://www.crunchbase.com/organization/waps-cn,"Advertising, Sales and Marketing","Beijing, Beijing, China",WAPS provides mobile internet-based advertisement and integrated marketing services for mobile developers and advertisers.,"220,049",2005,1,,2,M&A,"Sep 1, 2006",,Venture - Series Unknown,"$8,000,000"
RFWaves,https://www.crunchbase.com/organization/rfwaves,,"Australia, Oceania",RFWaves offers repair and upgrade services for HI-FI audio amplifiers and a range of tube amplifiers.,"220,086",,,,1,M&A,"Jul 2, 2003","$2,500,000",Series F,"$2,500,000"
Spatial Wireless,https://www.crunchbase.com/organization/spatial-wireless,"Hardware, Mobile, Software","Richardson, Texas, United States","Spatial Wireless, Inc. delivers software-based networking solutions for mobile networks","232,548",2001,1,,3,M&A,"Jun 1, 2003","$27,000,000",Series D,"$45,100,000"
NightFire Software,https://www.crunchbase.com/organization/nightfire-software,"Hardware, Mobile, Software","Oakland, California, United States","As of September 2, 2003, Nightfire Software, Inc. was acquired by Neustar, Inc. Nightfire Software, Inc. offers intercarrier provisioning","235,860",Oct 1997,1,,3,M&A,"Feb 22, 2002","$11,700,000",Series D,"$47,200,000"
Dblur Technologies,https://www.crunchbase.com/organization/dblur-technologies,Software,"Herzliya, Tel Aviv, Israel","Dblur Technologies develops software lens technology for cellular, digital, security, medical, and automotive cameras.","263,316",2000,,,1,M&A,"Apr 25, 2006","$6,000,000",Series B,"$6,000,000"
Corvigo,https://www.crunchbase.com/organization/corvigo,"Artificial Intelligence, Data and Analytics, Information Technology, Internet Services, Messaging and Telecommunications, Science and Engineering, Software","Redwood City, California, United States",Corvigo develops email filtering solutions based on its proprietary Intent based filtering (IBF) technology.,"332,268",2002,5,,1,M&A,"Sep 22, 2003","$5,500,000",Series A,"$5,500,000"
