Organization Name,Organization Name URL,Category Groups,Headquarters Location,Description,CB Rank (Organization),Founded Date,Number of Founders,Number of Employees,Number of Funding Rounds,Funding Status,Last Funding Date,Last Funding Amount,Last Funding Type,Total Funding Amount
Twilio,https://www.crunchbase.com/organization/twilio,"Information Technology, Internet Services, Messaging and Telecommunications, Software","San Francisco, California, United States","Twilio is a cloud communication company that enables users to use standard web languages to build voice, VoIP, and SMS apps via a web API.",242,"Jun 30, 2008",3,501-1000,11,IPO,"Feb 15, 2018","$27,600,000",Corporate Round,"$261,300,000"
SendGrid,https://www.crunchbase.com/organization/sendgrid,"Data and Analytics, Information Technology, Internet Services, Messaging and Telecommunications, Software","Denver, Colorado, United States","SendGrid is a proven, cloud-based customer communication platform that drives engagement and business growth.",262,"Jul 20, 2009",3,251-500,7,IPO,"Nov 15, 2017",,Venture - Series Unknown,"$80,362,000"
TaskRabbit,https://www.crunchbase.com/organization/taskrabbit,"Apps, Commerce and Shopping, Data and Analytics, Internet Services, Mobile, Navigation and Mapping, Real Estate, Software","San Francisco, California, United States","TaskRabbit is a platform that matches up users with help on furniture assembly, moving, and other handyman services.",286,"Jan 1, 2008",3,51-100,7,M&A,"Aug 1, 2015",,Secondary Market,"$37,675,000"
Reddit,https://www.crunchbase.com/organization/reddit,"Content and Publishing, Internet Services, Media and Entertainment","San Francisco, California, United States","Reddit is an online platform, enabling its users to submit links, create content, and have discussions about the topics of their interest.",388,2005,2,101-250,3,M&A,"Aug 1, 2017","$200,000,000",Series C,"$250,100,000"
Sunrise,https://www.crunchbase.com/organization/sunrise,"Apps, Events, Information Technology, Internet Services, Media and Entertainment, Messaging and Telecommunications, Mobile, Software","Paris, Ile-de-France, France","Sunrise is a free calendar app specifically designed to make your life easier. Available on Android, iPhone, iPad, Mac & Web.",619,"Dec 1, 2012",2,11-50,4,M&A,"Jul 22, 2014","$6,000,000",Series A,"$8,220,410"
Simple,https://www.crunchbase.com/organization/banksimple,"Financial Services, Lending and Investments, Software","Portland, Oregon, United States",Simple is a web and mobile application that unifies various accounts into one accessible bank card..,"1,483",2009,3,251-500,4,M&A,"Jun 11, 2013","$2,200,000",Series C,"$15,290,000"
Visually,https://www.crunchbase.com/organization/visual-ly,"Internet Services, Media and Entertainment, Sales and Marketing, Software","San Francisco, California, United States",Visually is the content creation platform that enables businesses to connect with their audiences through premium visual content,"1,539",2011,4,11-50,6,M&A,"Mar 5, 2015","$3,300,000",Series A,"$15,700,000"
FabFitFun,https://www.crunchbase.com/organization/fabfitfun,"Commerce and Shopping, Health Care, Media and Entertainment","Los Angeles, California, United States",FabFitFun inspires happiness through discovery. ,"3,082",2010,3,51-100,1,M&A,"Oct 13, 2015","$3,500,000",Series A,"$3,500,000"
ZOZI,https://www.crunchbase.com/organization/zozi,"Commerce and Shopping, Software, Travel and Tourism","San Francisco, California, United States","ZOZI designs and develops a web-based bookings, payments, and customer management software for tour, activity, and event businesses.","3,245",2008,2,51-100,6,M&A,"Jul 1, 2015","$30,000,000",Series C,"$44,300,000"
Rapportive,https://www.crunchbase.com/organization/rapportive,"Information Technology, Internet Services, Messaging and Telecommunications, Software","San Francisco, California, United States",Rapportive is an email add-on that displays social media info about contacts inside the users’ inbox.,"3,798",2010,2,1-10,1,M&A,"Aug 2, 2010","$1,000,000",Seed,"$1,000,000"
Applauze,https://www.crunchbase.com/organization/955-dreams,"Content and Publishing, Media and Entertainment, Mobile","Mountain View, California, United States","Applauze is a smartphone app that publishes details on different types of events such as concerts, theater productions, sports and movies.","3,819","Nov 1, 2010",3,11-50,3,M&A,"Oct 23, 2013","$7,200,000",Series A,"$10,450,000"
Keen IO,https://www.crunchbase.com/organization/keen,"Data and Analytics, Internet Services, Software","San Francisco, California, United States",Keen IO is a custom analytics back-end for developers. Build and embed analytics for your teams and your customers.,"4,460","Dec 1, 2011",3,11-50,5,M&A,"Jun 29, 2016","$14,700,000",Series B,"$29,218,000"
Creative Market,https://www.crunchbase.com/organization/creativemarket,"Commerce and Shopping, Design, Internet Services","San Francisco, California, United States",Creative Market is a marketplace for ready-to-use design assets from independent creators around the world.,"4,727",2012,3,11-50,4,M&A,"Oct 11, 2017","$7,000,000",Series A,"$9,330,000"
LookSharp (powering InternMatch),https://www.crunchbase.com/organization/internmatch,"Education, Internet Services, Media and Entertainment, Professional Services","San Francisco, California, United States",LookSharp helps every student launch their career,"5,504","Jun 1, 2009",3,11-50,8,M&A,"Feb 14, 2016","$1,000,000",Convertible Note,"$10,633,503"
Wildfire,https://www.crunchbase.com/organization/wildfire-interactive,"Advertising, Internet Services, Media and Entertainment, Sales and Marketing, Software","Redwood City, California, United States",Wildfire is a provider of enterprise social media marketing software.,"5,556",2008,2,251-500,5,M&A,"Dec 1, 2011","$10,000,000",Series B,"$14,100,000"
SkyGiraffe,https://www.crunchbase.com/organization/skygiraffe,"Information Technology, Mobile, Platforms, Sales and Marketing, Software","San Mateo, California, United States","SkyGiraffe is an enterprise mobility platform that mobilizes back-end data, enabling employees to manage business processes on any device.","5,640","Dec 1, 2012",2,11-50,5,M&A,"Aug 24, 2016","$6,000,000",Series A,"$10,500,000"
Virool,https://www.crunchbase.com/organization/virool,"Advertising, Media and Entertainment, Sales and Marketing, Video","San Francisco, California, United States",Virool is a programmatic video marketing platform.,"6,000","Mar 1, 2012",2,101-250,5,M&A,"Aug 4, 2016",,Convertible Note,"$18,620,000"
ToutApp,https://www.crunchbase.com/organization/toutapp,"Information Technology, Internet Services, Messaging and Telecommunications, Sales and Marketing, Software","San Francisco, California, United States",ToutApp helps organizations transform their sales teams into revenue generating machines.,"6,472","May 1, 2011",1,11-50,5,M&A,"Mar 3, 2015","$15,000,000",Series B,"$21,480,000"
Viki,https://www.crunchbase.com/organization/viki,"Content and Publishing, Media and Entertainment, Music and Audio, Video","San Francisco, California, United States",Brings global prime-time entertainment to new audiences and unlocks new markets and revenue opportunities for content owners.,"6,741",2010,3,51-100,3,M&A,"Jan 1, 2013",,Convertible Note,"$24,300,000"
Gyft,https://www.crunchbase.com/organization/gyft,"Commerce and Shopping, Financial Services, Internet Services, Mobile, Payments, Software","Mountain View, California, United States","Gyft is a mobile gift card app that allows customers to buy, store, send and redeem gift cards conveniently from their mobile device.","6,909","Jan 13, 2012",3,11-50,4,M&A,"Sep 25, 2013","$5,000,000",Series A,"$6,250,000"
Animoca Brands Corporation,https://www.crunchbase.com/organization/animoca-brands-corporation,"Gaming, Mobile, Software","Hong Kong, Hong Kong Island, Hong Kong","Animoca Brands develops and publishes great mobile games based on globally loved popular brands like Garfield, Doraemon etc.","6,931",2001,1,51-100,4,IPO,"Mar 13, 2017","$5,200,000",Post-IPO Equity,"$17,400,000"
FameBit,https://www.crunchbase.com/organization/famebit,"Advertising, Internet Services, Sales and Marketing","Santa Monica, California, United States",Fame Bit is a YouTube marketing platform where brands collaborate with YouTube influencers and create videos.,"7,045",2013,2,11-50,2,M&A,"Jun 20, 2014","$1,500,000",Seed,"$1,500,000"
ChangeCoin,https://www.crunchbase.com/organization/changecoin,"Financial Services, Internet Services, Payments, Software","San Francisco, California, United States",ChangeCoin is a micropayment infrastructure for the Internet.,"7,158",2013,1,11-50,2,M&A,"Dec 2, 2014","$3,500,000",Seed,"$4,250,000"
Behance,https://www.crunchbase.com/organization/behance,"Information Technology, Internet Services","New York, New York, United States",Behance is an online platform that enables creative professionals to showcase and discover creative work via online portfolios.,"7,185","Sep 1, 2006",2,51-100,1,M&A,"May 14, 2012","$6,500,000",Series A,"$6,500,000"
Boatbound,https://www.crunchbase.com/organization/boatbound,"Commerce and Shopping, Sports","San Francisco, California, United States",Boatbound is a fully insured “pier-to-pier” marketplace for boat rentals in the U.S.,"7,263",2012,2,11-50,7,M&A,"Dec 7, 2015","$725,000",Venture - Series Unknown,"$5,035,000"
Pop Up Archive,https://www.crunchbase.com/organization/pop-up-archive,"Internet Services, Media and Entertainment, Music and Audio, Sales and Marketing","Oakland, California, United States",Pop Up Archive is an online platform of tools for organizing and searching digital spoken words.,"7,281","Nov 1, 2012",2,1-10,5,M&A,"Nov 17, 2016","$200,000",Seed,"$1,427,600"
Medialets,https://www.crunchbase.com/organization/medialets,"Advertising, Mobile, Sales and Marketing","New York, New York, United States","Medialets is a media ad platform enabling businesses to create, deliver and measure mobile and tablet campaigns.","7,299","Jun 1, 2008",3,51-100,5,M&A,"Jan 7, 2014","$5,000,000",Venture - Series Unknown,"$33,400,000"
Farmeron,https://www.crunchbase.com/organization/farmeron,"Agriculture and Farming, Data and Analytics, Food and Beverage, Software","Turlock, California, United States",A cloud-based dairy herd & farm business management software - allowing producers across the world to become the very best.,"7,796",2010,2,11-50,5,M&A,"May 23, 2014","$2,650,000",Seed,"$4,274,000"
Clarity,https://www.crunchbase.com/organization/clarity-2,"Commerce and Shopping, Sales and Marketing","San Francisco, California, United States",Clarity provides entrepreneurs with over-the-phone business expertise and mentorships.,"7,813",2012,2,11-50,2,M&A,"May 1, 2014","$1,100,000",Venture - Series Unknown,"$2,700,000"
Valor Water Analytics,https://www.crunchbase.com/organization/valor-water-analytics,"Data and Analytics, Natural Resources, Sustainability","San Francisco, California, United States",Valor Water Analytics develops customized financial data and dashboard tools for water utilities and businesses.,"8,065","Nov 12, 2013",1,1-10,4,M&A,"Jun 11, 2016","$1,600,000",Seed,"$2,840,000"
MakerBot,https://www.crunchbase.com/organization/makerbot,"Consumer Goods, Hardware, Manufacturing, Software","Brooklyn, New York, United States",MakerBot Industries creates open source 3D printers.,"8,498",2009,1,501-1000,2,M&A,"Aug 23, 2011","$10,000,000",Venture - Series Unknown,"$10,000,000"
Venzee,https://www.crunchbase.com/organization/venzee,"Commerce and Shopping, Manufacturing, Transportation","Wilmington, Delaware, United States",Replacing spreadsheets with real-time integration.,"8,718",2014,4,11-50,4,IPO,"Sep 14, 2017","$2,689,238",Post-IPO Equity,"$3,864,238"
AdEspresso,https://www.crunchbase.com/organization/adespresso,"Advertising, Sales and Marketing, Software","San Francisco, California, United States","AdEspresso offers services for advertisers and media agencies to create, analyze, and optimize their Facebook advertisements.","8,729","Oct 1, 2013",3,11-50,4,M&A,"May 6, 2016","$1,400,000",Series A,"$3,200,000"
Pantry,https://www.crunchbase.com/organization/pantry,"Commerce and Shopping, Hardware, Software","San Francisco, California, United States","Pantry provides instant access to fresh food through a network of swipe, grab and go kiosks. Always fresh. Always open.","9,188",2012,3,11-50,2,M&A,"Oct 7, 2015","$1,000,000",Seed,"$2,300,000"
Apsalar,https://www.crunchbase.com/organization/apsalar,"Advertising, Apps, Data and Analytics, Information Technology, Mobile, Platforms, Sales and Marketing, Software","San Francisco, California, United States","Apsalar is now part of Singular. Singular’s platform delivers attribution, cost aggregation, creative reporting & workflow automation.","9,328","May 1, 2010",4,11-50,4,M&A,"Nov 19, 2015","$8,000,000",Series C,"$22,800,000"
Versus,https://www.crunchbase.com/organization/versus-io,"Artificial Intelligence, Commerce and Shopping, Data and Analytics, Hardware, Science and Engineering, Software","Berlin, Berlin, Germany",VERSUS IO is an online natural language-styled comparison tool for all digital devices and services.,"9,330",2011,2,11-50,2,M&A,"May 15, 2013","$2,800,000",Series A,"$3,679,810"
Mattermark,https://www.crunchbase.com/organization/mattermark,"Data and Analytics, Financial Services, Lending and Investments, Software","San Francisco, California, United States",Mattermark is a data platform for venture capital companies to quantify signals of growing and potentially lucrative start-ups.,"9,553",2012,3,11-50,5,M&A,"Mar 20, 2016","$7,300,000",Series B,"$17,200,000"
Geekatoo,https://www.crunchbase.com/organization/geekatoo,"Commerce and Shopping, Hardware, Internet Services","Mountain View, California, United States","Geekatoo offers at-home tech support services such as computer repair, virus removal, camera and printer repair and building websites.","9,740",2010,2,11-50,3,M&A,"Jul 30, 2014","$1,700,000",Venture - Series Unknown,"$2,200,000"
Lettuce,https://www.crunchbase.com/organization/lettuce,"Commerce and Shopping, Information Technology, Sales and Marketing, Software","Venice, California, United States","Lettuce is an inventory and order management system that enables SMBs to capture, track, and process orders from multiple sales channels.","9,789",2012,2,11-50,2,M&A,"Aug 1, 2013","$1,000,000",Seed,"$3,100,000"
Roost,https://www.crunchbase.com/organization/roost-6,"Real Estate, Transportation","San Francisco, California, United States",Roost is a solution provider for parking and storage.,"11,092",2013,3,1-10,3,M&A,"Jul 1, 2016","$50,000",Seed,"$1,375,000"
Totspot Inc,https://www.crunchbase.com/organization/totspot-2,"Commerce and Shopping, Mobile","San Francisco, California, United States",Totspot is a social mobile marketplace for fashion resale. The platform enables social commerce between mom consumers .,"11,143",2013,2,1-10,2,M&A,"Feb 3, 2016","$1,500,000",Seed,"$3,300,000"
SendHub,https://www.crunchbase.com/organization/sendhub,"Information Technology, Internet Services, Media and Entertainment, Messaging and Telecommunications, Mobile, Music and Audio, Software","Pleasanton, California, United States",SendHub is the Business Phone System for Mobile.,"11,170","Dec 1, 2011",4,11-50,5,M&A,"Jan 1, 2015",,Seed,"$10,000,000"
Lexity,https://www.crunchbase.com/organization/lexity,"Commerce and Shopping, Software","Mountain View, California, United States",Lexity is a PaaS-based e-commerce cloud platform providing an own app store for online retailers to manage information with a single click.,"11,330","Aug 1, 2009",1,11-50,2,M&A,"Mar 3, 2011","$4,500,000",Series A,"$5,700,000"
Chromatik,https://www.crunchbase.com/organization/chromatik,"Media and Entertainment, Music and Audio","Santa Monica, California, United States","Chromatik builds products for musicians to learn, play, and share the music they love.","11,381",2010,1,11-50,2,M&A,"May 8, 2013","$5,700,000",Series A,"$7,700,000"
Worklife,https://www.crunchbase.com/organization/worklife,"Apps, Internet Services, Mobile, Software","San Francisco, California, United States","Worklife is a web and mobile app that helps teams run highly productive, engaging meetings.","11,538",2014,3,1-10,4,M&A,"Jul 23, 2015",,Convertible Note,"$2,720,000"
Connected,https://www.crunchbase.com/organization/connected,"Internet Services, Media and Entertainment, Software","San Francisco, California, United States",Connected is a web-based contacts manager that unifies the user's contacts across their emails and social media into one interface.,"11,828",2009,1,11-50,1,M&A,"Jun 29, 2011","$500,000",Angel,"$500,000"
Qualaroo,https://www.crunchbase.com/organization/qualaroo,"Information Technology, Software","San Antonio, Texas, United States","Analytics tells you what people are doing, Qualaroo website surveys tell you why.","11,874","Jun 1, 2012",2,11-50,2,M&A,"Sep 19, 2014","$2,200,000",Venture - Series Unknown,"$7,200,000"
Forrst,https://www.crunchbase.com/organization/forrst,"Community and Lifestyle, Design, Software","Campbell, California, United States",Forrst is a community where designers and developers can share their work and get feedback.,"12,308","Jan 25, 2010",1,,1,M&A,"Mar 24, 2011","$205,000",Seed,"$205,000"
Seed CX,https://www.crunchbase.com/organization/seed-cx,"Financial Services, Lending and Investments","Chicago, Illinois, United States",Seed CX is a global exchange and network infrastructure for emerging commodities.,"12,327",2015,2,1-10,4,M&A,"Sep 30, 2016","$700,000",Seed,"$4,100,000"
Retailigence,https://www.crunchbase.com/organization/retailigence,"Advertising, Internet Services, Sales and Marketing, Software","Redwood City, California, United States",Retailigence is an online-to-offline marketing platform for driving product sales in-store.,"12,372",2009,1,11-50,5,M&A,"Mar 5, 2013","$6,300,000",Series B,"$13,000,000"
PredictionIO,https://www.crunchbase.com/organization/prediction-io,"Artificial Intelligence, Data and Analytics, Science and Engineering, Software","Stanford, California, United States",Open source machine learning server,"12,714",2013,5,1-10,2,M&A,"Jul 17, 2014","$2,500,000",Seed,"$2,650,000"
TrustedCompany.com,https://www.crunchbase.com/organization/trustedcompany-com,Information Technology,"Kuala Lumpur, Kuala Lumpur, Malaysia",TRUSTEDCOMPANY is an open review community that helps consumers identify trustworthy and reliable online merchants.,"12,841","Jun 1, 2013",2,11-50,1,M&A,"Sep 14, 2014","$1,000,000",Series A,"$1,000,000"
Speek,https://www.crunchbase.com/organization/speek,"Mobile, Software","Ashburn, Virginia, United States","Speek enables conference calling by using a unique web link instead of dial-ins, PINs or downloads.","12,901",2012,2,11-50,5,M&A,"Mar 3, 2014","$5,100,000",Series A,"$7,950,000"
Foodspotting,https://www.crunchbase.com/organization/foodspotting,"Apps, Data and Analytics, Internet Services, Media and Entertainment, Navigation and Mapping, Software, Travel and Tourism","San Francisco, California, United States","Foodspotting is a community-driven dish discovery app that allows individuals to find, share and recommend food dishes.","13,155","Sep 1, 2009",3,1-10,2,M&A,"Jan 10, 2011","$3,000,000",Series A,"$3,750,000"
Graphicly,https://www.crunchbase.com/organization/graphicly,"Advertising, Content and Publishing, Financial Services, Media and Entertainment, Sales and Marketing","Palo Alto, California, United States","Graphicly offers an online platform that provides work flow integration, self-publishing, digital distribution, conversion and promotion.","13,431",2009,1,11-50,7,M&A,"Sep 4, 2013","$1,300,000",Venture - Series Unknown,"$10,024,049"
Blink Booking,https://www.crunchbase.com/organization/blink-booking,"Apps, Internet Services, Mobile, Software, Travel and Tourism","Madrid, Madrid, Spain",Blink Booking is an app that helps travellers in Europe book hotels at the last minute by providing a daily selection of four hotels.,"14,075",2012,1,11-50,1,M&A,"Mar 1, 2012","$4,400,000",Seed,"$4,400,000"
Cinepapaya,https://www.crunchbase.com/organization/cinepapaya,"Commerce and Shopping, Events, Media and Entertainment","Lima, Lima, Peru",Online and Mobile Sales of Movie Tickets,"14,153",2012,3,11-50,7,M&A,"Oct 20, 2014","$2,000,000",Series A,"$3,083,786"
Tech Geek,https://www.crunchbase.com/organization/vidcaster,"Education, Media and Entertainment, Sales and Marketing, Software, Video","San Francisco, California, United States",Tech Geek is a Technology Based Website.,"14,204","Feb 25, 2018",3,1-10,2,M&A,"Feb 15, 2014","$1,300,000",Series A,"$2,500,000"
Careport Health,https://www.crunchbase.com/organization/careport-health,"Financial Services, Health Care","Boston, Massachusetts, United States",Careport Health is an online booking engine for post-hospital care.,"14,391",2012,2,11-50,4,M&A,"Jun 1, 2015","$2,200,000",Venture - Series Unknown,"$3,130,000"
Streem,https://www.crunchbase.com/organization/streem,"Content and Publishing, Information Technology, Internet Services, Media and Entertainment, Software, Video","San Francisco, California, United States","Streem offers unlimited cloud storage for you to store, stream, and share your media.","14,476",Jun 2012,2,1-10,1,M&A,"Apr 25, 2014","$875,000",Seed,"$875,000"
Roost,https://www.crunchbase.com/organization/roost,Sales and Marketing,"San Francisco, California, United States",Roost by VerticalResponse helps local professionals get more business from social media.,"14,649",2007,,1-10,4,M&A,"Jul 1, 2015","$1,200,000",Seed,"$15,100,000"
POPAPP,https://www.crunchbase.com/organization/popapp,"Apps, Software","Taipei, T'ai-pei, Taiwan",POPAPP is an app that transforms sketches into click-through prototypes.,"14,912","May 1, 2012",2,11-50,2,M&A,"Jul 22, 2014","$700,000",Angel,"$700,000"
Lagoa,https://www.crunchbase.com/organization/lagoa,"Hardware, Software","Montréal, Quebec, Canada","Lagoa is a cloud platform enabling 3D visualization of content for the engineering, architecture, media and entertainment sectors.","14,996","Jan 16, 2012",3,11-50,3,M&A,"Feb 4, 2014","CA$1,600,000",Seed,"$8,343,761"
Mygola,https://www.crunchbase.com/organization/mygola,"Apps, Mobile, Software, Travel and Tourism","Chevy Chase, Maryland, United States",Mygola is a platform enabling travelers to discover customizable and bookable travel itineraries.,"15,015","Oct 2, 2009",1,51-100,3,M&A,"Oct 17, 2013","$1,500,000",Series A,"$2,658,000"
WillCall,https://www.crunchbase.com/organization/willcall,"Events, Media and Entertainment, Mobile","San Francisco, California, United States",WillCall is a music discovery and ticketing application that allows users to reserve and book tickets for music events held in U.S. cities.,"15,466","Jun 1, 2010",4,1-10,3,M&A,"Aug 7, 2013","$1,200,000",Seed,"$2,100,000"
IMRSV,https://www.crunchbase.com/organization/imrsv,"Data and Analytics, Design, Hardware, Software","New York, New York, United States",A new way to measure the world. Software that turns any webcam into an intelligent sensor.,"15,469","Dec 30, 2010",1,11-50,7,M&A,"Nov 6, 2012","$998,969",Debt Financing,"$3,016,969"
Wholeshare,https://www.crunchbase.com/organization/wholeshare,"Food and Beverage, Internet Services, Sustainability","San Francisco, California, United States",Online Marketplace for Sustainable Food / Whole Foods for the 99%,"15,583",2010,1,11-50,4,M&A,"Mar 31, 2016","$200,000",Seed,"$2,000,000"
Hall,https://www.crunchbase.com/organization/hall-com,"Information Technology, Internet Services, Messaging and Telecommunications, Mobile, Software","San Francisco, California, United States",Bring your team together with Hall's real-time business messaging platform.,"15,733",2011,3,1-10,3,M&A,"Jul 23, 2013","$5,500,000",Series A,"$6,080,000"
"Boxbee, Inc.",https://www.crunchbase.com/organization/boxbee,"Real Estate, Transportation","New York, New York, United States",Our Software Powers Full-Service Storage.,"15,965",2012,1,1-10,3,M&A,"Dec 16, 2014","$5,000,000",Series A,"$7,300,000"
HeartThis,https://www.crunchbase.com/organization/heartthis,"Commerce and Shopping, Community and Lifestyle","San Francisco, California, United States",All your favorite stores in one place,"15,986","Jun 1, 2013",3,1-10,1,M&A,"Aug 21, 2013","$2,000,000",Seed,"$2,000,000"
Votizen,https://www.crunchbase.com/organization/votizen,"Government and Military, Internet Services, Media and Entertainment, Privacy and Security","Mountain View, California, United States",Votizen is a consumer technology company that harnesses social networks to create a connected electorate of voters.,"16,000","Mar 19, 2009",3,1-10,2,M&A,"Feb 24, 2012","$750,000",Venture - Series Unknown,"$2,250,000"
Encore Alert,https://www.crunchbase.com/organization/encore,"Data and Analytics, Internet Services, Sales and Marketing","Arlington, Virginia, United States",The first automated data scientist for marketers and PR,"16,737",2011,3,1-10,4,M&A,"Jul 31, 2015","$125,000",Seed,"$940,000"
ecomom,https://www.crunchbase.com/organization/ecomom,"Commerce and Shopping, Health Care","Spokane, Washington, United States",Ecomom is an e-commerce platform that distributes eco-friendly and organic products for families.,"16,761","Aug 1, 2008",3,51-100,4,M&A,"Aug 14, 2012","$4,700,000",Venture - Series Unknown,"$10,700,000"
LaunchRock,https://www.crunchbase.com/organization/launchrock,"Internet Services, Media and Entertainment, Software","Walnut, California, United States","LaunchRock is an online platform that enables its users to create viral ""Launching Soon"" pages with built in sharing tools and analytics.","16,773","Jan 28, 2011",4,51-100,1,M&A,"Nov 8, 2011","$800,000",Seed,"$800,000"
OLSET,https://www.crunchbase.com/organization/olset,"Data and Analytics, Software, Travel and Tourism","San Francisco, California, United States",OLSET is a technology provider offering big data based personalization solutions for the travel and hospitality industry.,"17,338","Sep 4, 2012",2,1-10,4,M&A,"May 16, 2014","$600,000",Seed,"$1,715,000"
Manifest,https://www.crunchbase.com/organization/manifestinc,"Advertising, Apps, Commerce and Shopping, Internet Services, Media and Entertainment, Sales and Marketing, Software","San Francisco, California, United States",Manifest is the first automated advertising platform that uses your product feed to show the right product to the right customer.,"17,592","Jul 1, 2011",1,11-50,4,M&A,"Jul 31, 2014",,Seed,"$3,000,000"
TouristEye,https://www.crunchbase.com/organization/tourist-eye,"Media and Entertainment, Travel and Tourism","Madrid, Madrid, Spain",TouristEye is a mobile application that enables users to collect destinations and activities to plan their trips and weekend getaways.,"17,682","Feb 1, 2010",2,1-10,3,M&A,"Nov 6, 2012","$300,000",Seed,"$475,000"
CudaSign,https://www.crunchbase.com/organization/signnow,"Consumer Electronics, Hardware, Information Technology, Internet Services, Messaging and Telecommunications, Software","Newport Beach, California, United States",CudaSign offers an electronic signature solution that easily and safely accelerate businesses.,"17,893","Feb 1, 2010",1,11-50,2,M&A,"Mar 6, 2012","$2,000,000",Venture - Series Unknown,"$2,500,000"
Reesio,https://www.crunchbase.com/organization/reesio,"Financial Services, Internet Services, Real Estate","San Francisco, California, United States",Reesio is an online real estate transaction management solution providing up-to-the-minute residential property data.,"18,111","Jan 20, 2012",4,1-10,4,M&A,"Jul 16, 2015","$207,500",Seed,"$1,583,500"
TargetingMantra,https://www.crunchbase.com/organization/targetingmantra,Software,"Mountain View, California, United States",B2B Personalization SaaS Solution,"18,173",2013,2,11-50,1,M&A,"Sep 15, 2014","$1,100,000",Venture - Series Unknown,"$1,100,000"
ShareRoot,https://www.crunchbase.com/organization/shareroot,"Advertising, Content and Publishing, Data and Analytics, Media and Entertainment, Sales and Marketing, Software","Berkeley, California, United States","SaaS platform to help brands grow authentic, unparalleled connections through visual content marketing","18,204","Feb 13, 2013",2,11-50,4,IPO,"Jul 4, 2017","$1,000,000",Post-IPO Equity,"$5,900,000"
Moveline,https://www.crunchbase.com/organization/moveline,"Financial Services, Media and Entertainment","Las Vegas, Nevada, United States",Moveline lets people take a video of their stuff and get guaranteed quotes from top moving companies.,"18,208","Dec 17, 2011",2,11-50,7,M&A,"Nov 6, 2014",,Convertible Note,"$4,750,000"
Zencoder,https://www.crunchbase.com/organization/zencoder,"Information Technology, Internet Services, Media and Entertainment, Music and Audio, Privacy and Security, Software, Video","San Francisco, California, United States","Zencoder is web-based video encoding SaaS, designed to convert any video into web and mobile-compatible formats in real-time.","18,252",2007,3,11-50,2,M&A,"Apr 12, 2011","$2,000,000",Series A,"$2,000,000"
Ubooly,https://www.crunchbase.com/organization/ubooly,"Consumer Goods, Education, Financial Services, Mobile, Platforms, Software","Boulder, Colorado, United States","Ubooly offers an interactive, educational soft toy for children that can be controlled through iOS devices.","19,034","Mar 1, 2012",3,11-50,3,M&A,"Jun 30, 2014","$120,000",Seed,"$2,720,000"
FanBread,https://www.crunchbase.com/organization/fanbread,"Advertising, Content and Publishing, Internet Services, Media and Entertainment, Mobile, Sales and Marketing, Video","Santa Monica, California, United States",FanBread's tech helps people and companies build brands and pursue new creative opportunities.,"19,234","Apr 1, 2014",1,11-50,2,M&A,"May 1, 2015","$1,605,000",Seed,"$2,405,000"
COLOURlovers,https://www.crunchbase.com/organization/colourlovers,"Commerce and Shopping, Media and Entertainment","Portland, Oregon, United States","COLOURlovers is a creative community enabling users to discuss trends, explore articles and share user-generated colors, palettes, patterns.","19,250","Dec 1, 2005",3,11-50,3,M&A,"Mar 20, 2012","$1,000,000",Seed,"$2,000,000"
Adphorus,https://www.crunchbase.com/organization/adphorus,"Advertising, Sales and Marketing, Software","Beyoglu, Istanbul, Turkey",Give wings to your travel ads on Facebook & Instagram.,"19,545",2013,1,11-50,1,M&A,"Jul 21, 2015","$1,000,000",Seed,"$1,000,000"
ReadyForZero,https://www.crunchbase.com/organization/readyforzero,Financial Services,"Los Angeles, California, United States",ReadyForZero creates online financial software for actively managing personal debt and credit.,"19,971","May 1, 2010",2,11-50,3,M&A,"Jun 1, 2011","$4,500,000",Series A,"$4,777,000"
userfox,https://www.crunchbase.com/organization/userfox,"Advertising, Information Technology, Internet Services, Messaging and Telecommunications, Sales and Marketing, Software","San Francisco, California, United States",Userfox is a SaaS-based product that enables companies to design personalized trigger-based emails.,"19,995","Jun 1, 2011",2,1-10,1,M&A,"Jan 1, 2012","$700,000",Angel,"$700,000"
Payvment,https://www.crunchbase.com/organization/payvment,"Apps, Commerce and Shopping, Software","Palo Alto, California, United States",Payvment is an e-commerce site designed for Facebook offering brands and merchants a complete suite of social discovery and commerce tools.,"20,131","Aug 1, 2009",2,11-50,3,M&A,"Nov 30, 2010","$6,000,000",Series B,"$7,750,000"
Snapette,https://www.crunchbase.com/organization/snapette,"Clothing and Apparel, Commerce and Shopping, Data and Analytics, Design, Internet Services, Media and Entertainment, Mobile, Navigation and Mapping","New York, New York, United States",Snapette is a mobile shopping application for finding and sharing fashion products available in neighborhood stores.,"20,457",2011,2,51-100,1,M&A,"Oct 12, 2011","$1,500,000",Seed,"$1,500,000"
Reclip.It,https://www.crunchbase.com/organization/reclip-it,Commerce and Shopping,"Mountain View, California, United States",Reclip.It is a social discovery site helping users save money by matching list items with digital coupons and weekly ads from retail stores.,"20,490","Jan 1, 2012",2,1-10,2,M&A,"Jun 1, 2012","$70,000",Seed,"$840,000"
SupplyHog,https://www.crunchbase.com/organization/supplyhog,"Commerce and Shopping, Internet Services, Real Estate, Software","Chattanooga, Tennessee, United States",SupplyHog is an online platform for contractors to buy building supplies and materials with personalized pricing and free shipping.,"20,606",2011,2,1-10,4,M&A,"Jun 7, 2013","$2,500,000",Seed,"$2,975,000"
BackType,https://www.crunchbase.com/organization/backtype,"Advertising, Media and Entertainment, Sales and Marketing","San Francisco, California, United States",BackType is a marketing intelligence platform that helps brands and agencies understand the business impact of social media.,"21,609",2008,2,1-10,4,M&A,"Feb 13, 2014",,Venture - Series Unknown,"$1,315,000"
Divshot,https://www.crunchbase.com/organization/divshot,Internet Services,"Santa Monica, California, United States",Divshot is an HTML5 web hosting platform tailored for performance and developer productivity.,"22,692","Apr 15, 2012",2,1-10,2,M&A,"Mar 19, 2013","$1,100,000",Seed,"$1,180,000"
FeeFighters,https://www.crunchbase.com/organization/transparent-financial-services,"Commerce and Shopping, Financial Services, Lending and Investments, Payments, Professional Services","Chicago, Illinois, United States",FeeFighters enable users to compare credit card processing services.,"22,918",2009,2,1-10,4,M&A,"Jan 12, 2011","$1,000,000",Angel,"$1,835,000"
Hipster,https://www.crunchbase.com/organization/hipster,"Content and Publishing, Media and Entertainment, Mobile, Platforms, Software","San Francisco, California, United States",Hipster is an application enabling users to send photographic postcards to others via iPhone and Android devices.,"23,298",2011,2,1-10,1,M&A,"May 16, 2011","$1,000,000",Convertible Note,"$1,000,000"
Pict,https://www.crunchbase.com/organization/pict,"Commerce and Shopping, Content and Publishing, Data and Analytics, Media and Entertainment, Software","San Francisco, California, United States","PICT builds a “shoppable photo” technology platform, enabling them to turn a normal photo into a content-rich, e-commerce-enabled photo.","23,351","Feb 3, 2012",3,1-10,2,M&A,"Apr 26, 2013","$1,400,000",Seed,"$1,400,000"
Chalkable,https://www.crunchbase.com/organization/chalkable,"Education, Software","New York, New York, United States",Chalkable is an app store and platform enabling schools to provide a better learning experience.,"23,421","Apr 1, 2010",3,1-10,1,M&A,"Sep 4, 2012","$1,300,000",Seed,"$1,300,000"
Keen Systems,https://www.crunchbase.com/organization/keen-systems,"Commerce and Shopping, Content and Publishing, Hardware, Information Technology, Internet Services, Media and Entertainment, Sales and Marketing, Software","San Mateo, California, United States",Keen Systems is a cloud-based platform that allows companies to build and deploy an e-commerce driven web presence.,"23,785",2008,1,11-50,6,M&A,"Mar 21, 2016","$4,122,848",Debt Financing,"$7,472,848"
Flowtown,https://www.crunchbase.com/organization/flowtown,"Consumer Electronics, Data and Analytics, Hardware, Sales and Marketing","San Francisco, California, United States",Flowtown is a social media marketing platform that helps businesses communicate with their customers.,"23,822","Feb 1, 2009",3,11-50,1,M&A,"Aug 25, 2010","$750,000",Seed,"$750,000"
DropSuite,https://www.crunchbase.com/organization/dropsuite,"Internet Services, Software","Singapore, Central Region, Singapore","Dropsuite is a software platform that enables small and medium enterprises to easily backup, recover and protect their digital assets.","23,846","Jan 5, 2012",4,11-50,2,IPO,"Dec 15, 2015","$5,000,000",Series B,"$5,000,000"
Brainient,https://www.crunchbase.com/organization/brainient,"Advertising, Media and Entertainment, Mobile, Sales and Marketing, Video","Bucharest, Bucuresti, Romania","Brainient give clients the tools to create rich, engaging and interactive video formats which can be delivered across a range of devices.","24,597",2009,1,11-50,3,M&A,"Jan 15, 2012","$1,800,000",Series A,"$2,650,000"
Pick1,https://www.crunchbase.com/organization/pick1,"Data and Analytics, Design, Sales and Marketing","San Francisco, California, United States",Pick1 offers a survey and marketing intelligence suite to deliver actionable data for businesses.,"24,728",2010,3,11-50,4,M&A,"May 22, 2014","$900,000",Undisclosed,"$1,940,000"
Koemei,https://www.crunchbase.com/organization/koemei,"Data and Analytics, Internet Services, Media and Entertainment, Software, Video","San Francisco, California, United States","Koemei is a 500Startups backed company that builds video search-as-a-service for website and apps, accessible through API and embed codes.","24,778","Dec 20, 2012",3,1-10,2,M&A,"Dec 1, 2013","$435,000",Convertible Note,"$1,335,000"
oneforty,https://www.crunchbase.com/organization/oneforty,"Apps, Financial Services, Internet Services, Software","Cambridge, Massachusetts, United States",oneforty is a social business hub that provides buyers with guide for businesses.,"24,833","Mar 31, 2009",1,1-10,4,M&A,"Jan 11, 2010","$1,980,000",Series A,"$2,345,000"
Humanoid,https://www.crunchbase.com/organization/humanoid,"Content and Publishing, Data and Analytics, Internet Services, Media and Entertainment, Music and Audio, Sales and Marketing, Software, Video","San Francisco, California, United States",Humanoid is a software company providing solutions for computer programmers to utilize human intelligence in software applications.,"25,379","Oct 1, 2008",4,11-50,3,M&A,"Sep 6, 2015",,Private Equity,"$1,100,000"
AbbeyPost,https://www.crunchbase.com/organization/abbeypost,"Clothing and Apparel, Commerce and Shopping, Design","San Mateo, California, United States",Software-driven custom apparel that fits every woman's shape and size.,"25,712",Aug 2012,2,1-10,5,M&A,"Jul 11, 2014","$425,000",Seed,"$875,000"
LaunchBit,https://www.crunchbase.com/organization/launchbit,"Advertising, Sales and Marketing","Mountain View, California, United States",LaunchBit is an advertising platform for B2B professionals to target audiences via email newsletters and niche blogs.,"25,880",2011,2,1-10,2,M&A,"Aug 6, 2012","$960,000",Seed,"$960,000"
Jott,https://www.crunchbase.com/organization/jott,"Information Technology, Internet Services, Media and Entertainment, Messaging and Telecommunications, Video","Seattle, Washington, United States",Jott offers a novel service that enables users to speak messages that can be sent to as transcribed emails or voice messages.,"25,907","Apr 1, 2006",4,,3,M&A,"Jun 9, 2015","$1,200,000",Seed,"$7,600,000"
Lightbox,https://www.crunchbase.com/organization/lightbox,"Content and Publishing, Media and Entertainment, Mobile, Platforms, Software","London, England, United Kingdom","Lightbox develops consumer mobile apps such as Lightbox photos, an app that provides photo cloud-hosting solutions.","26,086","Nov 1, 2010",4,1-10,1,M&A,"Feb 1, 2011","$1,200,000",Seed,"$1,200,000"
Binpress,https://www.crunchbase.com/organization/binpress,"Commerce and Shopping, Mobile, Software","Mountain View, California, United States",Binpress is a marketplace for commercial open-source projects.,"26,117","Aug 7, 2010",2,1-10,1,M&A,"Sep 30, 2013","$1,000,000",Seed,"$1,000,000"
HealthyOut,https://www.crunchbase.com/organization/healthyout,"Health Care, Internet Services","New York, New York, United States",HealthyOut is a mobile app that enables users to discover healthy restaurant dishes and have them delivered to their home or office.,"26,464",2012,3,1-10,1,M&A,"Jan 14, 2013","$1,200,000",Seed,"$1,200,000"
Disruption Corporation,https://www.crunchbase.com/organization/disruption-corporation-2,"Data and Analytics, Financial Services, Lending and Investments","Arlington, Virginia, United States",Disruption Corp a new kind of Asset Management & Financial Services Firm For The Private Market.,"27,248",2013,1,11-50,3,M&A,"Nov 12, 2014","$740,725",Venture - Series Unknown,"$2,990,725"
Lumific,https://www.crunchbase.com/organization/lumific,"Artificial Intelligence, Content and Publishing, Data and Analytics, Hardware, Internet Services, Media and Entertainment, Software","San Francisco, California, United States",Lumific is a photo editing and photo curation software.,"27,462","Aug 1, 2013",2,11-50,3,M&A,"Jul 1, 2014","$200,000",Seed,"$350,000"
OtherInbox,https://www.crunchbase.com/organization/otherinbox,"Commerce and Shopping, Information Technology, Internet Services, Messaging and Telecommunications","Austin, Texas, United States",OtherInbox is a company that builds technology to automatically organize emails enabling users to focus on messages based on their priority.,"27,755",2008,2,11-50,4,M&A,"Sep 20, 2010","$1,500,000",Series A,"$3,800,000"
BrightNest,https://www.crunchbase.com/organization/brightnest,"Hardware, Internet Services, Real Estate, Software","Denver, Colorado, United States",BrightNest provides homeowners with tips and tools to shape up their homes.,"28,576",2010,2,11-50,2,M&A,"Nov 1, 2011","$950,000",Seed,"$1,285,000"
Vessel,https://www.crunchbase.com/organization/vessel,"Apps, Data and Analytics, Information Technology, Mobile, Software","San Francisco, California, United States",Vessel is a WYSIWIG platform that enables product managers and marketers to build and launch experiments in real time.,"29,150",2012,2,1-10,3,M&A,"Aug 1, 2014",,Seed,"$100,000"
HUBBA,https://www.crunchbase.com/organization/hubba-2,Real Estate,"Bangkok, Krung Thep, Thailand",HUBBA is a platform and community for global creators,"30,053","Jun 1, 2012",2,11-50,1,M&A,"Oct 21, 2015","$350,000",Seed,"$350,000"
Activate by Bloglovin,https://www.crunchbase.com/organization/sverve,"Advertising, Internet Services, Media and Entertainment, Sales and Marketing","New York, New York, United States",Activate by Bloglovin (formerly Sverve) is an online advertising platform connecting social media influences.,"33,280","Mar 15, 2012",2,11-50,4,M&A,"Aug 31, 2014","$500,000",Seed,"$1,465,000"
Tiny Post,https://www.crunchbase.com/organization/tiny-review,"Data and Analytics, Internet Services, Media and Entertainment, Mobile, Navigation and Mapping","Palo Alto, California, United States","Tiny Post allows users to easily add text to images, link them to certain locations, and share them on various social networks.","33,844","Aug 20, 2011",2,1-10,2,M&A,"Feb 1, 2012","$300,000",Angel,"$300,000"
Tappy PTE. LTD.,https://www.crunchbase.com/organization/tappy-pte--ltd-,"Community and Lifestyle, Data and Analytics, Internet Services, Mobile, Navigation and Mapping","Ho Chi Minh City, NA - Vietnam, Vietnam",Hyperlocal social app that transforms any location into a virtual online community,"34,245","Feb 15, 2014",3,11-50,1,M&A,"Aug 28, 2014","$200,000",Seed,"$200,000"
Populr,https://www.crunchbase.com/organization/populr,"Data and Analytics, Information Technology, Internet Services, Messaging and Telecommunications","Nashville, Tennessee, United States",Populr is a communication tool that enables users to create and share one-page websites via a drag and drop interface.,"34,525","Aug 30, 2011",3,1-10,5,M&A,"Apr 9, 2014","$75,000",Seed,"$975,000"
Social Media Broadcasts (SMB) Limited,https://www.crunchbase.com/organization/social-media-broadcasts-smb-limited,"Data and Analytics, Internet Services, Sales and Marketing","Hong Kong, Hong Kong Island, Hong Kong",Social Big Data Analytics SaaS Solutions,"34,881","May 1, 2010",2,11-50,2,M&A,"Sep 23, 2015","$1,000,000",Seed,"$1,850,000"
Republic Project,https://www.crunchbase.com/organization/republic-project,"Advertising, Sales and Marketing","Santa Monica, California, United States","Republic Project offers a cloud-based ad platform that makes it easy to scale campaigns, meet demand, and optimize performance in real time.","35,311","Aug 1, 2008",2,11-50,1,M&A,"Sep 1, 2012","$1,000,000",Series A,"$1,000,000"
Department of Better Technology,https://www.crunchbase.com/organization/department-of-better-technology,"Government and Military, Information Technology, Software","Oakland, California, United States",Department of Better Technology makes great software that helps governments and non-profits better serve their communities.,"39,236",2013,3,1-10,1,M&A,"May 18, 2016","$125,000",Seed,"$125,000"
HiGear,https://www.crunchbase.com/organization/higear,"Internet Services, Transportation","San Francisco, California, United States",HiGear is a private car-sharing club for luxury and sports cars.,"39,447",2011,2,1-10,2,M&A,"Oct 7, 2011","$1,300,000",Seed,"$1,300,000"
Appstores.com,https://www.crunchbase.com/organization/appstores-com,"Apps, Content and Publishing, Media and Entertainment, Mobile, Software","San Francisco, California, United States",Appstores.com develops tools that indicate the relevant applications required for catering to users' needs.,"39,817","May 24, 2010",1,1-10,2,M&A,"Aug 1, 2011","$565,000",Angel,"$1,155,000"
Sinimanes,https://www.crunchbase.com/organization/sinimanes,"Commerce and Shopping, Food and Beverage, Internet Services","Buenos Aires, Distrito Federal, Argentina",Sinimanes mission is to not overcook or you lift the phone to order.,"40,673","Mar 1, 2011",3,11-50,3,M&A,"Oct 1, 2013","$345,000",Seed,"$530,000"
Gazemetrix,https://www.crunchbase.com/organization/uberlabs,"Advertising, Artificial Intelligence, Data and Analytics, Internet Services, Media and Entertainment, Sales and Marketing, Software","Sunnyvale, California, United States",Gazemetrix offers brands insight into when and where their brand was photographed across social media in real time.,"41,186",2012,3,1-10,4,M&A,"Jun 11, 2015",,Non-equity Assistance,"$140,000"
Primeloop,https://www.crunchbase.com/organization/primeloop,"Content and Publishing, Data and Analytics, Internet Services, Media and Entertainment","Las Vegas, Nevada, United States",Build targeted audiences with every link you share,"41,324","Jun 1, 2011",3,1-10,3,M&A,"Jan 24, 2014","$300,000",Seed,"$525,000"
Khush,https://www.crunchbase.com/organization/khush,"Media and Entertainment, Mobile, Music and Audio, Platforms, Software","Atlanta, Georgia, United States","Khush develops music applications such as LaDiDa, a reverse karaoke iPhone app that analyzes the user's voice and composes music to match.","42,140",2009,2,1-10,2,M&A,"Dec 1, 2010",,Seed,"$120,000"
Kudo,https://www.crunchbase.com/organization/kudo-2,"Commerce and Shopping, Financial Services, Information Technology, Payments","Jakarta, Jakarta Raya, Indonesia",Kudo is an Indonesian startup technology company.,"43,198",2014,2,1-10,2,M&A,"Sep 14, 2016",,Venture - Series Unknown,
Hamptons Lane,https://www.crunchbase.com/organization/hamptons-lane,"Food and Beverage, Software","New York, New York, United States",The Birchbox of artisan ingredients & kitchen tools.,"45,834",2013,1,1-10,1,M&A,"May 18, 2016","$125,000",Seed,"$125,000"
Punchd,https://www.crunchbase.com/organization/punchd,"Mobile, Platforms, Sales and Marketing, Software","Mountain View, California, United States",Punchd is a mobile application facilitating mobile phone-enabled loyalty cards for businesses providing reward points for their customers.,"46,728",2010,4,1-10,1,M&A,"Feb 14, 2011","$50,000",Seed,"$50,000"
Appbistro,https://www.crunchbase.com/organization/appbistro,"Apps, Mobile, Software","San Francisco, California, United States","Appbistro, an application marketplace for the Facebook platform, enables brands and businesses to build out their fan pages effectively.","47,370","Feb 17, 2010",2,1-10,3,M&A,"Aug 13, 2010","$600,000",Angel,"$600,000"
Backyard,https://www.crunchbase.com/organization/backyard,"Advertising, Sales and Marketing, Software","California City, California, United States",Backyard is a SaaS provider delivering video marketing and advertising solutions that connect local businesses with customers.,"48,780",2010,4,11-50,1,M&A,"Dec 1, 2010","$150,000",Seed,"$150,000"
Wiser,https://www.crunchbase.com/organization/wisepricer,"Commerce and Shopping, Data and Analytics, Sales and Marketing",,"Wiser was acquired by Quad Analytix (now Wiser Solutions, Inc.). Please visit https://www.crunchbase.com/organization/wiser-solutions-inc","49,451","Feb 1, 2012",3,51-100,2,M&A,"Feb 28, 2015",,Seed,
Tello Applications,https://www.crunchbase.com/organization/tello,"Apps, Mobile, Software","Palo Alto, California, United States",Tello (now closed) helped improve customer service by providing real-time insight into the customer experience.,"51,289","Feb 2, 2010",1,1-10,3,M&A,"Feb 28, 2012","$2,700,000",Series A,"$4,700,000"
Zipdial,https://www.crunchbase.com/organization/zipdial,"Mobile, Software","Bangalore City, Karnataka, India",ZipDial offers a marketing and analytics platform that enables brand managers to drive customer engagement by capitalizing on missed calls.,"53,379","Mar 1, 2010",3,51-100,3,M&A,"Apr 15, 2013",,Venture - Series Unknown,
Socialight,https://www.crunchbase.com/organization/socialight,"Data and Analytics, Internet Services, Media and Entertainment, Mobile, Navigation and Mapping","New York, New York, United States","Socialight offers a mobile urban navigation service, enabling users to discover, share and rate restaurants and tag secret bars for friends.","55,106",2005,1,,1,M&A,"Nov 1, 2014","$100,000",Seed,"$100,000"
Sqoot,https://www.crunchbase.com/organization/sqoot,"Commerce and Shopping, Software","New York, New York, United States",Sqoot is a local deal API that helps developers make money and advertisers gain distribution.,"59,334","Jan 1, 2010",2,11-50,2,M&A,"Feb 9, 2012",,Seed,"$15,000"
LaunchGram,https://www.crunchbase.com/organization/launchgram,"Apps, Content and Publishing, Media and Entertainment, Software","Mountain View, California, United States",LaunchGram is a web platform enabling users to follow and get updates on products and initiatives that have yet to be released or completed.,"62,164","Jan 10, 2012",3,1-10,2,M&A,"Oct 1, 2012","$50,000",Seed,"$70,000"
Stupeflix,https://www.crunchbase.com/organization/stupeflix,"Apps, Content and Publishing, Media and Entertainment, Mobile, Platforms, Software, Video","Paris, Ile-de-France, France","Stupeflix gives people, and developers, video creation super powers.","65,680",2008,4,11-50,2,M&A,"Nov 15, 2012",,Seed,
Nodal Industries,https://www.crunchbase.com/organization/nodal-industries,"Information Technology, Internet Services, Privacy and Security","Mountain View, California, United States",We offer home networks the latest and greatest network security solution available.,"67,589","Sep 4, 2014",,1-10,1,M&A,"May 6, 2015","$100,000",Seed,"$100,000"
PupBox,https://www.crunchbase.com/organization/pupbox,"Consumer Goods, Education","San Marcos, California, United States","Everything new puppy owners need on a monthly basis. Puppyhood is hard, PupBox makes it easier.","74,400",2014,2,1-10,1,M&A,"Feb 16, 2016",,Seed,
Gradible,https://www.crunchbase.com/organization/gradible,"Education, Financial Services","New York, New York, United States",Student Debt Repayment Alternative,"79,219","Sep 1, 2013",3,1-10,1,M&A,"Apr 15, 2014",,Seed,
Unwind Me,https://www.crunchbase.com/organization/unwind-me,Health Care,"San Francisco, California, United States",Unwind Me is a website that provides massaging and wellness services. Believed to have gone out of business.,"82,220",2013,2,1-10,1,M&A,"Aug 14, 2014",,Seed,
Pinshape,https://www.crunchbase.com/organization/pinshape,"Commerce and Shopping, Information Technology, Internet Services, Software","Vancouver, British Columbia, Canada","Pinshape is the next generation 3D printing community & marketplace for brands, designers and makers.","83,972","Oct 1, 2012",3,1-10,1,M&A,"Jan 30, 2014",,Seed,
Incredible Labs,https://www.crunchbase.com/organization/incredible-labs,"Artificial Intelligence, Data and Analytics, Mobile, Science and Engineering, Software","San Francisco, California, United States","Incredible Labs, a developer of artificial intelligence, offers Donna, a software solution for time management.","89,146",2011,4,1-10,1,M&A,"Dec 22, 2011",,Seed,
SimplyInsight,https://www.crunchbase.com/organization/uplette,Data and Analytics,"San Francisco, California, United States",SimplyInsight is a software development firm that create personalized optimization of mobile content for businesses.,"93,469",2013,2,1-10,2,M&A,"Oct 21, 2014",,Seed,
GazeHawk,https://www.crunchbase.com/organization/gazehawk,Internet Services,"Mountain View, California, United States",GazeHawk provides users with professional eye-tracking services using webcams in their own homes.,"99,589","Dec 1, 2009",2,11-50,1,M&A,"Jun 1, 2010",,Seed,
Chirpme,https://www.crunchbase.com/organization/chirpme,"Community and Lifestyle, Internet Services, Software","San Francisco, California, United States",ChirpMe is a startup developing a dating site based on activities and daily deals.,"105,830",2011,1,51-100,1,M&A,"Aug 13, 2011",,Seed,
Rapt,https://www.crunchbase.com/organization/rapt,"Media and Entertainment, Software","San Francisco, California, United States","Rapt offers media monetization solutions, technology, and strategic advisory services for media companies.","110,697",1998,3,51-100,4,M&A,"Nov 3, 2013",,Seed,"$23,620,000"
Versly,https://www.crunchbase.com/organization/versly,"Information Technology, Internet Services, Media and Entertainment, Messaging and Telecommunications, Real Estate, Software","San Francisco, California, United States","Versly integrates Microsoft Office applications and links content in documents, spreadsheets, presentations and email.","116,970",2009,2,1-10,1,M&A,"Jul 1, 2010",,Seed,
