Organization Name,Organization Name URL,Category Groups,Headquarters Location,Description,CB Rank (Organization),Founded Date,Number of Founders,Number of Employees,Number of Funding Rounds,Funding Status,Last Funding Date,Last Funding Amount,Last Funding Type,Total Funding Amount
Dropbox,https://www.crunchbase.com/organization/dropbox,"Hardware, Information Technology, Internet Services, Software","San Francisco, California, United States", Dropbox provides secure file sharing and storage solution.,71,"Jun 1, 2007",2,1001-5000,8,IPO,"Mar 23, 2018","$100,000,000",Private Equity,"$1,807,215,000"
Penny,https://www.crunchbase.com/organization/penny-2,"Financial Services, Mobile","San Francisco, California, United States",Penny is a personal finance app that takes the pain out of keeping track of your finances.,140,Jul 2015,2,1-10,2,M&A,"Mar 21, 2017",,Seed,"$1,200,000"
Final,https://www.crunchbase.com/organization/final,"Financial Services, Lending and Investments, Mobile, Payments, Privacy and Security, Software","Oakland, California, United States",Final is issuing a credit card that gives consumers total control over their merchant relationships.,228,Jan 2014,3,11-50,4,M&A,"Aug 4, 2015","$3,000,000",Venture - Series Unknown,"$4,100,000"
Reddit,https://www.crunchbase.com/organization/reddit,"Content and Publishing, Internet Services, Media and Entertainment","San Francisco, California, United States","Reddit is an online platform, enabling its users to submit links, create content, and have discussions about the topics of their interest.",388,2005,2,101-250,3,M&A,"Aug 1, 2017","$200,000,000",Series C,"$250,100,000"
Coin,https://www.crunchbase.com/organization/coin,"Consumer Electronics, Financial Services, Hardware, Mobile, Payments","San Francisco, California, United States",Coin is a consumer electronics and financial technology company.,784,2012,2,11-50,2,M&A,"May 5, 2014","$15,500,000",Series A,"$15,500,000"
Automatic,https://www.crunchbase.com/organization/automatic-com,"Internet Services, Manufacturing, Science and Engineering, Transportation","San Francisco, California, United States","Automatic is a Smart Driving Assistant that can save you money on gas, remember where you parked, and even call for help in a crash.",838,2011,2,11-50,4,M&A,"Jun 25, 2015","$24,000,000",Series B,"$24,000,000"
WePay,https://www.crunchbase.com/organization/wepay,"Commerce and Shopping, Financial Services, Software","Redwood City, California, United States",WePay is the payments partner to the platform economy.,870,2008,2,101-250,6,M&A,"May 20, 2015","$40,000,000",Series D,"$74,150,000"
Cruise Automation,https://www.crunchbase.com/organization/cruise,"Hardware, Science and Engineering, Software, Transportation, Travel and Tourism","San Francisco, California, United States",Cruise Automation is a self-driving car company that develops an autopilot system for existing cars.,898,2013,2,251-500,4,M&A,"Nov 18, 2015","$2,000,000",Convertible Note,"$18,800,000"
Hipmunk,https://www.crunchbase.com/organization/hipmunk,"Apps, Internet Services, Mobile, Software, Travel and Tourism","San Francisco, California, United States",Hipmunk is an online travel company providing users with hotel deals and flights results via a website and an app.,"1,032",2010,2,11-50,7,M&A,"Apr 5, 2016","$5,749,999",Venture - Series Unknown,"$54,983,999"
Pebble,https://www.crunchbase.com/organization/pebble,"Consumer Electronics, Hardware, Manufacturing, Software","Palo Alto, California, United States",Pebble is a company that develops a technology designed for smart watches to connect with iPhone and Android smartphones using Bluetooth.,"1,356",2009,1,51-100,5,M&A,"Jun 7, 2016","$12,799,843",Product Crowdfunding,"$58,813,829"
Humble Bundle,https://www.crunchbase.com/organization/humble-bundle,"Content and Publishing, Gaming, Media and Entertainment","San Francisco, California, United States",Humble Bundle is an online digital distribution platform that contributes part of its sales value to charities.,"1,508","Mar 1, 2010",2,51-100,1,M&A,"Apr 21, 2011","$4,480,000",Venture - Series Unknown,"$4,480,000"
Firebase,https://www.crunchbase.com/organization/firebase,"Apps, Hardware, Internet Services, Mobile, Software","San Francisco, California, United States","Firebase is Google's mobile platform. Build and grow your iOS, Android, or Web app with Firebase.","1,622","Sep 1, 2011",2,101-250,3,M&A,"Jun 20, 2013","$5,600,000",Series A,"$7,000,000"
Interviewed,https://www.crunchbase.com/organization/interviewed,"Education, Professional Services","San Francisco, California, United States",Interviewed lets hiring managers get to see candidates in action as they demonstrate their real-world skills.,"1,993",Mar 2015,1,51-100,1,M&A,"Sep 29, 2015","$2,000,000",Seed,"$2,000,000"
Couple,https://www.crunchbase.com/organization/couple,"Consumer Electronics, Hardware, Mobile, Platforms, Software","San Francisco, California, United States","Couple is an app that enables users to stay connected with their partners via text messaging, video and photo sharing, and sketching.","2,588",2012,5,1-10,2,M&A,"May 2, 2012","$4,200,000",Seed,"$4,226,009"
FlightCar,https://www.crunchbase.com/organization/flightcar,"Internet Services, Travel and Tourism","San Francisco, California, United States",FlightCar inspires and enables local owners and visitors to come together to list and rent each other’s unique cars at airports nationwide.,"2,732","Feb 1, 2012",3,101-250,6,M&A,"Oct 2, 2015","$20,718,608",Series B,"$40,428,608"
Tilt,https://www.crunchbase.com/organization/crowdtilt,"Education, Financial Services, Internet Services, Media and Entertainment, Payments, Video","San Francisco, California, United States","Tilt allows users to pool funds for objectives in a simple, social, and frictionless way online.","2,869","Feb 8, 2012",3,101-250,4,M&A,"Jul 8, 2015","$25,000,000",Series B,"$62,100,000"
FutureAdvisor,https://www.crunchbase.com/organization/futureadvisor,Financial Services,"San Francisco, California, United States","FutureAdvisor is a registered investment advisory firm that manages a user's existing IRA, 401(k), and other investment accounts.","2,886",2010,4,11-50,4,M&A,"May 21, 2014","$15,500,000",Series B,"$21,500,000"
Product Hunt,https://www.crunchbase.com/organization/product-hunt,"Community and Lifestyle, Mobile","San Francisco, California, United States",Product Hunt is a website that lets users share and discover new products.,"3,169","Nov 6, 2013",1,,4,M&A,"Oct 24, 2014","$440,000",Debt Financing,"$7,540,000"
"Kimono Labs, Inc.",https://www.crunchbase.com/organization/kimono,"Data and Analytics, Information Technology, Internet Services, Software","San Francisco, California, United States",Kimono Labs is an online platform that allows its users to convert their websites into APIs.,"3,372","Jan 1, 2014",2,1-10,3,M&A,"Feb 15, 2016","$5,000,000",Seed,"$5,000,000"
Kamcord,https://www.crunchbase.com/organization/kamcord,"Content and Publishing, Gaming, Internet Services, Media and Entertainment, Mobile, Video","San Francisco, California, United States",Kamcord is a social media platform allowing its users to post and interact through video content.,"3,540","Apr 1, 2012",3,11-50,6,M&A,"Apr 25, 2016","$10,000,000",Series C,"$35,270,000"
CoreOS,https://www.crunchbase.com/organization/coreos,"Internet Services, Platforms, Privacy and Security, Software","San Francisco, California, United States",CoreOS builds industry-leading infrastructure software to securely run application containers anywhere.,"3,609",2013,2,51-100,5,M&A,"May 9, 2016","$28,000,000",Series B,"$48,000,000"
Rapportive,https://www.crunchbase.com/organization/rapportive,"Information Technology, Internet Services, Messaging and Telecommunications, Software","San Francisco, California, United States",Rapportive is an email add-on that displays social media info about contacts inside the users’ inbox.,"3,798",2010,2,1-10,1,M&A,"Aug 2, 2010","$1,000,000",Seed,"$1,000,000"
Songkick,https://www.crunchbase.com/organization/songkick,"Data and Analytics, Events, Media and Entertainment, Music and Audio, Software","Brooklyn, New York, United States",Songkick is a ticketing vendor and online database of concerts for music enthusiasts.,"3,998",2007,5,51-100,8,M&A,"Aug 25, 2016","$15,000,000",Venture - Series Unknown,"$60,815,000"
OrderAhead,https://www.crunchbase.com/organization/orderahead,"Food and Beverage, Mobile","San Francisco, California, United States",OrderAhead powers mobile ordering for pickup at thousands of restaurants and local merchants,"4,471",Jan 2012,2,11-50,3,M&A,"Dec 5, 2013","$8,000,000",Series A,"$10,500,000"
Creative Market,https://www.crunchbase.com/organization/creativemarket,"Commerce and Shopping, Design, Internet Services","San Francisco, California, United States",Creative Market is a marketplace for ready-to-use design assets from independent creators around the world.,"4,727",2012,3,11-50,4,M&A,"Oct 11, 2017","$7,000,000",Series A,"$9,330,000"
Swiftype,https://www.crunchbase.com/organization/swiftype,"Commerce and Shopping, Internet Services, Sales and Marketing, Software","San Francisco, California, United States","Swiftype, a Y Combinator-backed startup, builds fast & customizable search software for thousands of enterprises, websites and applications.","4,817","Jan 1, 2012",2,11-50,4,M&A,"Mar 5, 2015","$13,000,000",Series B,"$22,200,000"
Payable,https://www.crunchbase.com/organization/payable,"Financial Services, Payments, Software","San Francisco, California, United States","Payable simplifies and automates onboarding, payments, and 1099 compliance.","4,908","Oct 1, 2013",3,1-10,2,M&A,"Dec 30, 2015",,Venture - Series Unknown,"$2,100,000"
Heroku,https://www.crunchbase.com/organization/heroku,"Financial Services, Lending and Investments, Software","San Francisco, California, United States","Heroku is a multi-language cloud application platform that enables developers to deploy, scale, and manage their applications.","5,309","Jul 1, 2007",3,51-100,3,M&A,"May 10, 2010","$10,000,000",Series B,"$13,020,000"
Disqus,https://www.crunchbase.com/organization/disqus,"Content and Publishing, Internet Services, Media and Entertainment","San Francisco, California, United States","Disqus is a blog comment hosting service offering a platform for social integration, social networking, user profiles, analytics and more.","5,475","May 5, 2007",2,51-100,3,M&A,"May 4, 2011","$10,000,000",Series B,"$10,500,000"
BloomThat,https://www.crunchbase.com/organization/bloomthat,"Commerce and Shopping, Consumer Goods, Mobile, Transportation","San Francisco, California, United States",BloomThat offers next and same day flower delivery service.,"5,920",Jun 2013,3,11-50,2,M&A,"Jun 11, 2015","$5,500,000",Series A,"$7,600,000"
Virool,https://www.crunchbase.com/organization/virool,"Advertising, Media and Entertainment, Sales and Marketing, Video","San Francisco, California, United States",Virool is a programmatic video marketing platform.,"6,000","Mar 1, 2012",2,101-250,5,M&A,"Aug 4, 2016",,Convertible Note,"$18,620,000"
Raven Tech,https://www.crunchbase.com/organization/raven-tech,"Artificial Intelligence, Data and Analytics, Mobile, Science and Engineering, Software","Beijing, Beijing, China",We are building the next generation OS.,"6,135","May 1, 2014",3,11-50,4,M&A,"Nov 1, 2015",,Venture - Series Unknown,"$18,120,000"
Carlypso,https://www.crunchbase.com/organization/carlypso,"Commerce and Shopping, Mobile, Transportation","San Carlos, California, United States",Sell your car hassle-free. Get the money of a private sale with the convenience of a trade-in.,"6,218","Aug 1, 2013",2,1-10,2,M&A,"Jul 16, 2014","$120,000",Seed,"$1,320,000"
Loopt,https://www.crunchbase.com/organization/loopt,"Apps, Data and Analytics, Internet Services, Mobile, Navigation and Mapping, Software","Mountain View, California, United States",Loopt is a mobile application and website that connects people to their community.,"6,765",2005,3,11-50,5,M&A,"May 3, 2010","$15,000,000",Series C,"$39,105,997"
Pulpix,https://www.crunchbase.com/organization/pulpix,"Artificial Intelligence, Data and Analytics, Media and Entertainment, Science and Engineering, Software, Video","New York, New York, United States",Pulpix offers video personalisation technology that displays interactive bonus content in real-time within your video.,"6,907",May 2014,2,1-10,4,M&A,"Jan 13, 2017","$850,000",Seed,"$970,000"
URX,https://www.crunchbase.com/organization/urx,"Commerce and Shopping, Media and Entertainment, Mobile, Sales and Marketing","San Francisco, California, United States",URX drives mobile commerce through relevant product ads.,"7,809","Feb 1, 2013",4,11-50,4,M&A,"Apr 28, 2014","$12,000,000",Series A,"$15,100,000"
Valor Water Analytics,https://www.crunchbase.com/organization/valor-water-analytics,"Data and Analytics, Natural Resources, Sustainability","San Francisco, California, United States",Valor Water Analytics develops customized financial data and dashboard tools for water utilities and businesses.,"8,065","Nov 12, 2013",1,1-10,4,M&A,"Jun 11, 2016","$1,600,000",Seed,"$2,840,000"
Wit.ai,https://www.crunchbase.com/organization/wit-ai,"Artificial Intelligence, Consumer Electronics, Data and Analytics, Hardware, Science and Engineering, Software","Palo Alto, California, United States",Wit.ai makes it easy for developers to build a Siri-like speech interface for their app or device.,"8,467","Oct 31, 2013",3,1-10,2,M&A,"Oct 15, 2014","$3,000,000",Seed,"$3,000,000"
Paribus,https://www.crunchbase.com/organization/paribus,"Commerce and Shopping, Data and Analytics, Internet Services, Software","New York, New York, United States",Prices change all the time. Paribus gets you money back when prices drop.,"9,005",2014,2,11-50,2,M&A,"Oct 7, 2015","$2,100,000",Seed,"$2,220,000"
Fixed,https://www.crunchbase.com/organization/fixed-3,"Apps, Events, Internet Services, Media and Entertainment, Mobile, Professional Services, Software, Transportation","San Francisco, California, United States",The easiest way to fix a parking ticket.,"9,013","Dec 1, 2013",2,1-10,4,M&A,"Jan 17, 2016","$700,000",Seed,"$3,750,000"
Auro Robotics,https://www.crunchbase.com/organization/auro-robotics,"Artificial Intelligence, Data and Analytics, Hardware, Science and Engineering, Software, Transportation","Santa Clara, California, United States","Auro Robotics is the Self-Driving Shuttle for travel within university campuses, corporate parks, and residential communities.","9,378","May 12, 2015",2,1-10,2,M&A,"Apr 26, 2016","$2,100,000",Seed,"$2,100,000"
Shopular,https://www.crunchbase.com/organization/shopularapp,"Commerce and Shopping, Mobile","Redwood City, California, United States",Shopular is changing the way people use their mobile phones to shop. The innovative mobile app notifies users of personalized deals.,"9,498","May 1, 2011",2,1-10,3,M&A,"Feb 10, 2016","$7,197,710",Venture - Series Unknown,"$13,597,710"
Mattermark,https://www.crunchbase.com/organization/mattermark,"Data and Analytics, Financial Services, Lending and Investments, Software","San Francisco, California, United States",Mattermark is a data platform for venture capital companies to quantify signals of growing and potentially lucrative start-ups.,"9,553",2012,3,11-50,5,M&A,"Mar 20, 2016","$7,300,000",Series B,"$17,200,000"
SHIFT,https://www.crunchbase.com/organization/shift,"Advertising, Apps, Internet Services, Media and Entertainment, Sales and Marketing, Software","Santa Monica, California, United States",SHIFT is a leading cross-network social advertising platform for brands and agencies.,"9,558",2010,2,51-100,5,M&A,"Dec 10, 2013","$6,000,000",Series B,"$14,000,000"
Parse,https://www.crunchbase.com/organization/parse,"Internet Services, Mobile, Platforms, Software","Menlo Park, California, United States","Parse offers cloud-based software developer kits that enable users to create apps for desktop, mobile, and embedded devices.","9,582","Jun 1, 2011",4,11-50,2,M&A,"Nov 9, 2011","$5,500,000",Series A,"$7,000,000"
Apportable,https://www.crunchbase.com/organization/apportable,"Mobile, Software","San Francisco, California, United States","Apportable allows iOS applications to run on Android devices automatically, without requiring extensive changes to the original code.","9,583",2011,2,51-100,5,M&A,"Dec 7, 2014","$2,500,000",Seed,"$11,400,000"
AeroFS,https://www.crunchbase.com/organization/aerofs,"Consumer Electronics, Hardware, Internet Services, Software","Palo Alto, California, United States",AeroFS is an enterprise file sync and share solution.,"9,589",2010,2,11-50,4,M&A,"Jul 14, 2015","$10,000,000",Series B,"$15,500,000"
SpoonRocket,https://www.crunchbase.com/organization/spoonrocket,"Administrative Services, Food and Beverage, Travel and Tourism","Berkeley, California, United States","SpoonRocket is a next-gen, ultra fast delivery platform that delivers high quality tasty meals to customers in 15 minutes or less.","9,866",2013,2,11-50,2,M&A,"May 15, 2014","$11,000,000",Series A,"$13,500,000"
Framed Data,https://www.crunchbase.com/organization/framed-data,"Artificial Intelligence, Data and Analytics, Information Technology, Software","San Francisco, California, United States",Data Science without the headcount,"10,440",2013,2,1-10,3,M&A,"Jun 1, 2016",,Non-equity Assistance,"$2,000,000"
Xobni,https://www.crunchbase.com/organization/xobni,"Apps, Consumer Electronics, Hardware, Mobile, Software","San Francisco, California, United States","Xobni creates complete and searchable social profiles of a user's contacts that include updates from LinkedIn, Facebook, and Twitter.","10,502","Mar 1, 2006",2,251-500,8,M&A,"Feb 27, 2012","$10,000,000",Series D,"$41,752,000"
YesGraph,https://www.crunchbase.com/organization/yesgraph,"Data and Analytics, Software","Palo Alto, California, United States",YesGraph can boost your company's growth with high-performance invite and referral flows.,"10,523",2012,1,1-10,3,M&A,"Aug 24, 2016","$120,000",Seed,"$2,420,000"
500Friends,https://www.crunchbase.com/organization/500friends,"Commerce and Shopping, Sales and Marketing, Software","San Francisco, California, United States",500friend provides loyalty marketing solutions for internet retailers and brands.,"10,886",2009,3,11-50,6,M&A,"Mar 12, 2013","$5,000,000",Series B,"$12,900,000"
Bump Technologies,https://www.crunchbase.com/organization/bump-technologies,"Apps, Hardware, Mobile, Software","Mountain View, California, United States",Bump Technologies builds mobile apps and APIs that allow two smartphones to identify one another and connect by being bumped together.,"11,012","Oct 13, 2008",3,11-50,3,M&A,"Jan 10, 2011","$16,500,000",Series B,"$19,900,000"
SendHub,https://www.crunchbase.com/organization/sendhub,"Information Technology, Internet Services, Media and Entertainment, Messaging and Telecommunications, Mobile, Music and Audio, Software","Pleasanton, California, United States",SendHub is the Business Phone System for Mobile.,"11,170","Dec 1, 2011",4,11-50,5,M&A,"Jan 1, 2015",,Seed,"$10,000,000"
Standard Treasury,https://www.crunchbase.com/organization/standard-treasury,"Financial Services, Lending and Investments, Payments, Software","San Francisco, California, United States",Standard Treasury offers standard APIs that facilitate businesses in transfers and other transactions with banks.,"11,456","May 1, 2013",3,1-10,4,M&A,"May 28, 2014","$2,700,000",Series A,"$2,700,000"
Worklife,https://www.crunchbase.com/organization/worklife,"Apps, Internet Services, Mobile, Software","San Francisco, California, United States","Worklife is a web and mobile app that helps teams run highly productive, engaging meetings.","11,538",2014,3,1-10,4,M&A,"Jul 23, 2015",,Convertible Note,"$2,720,000"
Authy,https://www.crunchbase.com/organization/authy-inc,"Financial Services, Information Technology, Mobile, Privacy and Security, Software","San Francisco, California, United States",Authy provides an API for developers to customize the user experience when adding two-factor authentication and multiple add-ons for apps.,"11,612","Jun 1, 2011",2,251-500,6,M&A,"Sep 8, 2014","$2,300,000",Seed,"$3,067,000"
Yhat,https://www.crunchbase.com/organization/yhat,"Artificial Intelligence, Data and Analytics, Software","New York, New York, United States",Data science ops and efficiency platform for putting analysts' insights into action,"11,704","Jun 1, 2013",2,1-10,3,M&A,"May 30, 2015","$1,500,000",Seed,"$2,620,000"
Heyzap,https://www.crunchbase.com/organization/heyzap,"Advertising, Artificial Intelligence, Data and Analytics, Mobile, Sales and Marketing, Software","San Francisco, California, United States",Heyzap is a premier mobile ad network that helps millions of users discover apps they love.,"12,149",2009,2,11-50,5,M&A,"Dec 1, 2012","$4,300,000",Series B,"$7,995,000"
Exec,https://www.crunchbase.com/organization/exec,Administrative Services,"San Francisco, California, United States",Exec is a house cleaning service that users can book from their iPhone or the web in real-time.,"12,525",2011,3,11-50,1,M&A,"May 25, 2012","$3,300,000",Seed,"$3,300,000"
VetPronto ,https://www.crunchbase.com/organization/vetpronto,Health Care,"San Francisco, California, United States",VetPronto provides house call veterinary service. We provide the highest quality and most convenient veterinary care.,"12,788",2014,3,51-100,5,M&A,"Sep 9, 2016","$365,000",Seed,"$1,340,000"
dotCloud,https://www.crunchbase.com/organization/dotcloud,"Internet Services, Software","San Francisco, California, United States","DotCloud is a second generation PaaS platform that is the commercial entity behind Docker, an open source app portability project.","13,098",2008,1,251-500,3,M&A,"Mar 30, 2011","$12,879,150",Series A,"$13,679,150"
Cloudant,https://www.crunchbase.com/organization/cloudant,"Data and Analytics, Internet Services, Software","Boston, Massachusetts, United States",Cloudant provides a distributed database-as-a-service that scales and manages the databases of web and mobile app developers.,"13,219","May 1, 2008",3,51-100,7,M&A,"May 14, 2013","$12,000,000",Series B,"$16,250,000"
Tutorspree,https://www.crunchbase.com/organization/tutorspree,"Commerce and Shopping, Education, Software","New York, New York, United States",Tutorspree is an online platform that offers web based tuition services for the U.S students on various subjects.,"13,411","Sep 1, 2010",3,51-100,2,M&A,"Feb 18, 2013","$800,000",Venture - Series Unknown,"$1,800,000"
Origami Labs,https://www.crunchbase.com/organization/origami-labs,"Internet Services, Media and Entertainment, Mobile, Video","Mountain View, California, United States","Origami provides families with a private, customizable website for sharing daily updates and memories like photos, videos, quotes, and more.","13,791","Apr 1, 2011",1,1-10,2,M&A,"Aug 31, 2012","$3,663,408",Series A,"$5,163,408"
Goodybag,https://www.crunchbase.com/organization/goodybag,"Food and Beverage, Information Technology, Internet Services, Mobile, Privacy and Security, Sales and Marketing, Software, Travel and Tourism","Austin, Texas, United States",Goodybag supports local restaurants with an in-store-consumer-facing-technology solution to increase customer retention and satisfaction.,"13,795",2011,1,11-50,2,M&A,"Nov 1, 2015","$120,000",Seed,"$1,420,000"
Outbound.io,https://www.crunchbase.com/organization/outbound-io,"Internet Services, Software","San Francisco, California, United States",Outbound.io is a web-based tool that organizes the messages its users send around the actions their customers take.,"14,124","Apr 23, 2013",2,1-10,4,M&A,"Aug 10, 2015","$550,000",Venture - Series Unknown,"$2,070,000"
RethinkDB,https://www.crunchbase.com/organization/rethinkdb,"Data and Analytics, Software","Mountain View, California, United States",RethinkDB is an open-source distributed NoSQL database storing JSON documents and scaling data for applications.,"14,463","May 1, 2009",2,11-50,4,M&A,"Dec 16, 2013","$8,000,000",Series A,"$12,200,000"
Streem,https://www.crunchbase.com/organization/streem,"Content and Publishing, Information Technology, Internet Services, Media and Entertainment, Software, Video","San Francisco, California, United States","Streem offers unlimited cloud storage for you to store, stream, and share your media.","14,476",Jun 2012,2,1-10,1,M&A,"Apr 25, 2014","$875,000",Seed,"$875,000"
Screenhero,https://www.crunchbase.com/organization/screenhero,Software,"Mountain View, California, United States",Screenhero provides real-time collaboration web tools.,"14,915",2013,4,11-50,1,M&A,"Jun 1, 2013","$1,800,000",Seed,"$1,800,000"
Cyberfend,https://www.crunchbase.com/organization/cyberfend,"Apps, Information Technology, Mobile, Privacy and Security, Software","Santa Clara, California, United States",Cyberfend offers a robust security solution to protect your web and mobile applications from sophisticated attacks.,"15,387","Oct 7, 2014",1,11-50,2,M&A,"Jun 1, 2016",,Non-equity Assistance,"$3,000,000"
Filestack,https://www.crunchbase.com/organization/ink-mobility,"Content and Publishing, Information Technology, Internet Services, Media and Entertainment, Mobile, Software","San Antonio, Texas, United States","Filestack, Inc. provides a Software-as-a-Service solution to help software developers manage images, videos.","15,572","Sep 1, 2011",4,11-50,6,M&A,"Dec 31, 2015",,Private Equity,"$1,800,000"
Celery,https://www.crunchbase.com/organization/celery,"Commerce and Shopping, Financial Services, Mobile","San Francisco, California, United States","Celery is a platform for pre-orders and beyond. Celery powers pre-orders, custom crowdfunding, & e-commerce. Acquired by Indiegogo May 2016","15,589","Feb 1, 2012",3,1-10,2,M&A,"Feb 5, 2014","$2,300,000",Seed,"$2,300,000"
BufferBox,https://www.crunchbase.com/organization/bufferbox,Commerce and Shopping,"Kitchener, Ontario, Canada","BufferBox is a startup that develops an automated, self-serve kiosk to eliminate failed parcel deliveries.","15,626","Jun 1, 2011",3,11-50,3,M&A,"Aug 1, 2012","$1,000,000",Seed,"$1,026,370"
Elucify,https://www.crunchbase.com/organization/elucify,"Information Technology, Sales and Marketing, Software","San Francisco, California, United States",Elucify is a free lead generation tool. Any professional can log on for free and instantly get verified leads every week.,"15,897",2015,3,11-50,1,M&A,"Nov 1, 2015","$120,000",Seed,"$120,000"
Escher Reality,https://www.crunchbase.com/organization/escher-reality,"Consumer Electronics, Hardware, Software","Sunnyvale, California, United States",Escher Reality is building the backend of AR.,"16,209",2016,2,1-10,2,M&A,"Sep 1, 2017",,Seed,"$120,000"
OMGPOP,https://www.crunchbase.com/organization/omgpop,"Commerce and Shopping, Community and Lifestyle, Gaming","New York, New York, United States","OMGPOP is a leading developer of social games for facebook, iphone and the open web.","16,541",2006,1,251-500,5,M&A,"Jan 6, 2011","$10,100,000",Series B,"$16,600,000"
AdGrok,https://www.crunchbase.com/organization/adgrok,"Advertising, Sales and Marketing","San Francisco, California, United States",AdGrok is an advertising platform enabling business owners to automate the process of choosing and bidding on keywords on Google AdWords.,"16,886","May 1, 2010",3,1-10,2,M&A,"Mar 7, 2011","$470,000",Angel,"$470,000"
Chariot,https://www.crunchbase.com/organization/chariot-4,"Information Technology, Transportation","San Francisco, California, United States",Building sustainable mass transit.,"17,148",2014,2,501-1000,1,M&A,"Apr 27, 2015","$3,000,000",Seed,"$3,000,000"
Lanyrd,https://www.crunchbase.com/organization/lanyrd,"Events, Hardware, Information Technology, Internet Services, Media and Entertainment, Messaging and Telecommunications, Music and Audio, Software, Video","London, England, United Kingdom","Lanyrd is a directory of conferences, events, and speakers where users can build their speaker profile and catch up on conference videos.","17,446",2010,2,1-10,1,M&A,"Sep 6, 2011","$1,400,000",Seed,"$1,400,000"
DailyBooth,https://www.crunchbase.com/organization/dailybooth,"Content and Publishing, Media and Entertainment, Sales and Marketing","San Francisco, California, United States",DailyBooth was a photoblogging website that enabled its users to take photos of themselves.,"17,472","Mar 1, 2009",2,1-10,3,M&A,"Mar 8, 2011","$6,000,000",Series A,"$7,015,000"
Embark,https://www.crunchbase.com/organization/embark,"Apps, Mobile, Software, Transportation","San Francisco, California, United States",Embark creates mobile apps for mass-transit riders worldwide that gives users information about routes and stops in different cities.,"17,506",2011,4,1-10,2,M&A,"Nov 13, 2012","$1,000,000",Seed,"$1,000,000"
Cloudstitch,https://www.crunchbase.com/organization/cloudstitch,"Apps, Science and Engineering, Software","San Francisco, California, United States",A web development platform that uses your office suite as the back-end,"17,517","Sep 1, 2014",2,1-10,2,M&A,"Aug 15, 2016","$800,000",Seed,"$940,000"
1000memories,https://www.crunchbase.com/organization/1000memories,"Content and Publishing, Internet Services, Media and Entertainment","San Francisco, California, United States","1000Memories allows people to organize, share, and discover old photos and memories and set up family trees.","17,743",2010,3,1-10,2,M&A,"Feb 16, 2011","$2,520,000",Series A,"$2,535,000"
DataRank,https://www.crunchbase.com/organization/datarank,"Data and Analytics, Internet Services, Media and Entertainment, Software","Fayetteville, Arkansas, United States",DataRank offers companies a social media analytics dashboard that helps them analyze conversations online about their brands and,"18,178","Oct 15, 2011",4,11-50,3,M&A,"Apr 23, 2015","$188,000",Venture - Series Unknown,"$1,588,000"
Zijian Zhangt,https://www.crunchbase.com/organization/posterous,"Content and Publishing, Media and Entertainment","San Francisco, California, United States",A student from ASU,"18,180","May 1, 2008",3,11-50,5,M&A,"Jun 7, 2013",,Venture - Series Unknown,"$10,140,000"
Zencoder,https://www.crunchbase.com/organization/zencoder,"Information Technology, Internet Services, Media and Entertainment, Music and Audio, Privacy and Security, Software, Video","San Francisco, California, United States","Zencoder is web-based video encoding SaaS, designed to convert any video into web and mobile-compatible formats in real-time.","18,252",2007,3,11-50,2,M&A,"Apr 12, 2011","$2,000,000",Series A,"$2,000,000"
Solve,https://www.crunchbase.com/organization/solve-4,"Government and Military, Media and Entertainment, Travel and Tourism","Las Vegas, Nevada, United States","Solve provides airport fast track, customs, and concierge services in over 470 airports worldwide.","18,575",2016,3,1-10,1,M&A,"Jul 1, 2017","$120,000",Seed,"$120,000"
Perfect Audience,https://www.crunchbase.com/organization/perfect-audience,"Advertising, Sales and Marketing","San Francisco, California, United States",Perfect Audience is a retargeting platform that lets marketers bring back lost web visitors through Facebook ads and banner ads in the web.,"19,339",2010,2,11-50,2,M&A,"Oct 5, 2012","$1,100,000",Seed,"$1,360,000"
ReadyForZero,https://www.crunchbase.com/organization/readyforzero,Financial Services,"Los Angeles, California, United States",ReadyForZero creates online financial software for actively managing personal debt and credit.,"19,971","May 1, 2010",2,11-50,3,M&A,"Jun 1, 2011","$4,500,000",Series A,"$4,777,000"
userfox,https://www.crunchbase.com/organization/userfox,"Advertising, Information Technology, Internet Services, Messaging and Telecommunications, Sales and Marketing, Software","San Francisco, California, United States",Userfox is a SaaS-based product that enables companies to design personalized trigger-based emails.,"19,995","Jun 1, 2011",2,1-10,1,M&A,"Jan 1, 2012","$700,000",Angel,"$700,000"
GetGoing,https://www.crunchbase.com/organization/getgoing-inc,"Community and Lifestyle, Travel and Tourism","San Francisco, California, United States","GetGoing is a tour agent for leisure travelers, providing multiple options of destinations to visit during their journey.","20,279",2012,5,11-50,6,M&A,"Nov 1, 2014",,Convertible Note,"$2,500,000"
CBOE Vest,https://www.crunchbase.com/organization/vest,"Financial Services, Lending and Investments","Mclean, Virginia, United States",CBOE Vest builds Target Outcome Investments,"21,468",2012,2,11-50,2,M&A,"Jun 1, 2015","$750,000",Venture - Series Unknown,"$1,470,000"
BackType,https://www.crunchbase.com/organization/backtype,"Advertising, Media and Entertainment, Sales and Marketing","San Francisco, California, United States",BackType is a marketing intelligence platform that helps brands and agencies understand the business impact of social media.,"21,609",2008,2,1-10,4,M&A,"Feb 13, 2014",,Venture - Series Unknown,"$1,315,000"
Flutter,https://www.crunchbase.com/organization/flutter-io,"Apps, Software","Palo Alto, California, United States",Flutter is a startup company that develops gesture recognition technologies.,"21,645",2010,2,1-10,1,M&A,"Jun 7, 2012","$1,400,000",Seed,"$1,400,000"
Embedly,https://www.crunchbase.com/organization/embed-ly,"Internet Services, Media and Entertainment, Software","Boston, Massachusetts, United States",Embedly helps publishers and consumers manage embed codes from more than hundred websites and APIs.,"21,935","Jan 1, 2010",2,1-10,4,M&A,"Mar 22, 2012","$320,000",Debt Financing,"$1,020,000"
Kicksend,https://www.crunchbase.com/organization/kicksend,"Content and Publishing, Media and Entertainment, Software","Mountain View, California, United States","Kicksend is an easy-to-use application to send, receive and print photo albums.","22,200","Mar 1, 2011",2,11-50,2,M&A,"Apr 13, 2013","$1,000,000",Seed,"$2,800,000"
Meldium,https://www.crunchbase.com/organization/meldium,"Information Technology, Internet Services, Software","San Francisco, California, United States",The easiest way for companies to connect their empoyees to the apps they need.,"22,487","May 1, 2012",3,1-10,1,M&A,"Jul 17, 2013","$1,000,000",Seed,"$1,000,000"
Amiato,https://www.crunchbase.com/organization/amiato,Data and Analytics,"Palo Alto, California, United States",Amiato provides real-time analytics services to enable companies to make sense of data by unlocking silos and future-proofing.,"22,687",2011,3,1-10,4,M&A,"Mar 15, 2013","$2,000,000",Seed,"$2,000,000"
Pomello,https://www.crunchbase.com/organization/pomello,"Information Technology, Privacy and Security, Professional Services","Redwood City, California, United States",Pomello helps companies find new hires that fit in with their own culture.,"23,002",2014,2,1-10,2,M&A,"Nov 1, 2015","$36,000",Seed,"$156,000"
FamilyLeaf,https://www.crunchbase.com/organization/familyleaf,"Community and Lifestyle, Internet Services, Media and Entertainment","San Francisco, California, United States","FamilyLeaf is a social networking platform enabling users to share photos, life updates and information with their families.","23,156","Mar 1, 2012",3,1-10,2,M&A,"May 15, 2013","$807,000",Seed,"$984,000"
StatusPage,https://www.crunchbase.com/organization/statuspage,"Information Technology, Internet Services, Sales and Marketing, Software","Denver, Colorado, United States",StatusPage is a customer relationship management software used by businesses to update and inform their customers.,"23,159","Feb 18, 2013",3,11-50,3,M&A,"Aug 27, 2013",,Seed,"$100,000"
Automate Ads,https://www.crunchbase.com/organization/kuhcoon,"Advertising, Internet Services, Media and Entertainment, Sales and Marketing, Software","San Mateo, California, United States","On a mission to automate, optimize, and unify your digital advertising campaigns with incredible software.","23,265","Oct 7, 2011",2,1-10,1,M&A,"Jul 1, 2015","$1,000,000",Seed,"$1,000,000"
Etacts,https://www.crunchbase.com/organization/etacts,"Data and Analytics, Information Technology, Internet Services, Sales and Marketing, Software","Palo Alto, California, United States",Etacts is a CRM tool enabling users to stay in touch with people in their address book.,"23,567",2009,2,1-10,1,M&A,"May 14, 2010","$740,000",Seed,"$740,000"
Cloudkick,https://www.crunchbase.com/organization/cloudkick,"Financial Services, Internet Services, Lending and Investments, Software","San Francisco, California, United States",Cloudkick is a web-based control hub for cloud servers that offers its users with centralized server monitoring and management tools.,"23,588",2009,2,11-50,2,M&A,"Apr 28, 2010","$2,000,000",Series A,"$2,750,000"
Vanhawks,https://www.crunchbase.com/organization/vanhawks,"Commerce and Shopping, Design, Sports","Toronto, Ontario, Canada",First ever connected carbon fibre bicycle.,"23,934",2014,4,11-50,2,M&A,"Mar 4, 2015","CA$1,600,000",Seed,"CA$1,600,000"
FOBO,https://www.crunchbase.com/organization/fobo,"Hardware, Mobile, Software","San Francisco, California, United States",FOBO is a mobile app enabling users to sell goods using their mobile phones.,"24,308",2013,2,1-10,2,M&A,"Apr 24, 2014",,Venture - Series Unknown,"$1,600,000"
Freshplum,https://www.crunchbase.com/organization/freshplum,"Commerce and Shopping, Data and Analytics","San Francisco, California, United States",Freshplum offers data science-based technology that displays promotional offers to incentivize purchasing of website visitors.,"24,326",2011,2,1-10,3,M&A,"Feb 13, 2014","$1,044,999",Seed,"$2,484,999"
bop.fm,https://www.crunchbase.com/organization/bop-fm,"Media and Entertainment, Music and Audio","San Francisco, California, United States",Intelligent permalinks for songs,"24,417",2013,2,11-50,3,M&A,"Jul 9, 2014","$2,000,000",Seed,"$2,000,000"
Bizzy,https://www.crunchbase.com/organization/bizzy-2,,"San Francisco, California, United States",Boost your ecommerce business with perfect behavioral email marketing.,"24,757",2014,2,11-50,1,M&A,"Sep 1, 2015","$120,000",Seed,"$120,000"
Meetings.io,https://www.crunchbase.com/organization/meetings-io,"Media and Entertainment, Video","San Francisco, California, United States",Meetings.io provides a group video conferencing and hangout service that allows users to meet with anyone by creating a meeting room link.,"24,863","Jan 1, 2010",2,1-10,2,M&A,"Jul 10, 2011","$1,600,000",Seed,"$1,800,000"
Launchpad Toys,https://www.crunchbase.com/organization/launchpad-toys,"Apps, Education, Mobile, Platforms, Software","San Francisco, California, United States","Launchpad Toys develops digital toys and tools that empower kids to create, learn and share their ideas through play.","25,212","Mar 1, 2010",2,1-10,4,M&A,"Nov 28, 2011","$750,000",Venture - Series Unknown,"$1,117,000"
FlightCaster,https://www.crunchbase.com/organization/flightcaster,"Transportation, Travel and Tourism","San Francisco, California, United States","FlightCaster offers a service that predicts flight delays, enabling travelers to proactively plan based on the predicted flight delay.","25,454",2009,4,1-10,3,M&A,"Nov 23, 2009","$1,300,000",Series A,"$1,300,000"
Redspread,https://www.crunchbase.com/organization/redspread,"Apps, Software","Mountain View, California, United States",Redspread is a collaborative deployment tool for managing environments from development to production.,"26,765",2015,2,,2,M&A,"Nov 1, 2015","$120,000",Seed,"$240,000"
Movity,https://www.crunchbase.com/organization/movity-com,"Data and Analytics, Internet Services, Navigation and Mapping, Real Estate","San Francisco, California, United States",Movity provides location-based living facilities and neighborhood data that help home buyers make better decisions.,"28,414","Dec 1, 2009",3,1-10,1,M&A,"Sep 18, 2010","$1,300,000",Venture - Series Unknown,"$1,300,000"
Octopart,https://www.crunchbase.com/organization/octopart,Internet Services,"New York, New York, United States","Octopart is a vertical search engine enabling users to discover, compare prices and view the specifications of electronic components.","30,219","Dec 1, 2006",3,11-50,2,M&A,"May 12, 2008","$359,999",Seed,"$374,999"
JustSpotted,https://www.crunchbase.com/organization/justspotted,"Apps, Internet Services, Software","Copenhagen, Hovedstaden, Denmark",JustSpotted.com is a real-time search engine that aggregates and organizes live updates on social media.,"30,302","Jul 1, 2008",3,1-10,2,M&A,"Oct 29, 2009","$750,000",Seed,"$765,000"
Mertado,https://www.crunchbase.com/organization/six-times-seven,"Apps, Commerce and Shopping, Internet Services, Media and Entertainment, Software","Redwood Shores, California, United States",Mertado is an online social shopping platform that allows consumers to discover and buy products from communities they frequently visit.,"32,445",Apr 2010,3,1-10,1,M&A,"Sep 14, 2011","$2,300,000",Series A,"$2,300,000"
SparkGift,https://www.crunchbase.com/organization/spark-gift,"Commerce and Shopping, Financial Services, Lending and Investments, Mobile","San Francisco, California, United States",Micro Investing platform that makes it easy to give stocks and index funds as gifts,"34,903","Nov 1, 2014",2,1-10,1,M&A,"Dec 1, 2014","$120,000",Seed,"$120,000"
CryptoSeal,https://www.crunchbase.com/organization/cryptoseal,"Hardware, Information Technology, Privacy and Security, Software","Mountain View, California, United States",CryptoSeal provides Virtual Private Networks (VPNs) as a service.,"36,241","May 3, 2011",3,11-50,1,M&A,"Jun 1, 2011","$280,000",Seed,"$280,000"
Sphere Secure Workspace,https://www.crunchbase.com/organization/sphere-secure-workspace,"Consumer Electronics, Hardware, Information Technology, Mobile, Privacy and Security","London, England, United Kingdom",Sphere Secure Workspace makes it easy for employees to securely use their personal devices at work.,"41,877",2014,3,1-10,3,M&A,"Oct 1, 2015",,Seed,"$142,394"
Women.com Networks,https://www.crunchbase.com/organization/women-com,"Commerce and Shopping, Internet Services","San Mateo, California, United States","Women.com is an online network that offers content on women’s careers, relationships, parenting, products, and more.","43,957",1992,,251-500,1,M&A,"Jul 16, 2014","$120,000",Seed,"$120,000"
Divvyshot,https://www.crunchbase.com/organization/divvyshot,"Content and Publishing, Internet Services, Media and Entertainment","San Francisco, California, United States",Divvyshot is a photo-sharing platform that enables users to share full resolution photos with friends.,"45,101",2009,1,1-10,1,M&A,"Jan 1, 2009","$10,000",Seed,"$10,000"
Rescue Forensics,https://www.crunchbase.com/organization/rescue-forensics,"Data and Analytics, Government and Military, Privacy and Security","Texas, South Carolina, United States",Transforming human trafficking investigations,"45,229",2010,2,,2,M&A,"Jun 2, 2015","$125,000",Venture - Series Unknown,"$245,000"
Fridge,https://www.crunchbase.com/organization/the-fridge,"Content and Publishing, Media and Entertainment","San Francisco, California, United States","Fridge is a website enabling anyone to set up a lightweight, single-serving social network and organize their private online groups.","46,194",,1,1-10,1,M&A,"Aug 2, 2010","$80,000",Seed,"$80,000"
Socialcam,https://www.crunchbase.com/organization/socialcam,"Media and Entertainment, Mobile, Platforms, Software, Video","Santa Clara, California, United States","SocialCam is a mobile app for Android and the iPhone that allows users to capture, edit, share and view videos online.","54,373","Dec 6, 2010",4,1-10,1,M&A,"Apr 30, 2012",,Angel,
Zecter,https://www.crunchbase.com/organization/zecter,"Information Technology, Internet Services, Software","Burlingame, California, United States",Zecter offers consumer hybrid cloud storage solutions and media solutions that allow video and music streaming over the web.,"57,014","Jun 1, 2007",3,1-10,3,M&A,"Dec 14, 2009","$1,500,000",Venture - Series Unknown,"$2,515,000"
Hivy,https://www.crunchbase.com/organization/hivy,"Apps, Mobile, Software","San Francisco, California, United States",Hivy offers an office management platform.,"58,300",Apr 2016,3,11-50,2,M&A,"Apr 1, 2017",,Seed,
Stypi,https://www.crunchbase.com/organization/stypi,Software,"San Francisco, California, United States",Stypi makes it easy to collaborate on documents online.,"59,490",2011,3,1-10,1,M&A,"Aug 2, 2011",,Seed,
Auctomatic,https://www.crunchbase.com/organization/auctomatic,Commerce and Shopping,"San Francisco, California, United States",Auctomatic offers an auction and marketplace management system for individual sellers on the website.,"61,037",2007,3,,2,M&A,"Jan 1, 2007","$400,000",Angel,"$400,000"
Data Marketplace,https://www.crunchbase.com/organization/data-marketplace,"Commerce and Shopping, Data and Analytics, Software","United States, North America",Data Marketplace is a hub for buying and selling personalized data online.,"61,368",2007,2,1-10,1,M&A,"Mar 2, 2010",,Seed,
Rickshaw,https://www.crunchbase.com/organization/rickshaw,"Apps, Software, Transportation","San Francisco, California, United States","Rickshaw, a local delivery platform, partners with courier companies and enables companies to deliver goods to their customers.","62,255",2013,2,11-50,2,M&A,"Dec 22, 2014",,Venture - Series Unknown,
GraffitiGeo,https://www.crunchbase.com/organization/graffitigeo-inc,"Hardware, Software","Palo Alto, California, United States",GraffitiGeo offers an iPhone app that allows users to leave restaurant reviews or ratings.,"66,596",2009,3,1-10,2,M&A,"Dec 21, 2009",,Undisclosed,"$20,000"
Cardpool,https://www.crunchbase.com/organization/cardpool,"Commerce and Shopping, Financial Services","San Francisco, California, United States","Cardpool is a gift card exchange service for individuals to buy, sell and trade their new or pre-owned gift cards.","70,156",2009,2,251-500,2,M&A,"Jan 1, 2010",,Seed,
Eventjoy,https://www.crunchbase.com/organization/eventjoy,"Events, Media and Entertainment","San Francisco, California, United States","Fee-free ticketing, optimized for mobile.","73,633",2013,2,1-10,1,M&A,"Jan 1, 2014",,Seed,
"Infinity Box, Wufoo",https://www.crunchbase.com/organization/infinitybox,"Data and Analytics, Design, Financial Services, Payments, Sales and Marketing","Tampa, Florida, United States","Infinity Box offers Wufoo, a web app that helps users create online forms.","74,019",2006,3,1-10,2,M&A,"Apr 1, 2006","$100,000",Angel,"$118,000"
Kyte,https://www.crunchbase.com/organization/kyte,"Media and Entertainment, Mobile, Platforms, Software, Video","Zürich, Zurich, Switzerland","Kyte is an online, mobile video platform for companies to attract and monetize audiences by using social web capabilities and analytics.","74,494","Dec 1, 2006",2,11-50,5,M&A,"Mar 1, 2012",,Seed,"$23,350,000"
HackPad,https://www.crunchbase.com/organization/hackpad,"Events, Information Technology, Media and Entertainment, Software","San Francisco, California, United States",Smart collaborative documents. Company wiki. Personal notes. Event planning. Classroom collaboration.,"74,909","Nov 1, 2011",2,1-10,2,M&A,"Jul 1, 2013",,Seed,
Kiko,https://www.crunchbase.com/organization/kiko,"Events, Media and Entertainment, Software","Cambridge, Massachusetts, United States",Kiko is an online calendar app that offered advanced features and included an API for integration into other applications and websites,"75,291",2003,2,11-50,1,M&A,"Aug 1, 2005","$50,000",Seed,"$50,000"
Kippt,https://www.crunchbase.com/organization/kippt,"Information Technology, Internet Services, Media and Entertainment","San Francisco, California, United States","Kippt is a collaborative bookmarking system for professional networks, allowing users to collect and share content.","76,556","May 1, 2012",2,1-10,1,M&A,"Jun 1, 2012",,Seed,
Weilos,https://www.crunchbase.com/organization/weilos,Health Care,"San Francisco, California, United States",Weilos is a community for people to share their fitness updates to inspire others and receive support.,"77,054",2013,2,11-50,1,M&A,"Mar 1, 2013",,Seed,
Rentobo,https://www.crunchbase.com/organization/rentobo,"Financial Services, Lending and Investments, Real Estate","San Francisco, California, United States","Rentobo develops tools for real estate managers, agents and landlords that provide online tenant screening, applications and rent payments.","77,645","Jun 1, 2011",4,11-50,1,M&A,"Jun 1, 2011",,Seed,
Carsabi,https://www.crunchbase.com/organization/carsabi,"Artificial Intelligence, Data and Analytics, Internet Services, Software, Transportation","San Francisco, California, United States",Carsabi is the search engine for used cars,"78,710","Oct 1, 2011",2,1-10,1,M&A,"Jan 1, 2012",,Seed,
Statwing,https://www.crunchbase.com/organization/statwing,"Data and Analytics, Design, Information Technology, Software","San Francisco, California, United States","Statwing provides web-based statistical analysis software for business users, data analysts, and market researchers.","79,897","Feb 1, 2012",2,1-10,2,M&A,"Jan 30, 2014",,Angel,
slinkset,https://www.crunchbase.com/organization/slinkset,"Content and Publishing, Internet Services, Media and Entertainment","San Francisco, California, United States",Slinkset is a free online tool that allows users to create their own message board sites in real-time.,"81,009",2008,2,1-10,1,M&A,"Jun 1, 2008","$15,000",Seed,"$15,000"
Pixelapse,https://www.crunchbase.com/organization/pixelapse,Software,"Palo Alto, California, United States",Pixelapse is the best place to share designs and work together. We build tools to improve the design process and make collaboration easier.,"83,569",2011,1,,2,M&A,"Jun 5, 2012",,Seed,
Healthy Labs,https://www.crunchbase.com/organization/healthy-labs,Health Care,"San Francisco, California, United States",Healthy Labs offers a patient-to-patient information sharing platform for individuals with Crohn's disease and colitis.,"84,985",2011,1,1-10,3,M&A,"Aug 1, 2012",,Seed,
Easel,https://www.crunchbase.com/organization/easel,"Design, Software","Lucerne Valley, California, United States","Easel is an in-browser web design tool enabling users to mockup, collaborate on, and implement ideas.","86,147",2012,3,1-10,1,M&A,"Aug 1, 2012",,Seed,
Crocodoc,https://www.crunchbase.com/organization/crocodoc,Software,"San Francisco, California, United States","Crocodoc is used in converting Microsoft Office and PDF documents to HTML5, and enabling users to view and collaborate with any web app.","87,229","Feb 1, 2010",4,1-10,1,M&A,"Apr 1, 2010",,Angel,
PageLever,https://www.crunchbase.com/organization/pagelever,"Internet Services, Media and Entertainment, Sales and Marketing","San Francisco, California, United States",PageLever is an analytics platform for measuring a specific brand’s presence on Facebook.,"87,569","Nov 1, 2010",2,11-50,1,M&A,"Aug 2, 2011",,Seed,
Luma.io,https://www.crunchbase.com/organization/luma-io,"Content and Publishing, Media and Entertainment","Palo Alto, California, United States","Luma (formerly Midnox) allows you to record and share beautiful HD videos with real-time video stabilization, filters and zoom.","90,819",2011,,1-10,1,M&A,"Mar 1, 2012",,Seed,
Omnisio,https://www.crunchbase.com/organization/omnisio,"Media and Entertainment, Software, Video","Atherton, California, United States",Omnisio is an online platform that enables users to annotate and share videos from any website.,"91,630",2007,3,10001+,1,M&A,"Jan 1, 2008",,Seed,
TextPayMe,https://www.crunchbase.com/organization/textpayme,"Financial Services, Information Technology, Internet Services, Messaging and Telecommunications, Payments","Redmond, Washington, United States",TextPayMe is an SMS payment service that allows users to send money to others using text messages.,"92,147",2005,4,,1,M&A,"Dec 1, 2005",,Seed,
Parakey,https://www.crunchbase.com/organization/parakey,"Internet Services, Media and Entertainment, Platforms, Software","Mountain View, California, United States",Parakey is a web-based operating system that synchronizes the user’s desktop environment with the web.,"94,262",2005,2,1-10,1,M&A,"Mar 1, 2007",,Seed,
Leaky,https://www.crunchbase.com/organization/leaky,"Financial Services, Transportation","San Francisco, California, United States","Leaky provides an auto insurance comparison service, enabling users to compare and find the best car insurance.","96,672",2010,4,1-10,1,M&A,"Aug 2, 2011",,Seed,
Yardsale,https://www.crunchbase.com/organization/yardsale,Mobile,"San Francisco, California, United States",Yardsale is a mobile app that helps users buy and sell goods with friends and neighbors.,"98,333",2011,2,1-10,1,M&A,"Aug 2, 2011",,Seed,
Munch On Me,https://www.crunchbase.com/organization/munch-on-me-inc,"Advertising, Commerce and Shopping, Food and Beverage, Sales and Marketing","San Francisco, California, United States",Munch on Me is a food discovery portal that connects people with food in local communities.,"98,534",2011,4,1-10,1,M&A,"Aug 2, 2011",,Seed,
280 North,https://www.crunchbase.com/organization/280-north,Software,"San Francisco, California, United States","280 North is a web software development platform enabling users to build applications through its proprietary tech toolkit, Cappuccino.","99,240",2008,3,11-50,2,M&A,"Mar 1, 2008","$250,000",Angel,"$250,000"
GazeHawk,https://www.crunchbase.com/organization/gazehawk,Internet Services,"Mountain View, California, United States",GazeHawk provides users with professional eye-tracking services using webcams in their own homes.,"99,589","Dec 1, 2009",2,11-50,1,M&A,"Jun 1, 2010",,Seed,
Snapjoy,https://www.crunchbase.com/organization/snapjoy,"Commerce and Shopping, Content and Publishing, Hardware, Media and Entertainment, Software","Boulder, Colorado, United States",Snapjoy is an online photo storage service that imports photos from anywhere and organizes them in a meaningful way.,"102,667","May 1, 2011",2,11-50,1,M&A,"Jun 1, 2011",,Seed,
Anywhere.FM,https://www.crunchbase.com/organization/anywhere-fm,"Internet Services, Media and Entertainment, Music and Audio, Software","Japan, Asia",Anywhere.FM is a music player that enables users to upload music collections and play them anywhere from the web.,"103,730",2007,3,11-50,1,M&A,"Jun 1, 2007","$15,000",Seed,"$15,000"
Lingt,https://www.crunchbase.com/organization/lingt,"Education, Software","San Francisco, California, United States",Lingt empowers teachers to speak more with their students. Create and manage online speaking assignments for use in the classroom.,"104,106",2009,2,1-10,1,M&A,"Jan 1, 2009",,Seed,
Simperium,https://www.crunchbase.com/organization/simperium,Mobile,"San Francisco, California, United States",Simperium offers a platform for syncing content among people and their devices by building a data layer for scaling online services.,"104,475",2010,4,,2,M&A,"Aug 28, 2010",,Convertible Note,
Hackermeter,https://www.crunchbase.com/organization/hackermeter,"Professional Services, Software","San Francisco, California, United States",Hackermeter operates a Website where developers take code challenges.,"105,600",2013,1,1-10,1,M&A,"Mar 1, 2013",,Seed,
Voicegem,https://www.crunchbase.com/organization/voicegem,"Information Technology, Internet Services, Messaging and Telecommunications, Mobile","Mountain View, California, United States",Voicegem is a web and iOS based voice messaging platform.,"106,865",2012,2,1-10,1,M&A,"Aug 1, 2012",,Seed,
Knowmia,https://www.crunchbase.com/organization/knowmia,"Education, Internet Services, Media and Entertainment, Video","Okemos, Michigan, United States",Knowmia is a destination for learning that features short video lessons from great teachers everywhere.,"109,295",2011,1,11-50,2,M&A,"Aug 1, 2012",,Seed,
Threadable,https://www.crunchbase.com/organization/threadable,"Information Technology, Internet Services, Messaging and Telecommunications","San Francisco, California, United States",Threadable is a mailing list management solution that makes group email less noisy and more actionable.,"112,295","Apr 4, 2009",4,1-10,1,M&A,"Jan 1, 2014",,Seed,
Posmetrics,https://www.crunchbase.com/organization/posmetrics,"Commerce and Shopping, Information Technology","Cupertino, California, United States","Posmetrics is a market survey firm that provides feedback surveys to collect real-time results, and generate actionable recommendations.","116,033","May 31, 2012",,1-10,1,M&A,"Feb 25, 2013",,Seed,
gantto,https://www.crunchbase.com/organization/gantto,"Internet Services, Software","San Francisco, California, United States","Gantto is a web-based scheduling platform enabling users to manage, share and publish their Gantt Charts in real-time.","119,518","Aug 1, 2010",1,,1,M&A,"Aug 2, 2010",,Seed,
Fanvibe,https://www.crunchbase.com/organization/fanpulse,"Internet Services, Media and Entertainment, Mobile, Platforms, Software, Sports","San Francisco, California, United States",Fanvibe is a social platform for watching sports and communicating with others who are watching the same game.,"120,302",2009,3,1-10,1,M&A,"Sep 1, 2010",,Seed,
reMail,https://www.crunchbase.com/organization/remail,"Apps, Information Technology, Internet Services, Messaging and Telecommunications, Mobile, Software","California, United States, North America",ReMail is an email app that downloads email to iPhone and lets users go through a comprehensive email search.,"121,321","Nov 1, 2008",1,10001+,1,M&A,"Jan 1, 2009",,Seed,
Glassmap,https://www.crunchbase.com/organization/glassmap,"Data and Analytics, Internet Services, Media and Entertainment, Mobile, Navigation and Mapping","Mountain View, California, United States",Glassmap is a social network and communication platform for friends to coordinate meetings and hangouts.,"122,668",2011,3,11-50,1,M&A,"Aug 2, 2011",,Seed,
Sendoid,https://www.crunchbase.com/organization/sendoid,Software,"San Francisco, California, United States",Sendoid is an on-demand peer-to-peer file transfer system enabling users to transfer files with no size restrictions.,"123,372",2011,2,,1,M&A,"Mar 1, 2011",,Seed,
TapEngage,https://www.crunchbase.com/organization/tapengage,"Advertising, Sales and Marketing","San Francisco, California, United States",TapEngage helps to promote your tablet app or site.,"126,384",,1,11-50,1,M&A,"Aug 1, 2011",,Seed,
FathomDB,https://www.crunchbase.com/organization/fathomdb,Software,"San Francisco, California, United States",FathomDB is a DBaaS-based platform supporting the management of day-to-day tasks of databases.,"130,857",2008,,,2,M&A,"Jan 1, 2009",,Seed,
Heysan,https://www.crunchbase.com/organization/heysan,"Information Technology, Internet Services, Messaging and Telecommunications","San Francisco, California, United States",Heysan is a mobile community and messaging service.,"133,976","Jan 24, 2007",3,1-10,2,M&A,"Jul 27, 2007","$855,000",Seed,"$875,000"
Thought Mechanics,https://www.crunchbase.com/organization/thought-mechanics,"Design, Software","Atlanta, Georgia, United States",TM is a web development company.,"143,758","Sep 3, 2008",,1-10,1,M&A,"Jun 1, 2014",,Seed,
Echodio,https://www.crunchbase.com/organization/echodio,"Content and Publishing, Financial Services, Lending and Investments, Media and Entertainment, Music and Audio, Video","Seattle, Washington, United States","Echodio enables users to keep iTunes music libraries in sync, securely backed up, and streamable from anywhere.","165,548",2009,2,1-10,1,M&A,"Jan 1, 2009",,Seed,
Clutch.io,https://www.crunchbase.com/organization/clutch-io,Mobile,"San Francisco, California, United States",Clutch.io builds tools for mobile application developers.,"169,599",2011,2,,1,M&A,"Jun 1, 2011",,Seed,
Zenter,https://www.crunchbase.com/organization/zenter,"Commerce and Shopping, Internet Services, Media and Entertainment","Mountain View, California, United States",Zenter is a web-based presentation app that allows users to create PowerPoint-like presentations on the web and share them with other users.,"174,896",Jan 2007,2,,1,M&A,"Jan 1, 2007","$15,000",Seed,"$15,000"
Snipshot,https://www.crunchbase.com/organization/snipshot,"Content and Publishing, Media and Entertainment",,Snipshot is an online photo editor enabling users to edit and enhance pictures.,"176,715","Dec 1, 2005",2,,2,M&A,"Jan 1, 2007",,Seed,
Teleborder,https://www.crunchbase.com/organization/teleborder,"Professional Services, Software","San Francisco, California, United States","Teleborder is a single platform to hire, manage, and retain international employees.","187,762","Jul 1, 2013",2,11-50,3,M&A,"Nov 11, 2014",,Seed,
Front Studio,https://www.crunchbase.com/organization/front,Design,"Belfast, Belfast, United Kingdom",User experience design / web studio,"198,025",2000,,11-50,1,M&A,"Jun 1, 2014",,Seed,
