,Name,Growth Score,Mindshare Score,Employee Count,Employee Growth Last Month,Employee Growth Last 6 Months,Monthly Uniques Month Over Month Growth,Stage,Total Funding,Last Funding,Last Funding Amount,Location,Revenue
0,AmazonHide,218330,75,"242,934",2%,16%,0%,Exited (ipo),$8.0M ,1995-07-01,"$8,000,000",Seattle,Greater than $5B
1,Infosys TechnologiesHide,97557,129,"205,008",1%,5%,-1%,Late,$2.5M ,2018-02-16,"$2,490,000",Bangalore,Greater than $5B
2,GoogleHide,87480,879,"127,976",2%,21%,0%,Exited (ipo),$25.0M ,1999-06-07,"$25,000,000",Bay Area,Greater than $5B
3,Huawei TechnologiesHide,81062,-40,"130,374",1%,5%,4%,Late,$100.0M ,2018-01-11,"$100,000,000",Shenzhen,Greater than $5B
4,AppleHide,73062,-671,"178,933",1%,7%,1%,Exited (ipo),$115.0M ,2018-02-03,"$100,000,000",Bay Area,Greater than $5B
5,SprintHide,56209,72,"95,259",2%,11%,2%,Exited (acquired),$0 ,2010-01-01,Undisclosed,Kansas City,Greater than $5B
6,PfizerHide,49032,96,"119,325",1%,3%,-4%,Exited (ipo),$89.0M ,2007-08-20,"$13,950,000",New York,Greater than $5B
7,HemarinaHide,47146,18,"99,851",2%,9%,0%,Exited (other),$4.8M ,2010-07-02,"$3,700,000",Paris,
8,YouTubeHide,42282,148,"44,539",3%,22%,0%,Exited (acquired),$38.8M ,2010-12-29,"$1,000,000",Bay Area,$250M - $500M
9,GrabHide,37146,294,"11,044",10%,69%,14%,Late,$4.6B ,2018-01-15,Undisclosed,Midview City,$5M - $10M
10,Oracle CorporationHide,34958,-3,"163,977",0%,1%,1%,Exited (acquired),$14.0M ,2005-10-11,"$14,000,000",Bay Area,Greater than $5B
11,VerizonHide,31855,355,"74,347",1%,4%,1%,Exited (ipo),$7.8B ,2013-03-01,"$3,822,518,000",New York,Greater than $5B
12,Abbott LabsHide,25661,64,"67,093",1%,6%,-2%,Exited (ipo),"$100,000 ",2011-03-15,"$100,000",Chicago,Greater than $5B
13,ADPHide,24329,12,"61,106",0%,4%,1%,Exited (ipo),$2.0M ,2005-12-30,"$2,000,000",New York,Greater than $5B
14,FacebookHide,24052,-410,"27,332",2%,20%,0%,Exited (ipo),$2.4B ,2015-01-26,Undisclosed,Bay Area,Greater than $5B
15,FiverrHide,23102,214,"15,963",5%,34%,1%,Late,$105.0M ,2015-11-11,"$60,000,000",New York,$25M - $50M
16,LyftHide,19334,261,"12,261",4%,28%,2%,Late,$4.1B ,2017-11-23,"$500,000,000",Bay Area,$25M - $50M
17,Tesla MotorsHide,19197,194,"22,816",4%,25%,2%,Exited (ipo),$823.0M ,2012-10-10,"$10,000,000",Bay Area,$1B - $5B
18,Credit EaseHide,19197,-194,"17,780",1%,14%,-8%,B,$20.0M ,2011-05-01,"$10,000,000",Beijing,
19,SalesforceHide,18742,72,"30,126",1%,5%,2%,Exited (ipo),$102.9M ,2000-10-01,"$46,910,000",Bay Area,Greater than $5B
20,UberHide,16746,418,"47,378",3%,21%,-4%,Late,$21.2B ,2017-12-21,"$4,000,000,000",Bay Area,$100M - $250M
21,FISHide,16298,-27,"29,961",1%,6%,7%,Exited (acquired),$27.5M ,2011-01-10,"$5,000,000",Jacksonville,Greater than $5B
22,XeroxHide,15382,-65,"59,821",0%,-2%,2%,Exited (acquired),$1.1B ,2012-03-15,"$1,100,000,000",New York,Greater than $5B
23,DominosHide,15198,-462,"19,982",4%,32%,5%,Exited (ipo),$1.3M ,2018-01-26,"$1,300,000",Ann Arbor,$1B - $5B
24,VipkidHide,13453,622,"5,354",10%,96%,,Late,$325.0M ,2017-08-23,"$200,000,000",Beijing,$5M - $10M
25,NCRHide,13121,42,"30,507",1%,10%,-1%,Exited (ipo),$821.5M ,2015-11-14,"$820,000,000",Atlanta,Greater than $5B
26,UpworkHide,12987,11,"11,874",-1%,31%,3%,Late,$168.8M ,2014-11-25,"$30,000,000",Bay Area,
27,Boston ScientificHide,12966,160,"27,015",2%,7%,-2%,Exited (acquired),$108.9M ,2017-02-28,"$45,000,000",Boston,Greater than $5B
28,Sky.GardenHide,12847,124,"20,599",1%,,,Late,$1.2M ,2018-02-06,"$1,200,000",,
29,BraintreeHide,12315,-97,"14,608",0%,13%,2%,Exited (acquired),$69.0M ,2012-09-17,"$35,000,000",Chicago,$5M - $10M
30,PayPalHide,10964,81,"21,993",1%,8%,0%,Exited (ipo),$197.0M ,2001-02-16,"$90,000,000",San Jose,Greater than $5B
31,General DynamicsHide,10913,228,"13,607",3%,24%,11%,Exited (ipo),$84.9M ,2010-09-10,"$30,000,000",Falls Church,
32,AlibabaHide,10768,330,"18,675",89%,109%,1%,Exited (ipo),$707.0M ,2018-04-09,"$600,000,000",Hangzhou ,Greater than $5B
33,JD.comHide,10734,1281,"10,688",2%,25%,-3%,Exited (ipo),$2.7B ,2018-02-14,"$2,500,000,000",Beijing,Greater than $5B
34,BNY MellonHide,10561,60,"38,766",1%,4%,7%,Exited (ipo),"$650,000 ",2013-12-05,"$650,000",New York,Greater than $5B
35,Tian Tian ExpressHide,10135,283,"5,722",1%,10%,,A,$92.0M ,2016-02-26,"$92,000,000",China,
36,AloricaHide,9869,92,"12,315",3%,43%,12%,A,$2.6M ,2009-08-13,"$2,620,018",Los Angeles,$1B - $5B
37,VMwareHide,9178,-256,"20,850",0%,4%,3%,Exited (acquired),$383.6M ,2010-02-11,"$1,315,802",Bay Area,Greater than $5B
38,ABBHide,9019,93,"69,773",20%,9%,-3%,Exited (ipo),$2.7M ,2013-09-23,"$2,700,000",Atlanta,Greater than $5B
39,LinkedInHide,8994,-56,"15,068",1%,11%,0%,Exited (acquired),$184.9M ,2013-05-01,"$81,713,488",Bay Area,$1B - $5B
40,Quess CorpHide,8107,-281,"8,406",2%,13%,,A,$26.5M ,2016-06-28,"$26,500,000",Bangalore,$1B - $5B
41,CEOHide,7903,4,"4,961",3%,22%,,Late,$160.0M ,2018-03-05,"$160,000,000",New York,
42,XiaomiHide,7883,107,"5,079",5%,26%,-3%,Late,$2.3B ,2017-07-28,"$1,000,000,000",Beijing,
43,Infineon CareerHide,7454,-13,"14,969",1%,7%,3%,Exited (acquired),$15.0M ,2017-09-08,"$15,000,000",Los Angeles,Greater than $5B
44,Centene CorporationHide,7443,204,"10,563",2%,11%,9%,Exited (acquired),$21.1M ,2012-01-06,"$21,102,000",Saint Louis,Greater than $5B
45,MeijerHide,7390,-238,"15,724",1%,5%,1%,Exited (other),$12.0M ,2014-10-24,"$12,000,000",Grand Rapids,Greater than $5B
46,OYO RoomsHide,7290,235,"4,122",6%,26%,4%,Late,$547.5M ,2017-09-13,"$10,000,000",Gurgaon,$100M - $250M
47,AmgenHide,7272,99,"26,473",0%,4%,6%,Exited (ipo),$175.5M ,2012-03-12,"$175,463,420",Los Angeles,Greater than $5B
48,PayTMHide,7224,462,"6,693",2%,13%,5%,Late,$2.4B ,2017-08-16,"$5,000,000",Noida,
49,ToutiaoHide,7172,-303,"3,133",8%,47%,13%,C,$2.1B ,2017-08-11,"$2,000,000,000",China,
