ID,Service Provider,Year,Period,Country,User Data Requests,Number of Requests where some data was disclosed (content or non content),Percentage of Requests where some data was disclosed (content or non content),Users/Accounts Specified
"Argentina - Google, 2009 (2nd half)",Google,2009,2009 (2nd half),Argentina,98,,,
"Australia - Google, 2009 (2nd half)",Google,2009,2009 (2nd half),Australia,155,,,
"Belgium - Google, 2009 (2nd half)",Google,2009,2009 (2nd half),Belgium,67,,,
"Brazil - Google, 2009 (2nd half)",Google,2009,2009 (2nd half),Brazil,3663,,,
"Canada - Google, 2009 (2nd half)",Google,2009,2009 (2nd half),Canada,41,,,
"Chile - Google, 2009 (2nd half)",Google,2009,2009 (2nd half),Chile,110,,,
"France - Google, 2009 (2nd half)",Google,2009,2009 (2nd half),France,846,,,
"Germany - Google, 2009 (2nd half)",Google,2009,2009 (2nd half),Germany,458,,,
"India - Google, 2009 (2nd half)",Google,2009,2009 (2nd half),India,1061,,,
"Israel - Google, 2009 (2nd half)",Google,2009,2009 (2nd half),Israel,30,,,
"Italy - Google, 2009 (2nd half)",Google,2009,2009 (2nd half),Italy,550,,,
"Japan - Google, 2009 (2nd half)",Google,2009,2009 (2nd half),Japan,44,,,
"Netherlands - Google, 2009 (2nd half)",Google,2009,2009 (2nd half),Netherlands,67,,,
"Poland - Google, 2009 (2nd half)",Google,2009,2009 (2nd half),Poland,86,,,
"Portugal - Google, 2009 (2nd half)",Google,2009,2009 (2nd half),Portugal,45,,,
"Singapore - Google, 2009 (2nd half)",Google,2009,2009 (2nd half),Singapore,62,,,
"South Korea - Google, 2009 (2nd half)",Google,2009,2009 (2nd half),South Korea,44,,,
"Spain - Google, 2009 (2nd half)",Google,2009,2009 (2nd half),Spain,324,,,
"Switzerland - Google, 2009 (2nd half)",Google,2009,2009 (2nd half),Switzerland,42,,,
"United Kingdom - Google, 2009 (2nd half)",Google,2009,2009 (2nd half),United Kingdom,1166,,,
"United States - Google, 2009 (2nd half)",Google,2009,2009 (2nd half),United States,3580,,,
"Argentina - Google, 2010 (1st half)",Google,2010,2010 (1st half),Argentina,134,,,
"Australia - Google, 2010 (1st half)",Google,2010,2010 (1st half),Australia,200,,,
"Belgium - Google, 2010 (1st half)",Google,2010,2010 (1st half),Belgium,71,,,
"Brazil - Google, 2010 (1st half)",Google,2010,2010 (1st half),Brazil,2435,,,
"Chile - Google, 2010 (1st half)",Google,2010,2010 (1st half),Chile,115,,,
"France - Google, 2010 (1st half)",Google,2010,2010 (1st half),France,1017,,,
"Germany - Google, 2010 (1st half)",Google,2010,2010 (1st half),Germany,668,,,
"Hong Kong - Google, 2010 (1st half)",Google,2010,2010 (1st half),Hong Kong,50,,,
"India - Google, 2010 (1st half)",Google,2010,2010 (1st half),India,1430,,,
"Israel - Google, 2010 (1st half)",Google,2010,2010 (1st half),Israel,30,,,
"Italy - Google, 2010 (1st half)",Google,2010,2010 (1st half),Italy,651,,,
"Japan - Google, 2010 (1st half)",Google,2010,2010 (1st half),Japan,56,,,
"Portugal - Google, 2010 (1st half)",Google,2010,2010 (1st half),Portugal,73,,,
"Singapore - Google, 2010 (1st half)",Google,2010,2010 (1st half),Singapore,106,,,
"South Korea - Google, 2010 (1st half)",Google,2010,2010 (1st half),South Korea,170,,,
"Spain - Google, 2010 (1st half)",Google,2010,2010 (1st half),Spain,372,,,
"Switzerland - Google, 2010 (1st half)",Google,2010,2010 (1st half),Switzerland,35,,,
"Taiwan - Google, 2010 (1st half)",Google,2010,2010 (1st half),Taiwan,130,,,
"Turkey - Google, 2010 (1st half)",Google,2010,2010 (1st half),Turkey,51,,,
"United Kingdom - Google, 2010 (1st half)",Google,2010,2010 (1st half),United Kingdom,1343,,,
"United States - Google, 2010 (1st half)",Google,2010,2010 (1st half),United States,4287,,,
"Hungary - Google, 2010 (2nd half)",Google,2010,2010 (2nd half),Hungary,68,0,0,
"Turkey - Google, 2010 (2nd half)",Google,2010,2010 (2nd half),Turkey,45,0,0,
"Mexico - Google, 2010 (2nd half)",Google,2010,2010 (2nd half),Mexico,34,19,56,
"Canada - Google, 2010 (2nd half)",Google,2010,2010 (2nd half),Canada,38,21,55,
"Netherlands - Google, 2010 (2nd half)",Google,2010,2010 (2nd half),Netherlands,43,29,67,
"Poland - Google, 2010 (2nd half)",Google,2010,2010 (2nd half),Poland,272,33,12,
"Portugal - Google, 2010 (2nd half)",Google,2010,2010 (2nd half),Portugal,92,40,43,
"Israel - Google, 2010 (2nd half)",Google,2010,2010 (2nd half),Israel,54,41,76,
"Argentina - Google, 2010 (2nd half)",Google,2010,2010 (2nd half),Argentina,127,51,40,
"Hong Kong - Google, 2010 (2nd half)",Google,2010,2010 (2nd half),Hong Kong,90,53,59,
"Belgium - Google, 2010 (2nd half)",Google,2010,2010 (2nd half),Belgium,85,62,73,
"Japan - Google, 2010 (2nd half)",Google,2010,2010 (2nd half),Japan,72,65,90,
"Chile - Google, 2010 (2nd half)",Google,2010,2010 (2nd half),Chile,121,80,66,
"South Korea - Google, 2010 (2nd half)",Google,2010,2010 (2nd half),South Korea,190,86,45,
"Taiwan - Google, 2010 (2nd half)",Google,2010,2010 (2nd half),Taiwan,156,101,65,
"Singapore - Google, 2010 (2nd half)",Google,2010,2010 (2nd half),Singapore,118,104,88,
"Spain - Google, 2010 (2nd half)",Google,2010,2010 (2nd half),Spain,359,219,61,
"Australia - Google, 2010 (2nd half)",Google,2010,2010 (2nd half),Australia,345,279,81,
"Italy - Google, 2010 (2nd half)",Google,2010,2010 (2nd half),Italy,837,502,60,
"France - Google, 2010 (2nd half)",Google,2010,2010 (2nd half),France,1021,572,56,
"Germany - Google, 2010 (2nd half)",Google,2010,2010 (2nd half),Germany,768,584,76,
"United Kingdom - Google, 2010 (2nd half)",Google,2010,2010 (2nd half),United Kingdom,1162,837,72,
"India - Google, 2010 (2nd half)",Google,2010,2010 (2nd half),India,1699,1342,79,
"Brazil - Google, 2010 (2nd half)",Google,2010,2010 (2nd half),Brazil,1804,1371,76,
"United States - Google, 2010 (2nd half)",Google,2010,2010 (2nd half),United States,4601,4325,94,
"Hungary - Google, 2011 (1st half)",Google,2011,2011 (1st half),Hungary,81,0,0,82
"Russia - Google, 2011 (1st half)",Google,2011,2011 (1st half),Russia,42,0,0,47
"Turkey - Google, 2011 (1st half)",Google,2011,2011 (1st half),Turkey,73,0,0,74
"United States - Sonic.net, 2011 (1st half)",Sonic.net,2011,2011 (1st half),United States,11,4.5,41,
"Mexico - Google, 2011 (1st half)",Google,2011,2011 (1st half),Mexico,48,20,42,73
"Canada - Google, 2011 (1st half)",Google,2011,2011 (1st half),Canada,50,24,48,75
"Switzerland - Google, 2011 (1st half)",Google,2011,2011 (1st half),Switzerland,36,25,69,42
"Poland - Google, 2011 (1st half)",Google,2011,2011 (1st half),Poland,266,29,11,319
"Netherlands - Google, 2011 (1st half)",Google,2011,2011 (1st half),Netherlands,64,31,48,213
"Israel - Google, 2011 (1st half)",Google,2011,2011 (1st half),Israel,60,36,60,67
"Argentina - Google, 2011 (1st half)",Google,2011,2011 (1st half),Argentina,134,43,32,188
"Chile - Google, 2011 (1st half)",Google,2011,2011 (1st half),Chile,118,50,42,143
"Hong Kong - Google, 2011 (1st half)",Google,2011,2011 (1st half),Hong Kong,123,52,42,123
"Belgium - Google, 2011 (1st half)",Google,2011,2011 (1st half),Belgium,90,60,67,111
"Japan - Google, 2011 (1st half)",Google,2011,2011 (1st half),Japan,75,65,87,82
"Singapore - Google, 2011 (1st half)",Google,2011,2011 (1st half),Singapore,106,80,75,126
"Portugal - Google, 2011 (1st half)",Google,2011,2011 (1st half),Portugal,161,81,50,323
"South Korea - Google, 2011 (1st half)",Google,2011,2011 (1st half),South Korea,259,96,37,530
"Taiwan - Google, 2011 (1st half)",Google,2011,2011 (1st half),Taiwan,155,126,81,267
"Australia - Google, 2011 (1st half)",Google,2011,2011 (1st half),Australia,361,264,73,412
"Spain - Google, 2011 (1st half)",Google,2011,2011 (1st half),Spain,460,290,63,709
"Italy - Google, 2011 (1st half)",Google,2011,2011 (1st half),Italy,934,560,60,1263
"Brazil - Google, 2011 (1st half)",Google,2011,2011 (1st half),Brazil,703,612,87,1822
"France - Google, 2011 (1st half)",Google,2011,2011 (1st half),France,1312,617,47,1552
"Germany - Google, 2011 (1st half)",Google,2011,2011 (1st half),Germany,1065,703,66,1759
"United Kingdom - Google, 2011 (1st half)",Google,2011,2011 (1st half),United Kingdom,1279,806,63,1444
"India - Google, 2011 (1st half)",Google,2011,2011 (1st half),India,1739,1217,70,2439
"United States - Google, 2011 (1st half)",Google,2011,2011 (1st half),United States,5950,5534,93,11057
"France - LinkedIn, 2011 (2nd half)",LinkedIn,2011,2011 (2nd half),France,2,0,0,4
"Hungary - Google, 2011 (2nd half)",Google,2011,2011 (2nd half),Hungary,73,0,0,79
"India - LinkedIn, 2011 (2nd half)",LinkedIn,2011,2011 (2nd half),India,2,0,0,5
"Russia - Google, 2011 (2nd half)",Google,2011,2011 (2nd half),Russia,58,0,0,65
"Spain - LinkedIn, 2011 (2nd half)",LinkedIn,2011,2011 (2nd half),Spain,1,0,0,1
"Turkey - Google, 2011 (2nd half)",Google,2011,2011 (2nd half),Turkey,88,0,0,92
"United Kingdom - LinkedIn, 2011 (2nd half)",LinkedIn,2011,2011 (2nd half),United Kingdom,3,0,0,3
"United States - Sonic.net, 2011 (2nd half)",Sonic.net,2011,2011 (2nd half),United States,11,4.5,41,
"Canada - Google, 2011 (2nd half)",Google,2011,2011 (2nd half),Canada,41,10,24,49
"Mexico - Google, 2011 (2nd half)",Google,2011,2011 (2nd half),Mexico,67,17,25,115
"Netherlands - Google, 2011 (2nd half)",Google,2011,2011 (2nd half),Netherlands,37,22,59,49
"Israel - Google, 2011 (2nd half)",Google,2011,2011 (2nd half),Israel,51,31,61,79
"Norway - Google, 2011 (2nd half)",Google,2011,2011 (2nd half),Norway,49,34,69,61
"Portugal - Google, 2011 (2nd half)",Google,2011,2011 (2nd half),Portugal,147,43,29,196
"Switzerland - Google, 2011 (2nd half)",Google,2011,2011 (2nd half),Switzerland,69,46,67,76
"Argentina - Google, 2011 (2nd half)",Google,2011,2011 (2nd half),Argentina,141,47,33,201
"Chile - Google, 2011 (2nd half)",Google,2011,2011 (2nd half),Chile,117,50,43,186
"Japan - Google, 2011 (2nd half)",Google,2011,2011 (2nd half),Japan,90,53,59,117
"Poland - Google, 2011 (2nd half)",Google,2011,2011 (2nd half),Poland,241,53,22,297
"United States - LinkedIn, 2011 (2nd half)",LinkedIn,2011,2011 (2nd half),United States,65,55,84,84
"Belgium - Google, 2011 (2nd half)",Google,2011,2011 (2nd half),Belgium,99,66,67,124
"Singapore - Google, 2011 (2nd half)",Google,2011,2011 (2nd half),Singapore,102,85,83,186
"South Korea - Google, 2011 (2nd half)",Google,2011,2011 (2nd half),South Korea,257,95,37,393
"Hong Kong - Google, 2011 (2nd half)",Google,2011,2011 (2nd half),Hong Kong,202,103,51,202
"Taiwan - Google, 2011 (2nd half)",Google,2011,2011 (2nd half),Taiwan,224,168,75,303
"Spain - Google, 2011 (2nd half)",Google,2011,2011 (2nd half),Spain,388,198,51,610
"Australia - Google, 2011 (2nd half)",Google,2011,2011 (2nd half),Australia,444,289,65,496
"Italy - Google, 2011 (2nd half)",Google,2011,2011 (2nd half),Italy,844,430,51,1124
"France - Google, 2011 (2nd half)",Google,2011,2011 (2nd half),France,1404,618,44,1779
"Germany - Google, 2011 (2nd half)",Google,2011,2011 (2nd half),Germany,1426,642,45,2027
"United Kingdom - Google, 2011 (2nd half)",Google,2011,2011 (2nd half),United Kingdom,1455,931,64,1764
"Brazil - Google, 2011 (2nd half)",Google,2011,2011 (2nd half),Brazil,1615,1454,90,2222
"India - Google, 2011 (2nd half)",Google,2011,2011 (2nd half),India,2207,1457,66,3427
"United States - Google, 2011 (2nd half)",Google,2011,2011 (2nd half),United States,6321,5879,93,12243
"Austria - Twitter, 2012 (1st half)",Twitter,2012,2012 (1st half),Austria,5.5,0,0,5.5
"Brazil - Twitter, 2012 (1st half)",Twitter,2012,2012 (1st half),Brazil,5.5,0,0,5.5
"Bulgaria - Twitter, 2012 (1st half)",Twitter,2012,2012 (1st half),Bulgaria,5.5,0,0,5.5
"France - Twitter, 2012 (1st half)",Twitter,2012,2012 (1st half),France,5.5,0,0,5.5
"Germany - Twitter, 2012 (1st half)",Twitter,2012,2012 (1st half),Germany,5.5,0,0,5.5
"Hungary - Google, 2012 (1st half)",Google,2012,2012 (1st half),Hungary,92,0,0,139
"India - LinkedIn, 2012 (1st half)",LinkedIn,2012,2012 (1st half),India,1,0,0,1
"India - Twitter, 2012 (1st half)",Twitter,2012,2012 (1st half),India,5.5,0,0,5.5
"Indonesia - Twitter, 2012 (1st half)",Twitter,2012,2012 (1st half),Indonesia,5.5,0,0,5.5
"Italy - Twitter, 2012 (1st half)",Twitter,2012,2012 (1st half),Italy,5.5,0,0,5.5
"Mexico - Twitter, 2012 (1st half)",Twitter,2012,2012 (1st half),Mexico,5.5,0,0,5.5
"Peru - Twitter, 2012 (1st half)",Twitter,2012,2012 (1st half),Peru,5.5,0,0,5.5
"Portugal - Twitter, 2012 (1st half)",Twitter,2012,2012 (1st half),Portugal,5.5,0,0,5.5
"Russia - Google, 2012 (1st half)",Google,2012,2012 (1st half),Russia,58,0,0,58
"Slovenia - Microsoft, 2012 (1st half)",Microsoft,2012,2012 (1st half),Slovenia,0.5,0,0,0.5
"South Korea - Twitter, 2012 (1st half)",Twitter,2012,2012 (1st half),South Korea,5.5,0,0,5.5
"Spain - Twitter, 2012 (1st half)",Twitter,2012,2012 (1st half),Spain,5.5,0,0,12
"Sweden - Twitter, 2012 (1st half)",Twitter,2012,2012 (1st half),Sweden,5.5,0,0,5.5
"Switzerland - Twitter, 2012 (1st half)",Twitter,2012,2012 (1st half),Switzerland,5.5,0,0,5.5
"Turkey - Google, 2012 (1st half)",Google,2012,2012 (1st half),Turkey,112,0,0,120
"Turkey - Twitter, 2012 (1st half)",Twitter,2012,2012 (1st half),Turkey,5.5,0,0,5.5
"United Kingdom - LinkedIn, 2012 (1st half)",LinkedIn,2012,2012 (1st half),United Kingdom,2,0,0,2
"Uruguay - Microsoft, 2012 (1st half)",Microsoft,2012,2012 (1st half),Uruguay,0.5,0.5,100,0.5
"Guatemala - Microsoft, 2012 (1st half)",Microsoft,2012,2012 (1st half),Guatemala,1,1,100,2
"United States - Sonic.net, 2012 (1st half)",Sonic.net,2012,2012 (1st half),United States,8,1.5,19,
"Canada - Twitter, 2012 (1st half)",Twitter,2012,2012 (1st half),Canada,11,2,18,12
"Ireland - Google, 2012 (1st half)",Google,2012,2012 (1st half),Ireland,34,2,6,34
"United Kingdom - Twitter, 2012 (1st half)",Twitter,2012,2012 (1st half),United Kingdom,11,2,18,11
"Greece - Microsoft, 2012 (1st half)",Microsoft,2012,2012 (1st half),Greece,4.5,3,67,5.5
"Iceland - Microsoft, 2012 (1st half)",Microsoft,2012,2012 (1st half),Iceland,4,3.5,88,4.5
"El Salvador - Microsoft, 2012 (1st half)",Microsoft,2012,2012 (1st half),El Salvador,4.5,4,89,5
"Venezuela - Microsoft, 2012 (1st half)",Microsoft,2012,2012 (1st half),Venezuela,5.5,5,91,10.5
"Australia - Twitter, 2012 (1st half)",Twitter,2012,2012 (1st half),Australia,5.5,5.5,33,5.5
"Greece - Twitter, 2012 (1st half)",Twitter,2012,2012 (1st half),Greece,5.5,5.5,33,5.5
"Netherlands - Twitter, 2012 (1st half)",Twitter,2012,2012 (1st half),Netherlands,5.5,5.5,50,5.5
"Czech Republic - Microsoft, 2012 (1st half)",Microsoft,2012,2012 (1st half),Czech Republic,9.5,8,84,13.5
"Dominican Republic - Microsoft, 2012 (1st half)",Microsoft,2012,2012 (1st half),Dominican Republic,8.5,8.5,100,114
"Canada - Google, 2012 (1st half)",Google,2012,2012 (1st half),Canada,50,12,24,50
"Panama - Microsoft, 2012 (1st half)",Microsoft,2012,2012 (1st half),Panama,13,12,92,16
"Slovakia - Microsoft, 2012 (1st half)",Microsoft,2012,2012 (1st half),Slovakia,14,12.5,89,14.5
"Czech Republic - Google, 2012 (1st half)",Google,2012,2012 (1st half),Czech Republic,44,14,32,44
"Japan - Twitter, 2012 (1st half)",Twitter,2012,2012 (1st half),Japan,98,20,20,147
"Israel - Microsoft, 2012 (1st half)",Microsoft,2012,2012 (1st half),Israel,27,23,85,70.5
"New Zealand - Microsoft, 2012 (1st half)",Microsoft,2012,2012 (1st half),New Zealand,32,23.5,73,64
"Luxembourg - Microsoft, 2012 (1st half)",Microsoft,2012,2012 (1st half),Luxembourg,27.5,24,87,40.5
"Denmark - Google, 2012 (1st half)",Google,2012,2012 (1st half),Denmark,32,25,78,32
"Ireland - Microsoft, 2012 (1st half)",Microsoft,2012,2012 (1st half),Ireland,36,25.5,71,111
"Norway - Google, 2012 (1st half)",Google,2012,2012 (1st half),Norway,37,26,70,37
"Portugal - Google, 2012 (1st half)",Google,2012,2012 (1st half),Portugal,184,26,14,247
"Finland - Microsoft, 2012 (1st half)",Microsoft,2012,2012 (1st half),Finland,28,27,96,164
"Poland - Microsoft, 2012 (1st half)",Microsoft,2012,2012 (1st half),Poland,35,27.5,79,55
"Ecuador - Microsoft, 2012 (1st half)",Microsoft,2012,2012 (1st half),Ecuador,29.5,28.5,97,47.5
"Mexico - Google, 2012 (1st half)",Google,2012,2012 (1st half),Mexico,71,32,45,136
"Israel - Google, 2012 (1st half)",Google,2012,2012 (1st half),Israel,55,33,60,55
"Malta - Microsoft, 2012 (1st half)",Microsoft,2012,2012 (1st half),Malta,37.5,33.5,89,39.5
"Thailand - Microsoft, 2012 (1st half)",Microsoft,2012,2012 (1st half),Thailand,41.5,36.5,88,52.5
"Peru - Microsoft, 2012 (1st half)",Microsoft,2012,2012 (1st half),Peru,42,39,93,128.5
"United States - Dropbox, 2012 (1st half)",Dropbox,2012,2012 (1st half),United States,43.5,41,94,82
"Chile - Google, 2012 (1st half)",Google,2012,2012 (1st half),Chile,101,45,45,143
"Netherlands - Google, 2012 (1st half)",Google,2012,2012 (1st half),Netherlands,59,45,76,59
"Costa Rica - Microsoft, 2012 (1st half)",Microsoft,2012,2012 (1st half),Costa Rica,49,45.5,93,76
"Canada - Microsoft, 2012 (1st half)",Microsoft,2012,2012 (1st half),Canada,51.5,48.5,94,192.5
"Hungary - Microsoft, 2012 (1st half)",Microsoft,2012,2012 (1st half),Hungary,61.5,51,83,87.5
"United States - LinkedIn, 2012 (1st half)",LinkedIn,2012,2012 (1st half),United States,64,51,79,96
"Argentina - Google, 2012 (1st half)",Google,2012,2012 (1st half),Argentina,137,52,38,178
"Denmark - Microsoft, 2012 (1st half)",Microsoft,2012,2012 (1st half),Denmark,64,55.5,87,95.5
"Switzerland - Google, 2012 (1st half)",Google,2012,2012 (1st half),Switzerland,82,56,68,113
"Singapore - Google, 2012 (1st half)",Google,2012,2012 (1st half),Singapore,89,62,70,97
"Hong Kong - Google, 2012 (1st half)",Google,2012,2012 (1st half),Hong Kong,192,63,33,192
"Belgium - Google, 2012 (1st half)",Google,2012,2012 (1st half),Belgium,107,72,67,127
"Poland - Google, 2012 (1st half)",Google,2012,2012 (1st half),Poland,351,74,21,458
"Norway - Microsoft, 2012 (1st half)",Microsoft,2012,2012 (1st half),Norway,93.5,84,90,213
"Singapore - Microsoft, 2012 (1st half)",Microsoft,2012,2012 (1st half),Singapore,89.5,84,94,276.5
"Japan - Google, 2012 (1st half)",Google,2012,2012 (1st half),Japan,104,89,86,133
"Colombia - Microsoft, 2012 (1st half)",Microsoft,2012,2012 (1st half),Colombia,113.5,94.5,83,311.5
"Sweden - Microsoft, 2012 (1st half)",Microsoft,2012,2012 (1st half),Sweden,163,146.5,90,276
"South Korea - Google, 2012 (1st half)",Google,2012,2012 (1st half),South Korea,423,148,35,917
"Taiwan - Google, 2012 (1st half)",Google,2012,2012 (1st half),Taiwan,271,171,63,307
"India - Microsoft, 2012 (1st half)",Microsoft,2012,2012 (1st half),India,209,185,89,297
"Chile - Microsoft, 2012 (1st half)",Microsoft,2012,2012 (1st half),Chile,265,223.5,84,395.5
"Portugal - Microsoft, 2012 (1st half)",Microsoft,2012,2012 (1st half),Portugal,274,234.5,86,355
"North Korea - Microsoft, 2012 (1st half)",Microsoft,2012,2012 (1st half),North Korea,308,250.5,81,545.5
"Japan - Microsoft, 2012 (1st half)",Microsoft,2012,2012 (1st half),Japan,286,269,94,383
"Spain - Google, 2012 (1st half)",Google,2012,2012 (1st half),Spain,531,276,52,1037
"Italy - Google, 2012 (1st half)",Google,2012,2012 (1st half),Italy,841,286,34,1054
"Belgium - Microsoft, 2012 (1st half)",Microsoft,2012,2012 (1st half),Belgium,363.5,314.5,87,570
"Argentina - Microsoft, 2012 (1st half)",Microsoft,2012,2012 (1st half),Argentina,384.5,329.5,86,639.5
"Australia - Google, 2012 (1st half)",Google,2012,2012 (1st half),Australia,523,335,64,841
"Netherlands - Microsoft, 2012 (1st half)",Microsoft,2012,2012 (1st half),Netherlands,429.5,335.5,78,719
"Hong Kong - Microsoft, 2012 (1st half)",Microsoft,2012,2012 (1st half),Hong Kong,520.5,411,79,524.5
"United States - Twitter, 2012 (1st half)",Twitter,2012,2012 (1st half),United States,679,509,75,948
"Mexico - Microsoft, 2012 (1st half)",Microsoft,2012,2012 (1st half),Mexico,661.5,597,90,1489.5
"Germany - Google, 2012 (1st half)",Google,2012,2012 (1st half),Germany,1533,598,39,2007
"Italy - Microsoft, 2012 (1st half)",Microsoft,2012,2012 (1st half),Italy,759.5,630.5,83,1049
"France - Google, 2012 (1st half)",Google,2012,2012 (1st half),France,1546,649,42,1880
"Spain - Microsoft, 2012 (1st half)",Microsoft,2012,2012 (1st half),Spain,990.5,834,84,1700
"United Kingdom - Google, 2012 (1st half)",Google,2012,2012 (1st half),United Kingdom,1425,912,64,1732
"Brazil - Microsoft, 2012 (1st half)",Microsoft,2012,2012 (1st half),Brazil,1107,934.5,84,2088
"Australia - Microsoft, 2012 (1st half)",Microsoft,2012,2012 (1st half),Australia,1119,949.5,85,1540.5
"Brazil - Google, 2012 (1st half)",Google,2012,2012 (1st half),Brazil,1566,1190,76,2640
"India - Google, 2012 (1st half)",Google,2012,2012 (1st half),India,2319,1484,64,3467
"Taiwan - Microsoft, 2012 (1st half)",Microsoft,2012,2012 (1st half),Taiwan,2190.5,1889.5,86,4152.5
"United Kingdom - Microsoft, 2012 (1st half)",Microsoft,2012,2012 (1st half),United Kingdom,4613,3528.5,76,7150.5
"Germany - Microsoft, 2012 (1st half)",Microsoft,2012,2012 (1st half),Germany,4209.5,3544,84,6613
"France - Microsoft, 2012 (1st half)",Microsoft,2012,2012 (1st half),France,4301.5,3688.5,86,8986.5
"United States - Microsoft, 2012 (1st half)",Microsoft,2012,2012 (1st half),United States,5536.5,4370,79,12282.5
"Turkey - Microsoft, 2012 (1st half)",Microsoft,2012,2012 (1st half),Turkey,5717,4498.5,79,7038.5
"United States - Google, 2012 (1st half)",Google,2012,2012 (1st half),United States,7969,7172,90,16281
"Germany - LeaseWeb, 2012 (1st half)",LeaseWeb,2012,2012 (1st half),Germany,116.5,,,
"Netherlands - LeaseWeb, 2012 (1st half)",LeaseWeb,2012,2012 (1st half),Netherlands,46,,,
"United States - LeaseWeb, 2012 (1st half)",LeaseWeb,2012,2012 (1st half),United States,12,,,
"Argentina - Twitter, 2012 (2nd half)",Twitter,2012,2012 (2nd half),Argentina,5.5,0,0,13
"Denmark - Twitter, 2012 (2nd half)",Twitter,2012,2012 (2nd half),Denmark,5.5,0,0,5.5
"France - Twitter, 2012 (2nd half)",Twitter,2012,2012 (2nd half),France,12,0,0,54
"Germany - LinkedIn, 2012 (2nd half)",LinkedIn,2012,2012 (2nd half),Germany,1,0,0,1
"Germany - Twitter, 2012 (2nd half)",Twitter,2012,2012 (2nd half),Germany,5.5,0,0,5.5
"Greece - Twitter, 2012 (2nd half)",Twitter,2012,2012 (2nd half),Greece,5.5,0,0,15
"Hungary - Google, 2012 (2nd half)",Google,2012,2012 (2nd half),Hungary,95,0,0,151
"India - LinkedIn, 2012 (2nd half)",LinkedIn,2012,2012 (2nd half),India,1,0,0,1
"India - Twitter, 2012 (2nd half)",Twitter,2012,2012 (2nd half),India,5.5,0,0,5.5
"Indonesia - Twitter, 2012 (2nd half)",Twitter,2012,2012 (2nd half),Indonesia,5.5,0,0,5.5
"Ireland - Twitter, 2012 (2nd half)",Twitter,2012,2012 (2nd half),Ireland,5.5,0,0,5.5
"Israel - Twitter, 2012 (2nd half)",Twitter,2012,2012 (2nd half),Israel,5.5,0,0,5.5
"Italy - Twitter, 2012 (2nd half)",Twitter,2012,2012 (2nd half),Italy,5.5,0,0,5.5
"Mexico - Twitter, 2012 (2nd half)",Twitter,2012,2012 (2nd half),Mexico,5.5,0,0,5.5
"Qatar - Twitter, 2012 (2nd half)",Twitter,2012,2012 (2nd half),Qatar,5.5,0,0,5.5
"Slovenia - Microsoft, 2012 (2nd half)",Microsoft,2012,2012 (2nd half),Slovenia,0.5,0,0,0.5
"South Sudan - Twitter, 2012 (2nd half)",Twitter,2012,2012 (2nd half),South Sudan,5.5,0,0,5.5
"Spain - LinkedIn, 2012 (2nd half)",LinkedIn,2012,2012 (2nd half),Spain,1,0,0,1
"Spain - Twitter, 2012 (2nd half)",Twitter,2012,2012 (2nd half),Spain,5.5,0,0,5.5
"Switzerland - Twitter, 2012 (2nd half)",Twitter,2012,2012 (2nd half),Switzerland,5.5,0,0,5.5
"Turkey - Google, 2012 (2nd half)",Google,2012,2012 (2nd half),Turkey,149,0,0,144
"Turkey - Twitter, 2012 (2nd half)",Twitter,2012,2012 (2nd half),Turkey,5.5,0,0,5.5
"Uruguay - Microsoft, 2012 (2nd half)",Microsoft,2012,2012 (2nd half),Uruguay,0.5,0.5,100,0.5
"Canada - Twitter, 2012 (2nd half)",Twitter,2012,2012 (2nd half),Canada,15,1,7,22
"Guatemala - Microsoft, 2012 (2nd half)",Microsoft,2012,2012 (2nd half),Guatemala,1,1,100,2
"Russia - Google, 2012 (2nd half)",Google,2012,2012 (2nd half),Russia,97,1,1,123
"United Kingdom - Twitter, 2012 (2nd half)",Twitter,2012,2012 (2nd half),United Kingdom,25,1,4,27
"United States - Sonic.net, 2012 (2nd half)",Sonic.net,2012,2012 (2nd half),United States,8,1.5,19,
"Greece - Microsoft, 2012 (2nd half)",Microsoft,2012,2012 (2nd half),Greece,4.5,3,67,5.5
"Japan - Twitter, 2012 (2nd half)",Twitter,2012,2012 (2nd half),Japan,62,3,5,75
"Iceland - Microsoft, 2012 (2nd half)",Microsoft,2012,2012 (2nd half),Iceland,4,3.5,88,4.5
"Brazil - Twitter, 2012 (2nd half)",Twitter,2012,2012 (2nd half),Brazil,34,4,12,43
"El Salvador - Microsoft, 2012 (2nd half)",Microsoft,2012,2012 (2nd half),El Salvador,4.5,4,89,5
"Venezuela - Microsoft, 2012 (2nd half)",Microsoft,2012,2012 (2nd half),Venezuela,5.5,5,91,10.5
"Australia - Twitter, 2012 (2nd half)",Twitter,2012,2012 (2nd half),Australia,5.5,5.5,20,5.5
"Netherlands - Twitter, 2012 (2nd half)",Twitter,2012,2012 (2nd half),Netherlands,5.5,5.5,33,5.5
"Czech Republic - Microsoft, 2012 (2nd half)",Microsoft,2012,2012 (2nd half),Czech Republic,9.5,8,84,13.5
"Dominican Republic - Microsoft, 2012 (2nd half)",Microsoft,2012,2012 (2nd half),Dominican Republic,8.5,8.5,100,114
"Canada - Google, 2012 (2nd half)",Google,2012,2012 (2nd half),Canada,38,9,24,77
"Panama - Microsoft, 2012 (2nd half)",Microsoft,2012,2012 (2nd half),Panama,13,12,92,16
"Slovakia - Microsoft, 2012 (2nd half)",Microsoft,2012,2012 (2nd half),Slovakia,14,12.5,89,14.5
"Czech Republic - Google, 2012 (2nd half)",Google,2012,2012 (2nd half),Czech Republic,51,16,31,84
"Denmark - Google, 2012 (2nd half)",Google,2012,2012 (2nd half),Denmark,34,20,59,41
"Mexico - Google, 2012 (2nd half)",Google,2012,2012 (2nd half),Mexico,90,22,24,150
"Israel - Microsoft, 2012 (2nd half)",Microsoft,2012,2012 (2nd half),Israel,27,23,85,70.5
"New Zealand - Microsoft, 2012 (2nd half)",Microsoft,2012,2012 (2nd half),New Zealand,32,23.5,73,64
"Luxembourg - Microsoft, 2012 (2nd half)",Microsoft,2012,2012 (2nd half),Luxembourg,27.5,24,87,40.5
"Ireland - Microsoft, 2012 (2nd half)",Microsoft,2012,2012 (2nd half),Ireland,36,25.5,71,111
"Finland - Microsoft, 2012 (2nd half)",Microsoft,2012,2012 (2nd half),Finland,28,27,96,164
"Poland - Microsoft, 2012 (2nd half)",Microsoft,2012,2012 (2nd half),Poland,35,27.5,79,55
"Ecuador - Microsoft, 2012 (2nd half)",Microsoft,2012,2012 (2nd half),Ecuador,29.5,28.5,97,47.5
"Israel - Google, 2012 (2nd half)",Google,2012,2012 (2nd half),Israel,56,33,59,66
"Switzerland - Google, 2012 (2nd half)",Google,2012,2012 (2nd half),Switzerland,49,33,67,59
"Malta - Microsoft, 2012 (2nd half)",Microsoft,2012,2012 (2nd half),Malta,37.5,33.5,89,39.5
"United States - LinkedIn, 2012 (2nd half)",LinkedIn,2012,2012 (2nd half),United States,45,36,80,49
"Thailand - Microsoft, 2012 (2nd half)",Microsoft,2012,2012 (2nd half),Thailand,41.5,36.5,88,52.5
"Peru - Microsoft, 2012 (2nd half)",Microsoft,2012,2012 (2nd half),Peru,42,39,93,128.5
"United States - Dropbox, 2012 (2nd half)",Dropbox,2012,2012 (2nd half),United States,43.5,41,94,82
"Argentina - Google, 2012 (2nd half)",Google,2012,2012 (2nd half),Argentina,114,43,38,175
"Costa Rica - Microsoft, 2012 (2nd half)",Microsoft,2012,2012 (2nd half),Costa Rica,49,45.5,93,76
"Canada - Microsoft, 2012 (2nd half)",Microsoft,2012,2012 (2nd half),Canada,51.5,48.5,94,192.5
"Hungary - Microsoft, 2012 (2nd half)",Microsoft,2012,2012 (2nd half),Hungary,61.5,51,83,87.5
"Denmark - Microsoft, 2012 (2nd half)",Microsoft,2012,2012 (2nd half),Denmark,64,55.5,87,95.5
"Portugal - Google, 2012 (2nd half)",Google,2012,2012 (2nd half),Portugal,200,60,30,278
"Chile - Google, 2012 (2nd half)",Google,2012,2012 (2nd half),Chile,109,63,58,168
"Poland - Google, 2012 (2nd half)",Google,2012,2012 (2nd half),Poland,409,70,17,500
"Singapore - Google, 2012 (2nd half)",Google,2012,2012 (2nd half),Singapore,96,72,75,153
"Belgium - Google, 2012 (2nd half)",Google,2012,2012 (2nd half),Belgium,120,76,63,153
"Japan - Google, 2012 (2nd half)",Google,2012,2012 (2nd half),Japan,124,77,62,149
"Hong Kong - Google, 2012 (2nd half)",Google,2012,2012 (2nd half),Hong Kong,255,79,31,251
"Norway - Microsoft, 2012 (2nd half)",Microsoft,2012,2012 (2nd half),Norway,93.5,84,90,213
"Singapore - Microsoft, 2012 (2nd half)",Microsoft,2012,2012 (2nd half),Singapore,89.5,84,94,276.5
"Colombia - Microsoft, 2012 (2nd half)",Microsoft,2012,2012 (2nd half),Colombia,113.5,94.5,83,311.5
"South Korea - Google, 2012 (2nd half)",Google,2012,2012 (2nd half),South Korea,355,107,30,771
"Sweden - Microsoft, 2012 (2nd half)",Microsoft,2012,2012 (2nd half),Sweden,163,146.5,90,276
"India - Microsoft, 2012 (2nd half)",Microsoft,2012,2012 (2nd half),India,209,185,89,297
"Taiwan - Google, 2012 (2nd half)",Google,2012,2012 (2nd half),Taiwan,290,215,74,366
"Spain - Google, 2012 (2nd half)",Google,2012,2012 (2nd half),Spain,447,219,49,665
"Chile - Microsoft, 2012 (2nd half)",Microsoft,2012,2012 (2nd half),Chile,265,223.5,84,395.5
"Portugal - Microsoft, 2012 (2nd half)",Microsoft,2012,2012 (2nd half),Portugal,274,234.5,86,355
"North Korea - Microsoft, 2012 (2nd half)",Microsoft,2012,2012 (2nd half),North Korea,308,250.5,81,545.5
"Japan - Microsoft, 2012 (2nd half)",Microsoft,2012,2012 (2nd half),Japan,286,269,94,383
"Italy - Google, 2012 (2nd half)",Google,2012,2012 (2nd half),Italy,846,288,34,1051
"Belgium - Microsoft, 2012 (2nd half)",Microsoft,2012,2012 (2nd half),Belgium,363.5,314.5,87,570
"Argentina - Microsoft, 2012 (2nd half)",Microsoft,2012,2012 (2nd half),Argentina,384.5,329.5,86,639.5
"Netherlands - Microsoft, 2012 (2nd half)",Microsoft,2012,2012 (2nd half),Netherlands,429.5,335.5,78,719
"Australia - Google, 2012 (2nd half)",Google,2012,2012 (2nd half),Australia,584,380,65,711
"Hong Kong - Microsoft, 2012 (2nd half)",Microsoft,2012,2012 (2nd half),Hong Kong,520.5,411,79,524.5
"United States - Twitter, 2012 (2nd half)",Twitter,2012,2012 (2nd half),United States,815,562,69,1145
"Mexico - Microsoft, 2012 (2nd half)",Microsoft,2012,2012 (2nd half),Mexico,661.5,597,90,1489.5
"Italy - Microsoft, 2012 (2nd half)",Microsoft,2012,2012 (2nd half),Italy,759.5,630.5,83,1049
"Germany - Google, 2012 (2nd half)",Google,2012,2012 (2nd half),Germany,1550,651,42,1944
"France - Google, 2012 (2nd half)",Google,2012,2012 (2nd half),France,1693,745,44,2063
"Brazil - Google, 2012 (2nd half)",Google,2012,2012 (2nd half),Brazil,1211,799,66,2526
"Spain - Microsoft, 2012 (2nd half)",Microsoft,2012,2012 (2nd half),Spain,990.5,834,84,1700
"Brazil - Microsoft, 2012 (2nd half)",Microsoft,2012,2012 (2nd half),Brazil,1107,934.5,84,2088
"Australia - Microsoft, 2012 (2nd half)",Microsoft,2012,2012 (2nd half),Australia,1119,949.5,85,1540.5
"United Kingdom - Google, 2012 (2nd half)",Google,2012,2012 (2nd half),United Kingdom,1458,1021,70,1918
"India - Google, 2012 (2nd half)",Google,2012,2012 (2nd half),India,2431,1604,66,4106
"Taiwan - Microsoft, 2012 (2nd half)",Microsoft,2012,2012 (2nd half),Taiwan,2190.5,1889.5,86,4152.5
"United Kingdom - Microsoft, 2012 (2nd half)",Microsoft,2012,2012 (2nd half),United Kingdom,4613,3528.5,76,7150.5
"Germany - Microsoft, 2012 (2nd half)",Microsoft,2012,2012 (2nd half),Germany,4209.5,3544,84,6613
"France - Microsoft, 2012 (2nd half)",Microsoft,2012,2012 (2nd half),France,4301.5,3688.5,86,8986.5
"United States - Microsoft, 2012 (2nd half)",Microsoft,2012,2012 (2nd half),United States,5536.5,4370,79,12282.5
"Turkey - Microsoft, 2012 (2nd half)",Microsoft,2012,2012 (2nd half),Turkey,5717,4498.5,79,7038.5
"United States - Google, 2012 (2nd half)",Google,2012,2012 (2nd half),United States,8438,7440,88,14791
"Germany - LeaseWeb, 2012 (2nd half)",LeaseWeb,2012,2012 (2nd half),Germany,116.5,,,
"Netherlands - LeaseWeb, 2012 (2nd half)",LeaseWeb,2012,2012 (2nd half),Netherlands,23,,,
"United States - LeaseWeb, 2012 (2nd half)",LeaseWeb,2012,2012 (2nd half),United States,6,,,
"Argentina - LinkedIn, 2013 (1st half)",LinkedIn,2013,2013 (1st half),Argentina,1,0,0,1
"Argentina - Twitter, 2013 (1st half)",Twitter,2013,2013 (1st half),Argentina,5.5,0,0,5.5
"Australia - LinkedIn, 2013 (1st half)",LinkedIn,2013,2013 (1st half),Australia,1,0,0,1
"Australia - Tumblr, 2013 (1st half)",Tumblr,2013,2013 (1st half),Australia,5.5,0,0,
"Bangladesh - Facebook, 2013 (1st half)",Facebook,2013,2013 (1st half),Bangladesh,1,0,0,12
"Barbados - Facebook, 2013 (1st half)",Facebook,2013,2013 (1st half),Barbados,3,0,0,3
"Belarus - Apple, 2013 (1st half)",Apple,2013,2013 (1st half),Belarus,1,0,0,1
"Botswana - Facebook, 2013 (1st half)",Facebook,2013,2013 (1st half),Botswana,3,0,0,7
"Brazil - Apple, 2013 (1st half)",Apple,2013,2013 (1st half),Brazil,8,0,0,8
"Brazil - Tumblr, 2013 (1st half)",Tumblr,2013,2013 (1st half),Brazil,1,0,0,
"Bulgaria - Facebook, 2013 (1st half)",Facebook,2013,2013 (1st half),Bulgaria,1,0,0,1
"Cambodia - Facebook, 2013 (1st half)",Facebook,2013,2013 (1st half),Cambodia,1,0,0,1
"Chile - Tumblr, 2013 (1st half)",Tumblr,2013,2013 (1st half),Chile,1,0,0,
"Costa Rica - Facebook, 2013 (1st half)",Facebook,2013,2013 (1st half),Costa Rica,4,0,0,6
"Croatia - Facebook, 2013 (1st half)",Facebook,2013,2013 (1st half),Croatia,2,0,0,2
"Ecuador - Facebook, 2013 (1st half)",Facebook,2013,2013 (1st half),Ecuador,2,0,0,3
"Egypt - Facebook, 2013 (1st half)",Facebook,2013,2013 (1st half),Egypt,8,0,0,11
"El Salvador - Facebook, 2013 (1st half)",Facebook,2013,2013 (1st half),El Salvador,2,0,0,2
"France - Tumblr, 2013 (1st half)",Tumblr,2013,2013 (1st half),France,0.5,0,0,
"French Southern Territories - Microsoft, 2013 (1st half)",Microsoft,2013,2013 (1st half),French Southern Territories,1,0,0,1
"Germany - LinkedIn, 2013 (1st half)",LinkedIn,2013,2013 (1st half),Germany,2,0,0,2
"Germany - Tumblr, 2013 (1st half)",Tumblr,2013,2013 (1st half),Germany,2.5,0,0,
"Greece - Tumblr, 2013 (1st half)",Tumblr,2013,2013 (1st half),Greece,0.5,0,0,
"Greece - Twitter, 2013 (1st half)",Twitter,2013,2013 (1st half),Greece,5.5,0,0,5.5
"Hungary - Google, 2013 (1st half)",Google,2013,2013 (1st half),Hungary,86,0,0,104
"India - Twitter, 2013 (1st half)",Twitter,2013,2013 (1st half),India,5.5,0,0,5.5
"Italy - LinkedIn, 2013 (1st half)",LinkedIn,2013,2013 (1st half),Italy,1,0,0,1
"Italy - Twitter, 2013 (1st half)",Twitter,2013,2013 (1st half),Italy,22,0,0,22
"Ivory Coast - Facebook, 2013 (1st half)",Facebook,2013,2013 (1st half),Ivory Coast,4,0,0,4
"Japan - Facebook, 2013 (1st half)",Facebook,2013,2013 (1st half),Japan,1,0,0,1
"Kosovo - Facebook, 2013 (1st half)",Facebook,2013,2013 (1st half),Kosovo,2,0,0,11
"Kuwait - Twitter, 2013 (1st half)",Twitter,2013,2013 (1st half),Kuwait,5.5,0,0,5.5
"Malaysia - Facebook, 2013 (1st half)",Facebook,2013,2013 (1st half),Malaysia,7,0,0,197
"Mexico - Twitter, 2013 (1st half)",Twitter,2013,2013 (1st half),Mexico,11,0,0,19
"Mongolia - Facebook, 2013 (1st half)",Facebook,2013,2013 (1st half),Mongolia,2,0,0,2
"Montenegro - Facebook, 2013 (1st half)",Facebook,2013,2013 (1st half),Montenegro,2,0,0,2
"Panama - Facebook, 2013 (1st half)",Facebook,2013,2013 (1st half),Panama,2,0,0,2
"Philippines - Twitter, 2013 (1st half)",Twitter,2013,2013 (1st half),Philippines,5.5,0,0,5.5
"Poland - Apple, 2013 (1st half)",Apple,2013,2013 (1st half),Poland,1,0,0,2
"Qatar - Facebook, 2013 (1st half)",Facebook,2013,2013 (1st half),Qatar,3,0,0,3
"Russia - Facebook, 2013 (1st half)",Facebook,2013,2013 (1st half),Russia,1,0,0,1
"Russia - Google, 2013 (1st half)",Google,2013,2013 (1st half),Russia,103,0,0,130
"San Marino - Apple, 2013 (1st half)",Apple,2013,2013 (1st half),San Marino,2,0,0,2
"Saudi Arabia - Twitter, 2013 (1st half)",Twitter,2013,2013 (1st half),Saudi Arabia,5.5,0,0,5.5
"Serbia - Facebook, 2013 (1st half)",Facebook,2013,2013 (1st half),Serbia,1,0,0,1
"Singapore - Twitter, 2013 (1st half)",Twitter,2013,2013 (1st half),Singapore,5.5,0,0,5.5
"Slovenia - Tumblr, 2013 (1st half)",Tumblr,2013,2013 (1st half),Slovenia,0.5,0,0,
"South Africa - Facebook, 2013 (1st half)",Facebook,2013,2013 (1st half),South Africa,14,0,0,9
"South Korea - Twitter, 2013 (1st half)",Twitter,2013,2013 (1st half),South Korea,5.5,0,0,5.5
"Spain - LinkedIn, 2013 (1st half)",LinkedIn,2013,2013 (1st half),Spain,2,0,0,2
"Spain - Twitter, 2013 (1st half)",Twitter,2013,2013 (1st half),Spain,13,0,0,14
"Switzerland - Twitter, 2013 (1st half)",Twitter,2013,2013 (1st half),Switzerland,5.5,0,0,5.5
"Thailand - Facebook, 2013 (1st half)",Facebook,2013,2013 (1st half),Thailand,2,0,0,5
"Turkey - Google, 2013 (1st half)",Google,2013,2013 (1st half),Turkey,204,0,0,163
"Turkey - LinkedIn, 2013 (1st half)",LinkedIn,2013,2013 (1st half),Turkey,1,0,0,1
"Turkey - Tumblr, 2013 (1st half)",Tumblr,2013,2013 (1st half),Turkey,0.5,0,0,
"Turkey - Twitter, 2013 (1st half)",Twitter,2013,2013 (1st half),Turkey,5.5,0,0,5.5
"Uganda - Facebook, 2013 (1st half)",Facebook,2013,2013 (1st half),Uganda,1,0,0,1
"United Kingdom - LinkedIn, 2013 (1st half)",LinkedIn,2013,2013 (1st half),United Kingdom,4,0,0,4
"Venezuela - Twitter, 2013 (1st half)",Twitter,2013,2013 (1st half),Venezuela,5.5,0,0,5.5
"Austria - Apple, 2013 (1st half)",Apple,2013,2013 (1st half),Austria,2,1,50,2
"Bahamas - Apple, 2013 (1st half)",Apple,2013,2013 (1st half),Bahamas,1,1,100,1
"Belarus - Microsoft, 2013 (1st half)",Microsoft,2013,2013 (1st half),Belarus,1,1,100,1
"Bosnia and Herzegovina - Facebook, 2013 (1st half)",Facebook,2013,2013 (1st half),Bosnia and Herzegovina,4,1,25,11
"British Virgin Islands - Microsoft, 2013 (1st half)",Microsoft,2013,2013 (1st half),British Virgin Islands,1,1,100,1
"Canada - Tumblr, 2013 (1st half)",Tumblr,2013,2013 (1st half),Canada,5.5,1,18,
"Cyprus - Facebook, 2013 (1st half)",Facebook,2013,2013 (1st half),Cyprus,3,1,33,4
"Czech Republic - Apple, 2013 (1st half)",Apple,2013,2013 (1st half),Czech Republic,2,1,50,2
"Denmark - LinkedIn, 2013 (1st half)",LinkedIn,2013,2013 (1st half),Denmark,1,1,100,1
"French Polynesia - Microsoft, 2013 (1st half)",Microsoft,2013,2013 (1st half),French Polynesia,1,1,100,1
"Hong Kong - Facebook, 2013 (1st half)",Facebook,2013,2013 (1st half),Hong Kong,1,1,100,1
"Iceland - Facebook, 2013 (1st half)",Facebook,2013,2013 (1st half),Iceland,1,1,100,1
"Latvia - Microsoft, 2013 (1st half)",Microsoft,2013,2013 (1st half),Latvia,1,1,100,1
"Lithuania - Facebook, 2013 (1st half)",Facebook,2013,2013 (1st half),Lithuania,6,1,17,7
"Moldova - Microsoft, 2013 (1st half)",Microsoft,2013,2013 (1st half),Moldova,1,1,100,2
"Monaco - Microsoft, 2013 (1st half)",Microsoft,2013,2013 (1st half),Monaco,2,1,50,2
"Nepal - Facebook, 2013 (1st half)",Facebook,2013,2013 (1st half),Nepal,3,1,33,3
"Netherlands - Apple, 2013 (1st half)",Apple,2013,2013 (1st half),Netherlands,4,1,25,4
"New Zealand - Apple, 2013 (1st half)",Apple,2013,2013 (1st half),New Zealand,3,1,33,3
"New Zealand - Tumblr, 2013 (1st half)",Tumblr,2013,2013 (1st half),New Zealand,2,1,50,
"Philippines - Facebook, 2013 (1st half)",Facebook,2013,2013 (1st half),Philippines,4,1,25,4
"Qatar - Microsoft, 2013 (1st half)",Microsoft,2013,2013 (1st half),Qatar,1,1,100,1
"Russia - Apple, 2013 (1st half)",Apple,2013,2013 (1st half),Russia,1,1,100,1
"South Korea - Facebook, 2013 (1st half)",Facebook,2013,2013 (1st half),South Korea,7,1,14,15
"Switzerland - Apple, 2013 (1st half)",Apple,2013,2013 (1st half),Switzerland,6,1,17,6
"Trinidad and Tobago - Microsoft, 2013 (1st half)",Microsoft,2013,2013 (1st half),Trinidad and Tobago,1,1,100,2
"Uruguay - Microsoft, 2013 (1st half)",Microsoft,2013,2013 (1st half),Uruguay,1,1,100,1
"Bulgaria - Microsoft, 2013 (1st half)",Microsoft,2013,2013 (1st half),Bulgaria,2,2,100,4
"Canada - Twitter, 2013 (1st half)",Twitter,2013,2013 (1st half),Canada,12,2,17,13
"Chile - Apple, 2013 (1st half)",Apple,2013,2013 (1st half),Chile,6,2,33,6
"France - Twitter, 2013 (1st half)",Twitter,2013,2013 (1st half),France,18,2,11,35
"Norway - Apple, 2013 (1st half)",Apple,2013,2013 (1st half),Norway,6,2,33,6
"Peru - Facebook, 2013 (1st half)",Facebook,2013,2013 (1st half),Peru,13,2,15,14
"Portugal - Apple, 2013 (1st half)",Apple,2013,2013 (1st half),Portugal,2,2,100,2
"South Korea - Apple, 2013 (1st half)",Apple,2013,2013 (1st half),South Korea,4,2,50,4
"China - Microsoft, 2013 (1st half)",Microsoft,2013,2013 (1st half),China,3,3,100,42
"Estonia - Microsoft, 2013 (1st half)",Microsoft,2013,2013 (1st half),Estonia,3,3,100,6
"Ireland - Apple, 2013 (1st half)",Apple,2013,2013 (1st half),Ireland,5,3,60,5
"Lithuania - Microsoft, 2013 (1st half)",Microsoft,2013,2013 (1st half),Lithuania,6,3,50,20
"Macedonia - Facebook, 2013 (1st half)",Facebook,2013,2013 (1st half),Macedonia,9,3,33,11
"Russia - Microsoft, 2013 (1st half)",Microsoft,2013,2013 (1st half),Russia,3,3,100,6
"Slovenia - Facebook, 2013 (1st half)",Facebook,2013,2013 (1st half),Slovenia,6,3,50,8
"Sweden - Apple, 2013 (1st half)",Apple,2013,2013 (1st half),Sweden,7,3,43,7
"Taiwan - Apple, 2013 (1st half)",Apple,2013,2013 (1st half),Taiwan,4,3,75,4
"United Kingdom - Tumblr, 2013 (1st half)",Tumblr,2013,2013 (1st half),United Kingdom,8,3.5,44,
"Canada - Apple, 2013 (1st half)",Apple,2013,2013 (1st half),Canada,6,4,67,6
"Colombia - Facebook, 2013 (1st half)",Facebook,2013,2013 (1st half),Colombia,27,4,15,41
"Netherlands - Facebook, 2013 (1st half)",Facebook,2013,2013 (1st half),Netherlands,11,4,36,15
"Switzerland - Facebook, 2013 (1st half)",Facebook,2013,2013 (1st half),Switzerland,32,4,13,36
"Ukraine - Microsoft, 2013 (1st half)",Microsoft,2013,2013 (1st half),Ukraine,5,4,80,32
"United Kingdom - Twitter, 2013 (1st half)",Twitter,2013,2013 (1st half),United Kingdom,26,4,15,29
"Albania - Facebook, 2013 (1st half)",Facebook,2013,2013 (1st half),Albania,6,5,83,12
"Belgium - Apple, 2013 (1st half)",Apple,2013,2013 (1st half),Belgium,13,5,38,20
"Iceland - Microsoft, 2013 (1st half)",Microsoft,2013,2013 (1st half),Iceland,6,5,83,7
"Norway - Facebook, 2013 (1st half)",Facebook,2013,2013 (1st half),Norway,16,5,31,16
"United States - Sonic.net, 2013 (1st half)",Sonic.net,2013,2013 (1st half),United States,8.5,5,59,
"Australia - Twitter, 2013 (1st half)",Twitter,2013,2013 (1st half),Australia,5.5,5.5,25,58
"Ecuador - Twitter, 2013 (1st half)",Twitter,2013,2013 (1st half),Ecuador,5.5,5.5,100,5.5
"Germany - Twitter, 2013 (1st half)",Twitter,2013,2013 (1st half),Germany,5.5,5.5,17,5.5
"Ireland - Twitter, 2013 (1st half)",Twitter,2013,2013 (1st half),Ireland,5.5,5.5,100,5.5
"Netherlands - Twitter, 2013 (1st half)",Twitter,2013,2013 (1st half),Netherlands,5.5,5.5,33,5.5
"Austria - Facebook, 2013 (1st half)",Facebook,2013,2013 (1st half),Austria,35,6,17,41
"Czech Republic - Facebook, 2013 (1st half)",Facebook,2013,2013 (1st half),Czech Republic,10,6,60,13
"Denmark - Apple, 2013 (1st half)",Apple,2013,2013 (1st half),Denmark,11,6,55,11
"Denmark - Facebook, 2013 (1st half)",Facebook,2013,2013 (1st half),Denmark,11,6,55,11
"Germany - Apple, 2013 (1st half)",Apple,2013,2013 (1st half),Germany,93,6,6,93
"Austria - Microsoft, 2013 (1st half)",Microsoft,2013,2013 (1st half),Austria,9,7,78,15
"Brazil - Twitter, 2013 (1st half)",Twitter,2013,2013 (1st half),Brazil,22,7,32,44
"Dominican Republic - Microsoft, 2013 (1st half)",Microsoft,2013,2013 (1st half),Dominican Republic,7,7,100,79
"New Zealand - Yahoo, 2013 (1st half)",Yahoo,2013,2013 (1st half),New Zealand,9,7,78,9
"United States - CREDO, 2013 (1st half)",CREDO,2013,2013 (1st half),United States,8,7,88,
"El Salvador - Microsoft, 2013 (1st half)",Microsoft,2013,2013 (1st half),El Salvador,9,9,100,15
"Finland - Facebook, 2013 (1st half)",Facebook,2013,2013 (1st half),Finland,12,9,75,15
"Greece - Microsoft, 2013 (1st half)",Microsoft,2013,2013 (1st half),Greece,10,9,90,64
"Hungary - Facebook, 2013 (1st half)",Facebook,2013,2013 (1st half),Hungary,25,9,36,24
"Panama - Microsoft, 2013 (1st half)",Microsoft,2013,2013 (1st half),Panama,10,9,90,18
"Japan - Apple, 2013 (1st half)",Apple,2013,2013 (1st half),Japan,42,10,24,49
"Romania - Facebook, 2013 (1st half)",Facebook,2013,2013 (1st half),Romania,16,10,63,36
"Sweden - Google, 2013 (1st half)",Google,2013,2013 (1st half),Sweden,36,12,33,71
"Canada - Google, 2013 (1st half)",Google,2013,2013 (1st half),Canada,49,13,27,80
"Singapore - Apple, 2013 (1st half)",Apple,2013,2013 (1st half),Singapore,23,13,57,23
"Japan - Twitter, 2013 (1st half)",Twitter,2013,2013 (1st half),Japan,87,14,16,103
"Slovakia - Microsoft, 2013 (1st half)",Microsoft,2013,2013 (1st half),Slovakia,15,14,93,18
"United States - CloudFlare, 2013 (1st half)",CloudFlare,2013,2013 (1st half),United States,25,14,56,20.5
"Venezuela - Microsoft, 2013 (1st half)",Microsoft,2013,2013 (1st half),Venezuela,15,14,93,28
"Ireland - Yahoo, 2013 (1st half)",Yahoo,2013,2013 (1st half),Ireland,17,15,88,17
"Ecuador - Microsoft, 2013 (1st half)",Microsoft,2013,2013 (1st half),Ecuador,17,17,100,18
"France - Apple, 2013 (1st half)",Apple,2013,2013 (1st half),France,71,17,24,72
"Ireland - Microsoft, 2013 (1st half)",Microsoft,2013,2013 (1st half),Ireland,40,20,50,69
"Poland - Facebook, 2013 (1st half)",Facebook,2013,2013 (1st half),Poland,233,21,9,158
"Italy - Apple, 2013 (1st half)",Apple,2013,2013 (1st half),Italy,60,22,37,76
"Spain - Apple, 2013 (1st half)",Apple,2013,2013 (1st half),Spain,102,22,22,104
"Denmark - Google, 2013 (1st half)",Google,2013,2013 (1st half),Denmark,37,24,65,56
"Hong Kong - Apple, 2013 (1st half)",Apple,2013,2013 (1st half),Hong Kong,32,24,75,33
"Ireland - Facebook, 2013 (1st half)",Facebook,2013,2013 (1st half),Ireland,34,24,71,40
"Malta - Microsoft, 2013 (1st half)",Microsoft,2013,2013 (1st half),Malta,29,24,83,34
"Finland - Microsoft, 2013 (1st half)",Microsoft,2013,2013 (1st half),Finland,29,25,86,48
"Israel - Microsoft, 2013 (1st half)",Microsoft,2013,2013 (1st half),Israel,34,25,74,66
"Czech Republic - Google, 2013 (1st half)",Google,2013,2013 (1st half),Czech Republic,63,26,41,67
"Czech Republic - Microsoft, 2013 (1st half)",Microsoft,2013,2013 (1st half),Czech Republic,34,26,76,62
"Pakistan - Facebook, 2013 (1st half)",Facebook,2013,2013 (1st half),Pakistan,35,27,77,47
"Peru - Microsoft, 2013 (1st half)",Microsoft,2013,2013 (1st half),Peru,29,27,93,77
"Switzerland - Microsoft, 2013 (1st half)",Microsoft,2013,2013 (1st half),Switzerland,43,27,63,80
"Canada - Yahoo, 2013 (1st half)",Yahoo,2013,2013 (1st half),Canada,29,28,97,43
"New Zealand - Microsoft, 2013 (1st half)",Microsoft,2013,2013 (1st half),New Zealand,34,28,82,43
"Mexico - Facebook, 2013 (1st half)",Facebook,2013,2013 (1st half),Mexico,78,29,37,127
"Netherlands - Google, 2013 (1st half)",Google,2013,2013 (1st half),Netherlands,45,29,64,46
"Sweden - Facebook, 2013 (1st half)",Facebook,2013,2013 (1st half),Sweden,54,29,54,66
"Mexico - Google, 2013 (1st half)",Google,2013,2013 (1st half),Mexico,83,32,39,98
"Thailand - Microsoft, 2013 (1st half)",Microsoft,2013,2013 (1st half),Thailand,44,37,84,56
"Israel - Google, 2013 (1st half)",Google,2013,2013 (1st half),Israel,64,38,59,105
"Australia - Apple, 2013 (1st half)",Apple,2013,2013 (1st half),Australia,74,40,54,75
"Poland - Microsoft, 2013 (1st half)",Microsoft,2013,2013 (1st half),Poland,55,40,73,76
"United States - LinkedIn, 2013 (1st half)",LinkedIn,2013,2013 (1st half),United States,70,40,57,84
"Argentina - Facebook, 2013 (1st half)",Facebook,2013,2013 (1st half),Argentina,152,41,27,218
"Costa Rica - Microsoft, 2013 (1st half)",Microsoft,2013,2013 (1st half),Costa Rica,48,43,90,61
"Luxembourg - Microsoft, 2013 (1st half)",Microsoft,2013,2013 (1st half),Luxembourg,55,43,78,121
"Turkey - Facebook, 2013 (1st half)",Facebook,2013,2013 (1st half),Turkey,96,45,47,170
"United Kingdom - Apple, 2013 (1st half)",Apple,2013,2013 (1st half),United Kingdom,127,47,37,141
"Malta - Facebook, 2013 (1st half)",Facebook,2013,2013 (1st half),Malta,89,53,60,97
"Chile - Google, 2013 (1st half)",Google,2013,2013 (1st half),Chile,106,54,51,166
"Argentina - Google, 2013 (1st half)",Google,2013,2013 (1st half),Argentina,114,55,48,132
"Israel - Facebook, 2013 (1st half)",Facebook,2013,2013 (1st half),Israel,113,57,50,132
"Hungary - Microsoft, 2013 (1st half)",Microsoft,2013,2013 (1st half),Hungary,70,58,83,127
"Switzerland - Google, 2013 (1st half)",Google,2013,2013 (1st half),Switzerland,80,58,73,105
"Canada - Microsoft, 2013 (1st half)",Microsoft,2013,2013 (1st half),Canada,69,59,86,200
"Singapore - Microsoft, 2013 (1st half)",Microsoft,2013,2013 (1st half),Singapore,66,60,91,92
"New Zealand - Facebook, 2013 (1st half)",Facebook,2013,2013 (1st half),New Zealand,106,61,58,119
"Norway - Microsoft, 2013 (1st half)",Microsoft,2013,2013 (1st half),Norway,74,62,84,131
"Singapore - Google, 2013 (1st half)",Google,2013,2013 (1st half),Singapore,111,65,59,141
"Greece - Facebook, 2013 (1st half)",Facebook,2013,2013 (1st half),Greece,122,66,54,141
"Portugal - Facebook, 2013 (1st half)",Facebook,2013,2013 (1st half),Portugal,177,74,42,213
"Singapore - Facebook, 2013 (1st half)",Facebook,2013,2013 (1st half),Singapore,107,75,70,117
"Singapore - Yahoo, 2013 (1st half)",Yahoo,2013,2013 (1st half),Singapore,138,75,54,189
"Portugal - Google, 2013 (1st half)",Google,2013,2013 (1st half),Portugal,261,78,30,322
"Canada - Facebook, 2013 (1st half)",Facebook,2013,2013 (1st half),Canada,192,84,44,219
"Colombia - Microsoft, 2013 (1st half)",Microsoft,2013,2013 (1st half),Colombia,97,84,87,170
"Hong Kong - Google, 2013 (1st half)",Google,2013,2013 (1st half),Hong Kong,253,86,34,259
"Denmark - Microsoft, 2013 (1st half)",Microsoft,2013,2013 (1st half),Denmark,107,89,83,256
"Mexico - Yahoo, 2013 (1st half)",Yahoo,2013,2013 (1st half),Mexico,150,96,64,202
"United States - Dropbox, 2013 (1st half)",Dropbox,2013,2013 (1st half),United States,138.5,99,71,286.5
"Belgium - Facebook, 2013 (1st half)",Facebook,2013,2013 (1st half),Belgium,150,105,70,169
"North Korea - Microsoft, 2013 (1st half)",Microsoft,2013,2013 (1st half),North Korea,126,109,87,222
"South Korea - Google, 2013 (1st half)",Google,2013,2013 (1st half),South Korea,357,111,31,1139
"Japan - Google, 2013 (1st half)",Google,2013,2013 (1st half),Japan,194,113,58,266
"Poland - Google, 2013 (1st half)",Google,2013,2013 (1st half),Poland,496,114,23,597
"Argentina - Yahoo, 2013 (1st half)",Yahoo,2013,2013 (1st half),Argentina,186,123,66,210
"Belgium - Google, 2013 (1st half)",Google,2013,2013 (1st half),Belgium,194,128,66,289
"Chile - Facebook, 2013 (1st half)",Facebook,2013,2013 (1st half),Chile,215,146,68,340
"United States - Tumblr, 2013 (1st half)",Tumblr,2013,2013 (1st half),United States,203.5,170.5,84,
"Chile - Microsoft, 2013 (1st half)",Microsoft,2013,2013 (1st half),Chile,204,172,84,292
"Taiwan - Facebook, 2013 (1st half)",Facebook,2013,2013 (1st half),Taiwan,229,192,84,329
"Taiwan - Google, 2013 (1st half)",Google,2013,2013 (1st half),Taiwan,306,202,66,444
"Brazil - Yahoo, 2013 (1st half)",Yahoo,2013,2013 (1st half),Brazil,308,203,66,385
"India - Microsoft, 2013 (1st half)",Microsoft,2013,2013 (1st half),India,278,224,81,413
"Brazil - Facebook, 2013 (1st half)",Facebook,2013,2013 (1st half),Brazil,715,236,33,857
"Spain - Facebook, 2013 (1st half)",Facebook,2013,2013 (1st half),Spain,479,244,51,715
"Sweden - Microsoft, 2013 (1st half)",Microsoft,2013,2013 (1st half),Sweden,281,246,88,825
"Portugal - Microsoft, 2013 (1st half)",Microsoft,2013,2013 (1st half),Portugal,334,273,82,411
"Mexico - Microsoft, 2013 (1st half)",Microsoft,2013,2013 (1st half),Mexico,340,289,85,770
"Australia - Yahoo, 2013 (1st half)",Yahoo,2013,2013 (1st half),Australia,704,316,45,799
"Netherlands - Microsoft, 2013 (1st half)",Microsoft,2013,2013 (1st half),Netherlands,411,321,78,714
"Italy - Google, 2013 (1st half)",Google,2013,2013 (1st half),Italy,901,342,38,1222
"Australia - Facebook, 2013 (1st half)",Facebook,2013,2013 (1st half),Australia,546,349,64,601
"Spain - Google, 2013 (1st half)",Google,2013,2013 (1st half),Spain,647,356,55,954
"Argentina - Microsoft, 2013 (1st half)",Microsoft,2013,2013 (1st half),Argentina,455,371,82,675
"Japan - Microsoft, 2013 (1st half)",Microsoft,2013,2013 (1st half),Japan,476,377,79,574
"Belgium - Microsoft, 2013 (1st half)",Microsoft,2013,2013 (1st half),Belgium,500,406,81,784
"Australia - Google, 2013 (1st half)",Google,2013,2013 (1st half),Australia,645,413,64,807
"Spain - Yahoo, 2013 (1st half)",Yahoo,2013,2013 (1st half),Spain,718,500,70,958
"United States - Apple, 2013 (1st half)",Apple,2013,2013 (1st half),United States,1500,500,,2500
"Hong Kong - Microsoft, 2013 (1st half)",Microsoft,2013,2013 (1st half),Hong Kong,597,501,84,597
"Hong Kong - Yahoo, 2013 (1st half)",Yahoo,2013,2013 (1st half),Hong Kong,839,532,63,839
"France - Facebook, 2013 (1st half)",Facebook,2013,2013 (1st half),France,1547,603,39,1598
"United States - Twitter, 2013 (1st half)",Twitter,2013,2013 (1st half),United States,902,604,67,1319
"Italy - Microsoft, 2013 (1st half)",Microsoft,2013,2013 (1st half),Italy,852,666,78,1172
"Taiwan - Microsoft, 2013 (1st half)",Microsoft,2013,2013 (1st half),Taiwan,802,686,86,1516
"Germany - Facebook, 2013 (1st half)",Facebook,2013,2013 (1st half),Germany,1886,698,37,2068
"Spain - Microsoft, 2013 (1st half)",Microsoft,2013,2013 (1st half),Spain,927,735,79,1478
"Brazil - Google, 2013 (1st half)",Google,2013,2013 (1st half),Brazil,1239,805,65,1515
"India - Yahoo, 2013 (1st half)",Yahoo,2013,2013 (1st half),India,1490,835,56,2704
"Brazil - Microsoft, 2013 (1st half)",Microsoft,2013,2013 (1st half),Brazil,1098,842,77,2019
"United Kingdom - Google, 2013 (1st half)",Google,2013,2013 (1st half),United Kingdom,1274,854,67,1818
"Italy - Facebook, 2013 (1st half)",Facebook,2013,2013 (1st half),Italy,1705,904,53,2306
"France - Google, 2013 (1st half)",Google,2013,2013 (1st half),France,2011,985,49,2481
"Australia - Microsoft, 2013 (1st half)",Microsoft,2013,2013 (1st half),Australia,1219,1050,86,1462
"United Kingdom - Yahoo, 2013 (1st half)",Yahoo,2013,2013 (1st half),United Kingdom,1709,1107,65,2832
"Germany - Google, 2013 (1st half)",Google,2013,2013 (1st half),Germany,2311,1109,48,3079
"France - Yahoo, 2013 (1st half)",Yahoo,2013,2013 (1st half),France,1855,1324,71,2373
"United Kingdom - Facebook, 2013 (1st half)",Facebook,2013,2013 (1st half),United Kingdom,1975,1343,68,2337
"India - Facebook, 2013 (1st half)",Facebook,2013,2013 (1st half),India,3245,1623,50,4144
"India - Google, 2013 (1st half)",Google,2013,2013 (1st half),India,2691,1722,64,4161
"Italy - Yahoo, 2013 (1st half)",Yahoo,2013,2013 (1st half),Italy,2637,1774,67,2937
"Taiwan - Yahoo, 2013 (1st half)",Yahoo,2013,2013 (1st half),Taiwan,1942,1787,92,2650
"Germany - Yahoo, 2013 (1st half)",Yahoo,2013,2013 (1st half),Germany,4295,3039,71,5306
"United Kingdom - Microsoft, 2013 (1st half)",Microsoft,2013,2013 (1st half),United Kingdom,4404,3443,78,6723
"France - Microsoft, 2013 (1st half)",Microsoft,2013,2013 (1st half),France,4379,3599,82,7926
"Germany - Microsoft, 2013 (1st half)",Microsoft,2013,2013 (1st half),Germany,5185,4318,83,9670
"Turkey - Microsoft, 2013 (1st half)",Microsoft,2013,2013 (1st half),Turkey,6226,4674,75,7333
"United States - Microsoft, 2013 (1st half)",Microsoft,2013,2013 (1st half),United States,7014,5318,76,18809
"United States - Google, 2013 (1st half)",Google,2013,2013 (1st half),United States,10918,9004,82,21683
"United States - Facebook, 2013 (1st half)",Facebook,2013,2013 (1st half),United States,11500,9085,79,20500
"United States - Yahoo, 2013 (1st half)",Yahoo,2013,2013 (1st half),United States,12444,11402,92,40322
"Australia - Verizon, 2013 (1st half)",Verizon,2013,2013 (1st half),Australia,14.5,,,
"Austria - Verizon, 2013 (1st half)",Verizon,2013,2013 (1st half),Austria,4,,,
"Belgium - Verizon, 2013 (1st half)",Verizon,2013,2013 (1st half),Belgium,236.5,,,
"France - Verizon, 2013 (1st half)",Verizon,2013,2013 (1st half),France,673.5,,,
"Germany - LeaseWeb, 2013 (1st half)",LeaseWeb,2013,2013 (1st half),Germany,130,,,
"Germany - Verizon, 2013 (1st half)",Verizon,2013,2013 (1st half),Germany,1498,,,
"Italy - Verizon, 2013 (1st half)",Verizon,2013,2013 (1st half),Italy,6.5,,,
"Japan - Verizon, 2013 (1st half)",Verizon,2013,2013 (1st half),Japan,7,,,
"Netherlands - LeaseWeb, 2013 (1st half)",LeaseWeb,2013,2013 (1st half),Netherlands,57,,,
"Netherlands - Verizon, 2013 (1st half)",Verizon,2013,2013 (1st half),Netherlands,32.5,,,
"Switzerland - Verizon, 2013 (1st half)",Verizon,2013,2013 (1st half),Switzerland,30,,,
"Taiwan - Verizon, 2013 (1st half)",Verizon,2013,2013 (1st half),Taiwan,0.5,,,
"United Kingdom - Verizon, 2013 (1st half)",Verizon,2013,2013 (1st half),United Kingdom,193,,,
"United States - AT&T, 2013 (1st half)",AT&T,2013,2013 (1st half),United States,150908,,,
"United States - Comcast, 2013 (1st half)",Comcast,2013,2013 (1st half),United States,12829.5,,,
"United States - LeaseWeb, 2013 (1st half)",LeaseWeb,2013,2013 (1st half),United States,4,,,
"United States - Verizon, 2013 (1st half)",Verizon,2013,2013 (1st half),United States,160772.5,,,
"Argentina - LinkedIn, 2013 (2nd half)",LinkedIn,2013,2013 (2nd half),Argentina,1,0,0,1
"Argentina - Twitter, 2013 (2nd half)",Twitter,2013,2013 (2nd half),Argentina,5.5,0,0,5.5
"Armenia - Facebook, 2013 (2nd half)",Facebook,2013,2013 (2nd half),Armenia,1,0,0,1
"Australia - Tumblr, 2013 (2nd half)",Tumblr,2013,2013 (2nd half),Australia,5.5,0,0,
"Bahrain - Facebook, 2013 (2nd half)",Facebook,2013,2013 (2nd half),Bahrain,1,0,0,1
"Belarus - Microsoft, 2013 (2nd half)",Microsoft,2013,2013 (2nd half),Belarus,2,0,0,2
"Bhutan - Facebook, 2013 (2nd half)",Facebook,2013,2013 (2nd half),Bhutan,1,0,0,1
"Botswana - Facebook, 2013 (2nd half)",Facebook,2013,2013 (2nd half),Botswana,1,0,0,1
"Brazil - LinkedIn, 2013 (2nd half)",LinkedIn,2013,2013 (2nd half),Brazil,1,0,0,1
"Brazil - Tumblr, 2013 (2nd half)",Tumblr,2013,2013 (2nd half),Brazil,1,0,0,
"Brazil - Wordpress, 2013 (2nd half)",Wordpress,2013,2013 (2nd half),Brazil,1,0,0,
"Bulgaria - Google, 2013 (2nd half)",Google,2013,2013 (2nd half),Bulgaria,1,0,0,3
"Cambodia - Facebook, 2013 (2nd half)",Facebook,2013,2013 (2nd half),Cambodia,1,0,0,1
"Canada - Wordpress, 2013 (2nd half)",Wordpress,2013,2013 (2nd half),Canada,1,0,0,
"Chile - Tumblr, 2013 (2nd half)",Tumblr,2013,2013 (2nd half),Chile,1,0,0,
"Chile - Twitter, 2013 (2nd half)",Twitter,2013,2013 (2nd half),Chile,5.5,0,0,5.5
"China - Google, 2013 (2nd half)",Google,2013,2013 (2nd half),China,1,0,0,5
"Colombia - Google, 2013 (2nd half)",Google,2013,2013 (2nd half),Colombia,14,0,0,17
"Colombia - Twitter, 2013 (2nd half)",Twitter,2013,2013 (2nd half),Colombia,5.5,0,0,5.5
"Costa Rica - Google, 2013 (2nd half)",Google,2013,2013 (2nd half),Costa Rica,1,0,0,1
"Croatia - Google, 2013 (2nd half)",Google,2013,2013 (2nd half),Croatia,3,0,0,6
"Ecuador - Facebook, 2013 (2nd half)",Facebook,2013,2013 (2nd half),Ecuador,2,0,0,1
"Ecuador - Google, 2013 (2nd half)",Google,2013,2013 (2nd half),Ecuador,3,0,0,4
"Egypt - Facebook, 2013 (2nd half)",Facebook,2013,2013 (2nd half),Egypt,6,0,0,6
"France - LinkedIn, 2013 (2nd half)",LinkedIn,2013,2013 (2nd half),France,3,0,0,3
"France - Tumblr, 2013 (2nd half)",Tumblr,2013,2013 (2nd half),France,0.5,0,0,
"France - Wordpress, 2013 (2nd half)",Wordpress,2013,2013 (2nd half),France,1,0,0,
"Georgia - Google, 2013 (2nd half)",Google,2013,2013 (2nd half),Georgia,2,0,0,4
"Germany - Tumblr, 2013 (2nd half)",Tumblr,2013,2013 (2nd half),Germany,2.5,0,0,
"Germany - Wordpress, 2013 (2nd half)",Wordpress,2013,2013 (2nd half),Germany,2,0,0,
"Greece - LinkedIn, 2013 (2nd half)",LinkedIn,2013,2013 (2nd half),Greece,1,0,0,1
"Greece - Tumblr, 2013 (2nd half)",Tumblr,2013,2013 (2nd half),Greece,0.5,0,0,
"Greenland - Facebook, 2013 (2nd half)",Facebook,2013,2013 (2nd half),Greenland,2,0,0,2
"Hungary - Google, 2013 (2nd half)",Google,2013,2013 (2nd half),Hungary,42,0,0,42
"India - LinkedIn, 2013 (2nd half)",LinkedIn,2013,2013 (2nd half),India,2,0,0,4
"India - Wordpress, 2013 (2nd half)",Wordpress,2013,2013 (2nd half),India,5,0,0,
"Indonesia - Twitter, 2013 (2nd half)",Twitter,2013,2013 (2nd half),Indonesia,5.5,0,0,5.5
"Ireland - LinkedIn, 2013 (2nd half)",LinkedIn,2013,2013 (2nd half),Ireland,1,0,0,3
"Italy - Twitter, 2013 (2nd half)",Twitter,2013,2013 (2nd half),Italy,19,0,0,19
"Italy - Wordpress, 2013 (2nd half)",Wordpress,2013,2013 (2nd half),Italy,1,0,0,
"Ivory Coast - Google, 2013 (2nd half)",Google,2013,2013 (2nd half),Ivory Coast,2,0,0,2
"Kazakhstan - Facebook, 2013 (2nd half)",Facebook,2013,2013 (2nd half),Kazakhstan,2,0,0,2
"Kuwait - Facebook, 2013 (2nd half)",Facebook,2013,2013 (2nd half),Kuwait,4,0,0,3
"Kuwait - Twitter, 2013 (2nd half)",Twitter,2013,2013 (2nd half),Kuwait,5.5,0,0,5.5
"Latvia - Microsoft, 2013 (2nd half)",Microsoft,2013,2013 (2nd half),Latvia,1,0,0,1
"Latvia - Wordpress, 2013 (2nd half)",Wordpress,2013,2013 (2nd half),Latvia,1,0,0,
"Lebanon - Facebook, 2013 (2nd half)",Facebook,2013,2013 (2nd half),Lebanon,12,0,0,12
"Lebanon - Google, 2013 (2nd half)",Google,2013,2013 (2nd half),Lebanon,3,0,0,4
"Liechtenstein - Google, 2013 (2nd half)",Google,2013,2013 (2nd half),Liechtenstein,1,0,0,1
"Luxembourg - Facebook, 2013 (2nd half)",Facebook,2013,2013 (2nd half),Luxembourg,2,0,0,5
"Macau - Facebook, 2013 (2nd half)",Facebook,2013,2013 (2nd half),Macau,1,0,0,1
"Macau - Google, 2013 (2nd half)",Google,2013,2013 (2nd half),Macau,3,0,0,5
"Malaysia - Google, 2013 (2nd half)",Google,2013,2013 (2nd half),Malaysia,2,0,0,2
"Malaysia - Twitter, 2013 (2nd half)",Twitter,2013,2013 (2nd half),Malaysia,5.5,0,0,5.5
"Maldives - Twitter, 2013 (2nd half)",Twitter,2013,2013 (2nd half),Maldives,5.5,0,0,5.5
"Malta - LinkedIn, 2013 (2nd half)",LinkedIn,2013,2013 (2nd half),Malta,1,0,0,1
"Mauritius - Google, 2013 (2nd half)",Google,2013,2013 (2nd half),Mauritius,1,0,0,1
"Mexico - Twitter, 2013 (2nd half)",Twitter,2013,2013 (2nd half),Mexico,5.5,0,0,5.5
"Monaco - Microsoft, 2013 (2nd half)",Microsoft,2013,2013 (2nd half),Monaco,1,0,0,1
"Nepal - Facebook, 2013 (2nd half)",Facebook,2013,2013 (2nd half),Nepal,2,0,0,3
"New Zealand - Twitter, 2013 (2nd half)",Twitter,2013,2013 (2nd half),New Zealand,5.5,0,0,5.5
"Nigeria - Google, 2013 (2nd half)",Google,2013,2013 (2nd half),Nigeria,2,0,0,2
"Oman - Facebook, 2013 (2nd half)",Facebook,2013,2013 (2nd half),Oman,3,0,0,3
"Oman - Twitter, 2013 (2nd half)",Twitter,2013,2013 (2nd half),Oman,5.5,0,0,5.5
"Pakistan - Google, 2013 (2nd half)",Google,2013,2013 (2nd half),Pakistan,3,0,0,3
"Pakistan - Twitter, 2013 (2nd half)",Twitter,2013,2013 (2nd half),Pakistan,5.5,0,0,5.5
"Pakistan - Wordpress, 2013 (2nd half)",Wordpress,2013,2013 (2nd half),Pakistan,1,0,0,
"Palestinian Authority - Facebook, 2013 (2nd half)",Facebook,2013,2013 (2nd half),Palestinian Authority,4,0,0,4
"Peru - Facebook, 2013 (2nd half)",Facebook,2013,2013 (2nd half),Peru,2,0,0,5
"Peru - Google, 2013 (2nd half)",Google,2013,2013 (2nd half),Peru,2,0,0,4
"Portugal - LinkedIn, 2013 (2nd half)",LinkedIn,2013,2013 (2nd half),Portugal,1,0,0,1
"Portugal - Wordpress, 2013 (2nd half)",Wordpress,2013,2013 (2nd half),Portugal,1,0,0,
"Qatar - Facebook, 2013 (2nd half)",Facebook,2013,2013 (2nd half),Qatar,3,0,0,5
"Qatar - Microsoft, 2013 (2nd half)",Microsoft,2013,2013 (2nd half),Qatar,1,0,0,1
"Qatar - Twitter, 2013 (2nd half)",Twitter,2013,2013 (2nd half),Qatar,5.5,0,0,5.5
"Russia - Facebook, 2013 (2nd half)",Facebook,2013,2013 (2nd half),Russia,1,0,0,1
"Russia - Microsoft, 2013 (2nd half)",Microsoft,2013,2013 (2nd half),Russia,4,0,0,3
"Singapore - Twitter, 2013 (2nd half)",Twitter,2013,2013 (2nd half),Singapore,5.5,0,0,5.5
"Slovenia - Google, 2013 (2nd half)",Google,2013,2013 (2nd half),Slovenia,1,0,0,1
"Slovenia - Microsoft, 2013 (2nd half)",Microsoft,2013,2013 (2nd half),Slovenia,2,0,0,1
"Slovenia - Tumblr, 2013 (2nd half)",Tumblr,2013,2013 (2nd half),Slovenia,0.5,0,0,
"South Africa - Facebook, 2013 (2nd half)",Facebook,2013,2013 (2nd half),South Africa,3,0,0,4
"South Africa - Google, 2013 (2nd half)",Google,2013,2013 (2nd half),South Africa,2,0,0,2
"South Africa - Microsoft, 2013 (2nd half)",Microsoft,2013,2013 (2nd half),South Africa,3,0,0,3
"South Korea - Facebook, 2013 (2nd half)",Facebook,2013,2013 (2nd half),South Korea,1,0,0,1
"Spain - LinkedIn, 2013 (2nd half)",LinkedIn,2013,2013 (2nd half),Spain,2,0,0,2
"Spain - Twitter, 2013 (2nd half)",Twitter,2013,2013 (2nd half),Spain,13,0,0,26
"Sri Lanka - Facebook, 2013 (2nd half)",Facebook,2013,2013 (2nd half),Sri Lanka,1,0,0,3
"Sudan - Facebook, 2013 (2nd half)",Facebook,2013,2013 (2nd half),Sudan,4,0,0,4
"Sweden - Wordpress, 2013 (2nd half)",Wordpress,2013,2013 (2nd half),Sweden,1,0,0,
"Thailand - Facebook, 2013 (2nd half)",Facebook,2013,2013 (2nd half),Thailand,2,0,0,2
"Thailand - Google, 2013 (2nd half)",Google,2013,2013 (2nd half),Thailand,14,0,0,19
"Trinidad and Tobago - Google, 2013 (2nd half)",Google,2013,2013 (2nd half),Trinidad and Tobago,1,0,0,5
"Turkey - Tumblr, 2013 (2nd half)",Tumblr,2013,2013 (2nd half),Turkey,0.5,0,0,
"Turkey - Twitter, 2013 (2nd half)",Twitter,2013,2013 (2nd half),Turkey,5.5,0,0,5.5
"Uganda - Facebook, 2013 (2nd half)",Facebook,2013,2013 (2nd half),Uganda,1,0,0,1
"Ukraine - Google, 2013 (2nd half)",Google,2013,2013 (2nd half),Ukraine,1,0,0,1
"United Arab Emirates - Facebook, 2013 (2nd half)",Facebook,2013,2013 (2nd half),United Arab Emirates,2,0,0,2
"United Arab Emirates - Google, 2013 (2nd half)",Google,2013,2013 (2nd half),United Arab Emirates,2,0,0,2
"United Arab Emirates - Twitter, 2013 (2nd half)",Twitter,2013,2013 (2nd half),United Arab Emirates,5.5,0,0,5.5
"United Kingdom - LinkedIn, 2013 (2nd half)",LinkedIn,2013,2013 (2nd half),United Kingdom,3,0,0,3
"United Kingdom - Wordpress, 2013 (2nd half)",Wordpress,2013,2013 (2nd half),United Kingdom,1,0,0,
"Uruguay - Facebook, 2013 (2nd half)",Facebook,2013,2013 (2nd half),Uruguay,1,0,0,1
"Vatican City - Google, 2013 (2nd half)",Google,2013,2013 (2nd half),Vatican City,1,0,0,1
"Georgia - Facebook, 2013 (2nd half)",Facebook,2013,2013 (2nd half),Georgia,3,1,33,3
"Costa Rica - Facebook, 2013 (2nd half)",Facebook,2013,2013 (2nd half),Costa Rica,9,1,11,14
"Bulgaria - Facebook, 2013 (2nd half)",Facebook,2013,2013 (2nd half),Bulgaria,2,1,50,2
"Canada - Tumblr, 2013 (2nd half)",Tumblr,2013,2013 (2nd half),Canada,5.5,1,18,
"Egypt - Microsoft, 2013 (2nd half)",Microsoft,2013,2013 (2nd half),Egypt,1,1,100,1
"Estonia - Google, 2013 (2nd half)",Google,2013,2013 (2nd half),Estonia,2,1,50,4
"Iceland - Microsoft, 2013 (2nd half)",Microsoft,2013,2013 (2nd half),Iceland,1,1,100,1
"Ivory Coast - Facebook, 2013 (2nd half)",Facebook,2013,2013 (2nd half),Ivory Coast,1,1,100,1
"Kosovo - Facebook, 2013 (2nd half)",Facebook,2013,2013 (2nd half),Kosovo,1,1,100,2
"Liechtenstein - Microsoft, 2013 (2nd half)",Microsoft,2013,2013 (2nd half),Liechtenstein,1,1,100,1
"New Zealand - Tumblr, 2013 (2nd half)",Tumblr,2013,2013 (2nd half),New Zealand,2,1,50,
"Paraguay - Microsoft, 2013 (2nd half)",Microsoft,2013,2013 (2nd half),Paraguay,1,1,100,2
"Serbia - Facebook, 2013 (2nd half)",Facebook,2013,2013 (2nd half),Serbia,1,1,100,2
"Sierra Leone - Microsoft, 2013 (2nd half)",Microsoft,2013,2013 (2nd half),Sierra Leone,1,1,100,1
"Trinidad and Tobago - Microsoft, 2013 (2nd half)",Microsoft,2013,2013 (2nd half),Trinidad and Tobago,1,1,100,2
"Turkey - Google, 2013 (2nd half)",Google,2013,2013 (2nd half),Turkey,133,1,1,182
"Norway - Facebook, 2013 (2nd half)",Facebook,2013,2013 (2nd half),Norway,15,2,13,14
"Estonia - Facebook, 2013 (2nd half)",Facebook,2013,2013 (2nd half),Estonia,6,2,33,7
"Bosnia and Herzegovina - Facebook, 2013 (2nd half)",Facebook,2013,2013 (2nd half),Bosnia and Herzegovina,4,2,50,5
"Croatia - Microsoft, 2013 (2nd half)",Microsoft,2013,2013 (2nd half),Croatia,2,2,100,2
"Greece - Google, 2013 (2nd half)",Google,2013,2013 (2nd half),Greece,13,2,15,29
"Philippines - Facebook, 2013 (2nd half)",Facebook,2013,2013 (2nd half),Philippines,4,2,50,7
"Slovenia - Facebook, 2013 (2nd half)",Facebook,2013,2013 (2nd half),Slovenia,3,2,67,3
"Bulgaria - Microsoft, 2013 (2nd half)",Microsoft,2013,2013 (2nd half),Bulgaria,3,3,100,4
"China - Microsoft, 2013 (2nd half)",Microsoft,2013,2013 (2nd half),China,4,3,75,25
"Cyprus - Facebook, 2013 (2nd half)",Facebook,2013,2013 (2nd half),Cyprus,3,3,100,3
"El Salvador - Microsoft, 2013 (2nd half)",Microsoft,2013,2013 (2nd half),El Salvador,3,3,100,5
"Malaysia - Facebook, 2013 (2nd half)",Facebook,2013,2013 (2nd half),Malaysia,16,3,19,24
"New Zealand - Yahoo, 2013 (2nd half)",Yahoo,2013,2013 (2nd half),New Zealand,7,3,43,7
"Russia - Google, 2013 (2nd half)",Google,2013,2013 (2nd half),Russia,90,3,3,202
"Croatia - Facebook, 2013 (2nd half)",Facebook,2013,2013 (2nd half),Croatia,7,3,43,14
"United Kingdom - Tumblr, 2013 (2nd half)",Tumblr,2013,2013 (2nd half),United Kingdom,8,3.5,44,
"Denmark - Facebook, 2013 (2nd half)",Facebook,2013,2013 (2nd half),Denmark,12,4,33,11
"Lithuania - Facebook, 2013 (2nd half)",Facebook,2013,2013 (2nd half),Lithuania,9,4,44,10
"Dominican Republic - Microsoft, 2013 (2nd half)",Microsoft,2013,2013 (2nd half),Dominican Republic,4,4,100,47
"French Polynesia - Microsoft, 2013 (2nd half)",Microsoft,2013,2013 (2nd half),French Polynesia,6,4,67,6
"Ireland - Google, 2013 (2nd half)",Google,2013,2013 (2nd half),Ireland,15,4,27,51
"Lithuania - Microsoft, 2013 (2nd half)",Microsoft,2013,2013 (2nd half),Lithuania,6,4,67,11
"Ukraine - Microsoft, 2013 (2nd half)",Microsoft,2013,2013 (2nd half),Ukraine,6,4,67,24
"Colombia - Facebook, 2013 (2nd half)",Facebook,2013,2013 (2nd half),Colombia,21,4,19,27
"Austria - Facebook, 2013 (2nd half)",Facebook,2013,2013 (2nd half),Austria,28,4,14,32
"Romania - Facebook, 2013 (2nd half)",Facebook,2013,2013 (2nd half),Romania,11,5,45,20
"Albania - Facebook, 2013 (2nd half)",Facebook,2013,2013 (2nd half),Albania,6,5,83,9
"Macedonia - Facebook, 2013 (2nd half)",Facebook,2013,2013 (2nd half),Macedonia,6,5,83,14
"Kenya - Google, 2013 (2nd half)",Google,2013,2013 (2nd half),Kenya,8,5,63,11
"Slovakia - Google, 2013 (2nd half)",Google,2013,2013 (2nd half),Slovakia,34,5,15,37
"Sweden - Google, 2013 (2nd half)",Google,2013,2013 (2nd half),Sweden,18,5,28,19
"United States - Sonic.net, 2013 (2nd half)",Sonic.net,2013,2013 (2nd half),United States,8.5,5,59,
"Australia - Twitter, 2013 (2nd half)",Twitter,2013,2013 (2nd half),Australia,5.5,5.5,20,5.5
"Belgium - Twitter, 2013 (2nd half)",Twitter,2013,2013 (2nd half),Belgium,5.5,5.5,50,5.5
"Germany - Twitter, 2013 (2nd half)",Twitter,2013,2013 (2nd half),Germany,5.5,5.5,33,5.5
"Greece - Twitter, 2013 (2nd half)",Twitter,2013,2013 (2nd half),Greece,5.5,5.5,11,5.5
"Lebanon - Twitter, 2013 (2nd half)",Twitter,2013,2013 (2nd half),Lebanon,5.5,5.5,67,5.5
"Netherlands - Twitter, 2013 (2nd half)",Twitter,2013,2013 (2nd half),Netherlands,5.5,5.5,56,14
"Norway - Twitter, 2013 (2nd half)",Twitter,2013,2013 (2nd half),Norway,5.5,5.5,100,5.5
"Saudi Arabia - Twitter, 2013 (2nd half)",Twitter,2013,2013 (2nd half),Saudi Arabia,100,5.5,5,12
"Austria - Google, 2013 (2nd half)",Google,2013,2013 (2nd half),Austria,23,6,26,114
"Brazil - Twitter, 2013 (2nd half)",Twitter,2013,2013 (2nd half),Brazil,20,6,30,55
"Greece - Microsoft, 2013 (2nd half)",Microsoft,2013,2013 (2nd half),Greece,8,6,75,9
"India - Twitter, 2013 (2nd half)",Twitter,2013,2013 (2nd half),India,19,6,32,27
"Switzerland - Facebook, 2013 (2nd half)",Facebook,2013,2013 (2nd half),Switzerland,34,6,18,43
"Canada - Yahoo, 2013 (2nd half)",Yahoo,2013,2013 (2nd half),Canada,9,7,78,22
"Lithuania - Google, 2013 (2nd half)",Google,2013,2013 (2nd half),Lithuania,11,7,64,18
"United States - CREDO, 2013 (2nd half)",CREDO,2013,2013 (2nd half),United States,8,7,88,
"Finland - Facebook, 2013 (2nd half)",Facebook,2013,2013 (2nd half),Finland,11,7,64,12
"Austria - Microsoft, 2013 (2nd half)",Microsoft,2013,2013 (2nd half),Austria,15,8,53,109
"Israel - Microsoft, 2013 (2nd half)",Microsoft,2013,2013 (2nd half),Israel,15,8,53,21
"New Zealand - Google, 2013 (2nd half)",Google,2013,2013 (2nd half),New Zealand,14,8,57,17
"Netherlands - Facebook, 2013 (2nd half)",Facebook,2013,2013 (2nd half),Netherlands,23,8,36,28
"Estonia - Microsoft, 2013 (2nd half)",Microsoft,2013,2013 (2nd half),Estonia,13,9,69,18
"Romania - Google, 2013 (2nd half)",Google,2013,2013 (2nd half),Romania,16,9,56,33
"Canada - Twitter, 2013 (2nd half)",Twitter,2013,2013 (2nd half),Canada,18,10,56,19
"Czech Republic - Facebook, 2013 (2nd half)",Facebook,2013,2013 (2nd half),Czech Republic,14,11,79,19
"United States - Pinterest, 2013 (2nd half)",Pinterest,2013,2013 (2nd half),United States,12,11,92,13
"Venezuela - Microsoft, 2013 (2nd half)",Microsoft,2013,2013 (2nd half),Venezuela,11,11,100,44
"Hungary - Facebook, 2013 (2nd half)",Facebook,2013,2013 (2nd half),Hungary,38,11,29,51
"Finland - Google, 2013 (2nd half)",Google,2013,2013 (2nd half),Finland,13,12,92,48
"Ireland - Yahoo, 2013 (2nd half)",Yahoo,2013,2013 (2nd half),Ireland,30,12,40,30
"United States - Wordpress, 2013 (2nd half)",Wordpress,2013,2013 (2nd half),United States,20,12,60,
"Canada - Google, 2013 (2nd half)",Google,2013,2013 (2nd half),Canada,52,13,25,75
"France - Twitter, 2013 (2nd half)",Twitter,2013,2013 (2nd half),France,57,13,23,102
"Slovakia - Microsoft, 2013 (2nd half)",Microsoft,2013,2013 (2nd half),Slovakia,16,14,88,18
"United States - CloudFlare, 2013 (2nd half)",CloudFlare,2013,2013 (2nd half),United States,25,14,56,20.5
"Panama - Microsoft, 2013 (2nd half)",Microsoft,2013,2013 (2nd half),Panama,15,15,100,18
"Malta - Microsoft, 2013 (2nd half)",Microsoft,2013,2013 (2nd half),Malta,21,19,90,24
"Ecuador - Microsoft, 2013 (2nd half)",Microsoft,2013,2013 (2nd half),Ecuador,26,22,85,37
"Hong Kong - Facebook, 2013 (2nd half)",Facebook,2013,2013 (2nd half),Hong Kong,25,22,88,326
"Ireland - Facebook, 2013 (2nd half)",Facebook,2013,2013 (2nd half),Ireland,35,22,63,36
"United Kingdom - Twitter, 2013 (2nd half)",Twitter,2013,2013 (2nd half),United Kingdom,56,24,43,117
"Norway - Google, 2013 (2nd half)",Google,2013,2013 (2nd half),Norway,37,27,73,51
"Israel - Google, 2013 (2nd half)",Google,2013,2013 (2nd half),Israel,43,28,65,68
"Czech Republic - Google, 2013 (2nd half)",Google,2013,2013 (2nd half),Czech Republic,74,29,39,88
"New Zealand - Microsoft, 2013 (2nd half)",Microsoft,2013,2013 (2nd half),New Zealand,36,30,83,37
"Poland - Facebook, 2013 (2nd half)",Facebook,2013,2013 (2nd half),Poland,220,34,15,192
"Finland - Microsoft, 2013 (2nd half)",Microsoft,2013,2013 (2nd half),Finland,47,34,72,79
"United States - LinkedIn, 2013 (2nd half)",LinkedIn,2013,2013 (2nd half),United States,56,34,61,90
"Denmark - Google, 2013 (2nd half)",Google,2013,2013 (2nd half),Denmark,58,36,62,65
"Luxembourg - Microsoft, 2013 (2nd half)",Microsoft,2013,2013 (2nd half),Luxembourg,47,36,77,91
"Peru - Microsoft, 2013 (2nd half)",Microsoft,2013,2013 (2nd half),Peru,37,36,97,130
"Canada - Microsoft, 2013 (2nd half)",Microsoft,2013,2013 (2nd half),Canada,47,37,79,121
"Portugal - Facebook, 2013 (2nd half)",Facebook,2013,2013 (2nd half),Portugal,148,37,25,175
"Czech Republic - Microsoft, 2013 (2nd half)",Microsoft,2013,2013 (2nd half),Czech Republic,44,40,91,79
"Netherlands - Google, 2013 (2nd half)",Google,2013,2013 (2nd half),Netherlands,53,40,75,63
"Poland - Microsoft, 2013 (2nd half)",Microsoft,2013,2013 (2nd half),Poland,52,44,85,100
"Switzerland - Microsoft, 2013 (2nd half)",Microsoft,2013,2013 (2nd half),Switzerland,72,44,61,162
"Ireland - Microsoft, 2013 (2nd half)",Microsoft,2013,2013 (2nd half),Ireland,58,45,78,81
"Malta - Google, 2013 (2nd half)",Google,2013,2013 (2nd half),Malta,54,45,83,60
"Hungary - Microsoft, 2013 (2nd half)",Microsoft,2013,2013 (2nd half),Hungary,56,47,84,68
"Sweden - Facebook, 2013 (2nd half)",Facebook,2013,2013 (2nd half),Sweden,89,47,53,109
"Japan - Twitter, 2013 (2nd half)",Twitter,2013,2013 (2nd half),Japan,213,49,23,253
"Malta - Facebook, 2013 (2nd half)",Facebook,2013,2013 (2nd half),Malta,81,50,62,127
"Argentina - Facebook, 2013 (2nd half)",Facebook,2013,2013 (2nd half),Argentina,278,51,18,414
"Costa Rica - Microsoft, 2013 (2nd half)",Microsoft,2013,2013 (2nd half),Costa Rica,66,52,79,78
"Mexico - Google, 2013 (2nd half)",Google,2013,2013 (2nd half),Mexico,81,52,64,120
"Denmark - Microsoft, 2013 (2nd half)",Microsoft,2013,2013 (2nd half),Denmark,70,53,76,83
"New Zealand - Facebook, 2013 (2nd half)",Facebook,2013,2013 (2nd half),New Zealand,80,56,70,104
"Greece - Facebook, 2013 (2nd half)",Facebook,2013,2013 (2nd half),Greece,115,58,50,148
"Pakistan - Facebook, 2013 (2nd half)",Facebook,2013,2013 (2nd half),Pakistan,126,60,48,163
"Singapore - Yahoo, 2013 (2nd half)",Yahoo,2013,2013 (2nd half),Singapore,126,61,48,196
"Argentina - Google, 2013 (2nd half)",Google,2013,2013 (2nd half),Argentina,123,63,51,264
"Chile - Google, 2013 (2nd half)",Google,2013,2013 (2nd half),Chile,141,63,45,199
"Israel - Facebook, 2013 (2nd half)",Facebook,2013,2013 (2nd half),Israel,129,66,51,140
"Japan - Google, 2013 (2nd half)",Google,2013,2013 (2nd half),Japan,111,67,60,134
"Mexico - Facebook, 2013 (2nd half)",Facebook,2013,2013 (2nd half),Mexico,125,67,54,212
"Thailand - Microsoft, 2013 (2nd half)",Microsoft,2013,2013 (2nd half),Thailand,83,67,81,97
"Turkey - Facebook, 2013 (2nd half)",Facebook,2013,2013 (2nd half),Turkey,129,73,57,353
"Switzerland - Google, 2013 (2nd half)",Google,2013,2013 (2nd half),Switzerland,111,74,67,174
"South Korea - Microsoft, 2013 (2nd half)",Microsoft,2013,2013 (2nd half),South Korea,105,81,77,137
"Canada - Facebook, 2013 (2nd half)",Facebook,2013,2013 (2nd half),Canada,174,87,50,217
"Norway - Microsoft, 2013 (2nd half)",Microsoft,2013,2013 (2nd half),Norway,107,89,83,385
"Colombia - Microsoft, 2013 (2nd half)",Microsoft,2013,2013 (2nd half),Colombia,114,97,85,202
"Singapore - Microsoft, 2013 (2nd half)",Microsoft,2013,2013 (2nd half),Singapore,106,99,93,144
"United States - Dropbox, 2013 (2nd half)",Dropbox,2013,2013 (2nd half),United States,138.5,99,71,286.5
"Singapore - Facebook, 2013 (2nd half)",Facebook,2013,2013 (2nd half),Singapore,141,100,71,142
"Belgium - Facebook, 2013 (2nd half)",Facebook,2013,2013 (2nd half),Belgium,154,100,65,196
"Mexico - Yahoo, 2013 (2nd half)",Yahoo,2013,2013 (2nd half),Mexico,164,108,66,267
"South Korea - Google, 2013 (2nd half)",Google,2013,2013 (2nd half),South Korea,353,109,31,619
"Poland - Google, 2013 (2nd half)",Google,2013,2013 (2nd half),Poland,502,115,23,740
"Belgium - Google, 2013 (2nd half)",Google,2013,2013 (2nd half),Belgium,162,118,73,206
"Portugal - Google, 2013 (2nd half)",Google,2013,2013 (2nd half),Portugal,283,127,45,347
"Hong Kong - Google, 2013 (2nd half)",Google,2013,2013 (2nd half),Hong Kong,347,128,37,356
"Taiwan - Facebook, 2013 (2nd half)",Facebook,2013,2013 (2nd half),Taiwan,193,138,72,266
"Chile - Facebook, 2013 (2nd half)",Facebook,2013,2013 (2nd half),Chile,230,148,64,334
"Spain - Facebook, 2013 (2nd half)",Facebook,2013,2013 (2nd half),Spain,404,160,40,811
"Brazil - Yahoo, 2013 (2nd half)",Yahoo,2013,2013 (2nd half),Brazil,326,163,50,393
"United States - Tumblr, 2013 (2nd half)",Tumblr,2013,2013 (2nd half),United States,203.5,170.5,84,
"Chile - Microsoft, 2013 (2nd half)",Microsoft,2013,2013 (2nd half),Chile,218,181,83,345
"Sweden - Microsoft, 2013 (2nd half)",Microsoft,2013,2013 (2nd half),Sweden,236,188,80,478
"Argentina - Yahoo, 2013 (2nd half)",Yahoo,2013,2013 (2nd half),Argentina,276,202,73,346
"Netherlands - Microsoft, 2013 (2nd half)",Microsoft,2013,2013 (2nd half),Netherlands,338,242,72,1551
"Taiwan - Google, 2013 (2nd half)",Google,2013,2013 (2nd half),Taiwan,439,268,61,580
"Hong Kong - Microsoft, 2013 (2nd half)",Microsoft,2013,2013 (2nd half),Hong Kong,344,281,82,343
"Belgium - Microsoft, 2013 (2nd half)",Microsoft,2013,2013 (2nd half),Belgium,378,287,76,520
"Spain - Google, 2013 (2nd half)",Google,2013,2013 (2nd half),Spain,545,289,53,761
"Hong Kong - Yahoo, 2013 (2nd half)",Yahoo,2013,2013 (2nd half),Hong Kong,545,303,56,545
"India - Microsoft, 2013 (2nd half)",Microsoft,2013,2013 (2nd half),India,416,313,75,683
"Portugal - Microsoft, 2013 (2nd half)",Microsoft,2013,2013 (2nd half),Portugal,372,322,87,483
"Australia - Yahoo, 2013 (2nd half)",Yahoo,2013,2013 (2nd half),Australia,608,326,54,683
"Japan - Microsoft, 2013 (2nd half)",Microsoft,2013,2013 (2nd half),Japan,459,363,79,571
"Argentina - Microsoft, 2013 (2nd half)",Microsoft,2013,2013 (2nd half),Argentina,439,368,84,822
"Italy - Google, 2013 (2nd half)",Google,2013,2013 (2nd half),Italy,896,376,42,1084
"Brazil - Facebook, 2013 (2nd half)",Facebook,2013,2013 (2nd half),Brazil,"1,165",394,34,"1,651"
"Australia - Facebook, 2013 (2nd half)",Facebook,2013,2013 (2nd half),Australia,603,395,66,640
"Mexico - Microsoft, 2013 (2nd half)",Microsoft,2013,2013 (2nd half),Mexico,471,401,85,761
"Spain - Yahoo, 2013 (2nd half)",Yahoo,2013,2013 (2nd half),Spain,529,439,83,555
"Taiwan - Microsoft, 2013 (2nd half)",Microsoft,2013,2013 (2nd half),Taiwan,568,459,81,1169
"Singapore - Google, 2013 (2nd half)",Google,2013,2013 (2nd half),Singapore,755,513,68,847
"Brazil - Google, 2013 (2nd half)",Google,2013,2013 (2nd half),Brazil,1085,532,49,1471
"Australia - Google, 2013 (2nd half)",Google,2013,2013 (2nd half),Australia,780,546,70,944
"France - Facebook, 2013 (2nd half)",Facebook,2013,2013 (2nd half),France,"1,661",563,34,"1,845"
"United States - Twitter, 2013 (2nd half)",Twitter,2013,2013 (2nd half),United States,833,575,69,1323
"India - Yahoo, 2013 (2nd half)",Yahoo,2013,2013 (2nd half),India,"1,078",584,54,"2,337"
"Spain - Microsoft, 2013 (2nd half)",Microsoft,2013,2013 (2nd half),Spain,769,612,80,1238
"Germany - Facebook, 2013 (2nd half)",Facebook,2013,2013 (2nd half),Germany,"1,687",639,38,"1,950"
"Italy - Microsoft, 2013 (2nd half)",Microsoft,2013,2013 (2nd half),Italy,933,703,75,1240
"Italy - Facebook, 2013 (2nd half)",Facebook,2013,2013 (2nd half),Italy,"1,699",892,53,"2,613"
"United Kingdom - Google, 2013 (2nd half)",Google,2013,2013 (2nd half),United Kingdom,1397,964,69,3142
"Australia - Microsoft, 2013 (2nd half)",Microsoft,2013,2013 (2nd half),Australia,1281,1052,82,1419
"Germany - Google, 2013 (2nd half)",Google,2013,2013 (2nd half),Germany,2660,1064,40,3255
"United Kingdom - Yahoo, 2013 (2nd half)",Yahoo,2013,2013 (2nd half),United Kingdom,"1,687","1,096",65,"2,488"
"Brazil - Microsoft, 2013 (2nd half)",Microsoft,2013,2013 (2nd half),Brazil,1494,1154,77,2360
"France - Yahoo, 2013 (2nd half)",Yahoo,2013,2013 (2nd half),France,"1,697","1,238",73,"2,049"
"United Kingdom - Facebook, 2013 (2nd half)",Facebook,2013,2013 (2nd half),United Kingdom,"1,906","1,359",71,"2,277"
"France - Google, 2013 (2nd half)",Google,2013,2013 (2nd half),France,2750,1403,51,3378
"Italy - Yahoo, 2013 (2nd half)",Yahoo,2013,2013 (2nd half),Italy,"1,909","1,471",77,"2,150"
"India - Google, 2013 (2nd half)",Google,2013,2013 (2nd half),India,2513,1659,66,4401
"India - Facebook, 2013 (2nd half)",Facebook,2013,2013 (2nd half),India,"3,598","1,927",54,"4,711"
"Germany - Yahoo, 2013 (2nd half)",Yahoo,2013,2013 (2nd half),Germany,"3,186","2,153",68,"4,164"
"Taiwan - Yahoo, 2013 (2nd half)",Yahoo,2013,2013 (2nd half),Taiwan,"2,661","2,497",94,"4,466"
"United Kingdom - Microsoft, 2013 (2nd half)",Microsoft,2013,2013 (2nd half),United Kingdom,4213,3317,79,7276
"France - Microsoft, 2013 (2nd half)",Microsoft,2013,2013 (2nd half),France,4627,3616,78,6956
"Turkey - Microsoft, 2013 (2nd half)",Microsoft,2013,2013 (2nd half),Turkey,5330,4076,76,6071
"Germany - Microsoft, 2013 (2nd half)",Microsoft,2013,2013 (2nd half),Germany,5204,4157,80,8895
"United States - Microsoft, 2013 (2nd half)",Microsoft,2013,2013 (2nd half),United States,5652,4458,79,12979
"United States - Yahoo, 2013 (2nd half)",Yahoo,2013,2013 (2nd half),United States,"6,587","5,444",83,"11,795"
"United States - Google, 2013 (2nd half)",Google,2013,2013 (2nd half),United States,10574,8745,83,18254
"United States - Facebook, 2013 (2nd half)",Facebook,2013,2013 (2nd half),United States,"12,598","10,207",81,"18,715"
"Australia - Telstra, 2013 (2nd half)",Telstra,2013,2013 (2nd half),Australia,"40,644",,,
"Australia - Verizon, 2013 (2nd half)",Verizon,2013,2013 (2nd half),Australia,14.5,,,
"Austria - Verizon, 2013 (2nd half)",Verizon,2013,2013 (2nd half),Austria,4,,,
"Belgium - Verizon, 2013 (2nd half)",Verizon,2013,2013 (2nd half),Belgium,236.5,,,
"France - Verizon, 2013 (2nd half)",Verizon,2013,2013 (2nd half),France,673.5,,,
"Germany - LeaseWeb, 2013 (2nd half)",LeaseWeb,2013,2013 (2nd half),Germany,293,,,
"Germany - Verizon, 2013 (2nd half)",Verizon,2013,2013 (2nd half),Germany,1498,,,
"Italy - Verizon, 2013 (2nd half)",Verizon,2013,2013 (2nd half),Italy,6.5,,,
"Japan - Verizon, 2013 (2nd half)",Verizon,2013,2013 (2nd half),Japan,7,,,
"Netherlands - LeaseWeb, 2013 (2nd half)",LeaseWeb,2013,2013 (2nd half),Netherlands,47,,,
"Netherlands - Verizon, 2013 (2nd half)",Verizon,2013,2013 (2nd half),Netherlands,32.5,,,
"Switzerland - Verizon, 2013 (2nd half)",Verizon,2013,2013 (2nd half),Switzerland,30,,,
"Taiwan - Verizon, 2013 (2nd half)",Verizon,2013,2013 (2nd half),Taiwan,0.5,,,
"United Kingdom - Verizon, 2013 (2nd half)",Verizon,2013,2013 (2nd half),United Kingdom,193,,,
"United States - AT&T, 2013 (2nd half)",AT&T,2013,2013 (2nd half),United States,150908,,,
"United States - Comcast, 2013 (2nd half)",Comcast,2013,2013 (2nd half),United States,12829.5,,,
"United States - LeaseWeb, 2013 (2nd half)",LeaseWeb,2013,2013 (2nd half),United States,10,,,
"United States - Verizon, 2013 (2nd half)",Verizon,2013,2013 (2nd half),United States,160772.5,,,
