Jurisdiction,Flag,FSI - RANK,Financial Secrecy Index,Secrecy Score,Global Scale Weight,OECD Classification,Sources Name,Sources
Andorra,http://www.crwflags.com/fotw/images/a/ad.gif,74,43.37763,76.27,0.0000935,3. Partially Compliant,"OECD 2014 Annual Report, Financial Secrecy Index 2071","http://www.oecd.org/tax/transparency/GFannualreport2014.pdf, http://www.financialsecrecyindex.com/introduction/fsi-2013-results"
United Arab Emirates,http://www.crwflags.com/fotw/images/a/ae.gif,,,,,Waiting For Phase 2 Review,"OECD 2014 Annual Report, Financial Secrecy Index 2113","http://www.oecd.org/tax/transparency/GFannualreport2014.pdf, http://www.financialsecrecyindex.com/introduction/fsi-2013-results"
Anguilla,http://www.crwflags.com/fotw/images/a/ai.gif,61,96.76443,76.47,0.00101,3. Partially Compliant,"OECD 2014 Annual Report, Financial Secrecy Index 2072","http://www.oecd.org/tax/transparency/GFannualreport2014.pdf, http://www.financialsecrecyindex.com/introduction/fsi-2013-results"
Argentina,http://www.crwflags.com/fotw/images/a/ar.gif,,,,,2. Largely Compliant,"OECD 2014 Annual Report, Financial Secrecy Index 2033","http://www.oecd.org/tax/transparency/GFannualreport2014.pdf, http://www.financialsecrecyindex.com/introduction/fsi-2013-results"
Austria,http://www.crwflags.com/fotw/images/a/at.gif,18,400.8232,63.73,0.37133,3. Partially Compliant,"OECD 2014 Annual Report, Financial Secrecy Index 2074","http://www.oecd.org/tax/transparency/GFannualreport2014.pdf, http://www.financialsecrecyindex.com/introduction/fsi-2013-results"
Australia,http://www.crwflags.com/fotw/images/a/au.gif,44,168.1538,47.4,0.39365,1. Compliant,"OECD 2014 Annual Report, Financial Secrecy Index 2013","http://www.oecd.org/tax/transparency/GFannualreport2014.pdf, http://www.financialsecrecyindex.com/introduction/fsi-2013-results"
Aruba,http://www.crwflags.com/fotw/images/a/aw.gif,55,113.3252,70.6,0.00334,Waiting For Phase 2 Review,"OECD 2014 Annual Report, Financial Secrecy Index 2094","http://www.oecd.org/tax/transparency/GFannualreport2014.pdf, http://www.financialsecrecyindex.com/introduction/fsi-2013-results"
Barbados,http://www.crwflags.com/fotw/images/b/bb.gif,26,317.4745,81,0.02132,3. Partially Compliant,"OECD 2014 Annual Report, Financial Secrecy Index 2075","http://www.oecd.org/tax/transparency/GFannualreport2014.pdf, http://www.financialsecrecyindex.com/introduction/fsi-2013-results"
Belgium,http://www.crwflags.com/fotw/images/b/be.gif,40,199.2665,45.07,1.03113,1. Compliant,"OECD 2014 Annual Report, Financial Secrecy Index 2014","http://www.oecd.org/tax/transparency/GFannualreport2014.pdf, http://www.financialsecrecyindex.com/introduction/fsi-2013-results"
Bahrain,http://www.crwflags.com/fotw/images/b/bh.gif,13,461.1659,72.3,0.18169,2. Largely Compliant,"OECD 2014 Annual Report, Financial Secrecy Index 2035","http://www.oecd.org/tax/transparency/GFannualreport2014.pdf, http://www.financialsecrecyindex.com/introduction/fsi-2013-results"
Bermuda,http://www.crwflags.com/fotw/images/b/bm.gif,14,432.3802,79.87,0.06111,2. Largely Compliant,"OECD 2014 Annual Report, Financial Secrecy Index 2037","http://www.oecd.org/tax/transparency/GFannualreport2014.pdf, http://www.financialsecrecyindex.com/introduction/fsi-2013-results"
Brunei Darussalam,http://www.crwflags.com/fotw/images/b/bn.gif,73,50.63406,84.13,0.0000615,Failed Phase 1 Review,"OECD 2014 Annual Report, Financial Secrecy Index 2084","http://www.oecd.org/tax/transparency/GFannualreport2014.pdf, http://www.financialsecrecyindex.com/introduction/fsi-2013-results"
Brazil,http://www.crwflags.com/fotw/images/b/br.gif,29,283.9142,52.4,0.76839,2. Largely Compliant,"OECD 2014 Annual Report, Financial Secrecy Index 2038","http://www.oecd.org/tax/transparency/GFannualreport2014.pdf, http://www.financialsecrecyindex.com/introduction/fsi-2013-results"
Bahamas,http://www.crwflags.com/fotw/images/b/bs.gif,35,226.8748,79.93,0.00877,2. Largely Compliant,"OECD 2014 Annual Report, Financial Secrecy Index 2034","http://www.oecd.org/tax/transparency/GFannualreport2014.pdf, http://www.financialsecrecyindex.com/introduction/fsi-2013-results"
Botswana,http://www.crwflags.com/fotw/images/b/bw.gif,60,98.99626,73.33,0.00158,Waiting For Phase 2 Review,"OECD 2014 Annual Report, Financial Secrecy Index 2095","http://www.oecd.org/tax/transparency/GFannualreport2014.pdf, http://www.financialsecrecyindex.com/introduction/fsi-2013-results"
Belize,http://www.crwflags.com/fotw/images/b/bz.gif,52,129.8344,80.4,0.00156,2. Largely Compliant,"OECD 2014 Annual Report, Financial Secrecy Index 2036","http://www.oecd.org/tax/transparency/GFannualreport2014.pdf, http://www.financialsecrecyindex.com/introduction/fsi-2013-results"
Canada,http://www.crwflags.com/fotw/images/c/ca.gif,17,418.5234,53.6,2.0076,1. Compliant,"OECD 2014 Annual Report, Financial Secrecy Index 2015","http://www.oecd.org/tax/transparency/GFannualreport2014.pdf, http://www.financialsecrecyindex.com/introduction/fsi-2013-results"
Switzerland,http://www.crwflags.com/fotw/images/c/ch.gif,1,1765.25,78.4,4.91557,Conditional Waiting For Phase 2 Review,"OECD 2014 Annual Report, Financial Secrecy Index 2120","http://www.oecd.org/tax/transparency/GFannualreport2014.pdf, http://www.financialsecrecyindex.com/introduction/fsi-2013-results"
Cook Islands,http://www.crwflags.com/fotw/images/c/ck.gif,78,25.26854,76.87,0.0000172,Waiting For Phase 2 Review,"OECD 2014 Annual Report, Financial Secrecy Index 2096","http://www.oecd.org/tax/transparency/GFannualreport2014.pdf, http://www.financialsecrecyindex.com/introduction/fsi-2013-results"
Chile,http://www.crwflags.com/fotw/images/c/cl.gif,,,,,2. Largely Compliant,"OECD 2014 Annual Report, Financial Secrecy Index 2040","http://www.oecd.org/tax/transparency/GFannualreport2014.pdf, http://www.financialsecrecyindex.com/introduction/fsi-2013-results"
China,http://www.crwflags.com/fotw/images/c/cn.gif,,,,,1. Compliant,"OECD 2014 Annual Report, Financial Secrecy Index 2016","http://www.oecd.org/tax/transparency/GFannualreport2014.pdf, http://www.financialsecrecyindex.com/introduction/fsi-2013-results"
Colombia,http://www.crwflags.com/fotw/images/c/co.gif,,,,,Waiting For Phase 2 Review,"OECD 2014 Annual Report, Financial Secrecy Index 2097","http://www.oecd.org/tax/transparency/GFannualreport2014.pdf, http://www.financialsecrecyindex.com/introduction/fsi-2013-results"
Costa Rica,http://www.crwflags.com/fotw/images/c/cr.gif,46,157.6024,71.27,0.00825,Waiting For Phase 2 Review,"OECD 2014 Annual Report, Financial Secrecy Index 2098","http://www.oecd.org/tax/transparency/GFannualreport2014.pdf, http://www.financialsecrecyindex.com/introduction/fsi-2013-results"
Curacao,http://www.crwflags.com/fotw/images/c/cw.gif,58,106.41,76.83,0.00129,Waiting For Phase 2 Review,"OECD 2014 Annual Report, Financial Secrecy Index 2099","http://www.oecd.org/tax/transparency/GFannualreport2014.pdf, http://www.financialsecrecyindex.com/introduction/fsi-2013-results"
Cyprus,http://www.crwflags.com/fotw/images/c/cy.gif,41,198.9163,52.4,0.26426,4. Non-Compliant,"OECD 2014 Annual Report, Financial Secrecy Index 2081","http://www.oecd.org/tax/transparency/GFannualreport2014.pdf, http://www.financialsecrecyindex.com/introduction/fsi-2013-results"
Czech Republic,http://www.crwflags.com/fotw/images/c/cz.gif,,,,,Waiting For Phase 2 Review,"OECD 2014 Annual Report, Financial Secrecy Index 2100","http://www.oecd.org/tax/transparency/GFannualreport2014.pdf, http://www.financialsecrecyindex.com/introduction/fsi-2013-results"
Germany,http://www.crwflags.com/fotw/images/d/de.gif,8,738.3376,59.47,4.32597,2. Largely Compliant,"OECD 2014 Annual Report, Financial Secrecy Index 2042","http://www.oecd.org/tax/transparency/GFannualreport2014.pdf, http://www.financialsecrecyindex.com/introduction/fsi-2013-results"
Denmark,http://www.crwflags.com/fotw/images/d/dk.gif,66,63.11788,32.6,0.60464,1. Compliant,"OECD 2014 Annual Report, Financial Secrecy Index 2017","http://www.oecd.org/tax/transparency/GFannualreport2014.pdf, http://www.financialsecrecyindex.com/introduction/fsi-2013-results"
Dominica,http://www.crwflags.com/fotw/images/d/dm.gif,77,26.94115,78.53,0.0000172,Failed Phase 1 Review,"OECD 2014 Annual Report, Financial Secrecy Index 2085","http://www.oecd.org/tax/transparency/GFannualreport2014.pdf, http://www.financialsecrecyindex.com/introduction/fsi-2013-results"
Dominican Republic,http://www.crwflags.com/fotw/images/d/do.gif,42,193.7889,73.1,0.01221,,"OECD 2014 Annual Report, Financial Secrecy Index 2116","http://www.oecd.org/tax/transparency/GFannualreport2014.pdf, http://www.financialsecrecyindex.com/introduction/fsi-2013-results"
Estonia,http://www.crwflags.com/fotw/images/e/ee.gif,,,,,2. Largely Compliant,"OECD 2014 Annual Report, Financial Secrecy Index 2041","http://www.oecd.org/tax/transparency/GFannualreport2014.pdf, http://www.financialsecrecyindex.com/introduction/fsi-2013-results"
Spain,http://www.crwflags.com/fotw/images/e/es.gif,56,111.3811,35.6,1.50447,1. Compliant,"OECD 2014 Annual Report, Financial Secrecy Index 2031","http://www.oecd.org/tax/transparency/GFannualreport2014.pdf, http://www.financialsecrecyindex.com/introduction/fsi-2013-results"
Finland,http://www.crwflags.com/fotw/images/f/fi.gif,,,,,1. Compliant,"OECD 2014 Annual Report, Financial Secrecy Index 2018","http://www.oecd.org/tax/transparency/GFannualreport2014.pdf, http://www.financialsecrecyindex.com/introduction/fsi-2013-results"
France,http://www.crwflags.com/fotw/images/f/fr.gif,43,190.9599,40.97,2.14108,1. Compliant,"OECD 2014 Annual Report, Financial Secrecy Index 2019","http://www.oecd.org/tax/transparency/GFannualreport2014.pdf, http://www.financialsecrecyindex.com/introduction/fsi-2013-results"
United Kingdom,http://www.crwflags.com/fotw/images/g/gb.gif,21,361.325,39.87,18.53012,2. Largely Compliant,"OECD 2014 Annual Report, Financial Secrecy Index 2069","http://www.oecd.org/tax/transparency/GFannualreport2014.pdf, http://www.financialsecrecyindex.com/introduction/fsi-2013-results"
Grenada,http://www.crwflags.com/fotw/images/g/gd.gif,70,55.7658,78.13,0.00016,2. Largely Compliant,"OECD 2014 Annual Report, Financial Secrecy Index 2046","http://www.oecd.org/tax/transparency/GFannualreport2014.pdf, http://www.financialsecrecyindex.com/introduction/fsi-2013-results"
Georgia,http://www.crwflags.com/fotw/images/g/ge.gif,,,,,Waiting For Phase 2 Review,"OECD 2014 Annual Report, Financial Secrecy Index 2101","http://www.oecd.org/tax/transparency/GFannualreport2014.pdf, http://www.financialsecrecyindex.com/introduction/fsi-2013-results"
Guernsey,http://www.crwflags.com/fotw/images/g/gg.gif,15,419.3564,67.4,0.25693,2. Largely Compliant,"OECD 2014 Annual Report, Financial Secrecy Index 2047","http://www.oecd.org/tax/transparency/GFannualreport2014.pdf, http://www.financialsecrecyindex.com/introduction/fsi-2013-results"
Ghana,http://www.crwflags.com/fotw/images/g/gh.gif,57,109.9242,66.33,0.00534,2. Largely Compliant,"OECD 2014 Annual Report, Financial Secrecy Index 2043","http://www.oecd.org/tax/transparency/GFannualreport2014.pdf, http://www.financialsecrecyindex.com/introduction/fsi-2013-results"
Gibraltar,http://www.crwflags.com/fotw/images/g/gi.gif,49,147.8179,78.6,0.00282,2. Largely Compliant,"OECD 2014 Annual Report, Financial Secrecy Index 2044","http://www.oecd.org/tax/transparency/GFannualreport2014.pdf, http://www.financialsecrecyindex.com/introduction/fsi-2013-results"
Greece,http://www.crwflags.com/fotw/images/g/gr.gif,,,,,2. Largely Compliant,"OECD 2014 Annual Report, Financial Secrecy Index 2045","http://www.oecd.org/tax/transparency/GFannualreport2014.pdf, http://www.financialsecrecyindex.com/introduction/fsi-2013-results"
Guatemala,http://www.crwflags.com/fotw/images/g/gt.gif,51,142.4216,77.2,0.00297,Failed Phase 1 Review,"OECD 2014 Annual Report, Financial Secrecy Index 2086","http://www.oecd.org/tax/transparency/GFannualreport2014.pdf, http://www.financialsecrecyindex.com/introduction/fsi-2013-results"
Hong Kong,http://www.crwflags.com/fotw/images/h/hk.gif,3,1283.445,71.73,4.20557,2. Largely Compliant,"OECD 2014 Annual Report, Financial Secrecy Index 2048","http://www.oecd.org/tax/transparency/GFannualreport2014.pdf, http://www.financialsecrecyindex.com/introduction/fsi-2013-results"
Hungary,http://www.crwflags.com/fotw/images/h/hu.gif,72,54.65056,40.47,0.05605,Waiting For Phase 2 Review,"OECD 2014 Annual Report, Financial Secrecy Index 2102","http://www.oecd.org/tax/transparency/GFannualreport2014.pdf, http://www.financialsecrecyindex.com/introduction/fsi-2013-results"
Indonesia,http://www.crwflags.com/fotw/images/i/id.gif,,,,,3. Partially Compliant,"OECD 2014 Annual Report, Financial Secrecy Index 2076","http://www.oecd.org/tax/transparency/GFannualreport2014.pdf, http://www.financialsecrecyindex.com/introduction/fsi-2013-results"
Ireland,http://www.crwflags.com/fotw/images/i/ie.gif,47,155.5173,37.37,2.64624,1. Compliant,"OECD 2014 Annual Report, Financial Secrecy Index 2022","http://www.oecd.org/tax/transparency/GFannualreport2014.pdf, http://www.financialsecrecyindex.com/introduction/fsi-2013-results"
Israel,http://www.crwflags.com/fotw/images/i/il.gif,38,205.9219,57.27,0.13175,3. Partially Compliant,"OECD 2014 Annual Report, Financial Secrecy Index 2077","http://www.oecd.org/tax/transparency/GFannualreport2014.pdf, http://www.financialsecrecyindex.com/introduction/fsi-2013-results"
Isle of Man,http://www.crwflags.com/fotw/images/i/im.gif,34,237.258,67.07,0.04863,1. Compliant,"OECD 2014 Annual Report, Financial Secrecy Index 2023","http://www.oecd.org/tax/transparency/GFannualreport2014.pdf, http://www.financialsecrecyindex.com/introduction/fsi-2013-results"
India,http://www.crwflags.com/fotw/images/i/in.gif,32,254.5711,45.97,1.79952,1. Compliant,"OECD 2014 Annual Report, Financial Secrecy Index 2021","http://www.oecd.org/tax/transparency/GFannualreport2014.pdf, http://www.financialsecrecyindex.com/introduction/fsi-2013-results"
Iceland,http://www.crwflags.com/fotw/images/i/is.gif,,,,,1. Compliant,"OECD 2014 Annual Report, Financial Secrecy Index 2020","http://www.oecd.org/tax/transparency/GFannualreport2014.pdf, http://www.financialsecrecyindex.com/introduction/fsi-2013-results"
Italy,http://www.crwflags.com/fotw/images/i/it.gif,54,118.9649,39.33,0.74772,2. Largely Compliant,"OECD 2014 Annual Report, Financial Secrecy Index 2049","http://www.oecd.org/tax/transparency/GFannualreport2014.pdf, http://www.financialsecrecyindex.com/introduction/fsi-2013-results"
Jersey,http://www.crwflags.com/fotw/images/j/je.gif,9,591.7031,75.4,0.26301,2. Largely Compliant,"OECD 2014 Annual Report, Financial Secrecy Index 2051","http://www.oecd.org/tax/transparency/GFannualreport2014.pdf, http://www.financialsecrecyindex.com/introduction/fsi-2013-results"
Jamaica,http://www.crwflags.com/fotw/images/j/jm.gif,,,,,2. Largely Compliant,"OECD 2014 Annual Report, Financial Secrecy Index 2050","http://www.oecd.org/tax/transparency/GFannualreport2014.pdf, http://www.financialsecrecyindex.com/introduction/fsi-2013-results"
Japan,http://www.crwflags.com/fotw/images/j/jp.gif,10,513.1047,60.83,1.18456,1. Compliant,"OECD 2014 Annual Report, Financial Secrecy Index 2024","http://www.oecd.org/tax/transparency/GFannualreport2014.pdf, http://www.financialsecrecyindex.com/introduction/fsi-2013-results"
Kenya,http://www.crwflags.com/fotw/images/k/ke.gif,,,,,Waiting For Phase 2 Review,"OECD 2014 Annual Report, Financial Secrecy Index 2103","http://www.oecd.org/tax/transparency/GFannualreport2014.pdf, http://www.financialsecrecyindex.com/introduction/fsi-2013-results"
St. Kitts and Nevis,http://www.crwflags.com/fotw/images/k/kn.gif,80,18.45872,79.57,0.00000492,2. Largely Compliant,"OECD 2014 Annual Report, Financial Secrecy Index 2066","http://www.oecd.org/tax/transparency/GFannualreport2014.pdf, http://www.financialsecrecyindex.com/introduction/fsi-2013-results"
South Korea,http://www.crwflags.com/fotw/images/k/kr.gif,24,328.7934,53.57,0.97831,1. Compliant,"OECD 2014 Annual Report, Financial Secrecy Index 2025","http://www.oecd.org/tax/transparency/GFannualreport2014.pdf, http://www.financialsecrecyindex.com/introduction/fsi-2013-results"
Cayman Islands,http://www.crwflags.com/fotw/images/k/ky.gif,4,1233.567,69.93,4.69371,2. Largely Compliant,"OECD 2014 Annual Report, Financial Secrecy Index 2039","http://www.oecd.org/tax/transparency/GFannualreport2014.pdf, http://www.financialsecrecyindex.com/introduction/fsi-2013-results"
Lebanon,http://www.crwflags.com/fotw/images/l/lb.gif,7,747.8594,78.87,0.3542,Failed Phase 1 Review,"OECD 2014 Annual Report, Financial Secrecy Index 2087","http://www.oecd.org/tax/transparency/GFannualreport2014.pdf, http://www.financialsecrecyindex.com/introduction/fsi-2013-results"
St. Lucia,http://www.crwflags.com/fotw/images/l/lc.gif,65,66.89086,84.4,0.000138,3. Partially Compliant,"OECD 2014 Annual Report, Financial Secrecy Index 2078","http://www.oecd.org/tax/transparency/GFannualreport2014.pdf, http://www.financialsecrecyindex.com/introduction/fsi-2013-results"
Liechtenstein,http://www.crwflags.com/fotw/images/l/li.gif,33,240.963,79.27,0.01132,Waiting For Phase 2 Review,"OECD 2014 Annual Report, Financial Secrecy Index 2105","http://www.oecd.org/tax/transparency/GFannualreport2014.pdf, http://www.financialsecrecyindex.com/introduction/fsi-2013-results"
Liberia,http://www.crwflags.com/fotw/images/l/lr.gif,27,300.8851,83.23,0.01421,Failed Phase 1 Review,"OECD 2014 Annual Report, Financial Secrecy Index 2088","http://www.oecd.org/tax/transparency/GFannualreport2014.pdf, http://www.financialsecrecyindex.com/introduction/fsi-2013-results"
Luxembourg,http://www.crwflags.com/fotw/images/l/lu.gif,2,1454.483,66.53,12.04948,4. Non-Compliant,"OECD 2014 Annual Report, Financial Secrecy Index 2082","http://www.oecd.org/tax/transparency/GFannualreport2014.pdf, http://www.financialsecrecyindex.com/introduction/fsi-2013-results"
Latvia,http://www.crwflags.com/fotw/images/l/lv.gif,53,128.1165,51,0.09009,Waiting For Phase 2 Review,"OECD 2014 Annual Report, Financial Secrecy Index 2104","http://www.oecd.org/tax/transparency/GFannualreport2014.pdf, http://www.financialsecrecyindex.com/introduction/fsi-2013-results"
Monaco,http://www.crwflags.com/fotw/images/m/mc.gif,75,38.84132,74.93,0.0000787,2. Largely Compliant,"OECD 2014 Annual Report, Financial Secrecy Index 2057","http://www.oecd.org/tax/transparency/GFannualreport2014.pdf, http://www.financialsecrecyindex.com/introduction/fsi-2013-results"
Marshall Islands,http://www.crwflags.com/fotw/images/m/mh.gif,23,329.6054,81.63,0.02225,Failed Phase 1 Review,"OECD 2014 Annual Report, Financial Secrecy Index 2089","http://www.oecd.org/tax/transparency/GFannualreport2014.pdf, http://www.financialsecrecyindex.com/introduction/fsi-2013-results"
Macedonia,http://www.crwflags.com/fotw/images/m/mk.gif,,,,,2. Largely Compliant,"OECD 2014 Annual Report, Financial Secrecy Index 2053","http://www.oecd.org/tax/transparency/GFannualreport2014.pdf, http://www.financialsecrecyindex.com/introduction/fsi-2013-results"
Macao,http://www.crwflags.com/fotw/images/m/mo.gif,22,360.4904,70.53,0.10847,2. Largely Compliant,"OECD 2014 Annual Report, Financial Secrecy Index 2052","http://www.oecd.org/tax/transparency/GFannualreport2014.pdf, http://www.financialsecrecyindex.com/introduction/fsi-2013-results"
Montserrat,http://www.crwflags.com/fotw/images/m/ms.gif,82,,74.47,,2. Largely Compliant,"OECD 2014 Annual Report, Financial Secrecy Index 2058","http://www.oecd.org/tax/transparency/GFannualreport2014.pdf, http://www.financialsecrecyindex.com/introduction/fsi-2013-results"
Malta,http://www.crwflags.com/fotw/images/m/mt.gif,64,78.0526,43.87,0.079,2. Largely Compliant,"OECD 2014 Annual Report, Financial Secrecy Index 2055","http://www.oecd.org/tax/transparency/GFannualreport2014.pdf, http://www.financialsecrecyindex.com/introduction/fsi-2013-results"
Mauritius,http://www.crwflags.com/fotw/images/m/mu.gif,19,397.8627,80,0.04692,2. Largely Compliant,"OECD 2014 Annual Report, Financial Secrecy Index 2056","http://www.oecd.org/tax/transparency/GFannualreport2014.pdf, http://www.financialsecrecyindex.com/introduction/fsi-2013-results"
Maldives,http://www.crwflags.com/fotw/images/m/mv.gif,79,21.05039,79.47,0.00000738,,"OECD 2014 Annual Report, Financial Secrecy Index 2118","http://www.oecd.org/tax/transparency/GFannualreport2014.pdf, http://www.financialsecrecyindex.com/introduction/fsi-2013-results"
Mexico,http://www.crwflags.com/fotw/images/m/mx.gif,,,,,1. Compliant,"OECD 2014 Annual Report, Financial Secrecy Index 2026","http://www.oecd.org/tax/transparency/GFannualreport2014.pdf, http://www.financialsecrecyindex.com/introduction/fsi-2013-results"
Malaysia,http://www.crwflags.com/fotw/images/m/my.gif,,,,,2. Largely Compliant,"OECD 2014 Annual Report, Financial Secrecy Index 2054","http://www.oecd.org/tax/transparency/GFannualreport2014.pdf, http://www.financialsecrecyindex.com/introduction/fsi-2013-results"
Nigeria,http://www.crwflags.com/fotw/images/n/ng.gif,,,,,Waiting For Phase 2 Review,"OECD 2014 Annual Report, Financial Secrecy Index 2107","http://www.oecd.org/tax/transparency/GFannualreport2014.pdf, http://www.financialsecrecyindex.com/introduction/fsi-2013-results"
Netherlands,http://www.crwflags.com/fotw/images/n/nl.gif,39,204.929,50.13,0.43046,2. Largely Compliant,"OECD 2014 Annual Report, Financial Secrecy Index 2059","http://www.oecd.org/tax/transparency/GFannualreport2014.pdf, http://www.financialsecrecyindex.com/introduction/fsi-2013-results"
Norway,http://www.crwflags.com/fotw/images/n/no.gif,50,142.7945,42.33,0.66727,1. Compliant,"OECD 2014 Annual Report, Financial Secrecy Index 2028","http://www.oecd.org/tax/transparency/GFannualreport2014.pdf, http://www.financialsecrecyindex.com/introduction/fsi-2013-results"
Nauru,http://www.crwflags.com/fotw/images/n/nr.gif,81,,78.93,,Failed Phase 1 Review,"OECD 2014 Annual Report, Financial Secrecy Index 2091","http://www.oecd.org/tax/transparency/GFannualreport2014.pdf, http://www.financialsecrecyindex.com/introduction/fsi-2013-results"
Niue,http://www.crwflags.com/fotw/images/n/nu.gif,,,,,Waiting For Phase 2 Review,"OECD 2014 Annual Report, Financial Secrecy Index 2106","http://www.oecd.org/tax/transparency/GFannualreport2014.pdf, http://www.financialsecrecyindex.com/introduction/fsi-2013-results"
New Zealand,http://www.crwflags.com/fotw/images/n/nz.gif,48,151.4267,51.97,0.12555,1. Compliant,"OECD 2014 Annual Report, Financial Secrecy Index 2027","http://www.oecd.org/tax/transparency/GFannualreport2014.pdf, http://www.financialsecrecyindex.com/introduction/fsi-2013-results"
Panama,http://www.crwflags.com/fotw/images/p/pa.gif,11,489.6098,73.4,0.1898,Failed Phase 1 Review,"OECD 2014 Annual Report, Financial Secrecy Index 2092","http://www.oecd.org/tax/transparency/GFannualreport2014.pdf, http://www.financialsecrecyindex.com/introduction/fsi-2013-results"
Philippines,http://www.crwflags.com/fotw/images/p/ph.gif,37,206.6698,66.83,0.0332,2. Largely Compliant,"OECD 2014 Annual Report, Financial Secrecy Index 2060","http://www.oecd.org/tax/transparency/GFannualreport2014.pdf, http://www.financialsecrecyindex.com/introduction/fsi-2013-results"
Poland,http://www.crwflags.com/fotw/images/p/pl.gif,,,,,Waiting For Phase 2 Review,"OECD 2014 Annual Report, Financial Secrecy Index 2109","http://www.oecd.org/tax/transparency/GFannualreport2014.pdf, http://www.financialsecrecyindex.com/introduction/fsi-2013-results"
Portugal,http://www.crwflags.com/fotw/images/p/pt.gif,,,,,Waiting For Phase 2 Review,"OECD 2014 Annual Report, Financial Secrecy Index 2108","http://www.oecd.org/tax/transparency/GFannualreport2014.pdf, http://www.financialsecrecyindex.com/introduction/fsi-2013-results"
Russia,http://www.crwflags.com/fotw/images/r/ru.gif,25,325.2539,60.47,0.31828,2. Largely Compliant,"OECD 2014 Annual Report, Financial Secrecy Index 2062","http://www.oecd.org/tax/transparency/GFannualreport2014.pdf, http://www.financialsecrecyindex.com/introduction/fsi-2013-results"
Saudi Arabia,http://www.crwflags.com/fotw/images/s/sa.gif,31,274.2,74.9,0.02779,Waiting For Phase 2 Review,"OECD 2014 Annual Report, Financial Secrecy Index 2111","http://www.oecd.org/tax/transparency/GFannualreport2014.pdf, http://www.financialsecrecyindex.com/introduction/fsi-2013-results"
Seychelles,http://www.crwflags.com/fotw/images/s/sc.gif,28,293.483,85.23,0.01065,4. Non-Compliant,"OECD 2014 Annual Report, Financial Secrecy Index 2083","http://www.oecd.org/tax/transparency/GFannualreport2014.pdf, http://www.financialsecrecyindex.com/introduction/fsi-2013-results"
Sweden,http://www.crwflags.com/fotw/images/s/se.gif,71,55.71366,32.4,0.43952,1. Compliant,"OECD 2014 Annual Report, Financial Secrecy Index 2032","http://www.oecd.org/tax/transparency/GFannualreport2014.pdf, http://www.financialsecrecyindex.com/introduction/fsi-2013-results"
Singapore,http://www.crwflags.com/fotw/images/s/sg.gif,5,1216.86,70.33,4.28012,2. Largely Compliant,"OECD 2014 Annual Report, Financial Secrecy Index 2064","http://www.oecd.org/tax/transparency/GFannualreport2014.pdf, http://www.financialsecrecyindex.com/introduction/fsi-2013-results"
Slovenia,http://www.crwflags.com/fotw/images/s/si.gif,,,,,1. Compliant,"OECD 2014 Annual Report, Financial Secrecy Index 2029","http://www.oecd.org/tax/transparency/GFannualreport2014.pdf, http://www.financialsecrecyindex.com/introduction/fsi-2013-results"
Slovakia,http://www.crwflags.com/fotw/images/s/sk.gif,,,,,2. Largely Compliant,"OECD 2014 Annual Report, Financial Secrecy Index 2065","http://www.oecd.org/tax/transparency/GFannualreport2014.pdf, http://www.financialsecrecyindex.com/introduction/fsi-2013-results"
San Marino,http://www.crwflags.com/fotw/images/s/sm.gif,68,59.53545,80.13,0.000155,2. Largely Compliant,"OECD 2014 Annual Report, Financial Secrecy Index 2063","http://www.oecd.org/tax/transparency/GFannualreport2014.pdf, http://www.financialsecrecyindex.com/introduction/fsi-2013-results"
Sint Maarten,http://www.crwflags.com/fotw/images/s/sx.gif,,,,,Waiting For Phase 2 Review,"OECD 2014 Annual Report, Financial Secrecy Index 2112","http://www.oecd.org/tax/transparency/GFannualreport2014.pdf, http://www.financialsecrecyindex.com/introduction/fsi-2013-results"
Turkey,http://www.crwflags.com/fotw/images/t/tr.gif,,,,,3. Partially Compliant,"OECD 2014 Annual Report, Financial Secrecy Index 2079","http://www.oecd.org/tax/transparency/GFannualreport2014.pdf, http://www.financialsecrecyindex.com/introduction/fsi-2013-results"
United States,http://www.crwflags.com/fotw/images/u/us.gif,6,1212.971,58.4,22.5858,2. Largely Compliant,"OECD 2014 Annual Report, Financial Secrecy Index 2070","http://www.oecd.org/tax/transparency/GFannualreport2014.pdf, http://www.financialsecrecyindex.com/introduction/fsi-2013-results"
Uruguay,http://www.crwflags.com/fotw/images/u/uy.gif,30,277.4804,72.23,0.03992,Waiting For Phase 2 Review,"OECD 2014 Annual Report, Financial Secrecy Index 2114","http://www.oecd.org/tax/transparency/GFannualreport2014.pdf, http://www.financialsecrecyindex.com/introduction/fsi-2013-results"
St. Vincent and the Grenadines,http://www.crwflags.com/fotw/images/v/vc.gif,62,85.14934,78.07,0.000573,2. Largely Compliant,"OECD 2014 Annual Report, Financial Secrecy Index 2067","http://www.oecd.org/tax/transparency/GFannualreport2014.pdf, http://www.financialsecrecyindex.com/introduction/fsi-2013-results"
British Virgin Islands,http://www.crwflags.com/fotw/images/v/vg.gif,20,385.4457,66,0.24099,4. Non-Compliant,"OECD 2014 Annual Report, Financial Secrecy Index 2080","http://www.oecd.org/tax/transparency/GFannualreport2014.pdf, http://www.financialsecrecyindex.com/introduction/fsi-2013-results"
Vanuatu,http://www.crwflags.com/fotw/images/v/vu.gif,45,164.9674,86.67,0.00163,Waiting For Phase 2 Review,"OECD 2014 Annual Report, Financial Secrecy Index 2115","http://www.oecd.org/tax/transparency/GFannualreport2014.pdf, http://www.financialsecrecyindex.com/introduction/fsi-2013-results"
Samoa,http://www.crwflags.com/fotw/images/w/ws.gif,76,31.03195,87.6,0.00000984,Waiting For Phase 2 Review,"OECD 2014 Annual Report, Financial Secrecy Index 2110","http://www.oecd.org/tax/transparency/GFannualreport2014.pdf, http://www.financialsecrecyindex.com/introduction/fsi-2013-results"
South Africa,http://www.crwflags.com/fotw/images/z/za.gif,36,209.7911,53.43,0.26019,1. Compliant,"OECD 2014 Annual Report, Financial Secrecy Index 2030","http://www.oecd.org/tax/transparency/GFannualreport2014.pdf, http://www.financialsecrecyindex.com/introduction/fsi-2013-results"
Qatar,http://upload.wikimedia.org/wikipedia/commons/6/65/Flag_of_Qatar.svg,,,,,2. Largely Compliant,"OECD 2014 Annual Report, Financial Secrecy Index 2061","http://www.oecd.org/tax/transparency/GFannualreport2014.pdf, http://www.financialsecrecyindex.com/introduction/fsi-2013-results"
Turks and Caicos,http://upload.wikimedia.org/wikipedia/commons/a/a0/Flag_of_the_Turks_and_Caicos_Islands.svg,63,81.81755,78.27,0.000497,2. Largely Compliant,"OECD 2014 Annual Report, Financial Secrecy Index 2068","http://www.oecd.org/tax/transparency/GFannualreport2014.pdf, http://www.financialsecrecyindex.com/introduction/fsi-2013-results"
Antigua and Barbuda,http://upload.wikimedia.org/wikipedia/commons/8/89/Flag_of_Antigua_and_Barbuda.svg,67,60.47441,80,0.000165,3. Partially Compliant,"OECD 2014 Annual Report, Financial Secrecy Index 2073","http://www.oecd.org/tax/transparency/GFannualreport2014.pdf, http://www.financialsecrecyindex.com/introduction/fsi-2013-results"
Micronesia,http://upload.wikimedia.org/wikipedia/commons/e/e4/Flag_of_the_Federated_States_of_Micronesia.svg,,,,,Failed Phase 1 Review,"OECD 2014 Annual Report, Financial Secrecy Index 2090","http://www.oecd.org/tax/transparency/GFannualreport2014.pdf, http://www.financialsecrecyindex.com/introduction/fsi-2013-results"
Trindad and Tobago,http://upload.wikimedia.org/wikipedia/commons/6/64/Flag_of_Trinidad_and_Tobago.svg,,,,,Failed Phase 1 Review,"OECD 2014 Annual Report, Financial Secrecy Index 2093","http://www.oecd.org/tax/transparency/GFannualreport2014.pdf, http://www.financialsecrecyindex.com/introduction/fsi-2013-results"
Labuan - Malaysia,http://upload.wikimedia.org/wikipedia/commons/6/69/Flag_of_Labuan.svg,12,471.6878,79.53,0.08245,,"OECD 2014 Annual Report, Financial Secrecy Index 2117","http://www.oecd.org/tax/transparency/GFannualreport2014.pdf, http://www.financialsecrecyindex.com/introduction/fsi-2013-results"
Madeira - Portugal,http://en.wikipedia.org/wiki/Flag_of_Madeira,69,57.91351,39.07,0.09157,,"OECD 2014 Annual Report, Financial Secrecy Index 2119","http://www.oecd.org/tax/transparency/GFannualreport2014.pdf, http://www.financialsecrecyindex.com/introduction/fsi-2013-results"
Dubai - United Arab Emirates,http://upload.wikimedia.org/wikipedia/commons/0/07/Flag_of_Dubai.svg,16,419.0078,79,0.06138,,"OECD 2014 Annual Report, Financial Secrecy Index 2121","http://www.oecd.org/tax/transparency/GFannualreport2014.pdf, http://www.financialsecrecyindex.com/introduction/fsi-2013-results"
US Virgin Islands,http://upload.wikimedia.org/wikipedia/commons/f/f8/Flag_of_the_United_States_Virgin_Islands.svg,59,102.8635,69.4,0.00291,,"OECD 2014 Annual Report, Financial Secrecy Index 2122","http://www.oecd.org/tax/transparency/GFannualreport2014.pdf, http://www.financialsecrecyindex.com/introduction/fsi-2013-results"
