Organization Name,Organization Name URL,Category Groups,Headquarters Location,Description,CB Rank (Organization),Headquarters Regions,Operating Status,Founded Date,Closed Date,Company Type,Website,LinkedIn,Facebook,Twitter,Investor Type,Investment Stage,Number of Portfolio Organizations,Number of Investments,Number of Lead Investments,Number of Exits,Categories,Number of Founders,Number of Employees,Number of Funding Rounds,Funding Status,Last Funding Date,Last Funding Type,Last Funding Amount,Last Equity Funding Amount,Last Equity Funding Type,Total Equity Funding Amount,Total Funding Amount,Number of Lead Investors,Number of Investors,Acquisition Status,IPO Status,IPO Date,Delisted Date,Money Raised at IPO,Valuation at IPO,Contact Email,Phone Number,Number of Articles,CB Rank (Company)
Doctor On Demand,https://www.crunchbase.com/organization/doctor-on-demand,"Hardware, Health Care, Information Technology, Software","San Francisco, California, United States","Doctor On Demand is a mobile app providing fast and easy access to some of the best doctors, psychologists, and other healthcare providers.",55,"San Francisco Bay Area, Western United States",Active,"Oct 1, 2012",,For Profit,https://www.doctorondemand.com,http://www.linkedin.com/company/doctor-on-demand,http://www.facebook.com/doctorondemand,http://twitter.com/drondemand,,,,,,,"Health Care, Hospital, Virtualization",3,101-250,5,Late Stage Venture,"Apr 25, 2018",Series C,"$74,000,000","$74,000,000",Series C,"$160,749,919","$160,749,919",4,28,,Private,,,,,support@doctorondemand.com,415-504-3838,37,44
Canva,https://www.crunchbase.com/organization/canva,"Apps, Content and Publishing, Design, Media and Entertainment, Software","Sydney, New South Wales, Australia","Canva facilitates graphic design by providing a drag-and-drop design tool and a library of stock photographs, graphic elements, and fonts.",56,,Active,2012,,For Profit,http://www.canva.com,http://www.linkedin.com/company/canva,http://www.facebook.com/canva,http://twitter.com/canva,,,,,,,"Graphic Design, Photo Editing, Web Apps, Web Design",3,101-250,9,Late Stage Venture,"Jan 9, 2018",Series C,"$40,000,000","$40,000,000",Series C,"$82,600,000","$82,955,000",4,23,Made Acquisitions,Private,,,,,press@canva.com,,378,45
TaskRabbit,https://www.crunchbase.com/organization/taskrabbit,"Apps, Commerce and Shopping, Data and Analytics, Internet Services, Mobile, Navigation and Mapping, Real Estate, Software","San Francisco, California, United States","TaskRabbit is a platform that matches up users with help on furniture assembly, moving, and other handyman services.",154,"San Francisco Bay Area, Western United States",Active,"Jan 1, 2008",,For Profit,http://www.taskrabbit.com,http://www.linkedin.com/company/taskrabbit,http://www.facebook.com/TaskRabbit,http://twitter.com/TaskRabbit,,,,,,,"Apps, E-Commerce, Home Services, Location Based Services, Mobile, Sharing Economy",3,51-100,7,M&A,"Aug 1, 2015",Secondary Market,,"$13,000,000",Series C,"$37,675,000","$37,675,000",2,14,"Made Acquisitions, Was Acquired",Private,,,,,help@taskrabbit.com,877-617-8275,"1,361",134
Leanplum,https://www.crunchbase.com/organization/leanplum,"Apps, Commerce and Shopping, Data and Analytics, Mobile, Sales and Marketing, Software","San Francisco, California, United States","Leanplum is the most complete mobile marketing platform, delivering meaningful engagement across messaging and the in-app experience.",159,"San Francisco Bay Area, Western United States",Active,2012,,For Profit,https://www.leanplum.com,http://www.linkedin.com/company/leanplum,http://www.facebook.com/leanplum,http://twitter.com/leanplum,,,,,,,"Analytics, Apps, E-Commerce, Marketing Automation, Mobile",2,101-250,7,Late Stage Venture,"Apr 24, 2018",Series D,"$5,000,000","$5,000,000",Series D,"$98,225,000","$98,325,000",5,15,,Private,,,,,contact@leanplum.com,844-532-6758,105,139
Dollar Shave Club,https://www.crunchbase.com/organization/dollar-shave-club,"Commerce and Shopping, Internet Services","Santa Monica, California, United States","Dollar Shave Club makes and delivers everything you need to look, feel, and shave like a million bucks.",180,Western United States,Active,2011,,For Profit,http://www.dollarshaveclub.com,https://www.linkedin.com/company/dollar-shave-club,http://www.facebook.com/DollarShaveClub,http://twitter.com/DollarShaveClub,,,,,,,"E-Commerce, Internet, Retail",2,101-250,8,M&A,"Nov 19, 2015",Series D,"$90,700,000","$90,700,000",Series D,"$163,500,000","$163,500,000",5,27,Was Acquired,Private,,,,,karen@dollarshaveclub.com,310-975-8528,"1,581",158
Turo,https://www.crunchbase.com/organization/turo,"Commerce and Shopping, Transportation","San Francisco, California, United States",Turo offers car owners and travelers in the U.S. and Canada with a service to share vehicles by renting them.,288,"San Francisco Bay Area, Western United States",Active,2009,,For Profit,https://turo.com/,http://www.linkedin.com/company/relayrides,https://www.facebook.com/Turo/,https://twitter.com/turo,,,,,,,"Car Sharing, Marketplace, Peer to Peer, Transportation",1,101-250,13,Late Stage Venture,"Feb 20, 2018",Secondary Market,,"$104,000,000",Series D,"$184,350,000","$184,400,000",5,19,Made Acquisitions,Private,,,,,,+118667352901,477,258
Nextdoor,https://www.crunchbase.com/organization/nextdoor,"Community and Lifestyle, Government and Military, Information Technology, Internet Services, Media and Entertainment, Privacy and Security","San Francisco, California, United States",Nextdoor is a private social network that enables members to communicate with neighbors.,399,"San Francisco Bay Area, Western United States",Active,2010,,For Profit,http://nextdoor.com,https://www.linkedin.com/company/1916708?,http://www.facebook.com/nextdoor,http://twitter.com/nextdoor,,,,,,,"Communities, GovTech, Internet, Privacy, Private Social Networking, Social Media",5,101-250,5,Late Stage Venture,"Dec 11, 2017",Series E,"$75,000,000","$75,000,000",Series E,"$285,200,000","$285,200,000",6,19,,Private,,,,,feedback@nextdoor.com,,400,365
Anaplan,https://www.crunchbase.com/organization/anaplan,"Information Technology, Sales and Marketing, Software","San Francisco, California, United States",Anaplan provides a connected planning platform that helps businesses make better-informed plans and decisions faster.,445,"San Francisco Bay Area, Western United States",Active,2006,,For Profit,https://www.anaplan.com/,http://www.linkedin.com/company/658814,http://www.facebook.com/anaplan,http://twitter.com/anaplan,,,,,,,"Enterprise Software, Information Technology, Sales",2,501-1000,13,Late Stage Venture,"Feb 20, 2018",Secondary Market,,"$60,000,000",Series F,"$299,900,000","$299,900,000",6,16,Made Acquisitions,Private,,,,,info@anaplan.com,7859798720,257,408
Nest Labs,https://www.crunchbase.com/organization/nest-labs,"Consumer Electronics, Hardware, Manufacturing, Real Estate","Palo Alto, California, United States","Nest Labs is a home automation company manufacturing sensor-driven, Wi-Fi-enabled, self-learning thermostats and smoke detectors.",448,"San Francisco Bay Area, Silicon Valley, Western United States",Active,"May 25, 2010",,For Profit,http://www.nest.com,https://www.linkedin.com/company/2374003/,https://www.facebook.com/nest,http://twitter.com/nest,,,,,,,"Manufacturing, Sensor, Smart Home",2,1001-5000,3,M&A,"Jan 30, 2013",Series C,"$80,000,000","$80,000,000",Series C,"$80,000,000","$80,000,000",1,11,"Made Acquisitions, Was Acquired",Private,,,,,info@nest.com,(855)469-6378,946,411
Turn,https://www.crunchbase.com/organization/turn,"Advertising, Sales and Marketing, Software","Redwood City, California, United States",Turn offers data and media management platform technologies and a data management platform to centralize offline and online marketing data.,488,"San Francisco Bay Area, Silicon Valley, Western United States",Active,2004,,For Profit,http://www.turn.com,https://www.linkedin.com/company/167789,http://www.facebook.com/TurnInc,http://twitter.com/TurnPlatform,,,,,,,"Advertising, Enterprise Software, Marketing",1,501-1000,9,M&A,"Mar 15, 2016",Debt Financing,"$13,760,060","$80,000,000",Series E,"$163,500,000","$177,260,060",4,12,Was Acquired,Private,,,,,support@turn.com,(650) 353-4399,675,450
Zuora,https://www.crunchbase.com/organization/zuora,"Financial Services, Health Care, Payments, Software","San Mateo, California, United States",Zuora Lets Companies Of All Sizes Sell Subscription-Based Goods & Services.,528,"San Francisco Bay Area, Silicon Valley, Western United States",Active,"Apr 24, 2018",,For Profit,https://www.zuora.com/,https://www.linkedin.com/company/zuora/,https://www.facebook.com/zuora/,https://twitter.com/Zuora,,,,,,,"Billing, Developer APIs, FinTech, Health Care, Payments, SaaS",3,501-1000,8,IPO,"Oct 11, 2017",Series F,,,Series F,"$242,500,000","$242,500,000",11,18,Made Acquisitions,Public,"Apr 12, 2018",,"$154,000,000","$1,449,000,000",info@zuora.com,(800) 425-1281,492,487
Apptio,https://www.crunchbase.com/organization/apptio,"Information Technology, Software","Bellevue, Washington, United States",Apptio is a provider of SaaS-based Technology Business Management (TBM) solutions for managing businesses in the IT field.,536,Western United States,Active,"Nov 1, 2007",,For Profit,http://www.apptio.com,http://www.linkedin.com/company/apptio,http://www.facebook.com/Apptio,http://twitter.com/apptio,,,,,,,"Enterprise Software, Information Technology, SaaS",3,501-1000,9,IPO,"Mar 23, 2018",Convertible Note,"$125,000,000",,Undisclosed,"$136,000,000","$261,000,000",7,12,Made Acquisitions,Public,"Sep 23, 2016",,"$96,000,000","$872,000,000",info@apptio.com,(866) 470-0320,392,495
Spiceworks,https://www.crunchbase.com/organization/spiceworks,"Community and Lifestyle, Information Technology, Internet Services, Media and Entertainment, Professional Services, Software","Austin, Texas, United States",Spiceworks is the professional network for the IT industry.,932,Southern United States,Active,"Jan 2, 2006",,,http://www.spiceworks.com,http://www.linkedin.com/company/spiceworks,http://www.facebook.com/Spiceworks,http://twitter.com/spiceworks,,,,,,,"IT Management, Professional Networking, Social Media, Software",4,101-250,5,Late Stage Venture,"Feb 4, 2014",Series E,"$57,000,000","$57,000,000",Series E,"$111,000,000","$111,000,000",4,6,,Private,,,,,info@spiceworks.com,,287,877
Fetch Robotics,https://www.crunchbase.com/organization/fetch-robotics,"Hardware, Manufacturing, Science and Engineering, Software","San Jose, California, United States",Fetch Robotics is an industrial robotics startup that develops mobile robot solutions for the warehousing and logistical markets.,941,"San Francisco Bay Area, Silicon Valley, Western United States",Active,2014,,For Profit,http://fetchrobotics.com/,https://www.linkedin.com/company/fetch-robotics,https://www.facebook.com/fetchrobotics/,https://twitter.com/fetchrobotics,,,,,,,"Industrial, Industrial Automation, Robotics",1,101-250,3,Early Stage Venture,"Dec 6, 2017",Series B,"$25,000,000","$25,000,000",Series B,"$48,000,000","$48,000,000",4,4,,Private,,,,,info@fetchrobotics.com,408-300-9056,37,884
Valimail,https://www.crunchbase.com/organization/valimail,"Information Technology, Internet Services, Messaging and Telecommunications, Privacy and Security","San Francisco, California, United States",Valimail authenticates legitimate email and blocks phishing attacks.,950,"San Francisco Bay Area, Western United States",Active,"Mar 1, 2015",,For Profit,https://www.valimail.com,https://www.linkedin.com/company/valimail/,,https://twitter.com/valimail,,,,,,,"Cyber Security, Email, Internet",2,11-50,3,Early Stage Venture,"Nov 2, 2016",Series A,"$12,000,000","$12,000,000",Series A,"$14,799,999","$14,799,999",1,4,,Private,,,,,info@valimail.com,,69,893
Path,https://www.crunchbase.com/organization/path,"Content and Publishing, Information Technology, Internet Services, Media and Entertainment, Messaging and Telecommunications, Mobile","San Francisco, California, United States",Path is a mobile photo-sharing and messaging service for building personal social networks with up to 150 contacts.,"1,066","San Francisco Bay Area, Western United States",Active,"Nov 1, 2010",,For Profit,https://path.com/,http://www.linkedin.com/company/path_4,http://www.facebook.com/path,http://twitter.com/path,,,,,,,"Messaging, Mobile, Photo Sharing",3,51-100,5,M&A,"Jan 10, 2014",Series C,"$25,000,000","$25,000,000",Series C,"$66,150,000","$66,150,000",3,39,"Made Acquisitions, Was Acquired",Private,,,,,info@path.com,415-704-5025,"2,040","1,003"
Suplari,https://www.crunchbase.com/organization/suplari,"Artificial Intelligence, Data and Analytics, Science and Engineering, Software","Seattle, Washington, United States",Suplari focuses on leveraging machine learning to help enterprises change the way they manage their suppliers and costs.,"1,161",Western United States,Active,2016,,For Profit,http://www.suplari.com/,https://www.linkedin.com/company/17954343/,https://www.facebook.com/pg/suplari/jobs/179112995978284/,https://twitter.com/suplari_com,,,,,,,"Artificial Intelligence, Enterprise Software, Machine Learning",1,1-10,2,Early Stage Venture,"Apr 5, 2018",Series A,"$10,300,000","$10,300,000",Series A,"$13,400,000","$13,400,000",3,5,,Private,,,,,info@suplari.com,425-610-9496,1,"1,091"
ClassDojo,https://www.crunchbase.com/organization/classdojo,"Education, Software","San Francisco, California, United States","ClassDojo is a classroom communication app that makes it easy for teachers, parents, and students to share what’s happening at school.","1,271","San Francisco Bay Area, Western United States",Active,"Jun 1, 2011",,For Profit,http://www.classdojo.com,http://www.linkedin.com/company/2293241,http://www.facebook.com/classdojo,http://twitter.com/classdojo,,,,,,,"EdTech, Education, Knowledge Management",2,11-50,4,Early Stage Venture,"Apr 15, 2016",Series B,"$21,000,000","$21,000,000",Series B,"$31,100,000","$31,100,000",1,24,,Private,,,,,hello@classdojo.com,650-503-3656,98,"1,197"
eero,https://www.crunchbase.com/organization/eero,"Consumer Electronics, Hardware, Internet Services, Mobile","San Francisco, California, United States",Eero offers a Wi-Fi system for household use.,"1,329","San Francisco Bay Area, Western United States",Active,"Feb 1, 2015",,For Profit,https://www.eero.com/,https://www.linkedin.com/company/eero,https://www.facebook.com/eero/,https://twitter.com/geteero,,,,,,,"Consumer Electronics, Internet, Internet of Things, Wireless",3,51-100,4,Late Stage Venture,"Jul 18, 2016",Series C,,,Series C,"$90,000,000","$90,000,000",3,15,Made Acquisitions,Private,,,,,,1(877)659-2347,17,"1,251"
Starship Technologies,https://www.crunchbase.com/organization/starship-technologies,"Food and Beverage, Hardware, Science and Engineering, Software, Transportation","San Francisco, California, United States",Starship Technologies develops self-driving delivery robots.,"1,336","San Francisco Bay Area, Western United States",Active,"Jul 1, 2014",,For Profit,https://www.starship.xyz/,https://www.linkedin.com/company/starship-technologies,https://www.facebook.com/starshiptech/,https://twitter.com/StarshipRobots,,,,,,,"Delivery Service, Food Delivery, Robotics, Transportation",2,101-250,2,Seed,"Jan 12, 2017",Seed,"$17,200,000","$17,200,000",Seed,"$17,200,000","$17,200,000",1,9,,Private,,,,,info@starship.xyz,,141,"1,257"
Bloc,https://www.crunchbase.com/organization/bloc-2,"Design, Education, Mobile, Platforms, Software","San Francisco, California, United States",Bloc is a mentor-led online bootcamp for aspiring software developers and designers.,"1,376","San Francisco Bay Area, Western United States",Active,"Dec 14, 2011",,For Profit,https://www.bloc.io,,http://www.facebook.com/trybloc,http://twitter.com/trybloc,,,,,,,"Android, Education, iOS, Web Design, Web Development",2,51-100,3,M&A,"Nov 18, 2014",Series A,"$6,000,000","$6,000,000",Series A,"$8,250,000","$8,250,000",2,5,Was Acquired,Private,,,,,help@bloc.io,(404) 480-2562,17,"1,295"
Smule,https://www.crunchbase.com/organization/smule,"Apps, Media and Entertainment, Mobile, Music and Audio, Software","San Francisco, California, United States","Smule is a developer of interactive sonic applications for the iPhone, iPad and iPod touch.","1,450","San Francisco Bay Area, Western United States",Active,2008,,For Profit,http://www.smule.com,https://www.linkedin.com/company/smule-inc.,http://www.facebook.com/Smule,http://twitter.com/smule,,,,,,,"Audio, Mobile, Mobile Apps, Music",2,101-250,10,Late Stage Venture,"May 8, 2017",Series H,"$54,000,000","$54,000,000",Series H,"$144,450,000","$156,450,000",5,10,Made Acquisitions,Private,,,,,,,310,"1,366"
Airspace Systems Inc.,https://www.crunchbase.com/organization/defense-labs,"Artificial Intelligence, Consumer Electronics, Consumer Goods, Data and Analytics, Hardware, Science and Engineering, Software","San Francisco, California, United States",Airspace Systems is a Silicon Valley-based company leading the development of aerial security systems for enterprise.,"1,454","San Francisco Bay Area, Western United States",Active,"Sep 24, 2015",,For Profit,http://www.airspace.co,https://www.linkedin.com/company/10689766,https://www.facebook.com/AirspaceSystem,https://twitter.com/airspacesystems,,,,,,,"Artificial Intelligence, Computer Vision, Drones, Machine Learning, Robotics",3,11-50,2,Early Stage Venture,"Mar 12, 2018",Series A,"$20,000,000","$20,000,000",Series A,"$25,000,000","$25,000,000",1,9,,Private,,,,,,,5,"1,370"
Lithium Technologies,https://www.crunchbase.com/organization/lithiumtechnologies,"Commerce and Shopping, Community and Lifestyle, Information Technology, Internet Services, Media and Entertainment, Sales and Marketing, Software","San Francisco, California, United States",Lithium builds community and social media management software that helps the world's best brands connect with customers on digital channels.,"1,613","San Francisco Bay Area, Western United States",Active,"Aug 6, 2001",,For Profit,http://www.lithium.com,http://www.linkedin.com/company/28789,http://www.facebook.com/LithiumTechnologies,http://twitter.com/lithiumtech,,,,,,,"Communities, Customer Service, E-Commerce, Internet, Social CRM, Social Media, Social Media Management, Social Media Marketing, Software",3,251-500,15,M&A,"Apr 8, 2014",Venture - Series Unknown,"$50,000,000","$50,000,000",Venture - Series Unknown,"$201,650,012","$201,650,012",4,12,"Made Acquisitions, Was Acquired",Private,,,,,marketing@lithium.com, (415) 757-3100,196,"1,519"
Survios,https://www.crunchbase.com/organization/survios,"Gaming, Hardware, Software","Culver City, California, United States","Team of Dreamers, Makers, Artists, Thinkers, and Gamers. Focus: Engaging games. Immersive tech. Unparalleled presence.","1,637",Western United States,Active,"May 28, 2013",,For Profit,http://survios.com,http://www.linkedin.com/company/survios,http://www.facebook.com/surviosvr,http://twitter.com/survios,,,,,,,"Gaming, Hardware, Virtual Reality",3,51-100,3,Late Stage Venture,"Dec 13, 2016",Series C,"$50,000,000","$50,000,000",Series C,"$54,200,000","$54,200,000",3,11,,Private,,,,,info@survios.com,,44,"1,543"
Glint,https://www.crunchbase.com/organization/glint,"Professional Services, Software","Redwood City, California, United States",Glint offers an employee engagement platform.,"1,656","San Francisco Bay Area, Silicon Valley, Western United States",Active,"Sep 1, 2013",,For Profit,http://www.glintinc.com,http://www.linkedin.com/company/glint-inc-,https://www.facebook.com/glintinc,https://twitter.com/glintinc,,,,,,,"Enterprise Software, Human Resources, Recruiting",2,101-250,5,Late Stage Venture,"Nov 2, 2017",Series D,"$20,000,000","$20,000,000",Series D,"$79,500,000","$79,500,000",4,5,,Private,,,,,support@glintinc.com,650.817.7240,3,"1,562"
Airware,https://www.crunchbase.com/organization/airware,"Consumer Electronics, Consumer Goods, Data and Analytics, Hardware, Science and Engineering, Software","San Francisco, California, United States",Airware is the world’s #1 enterprise drone analytics company.,"1,721","San Francisco Bay Area, Western United States",Active,"May 1, 2011",,For Profit,https://www.airware.com,https://www.linkedin.com/company/2599582,https://www.facebook.com/pages/Airware/213102252060709,https://twitter.com/Airware,,,,,,,"Aerospace, Analytics, Drones, Enterprise Software, Robotics",1,11-50,10,Seed,"Sep 21, 2017",Seed,,,Seed,"$109,330,000","$109,550,000",4,20,Made Acquisitions,Private,,,,,pr@airware.com,,203,"1,627"
Bill.com,https://www.crunchbase.com/organization/bill-com,"Apps, Financial Services, Payments, Software","Palo Alto, California, United States",Bill.com is the leading digital business payments company creating magically simple AP and AR solutions.,"1,863","San Francisco Bay Area, Silicon Valley, Western United States",Active,"Aug 1, 2006",,For Profit,http://www.bill.com,https://www.linkedin.com/company-beta/113254/,http://www.facebook.com/billcom,http://twitter.com/billcom,,,,,,,"Apps, Billing, Financial Services, SaaS",1,251-500,10,,"Oct 10, 2017",Venture - Series Unknown,"$100,000,000","$100,000,000",Venture - Series Unknown,"$259,100,000","$259,100,000",9,20,,Private,,,,,marketing@hq.bill.com,650-621-7700,139,"1,763"
Boomerang Commerce,https://www.crunchbase.com/organization/boomerang-commerce,"Commerce and Shopping, Data and Analytics, Internet Services","Mountain View, California, United States",Boomerang’s technology platform empowers profitable growth through data driven merchandising decisions.,"2,038","San Francisco Bay Area, Silicon Valley, Western United States",Active,"Jul 15, 2012",,For Profit,http://www.BoomerangCommerce.com,http://www.linkedin.com/company/3240435,http://www.facebook.com/boomerangcommerce,https://twitter.com/boomerangcommer,,,,,,,"Analytics, E-Commerce, Internet, Retail",1,101-250,2,Early Stage Venture,"Jan 14, 2016",Series B,"$12,000,000","$12,000,000",Series B,"$20,500,000","$20,500,000",3,3,,Private,,,,,press@boomerangcommerce.com,(434) 323-5431,35,"1,934"
Upserve,https://www.crunchbase.com/organization/swipely,"Food and Beverage, Information Technology, Software, Travel and Tourism","Providence, Rhode Island, United States",Upserve is the smart management assistant that puts everything restaurateurs need to know in one place.,"2,251","New England, Northeastern United States",Active,"Oct 1, 2009",,For Profit,http://upserve.com,http://www.linkedin.com/company/upserve,http://www.facebook.com/upserve,http://twitter.com/getupserve,,,,,,,"Hospitality, Information Technology, Restaurants, SaaS, Service Industry, Software",1,101-250,6,,"Jul 6, 2017",Venture - Series Unknown,,,Venture - Series Unknown,"$40,500,000","$40,500,000",4,14,Made Acquisitions,Private,,,,,press@upserve.com,(855)664-3887,135,"2,140"
CloudPassage,https://www.crunchbase.com/organization/cloudpassage,"Hardware, Information Technology, Privacy and Security, Software","San Francisco, California, United States",CloudPassage offers a server security and compliance platform that works seamlessly across data centers and elastic infrastructure.,"2,460","San Francisco Bay Area, Western United States",Active,2009,,For Profit,https://www.cloudpassage.com,http://www.linkedin.com/company/1119823,http://www.facebook.com/CloudPassage,http://twitter.com/cloudpassage,,,,,,,"Cloud Security, Data Center, Enterprise Software, Network Security, Security",3,101-250,5,Late Stage Venture,"Aug 11, 2015",Series D,"$35,900,000","$35,900,000",Series D,"$88,900,000","$88,900,000",4,7,,Private,,,,,info@cloudpassage.com,(800) 215-7404,126,"2,342"
Cherry,https://www.crunchbase.com/organization/cherry,Transportation,"San Francisco, California, United States","Cherry, an on-demand car wash service, allows customers to park anywhere, check in online, and have their car washed where they left it.","2,541","San Francisco Bay Area, Western United States",Closed,2011,,,http://cherry.com,,,http://twitter.com/cherry,,,,,,,Automotive,2,1-10,2,M&A,"Apr 17, 2012",Series A,"$4,500,000","$4,500,000",Series A,"$5,250,000","$5,250,000",2,8,Was Acquired,Private,,,,,hello@cherry.com,,16,"2,419"
Stance,https://www.crunchbase.com/organization/stance,"Clothing and Apparel, Community and Lifestyle, Consumer Electronics, Design, Hardware","San Clemente, California, United States",Stance is a premium sock brand dedicated to the spirit of individuality. ,"2,557",Western United States,Active,2009,,For Profit,http://www.stance.com/,http://www.linkedin.com/company/stance-socks,http://www.facebook.com/StanceSocks,http://twitter.com/stance,,,14,16,,3,"Fashion, Lifestyle, Wearables",5,101-250,5,Late Stage Venture,"Apr 28, 2016",Series D,"$30,000,000","$30,000,000",Series D,"$116,000,000","$116,000,000",2,22,,Private,,,,,noelleb@stance.com,(949) 391-9030,6,"2,435"
Simple,https://www.crunchbase.com/organization/banksimple,"Financial Services, Lending and Investments, Software","Portland, Oregon, United States",Simple is a web and mobile application that unifies various accounts into one accessible bank card..,"2,624",Western United States,Active,2009,,For Profit,http://simple.com,http://www.linkedin.com/company/simple-finance,http://www.facebook.com/simple,http://twitter.com/simple,,,,,,,"Banking, Enterprise Software, Financial Services, FinTech",3,251-500,4,M&A,"Jun 11, 2013",Series C,"$2,200,000","$2,200,000",Series C,"$15,290,000","$15,290,000",4,12,Was Acquired,Private,,,,,hello@simple.com,(888) 248-0632,397,"2,501"
Entelo,https://www.crunchbase.com/organization/entelo,"Professional Services, Software","San Francisco, California, United States","Entelo's recruiting platform enables top talent professionals to find, qualify, and engage with top talent.","2,644","San Francisco Bay Area, Western United States",Active,"May 1, 2011",,For Profit,http://www.entelo.com,http://www.linkedin.com/company/entelo,http://www.facebook.com/Entelo,http://twitter.com/entelo,,,,,,,"Human Resources, Recruiting, SaaS, Software",2,101-250,6,Late Stage Venture,"Jun 15, 2017",Series C,"$20,000,000","$20,000,000",Series C,"$40,675,487","$40,675,487",3,6,,Private,,,,,contact@entelo.com,(415)689-7774,83,"2,521"
Spire,https://www.crunchbase.com/organization/spire,"Community and Lifestyle, Data and Analytics, Information Technology, Internet Services, Media and Entertainment, Software","San Francisco, California, United States","Spire Global Inc. is a space to cloud data analytics company utilizing satellites to provide maritime, aviation, and weather tracking.","2,718","San Francisco Bay Area, Western United States",Active,2006,,For Profit,http://www.spire.com,https://www.linkedin.com/company/spireglobal,https://www.facebook.com/spireglobal,https://www.twitter.com/spireglobal,,,1,1,,,"Business Development, Content, Data Integration, Information Services, Lifestyle, Web Hosting",3,101-250,12,Late Stage Venture,"Nov 16, 2017",Series C,"$70,000,000","$70,000,000",Series C,"$146,500,000","$149,500,000",4,21,,Private,,,,,info@spire.com,415-356-3400,15,"2,592"
Skilljar,https://www.crunchbase.com/organization/skilljar,"Education, Internet Services, Software","Seattle, Washington, United States",Skilljar is the leading customer training platform for enterprises to accelerate product adoption and improve customer retention.,"2,735",Western United States,Active,2013,,For Profit,https://www.skilljar.com,http://www.linkedin.com/company/skilljar,http://www.facebook.com/skilljar,http://twitter.com/skilljar,,,,,,,"B2B, Enterprise Software, Internet, SaaS, Software, Training",2,11-50,3,Early Stage Venture,"Mar 14, 2018",Series A,"$16,400,000","$16,400,000",Series A,"$20,100,000","$20,100,000",3,9,,Private,,,,,info@skilljar.com,,18,"2,609"
Frame.io,https://www.crunchbase.com/organization/frame-io,"Media and Entertainment, Mobile, Platforms, Software, Video","New York, New York, United States","Frame.io is an online platform that enables its users to privately upload, review, and share video with their teams.","2,900","Great Lakes, Northeastern United States",Active,"Feb 7, 2014",,For Profit,http://Frame.io,https://www.linkedin.com/company/frame-io,https://www.facebook.com/pages/Frameio/247607788739868,https://twitter.com/frame_io,,,,,,,"iOS, Media and Entertainment, Video",2,11-50,3,Early Stage Venture,"Oct 2, 2017",Series B,"$20,000,000","$20,000,000",Series B,"$32,200,000","$32,200,000",2,14,,Private,,,,,,,5,"2,769"
Stealth Security,https://www.crunchbase.com/organization/stealth-security,"Financial Services, Information Technology, Payments, Privacy and Security","Mountain View, California, United States","Stealth Security offers a web security platform that enables companies to protect their web, mobile, and API channels.","2,959","San Francisco Bay Area, Silicon Valley, Western United States",Active,2014,,For Profit,https://www.stealthsec.com/,https://www.linkedin.com/company/stealth-security-inc-,,https://twitter.com/stealthsecinc,,,,,,,"Cyber Security, Fraud Detection, Network Security",2,11-50,3,Early Stage Venture,"Feb 14, 2018",Series A,"$8,000,000","$8,000,000",Series A,"$12,500,000","$12,500,000",1,8,,Private,,,,,,,4,"2,828"
Highspot,https://www.crunchbase.com/organization/highspot-2,"Information Technology, Sales and Marketing, Software","Seattle, Washington, United States",Highspot powers modern businesses with the industry’s highest-rated sales enablement platform that sales reps love. ,"3,059",Western United States,Active,2012,,For Profit,https://www.highspot.com,http://www.linkedin.com/company/highspot,https://www.facebook.com/highspotinc/info/?tab=overview,http://twitter.com/Highspot,,,,,,,"Enterprise Software, Sales Automation, Software",4,51-100,3,Early Stage Venture,"Jun 15, 2017",Series B,"$15,000,000","$15,000,000",Series B,"$24,600,000","$26,850,000",2,4,,Private,,,,,sales@highspot.com,(206)535-2855,39,"2,924"
Starsky Robotics,https://www.crunchbase.com/organization/starsky-robotics,"Hardware, Science and Engineering, Software, Transportation","San Francisco, California, United States",Starsky Robotics is a San Francisco-based autonomous trucking company.,"3,070","San Francisco Bay Area, Western United States",Active,"Feb 1, 2016",,For Profit,http://starskyrobotics.com,https://www.linkedin.com/company/starsky-robotics?trk=top_nav_home,https://www.facebook.com/StarskyRobotics/,https://twitter.com/@StarskyRobotics,,,,,,,"Autonomous Vehicles, Robotics, Transportation",2,,3,Early Stage Venture,"Mar 8, 2018",Series A,"$16,500,000","$16,500,000",Series A,"$20,250,000","$20,250,000",1,17,,Private,,,,,contact@starskyrobotics.com,,11,"2,935"
Zwift,https://www.crunchbase.com/organization/zwift,"Gaming, Internet Services, Media and Entertainment, Sports","Long Beach, California, United States","Zwift develops a massive, multiplayer video game technology that caters to the cycling, running and fitness communities.","3,107",Western United States,Active,2014,,For Profit,http://www.zwift.com,https://www.linkedin.com/company/5233302,https://www.facebook.com/gozwift,https://twitter.com/GoZwift,,,,,,,"Content, Cycling, Fitness, Internet, Video Games",4,101-250,4,Early Stage Venture,"Nov 16, 2016",Series A,"$27,150,000","$27,150,000",Series A,"$44,500,000","$44,500,000",1,7,,Private,,,,,info@zwift.com,,30,"2,971"
Hinge,https://www.crunchbase.com/organization/hinge,"Community and Lifestyle, Internet Services, Media and Entertainment, Mobile, Platforms, Software","New York, New York, United States",Hinge is a social discovery network helping users meet new people through friends.,"3,202","Great Lakes, Northeastern United States",Active,"Feb 1, 2011",,For Profit,http://hinge.co,http://www.linkedin.com/company/hinge-app,https://www.facebook.com/hinge,http://twitter.com/hingeapp,,,,,,,"Android, Dating, Internet, Mobile, Social Media",1,11-50,4,Early Stage Venture,"Dec 11, 2014",Series A,"$12,000,000","$12,000,000",Series A,"$16,100,000","$20,600,000",2,21,,Private,,,,,hello@hinge.co,,135,"3,065"
SteelBrick,https://www.crunchbase.com/organization/steelbrick,"Commerce and Shopping, Information Technology, Internet Services, Sales and Marketing, Software","San Mateo, California, United States",SteelBrick provides Next Generation Quote-to-Cash apps that are fast and easy to deploy and built 100% native on the Salesforce Platform.,"3,244","San Francisco Bay Area, Silicon Valley, Western United States",Active,2009,,For Profit,http://steelbrick.com,https://www.linkedin.com/company/steelbrick,https://www.facebook.com/SteelBrick/info?tab=overview,http://twitter.com/steelbrick,,,,,,,"Cloud Computing, CRM, Price Comparison, SaaS, Software",1,101-250,5,M&A,"Oct 13, 2015",Series C,"$48,000,000","$48,000,000",Series C,"$77,500,000","$77,700,000",3,7,"Made Acquisitions, Was Acquired",Private,,,,,info@steelbrick.com,(650) 627-7030,129,"3,106"
SendBird,https://www.crunchbase.com/organization/sendbird,"Hardware, Information Technology, Internet Services, Messaging and Telecommunications, Mobile, Software","Redwood City, California, United States",SendBird is the most scalable and powerful chat API in the world.,"3,276","San Francisco Bay Area, Silicon Valley, Western United States",Active,"Feb 3, 2013",,For Profit,https://sendbird.com,https://www.linkedin.com/company/sendbird,https://www.facebook.com/sendbird,https://twitter.com/sendbird,,,,,,,"Communications Infrastructure, Developer APIs, Messaging, Mobile, Video Chat",4,11-50,3,Early Stage Venture,"Dec 19, 2017",Series A,"$16,000,000","$16,000,000",Series A,"$18,720,000","$18,720,000",3,9,,Private,,,,,support@sendbird.com,,7,"3,137"
Whisper,https://www.crunchbase.com/organization/whisper,"Media and Entertainment, Mobile","Venice, California, United States","Whisper is an AI powered media company. Each month, over 250 million people across the web consume Whisper content.","3,300",Western United States,Active,2012,,For Profit,http://whisper.sh,http://www.linkedin.com/company/whisper-app,http://www.facebook.com/WhisperApp,https://twitter.com/Whisper,,,,,,,"Media and Entertainment, Mobile",2,51-100,6,Late Stage Venture,"Jun 9, 2014",Secondary Market,,"$36,000,000",Series C,"$61,000,000","$61,000,000",3,16,,Private,,,,,,,398,"3,160"
The Farmer's Dog,https://www.crunchbase.com/organization/the-farmer-s-dog,Commerce and Shopping,"New York, New York, United States","The Farmer's Dog makes balanced and freshly made pet food, personalized for your dog and delivered to your door.","3,390","Great Lakes, Northeastern United States",Active,2014,,For Profit,https://thefarmersdog.com,,https://www.facebook.com/thefarmersdog,https://twitter.com/farmersdog,,,,,,,"E-Commerce, Personalization, Subscription Service",2,1-10,2,Early Stage Venture,"May 18, 2017",Series A,"$8,100,000","$8,100,000",Series A,"$10,100,000","$10,100,000",2,6,,Private,,,,,help@thefarmersdog.com,+1 (646) 780-7957,6,"3,246"
Scalyr,https://www.crunchbase.com/organization/scalyr,"Data and Analytics, Information Technology, Internet Services, Software","San Mateo, California, United States",Scalyr offers a cloud platform for high-speed log management and server monitoring.,"3,470","San Francisco Bay Area, Silicon Valley, Western United States",Active,2011,,For Profit,http://www.scalyr.com,https://www.linkedin.com/company-beta/9520422/,https://www.facebook.com/scalyr/,http://twitter.com/scalyr,,,,,,,"Analytics, Cloud Computing, Enterprise Software, Information Technology, SaaS",2,11-50,3,Early Stage Venture,"Nov 20, 2017",Series A,"$20,000,000","$20,000,000",Series A,"$22,100,000","$22,100,000",2,8,,Private,,,,,contact@scalyr.com,,5,"3,324"
TigerText,https://www.crunchbase.com/organization/tigertext,"Data and Analytics, Hardware, Health Care, Information Technology, Internet Services, Messaging and Telecommunications, Mobile, Privacy and Security, Professional Services, Software","Santa Monica, California, United States",TigerText is the nation’s leading provider of clinical communication solutions for the healthcare industry.,"3,541",Western United States,Active,"Feb 1, 2010",,For Profit,http://www.tigertext.com,http://www.linkedin.com/company/tigertext,http://www.facebook.com/TigerText,http://twitter.com/tigertext,,,,,,,"Communications Infrastructure, Compliance, Health Care, Messaging, mHealth, Privacy, Text Analytics",2,101-250,5,Late Stage Venture,"Nov 12, 2015",Series C,"$50,000,000","$50,000,000",Series C,"$81,100,000","$81,100,000",5,13,,Private,,,,,support@tigertext.com,(800)572-0470,170,"3,391"
Lucidworks,https://www.crunchbase.com/organization/lucidworks,"Data and Analytics, Internet Services, Software","San Francisco, California, United States",Lucidworks builds enterprise search solutions for some of the world’s largest brands.,"3,548","San Francisco Bay Area, Western United States",Active,2007,,For Profit,http://www.lucidworks.com,http://www.linkedin.com/company/lucidworks,http://www.facebook.com/pages/Lucidworks/245360168771,http://twitter.com/lucidworks,,,,,,,"Analytics, Cloud Computing, Open Source, Search Engine",2,101-250,7,Late Stage Venture,"Jun 27, 2016",Debt Financing,"$6,000,000","$21,000,000",Series D,"$52,999,999","$58,999,999",2,7,Made Acquisitions,Private,,,,,,(415) 329-6515,42,"3,398"
Plastic Jungle,https://www.crunchbase.com/organization/plastic-jungle,"Commerce and Shopping, Financial Services","San Mateo, California, United States","Plastic Jungle, a web-based gift card exchange platform, enables users to buy, sell and swap gift cards for other forms of purchasing power.","3,569","San Francisco Bay Area, Silicon Valley, Western United States",Active,"Nov 1, 2006",,,http://www.plasticjungle.com,,http://www.facebook.com/CardCash,http://twitter.com/PlasticJungle,,,,,,,"E-Commerce, Gift Card, Gift Exchange",1,51-100,4,M&A,"Jan 18, 2012",Venture - Series Unknown,,,Venture - Series Unknown,"$22,200,000","$22,200,000",4,8,Was Acquired,Private,,,,,customerservice@plasticjungle.com,877-695-8645,32,"3,419"
Pearl,https://www.crunchbase.com/organization/pearl-7,"Consumer Electronics, Hardware, Transportation","Scotts Valley, California, United States",Pearl is dedicated to bringing the latest advanced driver assistance features to all drivers on the road today.,"3,602","San Francisco Bay Area, Western United States",Closed,2016,Jun 2017,For Profit,https://pearlauto.com/,https://www.linkedin.com/company/7793143?trk=prof-exp-company-name,https://www.facebook.com/pearlautomation,https://twitter.com/pearl_auto,,,,,,,"Automotive, Autonomous Vehicles, Consumer Electronics, Customer Service",3,101-250,1,Early Stage Venture,"Jun 21, 2016",Series A,"$50,000,000","$50,000,000",Series A,"$50,000,000","$50,000,000",1,4,,Private,,,,,hello@pearlauto.com,,5,"3,450"
People.ai,https://www.crunchbase.com/organization/people-ai,"Artificial Intelligence, Data and Analytics, Sales and Marketing, Science and Engineering, Software","San Francisco, California, United States",People is a sales management platform that enables its users to manage their teams and grow revenues.,"3,667","San Francisco Bay Area, Western United States",Active,2016,,For Profit,https://people.ai/,https://www.linkedin.com/company/people.ai?trk=company_logo,https://www.facebook.com/peopleai,https://twitter.com/ppl_ai,,,,,,,"Artificial Intelligence, Machine Learning, Predictive Analytics, Sales",1,11-50,5,Early Stage Venture,"May 30, 2017",Series A,"$7,000,000","$7,000,000",Series A,"$7,120,000","$7,120,000",1,17,,Private,,,,,info@people.ai,(888)997-3675,2,"3,514"
Vector Space,https://www.crunchbase.com/organization/vector-space,"Science and Engineering, Transportation","Tucson, Arizona, United States",Vector offers micro satellite launch services.,"3,789",Western United States,Active,"Mar 1, 2016",,For Profit,http://www.vectorspacesystems.com,https://www.linkedin.com/company/10619897?trk=tyah&trkInfo=clickedVertical%3Acompany%2CclickedEntityId%3A10619897%2Cidx%3A2-1-2%2CtarId%3A1461701800231%2Ctas%3Avector%20space%20sys,https://www.facebook.com/vectorlaunchinc/,https://twitter.com/vectorspacesys,,,,,,,"Aerospace, Space Travel",4,11-50,7,Early Stage Venture,"Mar 1, 2018",Convertible Note,,"$21,000,000",Series A,"$27,750,000","$32,750,000",2,14,,Private,,,,,info@vector-launch.com,888.346.7778,21,"3,634"
Tally Technologies,https://www.crunchbase.com/organization/tally-technologies,"Apps, Financial Services, Lending and Investments, Mobile, Payments, Software","San Francisco, California, United States",Tally solves problems that customers have managing multiple credit cards.,"3,905","San Francisco Bay Area, Western United States",Active,2015,,For Profit,https://www.meettally.com,https://www.linkedin.com/company/tally-technologies,https://www.facebook.com/meettally,https://twitter.com/meettally,,,,,,,"Credit Cards, Financial Services, FinTech, Mobile Apps",2,11-50,3,Early Stage Venture,"May 19, 2016",Series A,"$15,000,000","$15,000,000",Series A,"$15,000,000","$15,000,000",1,6,,Private,,,,,contact@meettally.com,,1,"3,746"
data.world,https://www.crunchbase.com/organization/data-world,"Data and Analytics, Information Technology, Internet Services, Software","Austin, Texas, United States",The platform for modern data teamwork.,"3,971",Southern United States,Active,2015,,For Profit,https://data.world/,https://www.linkedin.com/company/data.world,https://www.facebook.com/datadotworld/,https://twitter.com/datadotworld,,,,,,,"Cloud Data Services, Collaboration, Database, Online Portals",4,11-50,2,Early Stage Venture,"Feb 21, 2017",Series B,"$18,700,000","$18,700,000",Series B,"$32,700,000","$32,700,000",2,14,,Private,,,,,help@data.world,,1,"3,812"
Luminate,https://www.crunchbase.com/organization/luminate,"Advertising, Media and Entertainment, Sales and Marketing","Mountain View, California, United States","Luminate provides an image advertising and related content platform that combines computer vision, machine learning and crowdsourcing.","4,178","San Francisco Bay Area, Silicon Valley, Western United States",Active,2008,,,http://www.luminate.com,,http://www.facebook.com/pages/Luminate-Inc/102280496537936,http://twitter.com/luminate,,,,,,,"Advertising, Content, Crowdsourcing",3,11-50,3,M&A,"Feb 23, 2012",Series C,"$10,700,000","$10,700,000",Series C,"$28,450,000","$28,450,000",2,10,Was Acquired,Private,,,,,,650-969-0969,75,"4,015"
LeanData,https://www.crunchbase.com/organization/leandata,"Sales and Marketing, Software","Sunnyvale, California, United States",LeanData provides a smart and intuitive lead management solution to help companies with account-based marketing.,"4,383","San Francisco Bay Area, Silicon Valley, Western United States",Active,"Apr 1, 2012",,For Profit,http://www.leandatainc.com,http://www.linkedin.com/company/LeanData,http://www.facebook.com/LeanData,https://twitter.com/leandata,,,,,,,"Lead Management, Software",2,11-50,2,Early Stage Venture,"Dec 20, 2016",Series B,"$10,000,000","$10,000,000",Series B,"$15,100,000","$15,100,000",2,5,,Private,,,,,info@leandatainc.com,(408)827-5326,17,"4,215"
ZEFR,https://www.crunchbase.com/organization/zefr,"Internet Services, Media and Entertainment, Software, Video","Venice, California, United States","With access to more data than any YouTube partner, ZEFR is the technology company that drives better results for content owners and brands.","4,393",Western United States,Active,"Dec 2, 2009",,For Profit,http://www.zefr.com,http://www.linkedin.com/company/zefr,http://www.facebook.com/ZEFRinc,http://twitter.com/ZEFRinc,,,,,,,"Enterprise Software, Film, Internet, Video",2,501-1000,8,Late Stage Venture,"Mar 9, 2016",Series E,"$5,000,000","$5,000,000",Series E,"$64,912,378","$65,062,378",4,13,Made Acquisitions,Private,,,,,info@zefr.com,310-392-3555,78,"4,225"
Skycure,https://www.crunchbase.com/organization/skycure,"Information Technology, Mobile, Privacy and Security","Palo Alto, California, United States",Skycure offers technology that provides a seamless and holistic solution for organizations’ mobile security needs.,"4,412","San Francisco Bay Area, Silicon Valley, Western United States",Active,2012,,For Profit,http://www.skycure.com,https://www.linkedin.com/company/2810854,https://www.facebook.com/Skycure,http://twitter.com/skycuresecurity,,,,,,,"Cyber Security, Mobile, Network Security, Security",2,101-250,3,M&A,"Jul 19, 2016",Series B,"$16,500,000","$16,500,000",Series B,"$27,500,000","$27,500,000",2,8,Was Acquired,Private,,,,,contact@skycure.com,800-650-4821,80,"4,244"
Flywheel Software,https://www.crunchbase.com/organization/flywheel-software,"Mobile, Software, Transportation","Redwood City, California, United States","Flywheel is a mobile app that allows users to hail a cab, track a ride, and make payments.","4,440","San Francisco Bay Area, Silicon Valley, Western United States",Active,2009,,For Profit,http://www.flywheel.com,http://www.linkedin.com/company/2966528,http://www.facebook.com/FlywheelNow,http://twitter.com/FlywheelNow,,,,,,,"Automotive, Mobile, Public Transportation, Software, Transportation",1,11-50,7,Late Stage Venture,"Apr 13, 2016",Venture - Series Unknown,"$4,068,216","$4,068,216",Venture - Series Unknown,"$38,923,216","$38,923,216",1,4,,Private,,,,,sales@cabulous.com,,46,"4,270"
Cover,https://www.crunchbase.com/organization/cover-5,"Apps, Financial Services, Software","San Francisco, California, United States",Cover is an Android and iOS mobile application that allows its users to insure anything by taking a picture of what they need to insure.,"4,469","San Francisco Bay Area, Western United States",Active,2016,,For Profit,http://www.cover.com/,,https://www.facebook.com/usecover,https://twitter.com/usecover,,,,,,,"Apps, FinTech, Insurance",4,,4,Early Stage Venture,"Jul 13, 2017",Series A,"$8,000,000","$8,000,000",Series A,"$11,120,000","$11,120,000",2,15,,Private,,,,,hello@usecover.com,,1,"4,297"
Mocana,https://www.crunchbase.com/organization/mocana,"Information Technology, Manufacturing, Mobile, Privacy and Security","San Francisco, California, United States","Mocana creates and develops mobile application protection (MAP) app-shielding solutions, enabling users to secure mobile apps.","4,473","San Francisco Bay Area, Western United States",Active,2004,,For Profit,http://www.mocana.com,http://www.linkedin.com/company/mocana-corporation,http://www.facebook.com/mocanainc,http://twitter.com/DeviceLINE,,,,,,,"Cyber Security, Manufacturing, Mobile, Security",2,101-250,9,Late Stage Venture,"May 16, 2017",Series F,"$11,000,000","$11,000,000",Series F,"$76,263,004","$80,737,075",5,10,Made Acquisitions,Private,,,,,sales@mocana.com,(415)627-0056,92,"4,301"
LiquidSpace,https://www.crunchbase.com/organization/liquidspace,Real Estate,"Palo Alto, California, United States",LiquidSpace is the largest network for startups to instantly find and book better places to meet and work. No leases or hassles.,"4,704","San Francisco Bay Area, Silicon Valley, Western United States",Active,2010,,For Profit,http://www.liquidspace.com,https://www.linkedin.com/company/1300727,http://www.facebook.com/pages/LiquidSpace/152188878171105,http://twitter.com/liquidspace,,,,,,,"Collaborative Consumption, Peer to Peer, Real Estate, Real Time",2,11-50,7,,"Jun 1, 2015",Venture - Series Unknown,"$120,000","$120,000",Venture - Series Unknown,"$26,320,000","$26,320,000",1,14,,Private,,,,,info@liquidspace.com,(855) 254-7843,73,"4,528"
Caring.com,https://www.crunchbase.com/organization/caring-com,"Community and Lifestyle, Health Care","San Mateo, California, United States","Caring.com is an online destination for those seeking information about care services for aging parents, spouses and other loved ones.","4,826","San Francisco Bay Area, Silicon Valley, Western United States",Closed,2007,,For Profit,http://www.caring.com,http://www.linkedin.com/company/caring.com,http://www.facebook.com/caringcom,http://twitter.com/Caring,,,,,,,"Elder Care, Elderly, Parenting",3,101-250,4,M&A,"May 24, 2013",Series B,"$3,519,998","$3,519,998",Series B,"$23,519,998","$23,519,998",1,4,"Made Acquisitions, Was Acquired",Private,,,,,pr@caring.com,(800) 952-6650,119,"4,648"
"Aviso, Inc.",https://www.crunchbase.com/organization/aviso-inc,"Artificial Intelligence, Data and Analytics, Software","Redwood City, California, United States",AI-Driven Sales Forecasting and Pipeline Management,"5,073","San Francisco Bay Area, Silicon Valley, Western United States",Active,"Mar 1, 2012",,For Profit,http://www.aviso.com,http://www.linkedin.com/company/aviso-inc,http://www.facebook.com/avisoinc,http://twitter.com/AvisoInc,,,,,,,"B2B, Enterprise Software, Machine Learning, Predictive Analytics",2,51-100,3,Early Stage Venture,"Feb 17, 2017",Series B,"$8,000,000","$8,000,000",Series B,"$31,000,000","$31,000,000",6,6,,Private,,,,,info@aviso.com,(650) 567-5470,6,"4,882"
Lightbend,https://www.crunchbase.com/organization/typesafe,"Apps, Internet Services, Software","San Francisco, California, United States",Lightbend (formerly Typesafe) is dedicated to helping developers build Reactive applications on the JVM.,"5,196","San Francisco Bay Area, Western United States",Active,May 2011,,For Profit,http://www.lightbend.com,https://www.linkedin.com/company/7789814,https://www.facebook.com/lightbendOfficial,http://twitter.com/lightbend,,,,,,,"Cloud Computing, Enterprise Applications, Enterprise Software",4,51-100,4,Late Stage Venture,"Jul 12, 2017",Series D,"$15,000,000","$15,000,000",Series D,"$52,000,000","$52,000,000",4,11,Made Acquisitions,Private,,,,,info@lightbend.com,1-877-989-7372,62,"4,998"
8th Wall,https://www.crunchbase.com/organization/8th-wall,"Hardware, Mobile, Platforms, Software","Palo Alto, California, United States",8th Wall XR is an AR platform that works on all commonly available iOS and Android phones and integrates with ARKit and ARCore.,"5,201","San Francisco Bay Area, Silicon Valley, Western United States",Active,"Aug 25, 2016",,For Profit,https://www.8thwall.com,https://www.linkedin.com/company/8thwall,https://www.facebook.com/the8thwall,https://twitter.com/the8thwall,,,,,,,"Android, Augmented Reality, Computer Vision, iOS, Mobile, Virtual Reality",1,11-50,2,Early Stage Venture,"Feb 6, 2018",Series A,"$8,000,000","$8,000,000",Series A,"$10,400,000","$10,400,000",1,8,,Private,,,,,contact@8thwall.com,,3,"5,003"
ShareThis,https://www.crunchbase.com/organization/sharethis,"Advertising, Data and Analytics, Internet Services, Media and Entertainment, Sales and Marketing","Palo Alto, California, United States",ShareThis transforms authentic human sharing behavior into actionable data outputs at scale for marketers and publishers.,"5,273","San Francisco Bay Area, Silicon Valley, Western United States",Active,2007,,For Profit,http://sharethis.com,http://www.linkedin.com/company/sharethis,http://www.facebook.com/sharethis,http://twitter.com/sharethis,,,,,,,"Advertising, Analytics, Social Media",1,101-250,7,Late Stage Venture,"Jul 13, 2016",Debt Financing,"$640,000","$9,000,000",Series C,"$60,000,000","$62,320,275",7,16,Made Acquisitions,Private,,,,,pr@sharethis.com,,263,"5,074"
Adometry By Google,https://www.crunchbase.com/organization/adometry,"Advertising, Data and Analytics, Sales and Marketing, Software","Austin, Texas, United States",Adometry by Google offers a SaaS-based marketing attribution and optimization platform to improve return on advertising expenditure.,"5,462",Southern United States,Active,2005,,,http://www.adometry.com,https://www.linkedin.com/company/google-analytics,,http://twitter.com/Adometry,,,,,,,"Advertising, Analytics, SaaS",4,101-250,5,M&A,"Dec 28, 2012",Series D,"$8,100,000","$8,100,000",Series D,"$29,575,000","$29,575,000",3,4,Was Acquired,Private,,,,,info@adometry.com,,2,"5,259"
Camera IQ,https://www.crunchbase.com/organization/camera-iq,"Hardware, Sales and Marketing, Software","Santa Monica, California, United States",Camera IQ is a camera experience manager platform.,"5,558",Western United States,Active,2016,,For Profit,http://cameraiq.co/,https://www.linkedin.com/company/10603159/,https://www.facebook.com/cameraiq.co/,https://twitter.com/cameraiqco,,,,,,,"Augmented Reality, Marketing, SaaS",2,,3,Seed,"Mar 6, 2018",Seed,"$2,000,000","$2,000,000",Seed,"$4,300,000","$4,300,000",1,10,,Private,,,,,hello@cameraiq.com,,1,"5,352"
Second Measure,https://www.crunchbase.com/organization/second-measure,"Data and Analytics, Financial Services, Information Technology","San Mateo, California, United States",Second Measure analyzes billions of credit card transactions to answer real-time questions on consumer behavior.,"5,648","San Francisco Bay Area, Silicon Valley, Western United States",Active,2015,,For Profit,https://secondmeasure.com/,https://www.linkedin.com/company/second-measure,https://www.facebook.com/secondmeasure/,https://twitter.com/second_measure,,,,,,,"Analytics, Big Data, FinTech, Information Technology",2,11-50,1,Seed,"Apr 5, 2016",Seed,"$5,400,000","$5,400,000",Seed,"$5,400,000","$5,400,000",1,26,,Private,,,,,info@secondmeasure.com,,6,"5,439"
Beautiful.AI,https://www.crunchbase.com/organization/beautiful-ai,,"San Francisco, California, United States",Creating software that understands the rules of great design and allows anyone to build stunningly beautiful visual documents with ease.,"5,695","San Francisco Bay Area, Western United States",Active,"Oct 1, 2015",,For Profit,http://www.beautiful.ai,https://www.linkedin.com/company/beautiful-ai/,,,,,,,,,,1,1-10,1,Early Stage Venture,"Feb 6, 2018",Series A,"$5,000,000","$5,000,000",Series A,"$5,000,000","$5,000,000",,2,,Private,,,,,,,3,"5,484"
Plethora,https://www.crunchbase.com/organization/plethora-2,"Design, Hardware, Manufacturing, Science and Engineering, Software","San Francisco, California, United States",Building the future of manufacturing,"6,094","San Francisco Bay Area, Western United States",Active,"Jun 1, 2013",,For Profit,http://plethora.com,https://www.linkedin.com/company/1423110/,https://www.facebook.com/plethora,https://twitter.com/plethora,,,,,,,"CAD, Industrial, Manufacturing, Robotics",2,51-100,3,,"Sep 1, 2015",Venture - Series Unknown,"$9,000,000","$9,000,000",Venture - Series Unknown,"$15,600,000","$15,600,000",,17,,Private,,,,,hello@plethora.com,415-726-2256,1,"5,874"
Plays.tv,https://www.crunchbase.com/organization/plays-tv,"Gaming, Software, Sports","Redwood City, California, United States",A video-sharing gamer community.,"6,249","San Francisco Bay Area, Silicon Valley, Western United States",Active,2017,,For Profit,http://plays.tv/,https://www.linkedin.com/company-beta/17947118/,https://www.facebook.com/OfficialPlays.TV,https://www.twitter.com/officialplaystv,,,,,,,"eSports, Gaming, Software, Video Games",2,11-50,1,Early Stage Venture,"Feb 16, 2017",Series A,"$15,000,000","$15,000,000",Series A,"$15,000,000","$15,000,000",1,7,,Private,,,,,,,,"6,026"
Umuse,https://www.crunchbase.com/organization/umuse,"Hardware, Internet Services","Austin, Texas, United States",Umuse is a stealth mode startup that try to bring order to the chaos that has become workplace communication.,"6,399",Southern United States,Active,2016,,For Profit,https://umuse.io/,https://www.linkedin.com/company/umuse,https://www.facebook.com/pg/umuseio,https://www.twitter.com/umuseio,,,,,,,"Communications Infrastructure, Internet",3,1-10,1,Seed,"Mar 21, 2018",Seed,"$5,000,000","$5,000,000",Seed,"$5,000,000","$5,000,000",,3,,Private,,,,,contact@umuse.io,+512-956-6873,,"6,170"
Resilinc,https://www.crunchbase.com/organization/resilinc,"Software, Transportation","Milpitas, California, United States",Resilinc is the leading provider of supply chain resiliency solutions. Resilinc brings the power of resiliency by enabling supply chains to,"6,427","San Francisco Bay Area, Silicon Valley, Western United States",Active,2010,,For Profit,http://www.resilinc.com,http://www.linkedin.com/company/resilinc-corporation,http://www.facebook.com/pages/Resilinc/152374944798272,http://twitter.com/Resilinc,,,,,,,"Logistics, Risk Management, SaaS, Supply Chain Management",1,101-250,3,,"Sep 15, 2016",Venture - Series Unknown,,,Venture - Series Unknown,"$8,000,000","$11,000,000",,7,,Private,,,,,info@resilinc.com,408-657-3745,43,"6,198"
Poppin,https://www.crunchbase.com/organization/poppin,Commerce and Shopping,"New York, New York, United States",Poppin is a retailer offering fashionable and affordable office products.,"6,797","Great Lakes, Northeastern United States",Active,"Sep 9, 2009",,For Profit,http://www.poppin.com,http://www.linkedin.com/company/1052876,http://www.facebook.com/poppin,http://twitter.com/poppin,,,,,,,"E-Commerce, Retail, Shopping",2,51-100,5,Late Stage Venture,"Jan 26, 2016",Series D,,,Series D,"$34,100,000","$34,100,000",2,10,,Private,,,,,hi@poppin.com,(866) 547-0970,29,"6,557"
Extole,https://www.crunchbase.com/organization/extole,"Commerce and Shopping, Sales and Marketing, Software","San Francisco, California, United States",Extole helps enterprise companies acquire new customers at scale from their existing customers.,"6,833","San Francisco Bay Area, Western United States",Active,2007,,For Profit,http://www.extole.com,http://www.linkedin.com/company/extole,http://www.facebook.com/Extole,http://twitter.com/extoleinc,,,,,,,"Customer Service, E-Commerce, Enterprise Software, Marketing",6,51-100,5,Late Stage Venture,"Nov 8, 2014",Series C,"$14,000,000","$14,000,000",Series C,"$24,700,000","$24,700,000",2,5,,Private,,,,,hello@extole.com,(415) 625-0500,35,"6,593"
Apteligent,https://www.crunchbase.com/organization/crittercism,"Apps, Information Technology, Mobile, Software","San Francisco, California, United States","Apteligent is the leader in mobile app intelligence and helps you build better apps, faster.","7,076","San Francisco Bay Area, Western United States",Active,2011,,For Profit,https://www.apteligent.com,http://www.linkedin.com/company/crittercism,http://www.facebook.com/getcrittercism,http://twitter.com/crittercism,,,,,,,"Apps, Enterprise Software, IT Management, Mobile",3,51-100,5,M&A,"May 4, 2014",Series C,"$30,000,000","$30,000,000",Series C,"$48,720,000","$48,720,000",2,10,Was Acquired,Private,,,,,info@crittercism.com,888.987.2748,132,"6,826"
Brandcast,https://www.crunchbase.com/organization/brandcast,"Clothing and Apparel, Design, Sales and Marketing, Software","San Francisco, California, United States",The first code-free website platform for the world’s leading brands.,"7,383","San Francisco Bay Area, Western United States",Active,"Jun 1, 2012",,For Profit,http://brandcast.com,,http://www.facebook.com/brandcastapp,http://twitter.com/brandcastapp,,,,,,,"Brand Marketing, Enterprise Software, Fashion",3,11-50,4,Early Stage Venture,"Jul 20, 2016",Series A,"$13,900,000","$13,900,000",Series A,"$17,700,000","$17,700,000",1,3,,Private,,,,,info@brandcast.com,925-640-4433,18,"7,123"
Demdex,https://www.crunchbase.com/organization/demdex,"Advertising, Commerce and Shopping, Sales and Marketing, Software","New York, New York, United States","Demdex provides audience management solutions for powering dynamic, multi-channel data strategies online.","7,933","Great Lakes, Northeastern United States",Active,"Aug 1, 2008",,,http://demdex.com,https://www.linkedin.com/company/adobe-marketing-cloud,https://www.facebook.com/adobe,http://twitter.com/DemdexInc,,,,,,,"Advertising, E-Commerce, SaaS",2,11-50,3,M&A,"May 10, 2010",Series A,"$6,000,000","$6,000,000",Series A,"$8,500,000","$8,500,000",1,3,Was Acquired,Private,,,,,,1-877-4-DEMDEX,31,"7,653"
Socratic,https://www.crunchbase.com/organization/socratic,"Community and Lifestyle, Education, Software","New York, New York, United States",Socratic is a Q&A site for academic subjects.,"7,980","Great Lakes, Northeastern United States",Active,2013,,For Profit,http://socratic.org,https://www.linkedin.com/company/socratic,https://www.facebook.com/socraticorg/,http://twitter.com/SocraticOrg,,,,,,,"E-Learning, Education, Q&A",2,1-10,2,Early Stage Venture,"Mar 25, 2015",Series A,"$6,000,000","$6,000,000",Series A,"$7,500,000","$7,500,000",1,8,,Private,,,,,hello@socratic.org,,4,"7,700"
Timehop,https://www.crunchbase.com/organization/timehop,"Community and Lifestyle, Content and Publishing, Financial Services, Internet Services, Media and Entertainment, Professional Services","New York, New York, United States",Timehop is your throwback thursday for every day of the week. It aggregates your historical content and presents it one day at a time.,"8,888","Great Lakes, Northeastern United States",Closed,2010,,For Profit,http://timehop.com,http://www.linkedin.com/company/timehop,http://www.facebook.com/timehop,http://twitter.com/timehop,,,,,,,"Content, Employment, Finance, FinTech, Human Resources, Internet, Photography, Private Social Networking, Social Media",2,11-50,4,Early Stage Venture,"Jul 22, 2014",Series B,"$10,000,000","$10,000,000",Series B,"$14,118,000","$14,118,000",3,13,,Private,,,,,hello@timehop.com,347-704-0641,164,"8,582"
LearnUp,https://www.crunchbase.com/organization/learnup,,"San Francisco, California, United States",LearnUp empowers job seekers to achieve their career goals.,"8,957","San Francisco Bay Area, Western United States",Active,2011,,For Profit,http://www.learnup.com,https://www.linkedin.com/company/learnup,http://www.facebook.com/learnup,http://twitter.com/learnup,,,,,,,Human Resources,2,11-50,3,M&A,"Sep 23, 2016",Series B,"$7,500,001","$7,500,001",Series B,"$17,400,001","$17,400,001",2,9,Was Acquired,Private,,,,,hello@learnup.com,19493095188,17,"8,651"
SlamData,https://www.crunchbase.com/organization/slamdata,"Data and Analytics, Software","Boulder, Colorado, United States","SlamData created the SlamData open source project for native BI / Analytics across modern data, including NoSQL, Hadoop, and Cloud API's.","9,202",Western United States,Active,"Jan 15, 2014",,For Profit,https://slamdata.com,https://www.linkedin.com/company-beta/3959846/,https://www.facebook.com/slamdata/,https://twitter.com/slamdata,,,,,,,"Analytics, Big Data, Business Intelligence, Software",2,11-50,3,Early Stage Venture,"Feb 22, 2017",Series A,"$6,700,000","$6,700,000",Series A,"$10,333,838","$10,678,838",2,8,,Private,,,,,contact@slamdata.com,(720)588-9810,9,"8,890"
Neumob,https://www.crunchbase.com/organization/neumob,"Apps, Internet Services, Mobile, Software","Sunnyvale, California, United States","Neumob is the leader in reducing mobile app errors, speeding up app performance and boosting conversions.","9,289","San Francisco Bay Area, Silicon Valley, Western United States",Closed,2014,2017,For Profit,https://www.neumob.com,https://www.linkedin.com/company/neumob,https://www.facebook.com/neumob,https://twitter.com/neumob,,,,,,,"Cloud Computing, Infrastructure, Mobile, Mobile Apps, Software",2,11-50,2,M&A,"Oct 1, 2015",Series A,"$8,500,000","$8,500,000",Series A,"$10,900,000","$10,900,000",1,13,Was Acquired,Private,,,,,hello@neumob.com,1(650)318-5851,29,"8,973"
WatchDox,https://www.crunchbase.com/organization/watchdox,"Mobile, Privacy and Security, Software","Palo Alto, California, United States",WatchDox is a SaaS-based document-centric security platform enabling organizations to control their critical documents via mobile devices.,"9,385","San Francisco Bay Area, Silicon Valley, Western United States",Active,2007,,For Profit,http://watchdox.com,http://www.linkedin.com/company/watchdox,http://www.facebook.com/WatchDox,http://twitter.com/WatchDox,,,,,,,"Enterprise Software, Mobile, SaaS, Security",2,51-100,4,M&A,"Jan 29, 2013",Venture - Series Unknown,"$12,000,000","$12,000,000",Venture - Series Unknown,"$35,750,000","$35,750,000",2,5,"Made Acquisitions, Was Acquired",Private,,,,,support@watchdox.com,,114,"9,066"
Needle,https://www.crunchbase.com/organization/needle,"Commerce and Shopping, Information Technology, Internet Services, Messaging and Telecommunications, Mobile","Salt Lake City, Utah, United States",Needle is a technology and service platform facilitating e-commerce brands to use their advocates for live chat and customer engagement.,"9,396",Western United States,Active,2010,,,http://needle.com,http://www.linkedin.com/company/1341458,http://www.facebook.com/needle,http://twitter.com/needleit,,,,,,,"Crowdsourcing, E-Commerce, Messaging, Mobile",2,51-100,4,Late Stage Venture,"May 23, 2014",Venture - Series Unknown,"$7,000,003","$7,000,003",Venture - Series Unknown,"$19,500,003","$19,500,003",3,5,,Private,,,,,info@needle.com,801-858-0868,21,"9,077"
Threadflip,https://www.crunchbase.com/organization/threadflip,Commerce and Shopping,"San Francisco, California, United States","Threadflip is an online destination for selling and buying clothes for women, creating a peer-to-peer shopping experience.","9,662","San Francisco Bay Area, Western United States",Closed,2011,"Jan 14, 2016",For Profit,http://www.threadflip.com,http://www.linkedin.com/company/threadflip,http://www.facebook.com/threadflip,http://twitter.com/Threadflip,,,,,,,"E-Commerce, Peer to Peer, Shopping",2,11-50,3,Early Stage Venture,"Jul 18, 2014",Series B,"$13,000,000","$13,000,000",Series B,"$21,100,000","$21,100,000",4,7,,Private,,,,,,,105,"9,333"
Accion Systems,https://www.crunchbase.com/organization/accion-systems,"Design, Manufacturing, Science and Engineering","Boston, Massachusetts, United States",Accion Systems is a provider of propulsion systems for satellites based on proprietary technology developed at MIT.,"9,758","New England, Northeastern United States",Active,2014,,For Profit,http://www.accion-systems.com,https://www.linkedin.com/company/accion-systems-inc-,,http://twitter.com/AccionSystems,,,,,,,"Aerospace, Manufacturing, Product Design",2,1-10,3,Early Stage Venture,"May 12, 2016",Series A,"$7,500,000","$7,500,000",Series A,"$9,500,000","$12,500,000",3,13,,Private,,,,,info@accion-systems.com,16177843057,17,"9,425"
Analytical Space,https://www.crunchbase.com/organization/analytical-space-inc,"Hardware, Internet Services, Science and Engineering","Cambridge, Massachusetts, United States",Analytical Space is a satellite communications company based out of Boston that is leveraging hybrid RF-laser communications technology.,"9,805","New England, Northeastern United States",Active,"Mar 7, 2016",,For Profit,http://www.analyticalspace.com,https://www.linkedin.com/company/analytical-space,https://www.facebook.com/analyticalspace,https://www.twitter.com/laser_comm,,,,,,,"Aerospace, Hardware, Internet of Things, Satellite Communication, Telecommunications",2,11-50,2,Seed,"Sep 25, 2017",Seed,"$3,500,000","$3,500,000",Seed,"$4,000,000","$4,000,000",2,10,,Private,,,,,inquire@analyticalspace.com,,4,"9,471"
Elroy Air,https://www.crunchbase.com/organization/elroy-air,"Hardware, Science and Engineering, Software, Transportation","San Francisco, California, United States",Elroy Air builds autonomous aircraft systems to deliver goods to the world’s most remote places.,"10,269","San Francisco Bay Area, Western United States",Active,Nov 2016,,For Profit,http://elroyair.com,https://www.linkedin.com/company/elroy-air/,https://www.facebook.com/elroyair,http://twitter.com/elroyair,,,,,,,"Aerospace, Logistics, Robotics",2,1-10,1,Seed,"Dec 22, 2017",Seed,"$4,600,000","$4,600,000",Seed,"$4,600,000","$4,600,000",1,7,,Private,,,,,inquiries@elroyair.com,,,"9,921"
Zenprise,https://www.crunchbase.com/organization/zenprise,"Consumer Electronics, Hardware, Mobile, Privacy and Security","Redwood City, California, United States","Zenprise offers secure mobile device management, protecting all layers of the mobile enterprise to keep organizations secure and compliant.","10,583","San Francisco Bay Area, Silicon Valley, Western United States",Active,2003,,,http://www.zenprise.com,https://www.linkedin.com/company/citrix,https://www.facebook.com/zenprise/,http://twitter.com/zenprise_inc,,,,,,,"Mobile, Mobile Devices, Security",1,51-100,10,M&A,"Jan 1, 2012",Venture - Series Unknown,"$130,000","$130,000",Venture - Series Unknown,"$109,630,000","$109,630,000",3,7,"Made Acquisitions, Was Acquired",Private,,,,,info@zenprise.com,4082060084,147,"10,220"
VoloMetrix,https://www.crunchbase.com/organization/volometrix,"Data and Analytics, Internet Services, Media and Entertainment, Software","Seattle, Washington, United States",VoloMetrix is an enterprise analytics company focused on improving organizational effectiveness and knowledge worker productivity.,"10,602",Western United States,Active,2011,,,http://www.volometrix.com,http://www.linkedin.com/company/volometrix,http://www.facebook.com/VoloMetrix,http://twitter.com/VoloMetrix,,,,,,,"Analytics, Enterprise Software, Social Media",2,11-50,3,M&A,"Oct 13, 2014",Series B,"$12,000,000","$12,000,000",Series B,"$16,900,000","$16,900,000",2,3,Was Acquired,Private,,,,,info@volometrix.com,206-743-0801,54,"10,239"
HubLogix,https://www.crunchbase.com/organization/hublogix,"Commerce and Shopping, Software","Atlanta, Georgia, United States",SaaS B2B Omni-channel eCommerce Automation,"10,643",Southern United States,Active,"Dec 1, 2009",,For Profit,https://hublogix.com,,https://www.facebook.com/hublogix,https://twitter.com/hublogix,,,,,,,"B2B, E-Commerce, SaaS",1,11-50,4,M&A,"Jul 8, 2016",Series A,,,Series A,"$6,200,000","$6,200,000",2,10,"Made Acquisitions, Was Acquired",Private,,,,,sales@hublogix.com,(877) 674-7497,3,"10,279"
SpiderCloud Wireless,https://www.crunchbase.com/organization/spidercloud-wireless,"Hardware, Mobile, Software","San Jose, California, United States",SpiderCloud Wireless develops small cell multi-access systems that allow mobile operators to deliver Wi-Fi coverage and cloud services.,"10,810","San Francisco Bay Area, Silicon Valley, Western United States",Active,2007,,,http://www.spidercloud.com,https://www.linkedin.com/company/spidercloud-wireless-inc,http://www.facebook.com/spidercloud,http://twitter.com/SpiderCloud_Inc,,,,,,,"Enterprise Software, Optical Communication, Wireless",1,101-250,6,M&A,"Dec 18, 2015",Venture - Series Unknown,"$15,200,000","$15,200,000",Venture - Series Unknown,"$136,199,995","$136,199,995",2,5,Was Acquired,Private,,,,,info@spidercloud.com,408-567-9165,34,"10,441"
Lore,https://www.crunchbase.com/organization/lore,"Education, Financial Services, Software","New York, New York, United States",Lore is an online learning platform where learners and instructors can share educational content in a simple and social online environment.,"11,238","Great Lakes, Northeastern United States",Active,"Mar 1, 2011",,For Profit,http://www.lore.com,,http://www.facebook.com/Coursekit/126304500754979,http://twitter.com/Learn,,,,,,,"EdTech, Education, Finance",3,11-50,5,M&A,"Apr 5, 2012",Private Equity,"$6,105,837","$6,105,837",Private Equity,"$13,123,837","$13,123,837",2,14,Was Acquired,Private,,,,,hello@lore.com,(855) 268-7735,9,"10,845"
Jack Erwin,https://www.crunchbase.com/organization/jack-erwin,"Clothing and Apparel, Commerce and Shopping, Consumer Goods, Design","New York, New York, United States",Jack Erwin is a men’s shoe crafter operating in the retail industry.,"11,291","Great Lakes, Northeastern United States",Active,"May 1, 2013",,For Profit,http://www.JackErwin.com,http://www.linkedin.com/company/5266159,http://www.facebook.com/thejackerwin,http://twitter.com/Jackerwin,,,,,,,"E-Commerce, Fashion, Retail, Shoes",2,11-50,3,Early Stage Venture,"Sep 18, 2014",Series B,"$9,000,000","$9,000,000",Series B,"$11,750,000","$11,750,000",2,6,,Private,,,,,help@jackerwin.com,2127061955,3,"10,896"
OUYA,https://www.crunchbase.com/organization/ouya,"Consumer Electronics, Gaming, Hardware, Media and Entertainment","Los Angeles, California, United States",OUYA develops and delivers open video game consoles for televisions.,"11,492",Western United States,Active,"Mar 23, 2012",,For Profit,http://www.ouya.tv,http://www.linkedin.com/company/ouya-inc-,http://www.facebook.com/ouya,http://twitter.com/playouya,,,,,,,"Consumer Electronics, Digital Media, Video Games",2,11-50,3,M&A,"Jan 29, 2015",Venture - Series Unknown,"$10,000,000","$10,000,000",Venture - Series Unknown,"$25,000,000","$33,600,000",2,8,Was Acquired,Private,,,,,info@ouya.tv,,475,"11,090"
WonderHill,https://www.crunchbase.com/organization/wonderhill,"Consumer Electronics, Gaming, Hardware, Software","San Francisco, California, United States",WonderHill is focused on developing user friendly games.,"11,997","San Francisco Bay Area, Western United States",Active,2008,,For Profit,http://www.wonderhill.com,,https://www.facebook.com/wonderhillgames/,https://twitter.com/wonderhill,,,,,,,"Computer, Online Games, Web Development",2,1-10,1,M&A,"May 6, 2009",Series A,"$7,000,000","$7,000,000",Series A,"$7,000,000","$7,000,000",2,3,Was Acquired,Private,,,,,,,27,"11,577"
Gainspeed,https://www.crunchbase.com/organization/gainspeed,"Hardware, Media and Entertainment, Video","Sunnyvale, California, United States",Gainspeed is redefining how cable networks are built.,"12,303","San Francisco Bay Area, Silicon Valley, Western United States",Active,2012,,For Profit,http://www.gainspeed.com,http://www.linkedin.com/company/gainspeed,http://www.facebook.com/Gainspeedinc,http://twitter.com/gainspeedinc,,,,,,,"Communications Infrastructure, Telecommunications, Video",4,11-50,4,M&A,"Jun 2, 2015",Series C,"$12,500,000","$12,500,000",Series C,"$60,771,995","$60,771,995",1,4,Was Acquired,Private,,,,,info@gainspeed.com,408-675-5069,8,"11,877"
H.BLOOM,https://www.crunchbase.com/organization/h-bloom,"Commerce and Shopping, Design, Travel and Tourism","New York, New York, United States",H.BLOOM is an e-commerce company hand-delivering luxury floral arrangements to individuals and businesses in New York.,"13,094","Great Lakes, Northeastern United States",Active,"Feb 1, 2010",,,http://hbloom.com,,http://www.facebook.com/hbloom.com,http://twitter.com/hbloom,,,,,,,"E-Commerce, Hospitality, Product Design",2,51-100,3,Early Stage Venture,"Apr 11, 2012",Series B,"$10,000,000","$10,000,000",Series B,"$16,900,000","$16,900,000",2,2,,Private,,,,,hbloom@hbloom.com,877-425-6665,4,"12,644"
Chartcube,https://www.crunchbase.com/organization/chartcube,"Data and Analytics, Design, Information Technology, Mobile, Software","Burlingame, California, United States","Mobile data analytics, reporting, and collaboration for data-driven teams","13,530","San Francisco Bay Area, Western United States",Active,2013,,,http://www.anaplan.com,http://www.linkedin.com/company/3495916,http://www.facebook.com/chartcube,http://twitter.com/ChartcubeSays,,,,,,,"Analytics, Collaboration, Data Visualization, Freemium, Mobile",2,11-50,3,M&A,"Nov 6, 2014",Series A,"$4,000,000","$4,000,000",Series A,"$4,550,000","$4,550,000",1,1,Was Acquired,Private,,,,,,,4,"13,062"
Red Robot Labs,https://www.crunchbase.com/organization/red-robot-labs,"Data and Analytics, Internet Services, Media and Entertainment, Mobile, Navigation and Mapping","Palo Alto, California, United States",Red Robot Labs is a mobile gaming studio that provides users with a location-based mobile gaming platform.,"15,223","San Francisco Bay Area, Silicon Valley, Western United States",Active,2011,,,http://redrobotlabs.com,https://www.linkedin.com/company/red-robot-labs-inc-,http://www.facebook.com/redrobotlabs,http://twitter.com/redrobotlabs,,,,,,,"Location Based Services, Mobile, Social Media",3,11-50,3,Early Stage Venture,"Mar 21, 2012",Series B,"$5,000,000","$5,000,000",Series B,"$15,500,000","$15,500,000",3,5,Made Acquisitions,Private,,,,,info@redrobotlabs.com,,31,"14,702"
Eye-Fi,https://www.crunchbase.com/organization/eye-fi,"Hardware, Internet Services, Media and Entertainment, Mobile, Software","Mountain View, California, United States",Eye-Fi develops wireless memory cards to download and organize photos automatically from digital cameras.,"15,336","San Francisco Bay Area, Silicon Valley, Western United States",Active,2005,,For Profit,http://www.eye.fi,https://www.linkedin.com/company-beta/204607/,http://www.facebook.com/eyefi,http://twitter.com/EyeFiCard,,,,,,,"Cloud Computing, Digital Media, Wireless",4,51-100,5,M&A,"Oct 31, 2016",Private Equity,,,Private Equity,"$36,500,000","$36,500,000",5,6,"Made Acquisitions, Was Acquired",Private,,,,,info@eye.fi,4088358555,544,"14,812"
Roost,https://www.crunchbase.com/organization/roost,Sales and Marketing,"San Francisco, California, United States",Roost by VerticalResponse helps local professionals get more business from social media.,"16,189","San Francisco Bay Area, Western United States",Active,2007,,For Profit,https://www.roost.com/,https://www.linkedin.com/company/spacer,https://www.facebook.com/spacerus,https://www.twitter.com/spacer_us,,,,,,,"Email Marketing, Social Media Marketing",,1-10,4,M&A,"Jul 1, 2015",Seed,"$1,200,000","$1,200,000",Seed,"$15,100,000","$15,100,000",2,8,Was Acquired,Private,,,,,support@verticalresponse.com,1(844) 467-6678,23,"15,640"
Digital Air Strike,https://www.crunchbase.com/organization/digital-air-strike,"Internet Services, Media and Entertainment, Sales and Marketing, Transportation","Scottsdale, Arizona, United States","Digital Air Strike is the leading social media technology, social recruiting, digital engagement and lead response company.","17,192",Western United States,Active,2007,,For Profit,http://digitalairstrike.com,http://www.linkedin.com/company/digital-air-strike,http://www.facebook.com/DigitalAirStrike,http://twitter.com/DigitalAirStrk,,,,,,,"Automotive, Digital Media, Social Media Management",2,101-250,2,,"Oct 26, 2009",Venture - Series Unknown,"$5,600,000","$5,600,000",Venture - Series Unknown,"$13,600,000","$13,600,000",1,5,,Private,,,,,sales@digitalairstrike.com,(480)429-5660,37,"16,615"
StrongLoop,https://www.crunchbase.com/organization/strongloop,"Education, Software, Transportation","San Mateo, California, United States",StrongLoop develops application programming interface (API) tiers for connecting enterprise data to devices and browsers using Node.js.,"17,400","San Francisco Bay Area, Silicon Valley, Western United States",Active,2013,,,http://strongloop.com,https://www.linkedin.com/company/strongloop-inc-,http://www.facebook.com/strongloop,http://twitter.com/StrongLoop,,,,,,,"Consulting, Logistics, Software, Training",5,11-50,2,M&A,"Sep 18, 2013",Series A,"$8,000,000","$8,000,000",Series A,"$9,000,000","$9,000,000",,2,"Made Acquisitions, Was Acquired",Private,,,,,callback@strongloop.com,650-489-5667,38,"16,820"
Mint,https://www.crunchbase.com/organization/haveamint,"Apps, Financial Services, Software","Mountain View, California, United States","Mint aggregates all your financial life in one, easy-to-understand place. Mint also gives you free advice on how to save money","18,717","San Francisco Bay Area, Silicon Valley, Western United States",Active,2006,,For Profit,http://www.mint.com,http://www.linkedin.com/company/mint.com,http://www.facebook.com/mint,http://twitter.com/mint,,,1,1,,,"Apps, Financial Services",1,5001-10000,5,M&A,"Aug 12, 2009",Series C,"$14,000,000","$14,000,000",Series C,"$31,775,000","$31,775,000",2,15,Was Acquired,Private,,,,,aaron@mint.com,(650) 944-5656,920,"18,098"
Finsphere,https://www.crunchbase.com/organization/finsphere,"Data and Analytics, Information Technology, Mobile, Privacy and Security","Bellevue, Washington, United States",Finsphere uses mobile phone data and analytics to develop identity authentication instruments.,"19,775",Western United States,Active,2007,,For Profit,http://www.finsphere.com,https://www.linkedin.com/company/finsphere?trk=biz-companies-cym,http://www.facebook.com/pages/Finsphere/44667216924,http://twitter.com/FinsphereCEO,,,,,,,"Analytics, Identity Management, Mobile",4,11-50,4,Late Stage Venture,"Dec 19, 2013",Series C,"$1,820,000","$1,820,000",Series C,"$33,020,000","$33,020,000",4,6,,Private,,,,,info@finsphere.com,4256795701,8,"19,124"
Gowalla,https://www.crunchbase.com/organization/gowalla,"Community and Lifestyle, Content and Publishing, Data and Analytics, Internet Services, Media and Entertainment, Navigation and Mapping, Travel and Tourism","Austin, Texas, United States","Gowalla is a social guide for its users to share and discover photos, experiences and recommendations of places and cities.","20,998",Southern United States,Closed,"Aug 28, 2007",Feb 2013,For Profit,http://gowalla.com,,,http://twitter.com/gowalla,,,,,,,"Location Based Services, Photography, Private Social Networking, Travel",2,11-50,3,M&A,"Jan 28, 2010",Series B,"$105,002","$105,002",Series B,"$10,400,001","$10,400,001",1,11,Was Acquired,Private,,,,,live@Gowalla.com,,"1,425","20,308"
Macrometa,https://www.crunchbase.com/organization/macrometa,,,Macrometa Corp. is in stealth. ,"21,214",,Active,"Jan 7, 2018",,For Profit,http://www.macrometa.co,,,,,,,,,,,2,11-50,1,Seed,"Dec 1, 2017",Seed,"$850,000","$850,000",Seed,"$850,000","$850,000",1,5,,Private,,,,,,,,"20,514"
Hobo Labs,https://www.crunchbase.com/organization/hobo-labs,Mobile,"Berkeley, California, United States",Hobo Labs is a mobile gaming studio specializing in social games.,"22,683","San Francisco Bay Area, Western United States",Active,"Mar 13, 2014",,For Profit,http://hobolabs.com/,http://www.linkedin.com/company/3645920,http://www.facebook.com/hobolabs,http://twitter.com/hobolabs,,,,,,,Mobile,2,11-50,3,Early Stage Venture,"Sep 2, 2014",Series A,"$4,000,000","$4,000,000",Series A,"$4,025,000","$4,025,000",1,5,,Private,,,,,,,3,"21,937"
Outright,https://www.crunchbase.com/organization/outright,"Financial Services, Professional Services, Software","Mountain View, California, United States",Outright is an online book keeping application for small businesses to track their income and expenses.,"22,977","San Francisco Bay Area, Silicon Valley, Western United States",Active,"Jun 1, 2008",,,http://outright.com,,https://www.facebook.com/godaddy,http://twitter.com/outright,,,,,,,"Accounting, Enterprise Software",2,11-50,2,M&A,"Nov 18, 2009",Series A,"$5,500,000","$5,500,000",Series A,"$7,500,000","$7,500,000",3,7,Was Acquired,Private,,,,,support@outright.com,1805220897,58,"22,223"
Flock,https://www.crunchbase.com/organization/flock,"Internet Services, Media and Entertainment, Software","Menlo Park, California, United States",Flock is a web browser providing social networking and Web 2.0 facilities.,"23,436","San Francisco Bay Area, Silicon Valley, Western United States",Active,2005,,,,,,,,,,,,,"Browser Extensions, Social Media, Software",3,11-50,5,M&A,"May 22, 2008",Series D,"$15,000,000","$15,000,000",Series D,"$28,300,000","$28,300,000",2,4,Was Acquired,Private,,,,,flock@kfcomm.com,,395,"22,670"
Tumri,https://www.crunchbase.com/organization/tumri,"Advertising, Information Technology, Internet Services, Messaging and Telecommunications, Sales and Marketing","San Mateo, California, United States",Tumri is an advertising platform enabling advertisers to craft highly-targeted marketing messages to consumers on-the-fly.,"24,053","San Francisco Bay Area, Silicon Valley, Western United States",Active,2004,,,http://www.tumri.com,,,,,,,,,,"Advertising, Advertising Platforms, Marketing, Messaging",2,1-10,5,M&A,"Jun 22, 2009",Venture - Series Unknown,"$10,000,000","$10,000,000",Venture - Series Unknown,"$26,000,000","$31,000,000",4,6,Was Acquired,Private,,,,,,16502652260,33,"23,265"
RosieReality,https://www.crunchbase.com/organization/rosiereality,Education,"Zürich, Zurich, Switzerland",Rosie is an educational app for iPhone and iPad. ,"24,416",,Active,2017,,,http://projectrosie.ch/,,,,,,,,,,Education,,,1,Seed,"Jan 8, 2018",Seed,"$700,000","$700,000",Seed,"$700,000","$700,000",1,4,,Private,,,,,,,,"23,620"
LiveIntent,https://www.crunchbase.com/organization/liveintent,"Advertising, Content and Publishing, Information Technology, Internet Services, Media and Entertainment, Messaging and Telecommunications, Sales and Marketing, Software","New York, New York, United States",Liveintent's people-based marketing solutions empower brands to ensure they have a true relationship with their customers.,"27,801","Great Lakes, Northeastern United States",Active,"Apr 23, 2009",,For Profit,http://liveintent.com,https://www.linkedin.com/company-beta/734773/,http://www.facebook.com/LiveIntent,http://twitter.com/liveintent,,,,,,,"Ad Retargeting, Advertising, CRM, Email, Marketing, Publishing, Real Time",1,101-250,4,Late Stage Venture,"Jun 17, 2015",Series D,"$32,500,000","$32,500,000",Series D,"$65,100,000","$65,100,000",5,10,Made Acquisitions,Private,,,,,aberkowitz@liveintent.com,212-792-5348,87,"26,896"
Doostang,https://www.crunchbase.com/organization/doostang,"Internet Services, Professional Services","Palo Alto, California, United States","Doostang, a part of Talent Inc., is an online career network connecting individuals with finance and consulting jobs.","30,084","San Francisco Bay Area, Silicon Valley, Western United States",Active,"Jun 1, 2005",,,http://www.doostang.com,,,http://twitter.com/doostang,,,,,,,"Career Planning, Employment, Search Engine",2,1-10,3,M&A,"Feb 5, 2010",Venture - Series Unknown,"$1,250,000","$1,250,000",Venture - Series Unknown,"$5,750,000","$5,750,000",1,2,"Made Acquisitions, Was Acquired",Private,,,,,contact@doostang.com,,25,"29,080"
Mochi Media,https://www.crunchbase.com/organization/mochimedia,"Advertising, Internet Services, Media and Entertainment, Sales and Marketing","San Francisco, California, United States",Mochi Media is a browser-based ad network that allows developers to monetize and distribute online games.,"30,578","San Francisco Bay Area, Western United States",Closed,2005,Mar 2014,For Profit,http://mochimedia.com,https://www.linkedin.com/company/mochi-media,,http://twitter.com/mochimedia,,,,,,,"Advertising, Internet, Media and Entertainment",2,11-50,4,M&A,"Jun 18, 2008",Series B,"$10,000,000","$10,000,000",Series B,"$14,000,000","$14,000,000",2,5,Was Acquired,Private,,,,,team@mochimedia.com,4153078920,135,"29,558"
SayNow,https://www.crunchbase.com/organization/saynow,"Hardware, Information Technology, Internet Services, Messaging and Telecommunications","Palo Alto, California, United States",SayNow is a free service that lets fans and celebrities connect with one another via voice and text messaging.,"32,505","San Francisco Bay Area, Silicon Valley, Western United States",Active,"Sep 1, 2005",,,http://www.saynow.com,https://www.linkedin.com/company/saynow,,http://twitter.com/saynow,,,,,,,"Messaging, Social Network, Telecommunications",3,11-50,2,M&A,"Jul 23, 2014",Grant,"$10,000","$7,500,000",Series A,"$7,500,000","$7,510,000",1,3,Was Acquired,Private,,,,,pr@saynow.com,,46,"31,414"
Cirtas Systems,https://www.crunchbase.com/organization/cirtas,"Hardware, Information Technology, Internet Services, Software","San Jose, California, United States",Cirtas Systems provides cloud storage controllers for storage management and TCO reduction in data centers.,"36,386","San Francisco Bay Area, Silicon Valley, Western United States",Closed,"Nov 1, 2008",,For Profit,http://www.cirtas.com,,,http://twitter.com/cirtas,,,,,,,"Cloud Computing, Data Center, Enterprise Software",2,11-50,2,Early Stage Venture,"Jan 25, 2011",Series B,"$22,500,000","$22,500,000",Series B,"$32,500,000","$32,500,000",2,5,,Private,,,,,info@cirtas.com,408-286-6600,10,"35,167"
Geodelic Systems,https://www.crunchbase.com/organization/geodelic-systems,"Apps, Mobile, Software","Los Angeles, California, United States","Geodelic Systems is a startup that offers a white-label platform supporting mobile web, desktop web, and smart phone apps.","36,957",Western United States,Closed,2008,,,http://www.geodelic.com,https://www.linkedin.com/company/297397,https://tr-tr.facebook.com/geodelic/,http://twitter.com/geodelic,,,,,,,"Apps, Consumer, Mobile",3,11-50,4,,"Sep 23, 2010",Venture - Series Unknown,,,Venture - Series Unknown,"$11,253,082","$11,253,082",1,4,,Private,,,,,info@geodelic.com,310-295-9662,10,"35,715"
Uptake,https://www.crunchbase.com/organization/uptake,"Internet Services, Travel and Tourism","Palo Alto, California, United States",Uptake is a social travel site enabling travelers to tap into their preferred source of expertise and their friends' recommendations.,"37,416","San Francisco Bay Area, Silicon Valley, Western United States",Active,2006,,For Profit,,,,,,,,,,,"Search Engine, Social, Travel",,,4,M&A,"Sep 1, 2010",Venture - Series Unknown,"$2,781,724","$2,781,724",Venture - Series Unknown,"$18,781,724","$18,781,724",1,3,"Made Acquisitions, Was Acquired",Private,,,,,,,57,"36,157"
Recurve,https://www.crunchbase.com/organization/recurve,"Energy, Real Estate, Software, Sustainability","San Francisco, California, United States",Recurve develops software for contractors who audit homes to increase energy efficiency and perform construction services.,"39,501","San Francisco Bay Area, Western United States",Active,"Aug 1, 2005",,,http://www.recurve.com,https://www.linkedin.com/company/recurve-inc.,https://www.facebook.com/recurveinc/,http://twitter.com/recurveus,,,,,,,"Construction, Energy Efficiency, Software",1,51-100,2,M&A,"Jun 17, 2010",Venture - Series Unknown,"$8,000,000","$8,000,000",Venture - Series Unknown,"$14,000,000","$14,000,000",,2,Was Acquired,Private,,,,,info@recurve.com,415-294-5380,3,"38,168"
Right90,https://www.crunchbase.com/organization/right90,"Data and Analytics, Manufacturing, Science and Engineering, Software","Foster City, California, United States",Right90 offers on-demand SaaS forecasting and revenue performance management solutions for enterprises.,"47,967","San Francisco Bay Area, Silicon Valley, Western United States",Active,2003,,,http://www.right90.com,,,,,,,,,,"Advanced Materials, Application Performance Management, Software",,11-50,3,M&A,"Sep 23, 2008",Series C,"$10,000,000","$10,000,000",Series C,"$22,000,000","$22,000,000",2,4,Was Acquired,Private,,,,,info@right90.com,650-638-9090,3,"46,258"
Wild Needle,https://www.crunchbase.com/organization/wild-needle,"Gaming, Media and Entertainment, Mobile","Mountain View, California, United States",Wild Needle is an early-stage social mobile gaming studio that builds female-focused casual games.,"49,186","San Francisco Bay Area, Silicon Valley, Western United States",Active,2010,,,http://wildneedle.com,,,http://twitter.com/wildneedle,,,,,,,"Casual Games, Digital Entertainment, Mobile",2,11-50,1,M&A,"Dec 29, 2010",Series A,"$2,500,000","$2,500,000",Series A,"$2,500,000","$2,500,000",1,2,Was Acquired,Private,,,,,hi@wildneedle.com,650-868-8108,23,"47,416"
Kango.com,https://www.crunchbase.com/organization/kango-com,Travel and Tourism,"Palo Alto, California, United States",Kango is a travel review operator based in Palo Alto.,"50,737","San Francisco Bay Area, Silicon Valley, Western United States",Closed,2002,,For Profit,http://www.kango.com,,,https://twitter.com/kango,,,,,,,"Tourism, Travel",,,1,Early Stage Venture,"Jul 2, 2008",Series A,"$3,950,000","$3,950,000",Series A,"$3,950,000","$3,950,000",1,1,,Private,,,,,,,,"48,893"
NodeFly,https://www.crunchbase.com/organization/nodefly,Software,"Vancouver, British Columbia, Canada",NodeFly is a hosted application and infrastructure monitoring service.,"51,867",,Active,2011,,,http://nodefly.com,,https://www.facebook.com/zoneedit,http://twitter.com/nodefly,,,,,,,"SaaS, Software",1,1-10,1,M&A,"Nov 7, 2012",Seed,"$800,000","$800,000",Seed,"$800,000","$800,000",,1,Was Acquired,Private,,,,,,+1 (650) 489-5667,7,"49,949"
Marketcetera,https://www.crunchbase.com/organization/marketcetera,"Financial Services, Lending and Investments, Software","San Francisco, California, United States",Marketcetera is a financial software company developing a platform for the development of automated trading systems.,"57,073","San Francisco Bay Area, Western United States",Active,2006,,,http://www.marketcetera.com,https://www.linkedin.com/company/marketcetera,,http://twitter.com/Marketcetera,,,,,,,"Enterprise Software, Finance, Financial Exchanges",1,11-50,1,Early Stage Venture,"Jun 5, 2008",Series A,"$4,000,000","$4,000,000",Series A,"$4,000,000","$4,000,000",1,2,,Private,,,,,info@marketcetera.com,415-398-2644,13,"54,845"
Makara,https://www.crunchbase.com/organization/makara,"Internet Services, Software","Redwood City, California, United States","Makara enables organizations to provision, deploy, manage, monitor and scale their Java and PHP applications on public and private clouds.","62,320","San Francisco Bay Area, Silicon Valley, Western United States",Active,2008,,For Profit,,,,,,,,,,,"Cloud Computing, PaaS, Software",,,2,M&A,"Jan 13, 2009",Series A,"$6,400,000","$6,400,000",Series A,"$6,400,000","$6,400,000",,2,Was Acquired,Private,,,,,,,23,"59,715"
GameLayers,https://www.crunchbase.com/organization/gamelayers,"Internet Services, Software","San Francisco, California, United States",GameLayers develops massively multiplayer online games (MMOG) integrated with web surfing.,"75,651","San Francisco Bay Area, Western United States",Closed,"Jul 1, 2007","Jan 1, 2009",For Profit,http://gamelayers.com,https://www.linkedin.com/in/cwikla,,http://twitter.com/gamelayers,,,,,,,"Browser Extensions, Web Browsers",2,1-10,2,Early Stage Venture,"Jun 1, 2008",Series A,"$1,500,000","$1,500,000",Series A,"$2,000,000","$2,000,000",,4,,Private,,,,,,415-284-9545,37,"71,961"
SnapStrat Inc.,https://www.crunchbase.com/organization/snapstrat-inc,,"Oakland, California, United States",Digitizing Strategic Decisions,"87,175","San Francisco Bay Area, Western United States",Active,"Aug 1, 2016",,For Profit,http://www.snapstrat.com,https://www.linkedin.com/in/jwstern,,https://www.twitter.com/snapstratinc,,,,,,,,,1-10,1,Seed,"Feb 1, 2018",Seed,,,Seed,,,,1,,Private,,,,,info@snapstrat.com,(510)550-5370,,"82,273"
Arch Rock Corporation,https://www.crunchbase.com/organization/arch-rock-corporationarch-rock-corporation,"Hardware, Mobile, Software","San Francisco, California, United States",Arch Rock Corporation is a systems and software company building innovative products and technology for wireless sensor networks.,"96,179","San Francisco Bay Area, Western United States",Active,2005,,,http://www.archrock.com,https://www.linkedin.com/company/arch-rock-corporation,https://www.facebook.com/Archrock/,https://twitter.com/archrock,,,,,,,"Sensor, Software, Wireless",,5001-10000,2,M&A,"May 15, 2007",Series B,"$10,000,000","$10,000,000",Series B,"$15,000,000","$15,000,000",1,3,Was Acquired,Private,,,,,info@archrock.com,415.692.0828,2,"90,315"
Mamapedia,https://www.crunchbase.com/organization/mamapedia,"Internet Services, Media and Entertainment","Alexandria, Virginia, United States","Mamapedia is a social platform for mothers to share advice about parenting, health, family, finance, travel, and others.","99,150",Southern United States,Active,2004,,,http://www.mamapedia.com,,https://www.facebook.com/mamapedia,http://twitter.com/mamapedia,,,,,,,Social Media,1,,1,M&A,"Dec 1, 2005",Series A,"$4,600,000","$4,600,000",Series A,"$4,600,000","$4,600,000",,2,Was Acquired,Private,,,,,support@mamapedia.com,,8,"92,984"
TapToLearn,https://www.crunchbase.com/organization/taptolearn,"Education, Mobile, Software","Menlo Park, California, United States",When we began our first experiments with using Mobile devices a few years ago we were very excited by the possibility of learning in,"104,162","San Francisco Bay Area, Silicon Valley, Western United States",Active,2010,,,http://www.taptolearn.com,https://www.linkedin.com/company/9752293,http://www.facebook.com/TapToLearn,http://twitter.com/TapToLearn,,,,,,,"E-Learning, Education, Mobile",2,11-50,3,Seed,"Oct 1, 2012",Seed,,,Seed,,,,8,,Private,,,,,,+1 510 962 5420,3,"97,472"
TeeBeeDee,https://www.crunchbase.com/organization/teebeedee,"Internet Services, Media and Entertainment","San Francisco, California, United States","TeeBeeDee is a social network for people over 40 to share their ideas, insights, and experiences.","116,359","San Francisco Bay Area, Western United States",Closed,Mar 2007,"Jul 13, 2009",For Profit,http://www.tbd.com,,http://www.facebook.com/wjlatv,https://www.twitter.com/tbd,,,,,,,"Social Media, Social Network",4,11-50,1,Early Stage Venture,"Aug 1, 2007",Series A,"$4,800,000","$4,800,000",Series A,"$4,800,000","$4,800,000",2,2,,Private,,,,,contact@tbd.com,(415)947-0670,8,"108,286"
iConclude,https://www.crunchbase.com/organization/iconclude,"Information Technology, Software","Bellevue, Washington, United States","iConclude provides runbook automation, alert response, and process integration solutions for IT companies.","126,182",Western United States,Active,2005,,,http://iconcloud.co.uk,,,http://twitter.com/Iconcloud,,,,,,,"Enterprise, Enterprise Software, Information Technology",1,1-10,3,M&A,"Apr 10, 2006",Series B,"$9,000,000","$9,000,000",Series B,"$12,500,000","$12,500,000",3,3,Was Acquired,Private,,,,,,425-828-7141,18,"117,126"
Trubates,https://www.crunchbase.com/organization/trubates,"Commerce and Shopping, Internet Services","San Jose, California, United States",Trubates is an online marketplace enabling local merchants to sell excess capacity as prepaid discount coupons.,"127,748","San Francisco Bay Area, Silicon Valley, Western United States",Closed,2006,"Jun 1, 2012",For Profit,http://www.trubates.com,,,http://twitter.com/trubates,,,,,,,"E-Commerce, Marketplace, Online Portals",,1-10,1,Early Stage Venture,"May 14, 2008",Series B,,,Series B,,,,1,,Private,,,,,inquiries@trubates.com,,,"118,540"
Logoworks,https://www.crunchbase.com/organization/logoworks,Design,"New York, New York, United States","Logoworks is an online graphic design company that offers logo design, print design, and web design services for small businesses.","134,807","Great Lakes, Northeastern United States",Active,2000,,,http://www.logoworks.com,http://www.linkedin.com/company/243026,http://www.facebook.com/logoworks,http://twitter.com/Logoworks,,,,,,,"Graphic Design, Product Design, Web Design",,11-50,1,Early Stage Venture,"Jun 20, 2005",Series B,"$9,300,000","$9,300,000",Series B,"$9,300,000","$9,300,000",2,2,,Private,,,,,support@logoworks.com,747-666-5646,12,"124,912"
PolySync Technologies,https://www.crunchbase.com/organization/polysync-technologies,"Hardware, Science and Engineering, Software, Transportation","Portland, Oregon, United States",PolySync Technologies singular vision is to simplify and accelerate the development of self-driving cars.,"165,233",Western United States,Active,Nov 2012,,For Profit,https://www.polysync.io/,https://www.linkedin.com/company/polysync,,https://twitter.com/polysync,,,,,,,"Automotive, Autonomous Vehicles, Robotics",2,11-50,1,Seed,"Sep 1, 2016",Seed,,,Seed,,,,7,,Private,,,,,info@polysync.io,(888)810-4284,30,"152,511"
PopJax,https://www.crunchbase.com/organization/popjax,Gaming,"San Francisco, California, United States",PopJax offers online video games that are combined with video clips and trivia questions.,"240,533","San Francisco Bay Area, Western United States",Active,2007,,For Profit,http://www.popjax.com,,http://www.facebook.com/popjax.com,,,,,,,,"Gaming, Online Games, Video Games",,,1,Early Stage Venture,"Mar 1, 2008",Series A,"$4,700,000","$4,700,000",Series A,"$4,700,000","$4,700,000",,3,,Private,,,,,marketingpeeps@popjax.com,,5,"221,653"
VideoJax,https://www.crunchbase.com/organization/videojax,"Gaming, Media and Entertainment, Software","San Francisco, California, United States","VideoJax creates web-based games with video clips and trivia questions on movies, television, music, and sports.","392,014","San Francisco Bay Area, Western United States",Active,2007,,,,,,,,,,,,,"Developer Tools, Gaming, Media and Entertainment",,,1,Early Stage Venture,"Jun 15, 2007",Series A,,,Series A,,,,1,,Private,,,,,,,,"362,414"
Ludi labs,https://www.crunchbase.com/organization/ludi-labs,"Internet Services, Software",,"Ludi Labs provides a platform for organizing, displaying and acting on a user's priorities.","502,442",,Closed,2005,,For Profit,http://ludilabs.com,,,,,,,,,,"Innovation Management, Web Browsers, Web Hosting",1,1-10,1,Early Stage Venture,"Oct 19, 2005",Series B,,,Series B,,,,1,,Private,,,,,,,,"464,486"
