Organization Name,Organization Name URL,Category Groups,Headquarters Location,Description,CB Rank (Organization),Headquarters Regions,Operating Status,Founded Date,Closed Date,Company Type,Website,LinkedIn,Facebook,Twitter,Investor Type,Investment Stage,Number of Portfolio Organizations,Number of Investments,Number of Lead Investments,Number of Exits,Categories,Number of Founders,Number of Employees,Number of Funding Rounds,Funding Status,Last Funding Date,Last Funding Type,Last Funding Amount,Last Equity Funding Amount,Last Equity Funding Type,Total Equity Funding Amount,Total Funding Amount,Number of Lead Investors,Number of Investors,Acquisition Status,IPO Status,IPO Date,Delisted Date,Money Raised at IPO,Valuation at IPO,Contact Email,Phone Number,Number of Articles,CB Rank (Company)
Techstars,https://www.crunchbase.com/organization/techstars,"Financial Services, Lending and Investments","Boulder, Colorado, United States",Techstars is a worldwide network that helps entrepreneurs succeed.,6,Western United States,Active,"Oct 1, 2006",,,http://techstars.com,http://www.linkedin.com/company/techstars,http://www.facebook.com/techstars,http://twitter.com/techstars,Accelerator,"Debt, Early Stage Venture, Seed",644,765,32,98,"Finance, Financial Services, Venture Capital",4,11-50,4,,"Feb 1, 2016",Venture - Series Unknown,"$27,800,000","$27,800,000",Venture - Series Unknown,"$61,800,000","$61,800,000",,9,Made Acquisitions,Private,,,,,info@techstars.com,,"3,292",
Fitbit,https://www.crunchbase.com/organization/fitbit,"Consumer Electronics, Hardware, Health Care, Internet Services, Software, Sports","San Francisco, California, United States","Fitbit offers compact, wireless, wearable sensors that track a person’s daily activities in order to promote a healthy lifestyle.",41,"San Francisco Bay Area, Western United States",Active,"May 1, 2007",,For Profit,http://www.fitbit.com,http://www.linkedin.com/company/fitbit,http://www.facebook.com/fitbit,http://twitter.com/fitbit,,,2,2,1,,"Cloud Computing, Fitness, Health Care, Personal Health, Wearables",3,251-500,4,IPO,"Aug 13, 2013",Series D,"$43,000,000","$43,000,000",Series D,"$66,000,000","$66,000,000",6,7,Made Acquisitions,Public,"Jun 19, 2015",,"NT$732,000,000","NT$4,099,999,998",info@fitbit.com,415-513-1000,"8,747",34
Pioneer Square Labs,https://www.crunchbase.com/organization/pioneer-square-labs,"Artificial Intelligence, Data and Analytics, Internet Services, Mobile, Science and Engineering, Software","Seattle, Washington, United States","PSL is a startup studio and early-stage venture capital fund based in Seattle, Washington.",184,Western United States,Active,Oct 2015,,For Profit,https://psl.com,https://www.linkedin.com/company/pioneer-square-labs/,https://www.facebook.com/PioneerSquareLabs,https://twitter.com/psl,,,1,1,1,,"Artificial Intelligence, Enterprise Software, Internet, Machine Learning, Mobile",4,11-50,2,Early Stage Venture,"Jan 18, 2018",Series B,"$15,000,000","$15,000,000",Series B,"$27,500,000","$27,500,000",1,24,,Private,,,,,hello@psl.com,206-202-2227,31,162
Glowforge,https://www.crunchbase.com/organization/glowforge,"Hardware, Manufacturing, Science and Engineering, Software","Seattle, Washington, United States",Glowforge is a 3D laser printer that can cut and engrave dozens of beautiful materials.,214,Western United States,Active,2014,,For Profit,http://glowforge.com,https://www.linkedin.com/company/glowforge,http://facebook.com/glowforge,http://twitter.com/glowforge,,,,,,,"3D Printing, Hardware, Robotics, Sensor, Software",3,11-50,5,Early Stage Venture,"Apr 23, 2018",Series B,"$10,000,000","$10,000,000",Series B,"$42,265,000","$70,165,000",2,7,,Private,,,,,info@glowforge.com,+1 (855) 569-4878,68,192
Formlabs,https://www.crunchbase.com/organization/formlabs,"Hardware, Manufacturing, Science and Engineering, Software","Somerville, Massachusetts, United States","Formlabs develops high resolution, low cost 3D printers for designers, engineers, and other creators.",234,"New England, Northeastern United States",Active,2011,,For Profit,http://www.formlabs.com,http://www.linkedin.com/company/formlabs,http://www.facebook.com/formlabs1,http://twitter.com/formlabs,,,,,,,"3D Printing, Enterprise Software, Hardware, Robotics",3,101-250,5,Late Stage Venture,"Apr 4, 2018",Series C,"$29,999,968","$29,999,968",Series C,"$85,799,968","$88,699,968",4,18,Made Acquisitions,Private,,,,,jobs@formlabs.com,(617)702-8476,139,211
SendGrid,https://www.crunchbase.com/organization/sendgrid,"Data and Analytics, Information Technology, Internet Services, Messaging and Telecommunications, Software","Denver, Colorado, United States","SendGrid is a proven, cloud-based customer communication platform that drives engagement and business growth.",295,Western United States,Active,"Jul 20, 2009",,For Profit,http://www.sendgrid.com,http://www.linkedin.com/company/sendgrid,http://www.facebook.com/SendGrid,http://twitter.com/SendGrid,,,,,,,"Analytics, Business Information Systems, Email, Software",3,251-500,7,IPO,"Nov 15, 2017",Venture - Series Unknown,,,Venture - Series Unknown,"$80,362,000","$80,362,000",4,14,Made Acquisitions,Public,"Nov 15, 2017",,"$131,000,000","$652,000,000",,(303)552-0653,733,265
Mapbox,https://www.crunchbase.com/organization/mapbox,"Data and Analytics, Design, Information Technology, Internet Services, Navigation and Mapping, Software","Washington, District of Columbia, United States",Mapbox is a location data platform for mobile and web applications.,483,Southern United States,Active,2010,,For Profit,http://www.mapbox.com,http://www.linkedin.com/company/mapbox,http://www.facebook.com/Mapbox,http://twitter.com/Mapbox,,,,,,,"Business Intelligence, Cloud Computing, Data Visualization, Enterprise Software, Location Based Services, Mapping Services, Open Source",1,251-500,4,Late Stage Venture,"Oct 10, 2017",Series C,"$164,000,000","$164,000,000",Series C,"$226,600,000","$227,175,000",3,11,Made Acquisitions,Private,,,,,info@mapbox.com,,231,445
Zynga,https://www.crunchbase.com/organization/zynga,"Gaming, Mobile","San Francisco, California, United States","Zynga makes online social and mobile games. Four years after its founding, Zynga had grown to over $1 billion in revenue and IPO'd in 2011.",656,"San Francisco Bay Area, Western United States",Active,"Apr 1, 2007",,For Profit,http://www.zynga.com,http://www.linkedin.com/company/zynga,http://www.facebook.com/Zynga,http://twitter.com/zynga,,,,,,,"Gaming, Mobile, PC Games",4,1001-5000,9,IPO,"Feb 18, 2011",Series C,"$490,000,000","$490,000,000",Series C,"$866,550,786","$866,550,786",4,21,Made Acquisitions,Public,"Dec 16, 2011",,"$1,000,000,000","$6,990,000,000",,(855)449-9642,"9,280",611
Rover.com,https://www.crunchbase.com/organization/rover-com,"Community and Lifestyle, Internet Services","Seattle, Washington, United States",Rover.com is the nation’s largest network of loving and trustworthy pet sitters and dog walkers.,660,Western United States,Active,2011,,For Profit,http://www.rover.com,http://www.linkedin.com/company/rover-com,https://www.facebook.com/RoverDotCom/,http://twitter.com/roverdotcom,,,,,,,"Consumer, Internet, Pet",2,101-250,8,Late Stage Venture,"Jul 20, 2017",Series F,"$65,000,000","$65,000,000",Series F,"$155,900,000","$155,900,000",6,11,Made Acquisitions,Private,,,,,social@rover.com,206-257-0571,145,614
Integrate,https://www.crunchbase.com/organization/integrate,"Advertising, Sales and Marketing, Software","Phoenix, Arizona, United States",Integrate’s demand orchestration software enables marketers to automate top-of-funnel demand marketing to scale pipeline and revenue.,962,Western United States,Active,"Apr 1, 2010",,For Profit,https://www.integrate.com/,http://www.linkedin.com/company/integrate-inc-,http://www.facebook.com/integrateplatform,http://twitter.com/Integrate,,,,,,,"Advertising, Marketing, Software",2,101-250,7,Late Stage Venture,"Jul 19, 2017",Series D,"$8,000,000","$8,000,000",Series D,"$37,250,000","$54,750,000",3,13,,Private,,,,,info@integrate.com,(866) 478-0326,48,903
Nift Networks,https://www.crunchbase.com/organization/nift-networks,Commerce and Shopping,"Cambridge, Massachusetts, United States",Nift is the first invitation-only network that helps neighborhood businesses get discovered.,994,"New England, Northeastern United States",Active,2014,,For Profit,http://www.gonift.com,https://www.linkedin.com/company/nift-networks/,https://www.facebook.com/niftnetwork,https://www.twitter.com/niftnetwork,,,,,,,"Business Development, Gift, Local",1,1-10,3,Early Stage Venture,"Mar 30, 2018",Series A,"$16,500,000","$16,500,000",Series A,"$19,500,000","$19,500,000",3,4,,Private,,,,,info@gonift.com,+1 (617) 520-4303,1,934
AppDirect,https://www.crunchbase.com/organization/appdirect,"Apps, Internet Services, Software","San Francisco, California, United States",AppDirect provides the only end-to-end cloud commerce platform for succeeding in the digital economy. ,"1,231","San Francisco Bay Area, Western United States",Active,"Jul 17, 2009",,For Profit,http://www.appdirect.com,http://www.linkedin.com/company/appdirect,http://www.facebook.com/AppDirect,http://twitter.com/AppDirect,,,,,,,"Apps, Enterprise Software, IaaS, Internet, PaaS, SaaS",2,251-500,6,Late Stage Venture,"Oct 7, 2015",Series E,"$140,000,000","$140,000,000",Series E,"$245,750,000","$245,750,000",3,7,Made Acquisitions,Private,,,,,support@appdirect.com,415-852-3919,184,"1,158"
Distil Networks,https://www.crunchbase.com/organization/distil,"Information Technology, Internet Services, Media and Entertainment, Privacy and Security","Arlington, Virginia, United States",Distil Networks is the global leader in Bot detection and mitigation focused on stopping automated attacks to make the web more secure.,"1,247",Southern United States,Active,"Apr 1, 2011",,For Profit,http://www.distilnetworks.com,http://www.linkedin.com/company/distil,http://www.facebook.com/distilinc,http://twitter.com/DISTIL,,,,,,,"Content, Information Technology, Security, Web Hosting",4,101-250,11,Late Stage Venture,"Aug 2, 2016",Series C,"$21,000,000","$21,000,000",Series C,"$54,000,000","$59,048,000",3,17,Made Acquisitions,Private,,,,,info@distilnetworks.com,(415)423-0831,76,"1,174"
3D Robotics,https://www.crunchbase.com/organization/3d-robotics,"Consumer Electronics, Consumer Goods, Hardware, Science and Engineering, Software","Berkeley, California, United States","3DR makes advanced drone technology easily accessible to the construction, mining, and surveying industries for use in data analysis.","1,278","San Francisco Bay Area, Western United States",Active,2009,,For Profit,http://3drobotics.com,http://www.linkedin.com/company/3d-robotics,http://www.facebook.com/3drobotics,http://twitter.com/3DRobotics,,,,,,,"Drones, Robotics, SaaS",2,51-100,6,Late Stage Venture,"Apr 27, 2017",Series D,"$53,000,000","$53,000,000",Series D,"$178,775,000","$178,775,000",4,16,Made Acquisitions,Private,,,,,sales@3drobotics.com,(510)990-8096,311,"1,204"
Unified,https://www.crunchbase.com/organization/unified,"Advertising, Data and Analytics, Internet Services, Sales and Marketing, Software","New York, New York, United States",Unified equips marketers with information and intelligence they need to make the best decisions about their social advertising investments.,"1,311","Great Lakes, Northeastern United States",Active,"Apr 1, 2011",,For Profit,http://www.unified.com,https://www.linkedin.com/company/getunified,http://www.facebook.com/unified,http://twitter.com/UNIFIED,,,,,,,"Analytics, Big Data, Brand Marketing, Marketing Automation, Social Media Advertising, Social Media Management, Social Media Marketing",3,101-250,4,Early Stage Venture,"Sep 15, 2016",Debt Financing,"$10,000,000","$30,000,000",Series B,"$44,000,000","$64,000,000",3,6,Made Acquisitions,Private,,,,,info@unified.com,855-236-5482,87,"1,234"
Sensu,https://www.crunchbase.com/organization/sensu-inc,"Hardware, Information Technology, Internet Services, Software","Portland, Oregon, United States",Sensu is a full-stack monitoring platform for dynamic operating environments.,"1,353",Western United States,Active,"Jan 30, 2017",,For Profit,https://sensu.io/enterprise,https://www.linkedin.com/company-beta/18022218/,,https://twitter.com/sensu,,,,,,,"Cloud Computing, Cloud Infrastructure, Data Center Automation, Enterprise Software, Internet, IT Infrastructure",2,,2,Early Stage Venture,"Apr 13, 2018",Series A,"$10,000,000","$10,000,000",Series A,"$12,500,000","$12,500,000",1,2,,Private,,,,,,,1,"1,274"
Cloudability,https://www.crunchbase.com/organization/cloudability,"Financial Services, Internet Services, Payments, Software","Portland, Oregon, United States",Cloudability is a financial management tool for monitoring and analyzing cloud expenses across any organization.,"1,384",Western United States,Active,"Feb 1, 2011",,For Profit,http://cloudability.com,http://www.linkedin.com/company/cloudability,http://www.facebook.com/Cloudability,http://twitter.com/cloudability,,,,,,,"Billing, Cloud Computing, Enterprise Software, Finance, Internet",3,101-250,6,Early Stage Venture,"Jun 6, 2016",Series B,"$24,000,000","$24,000,000",Series B,"$39,818,000","$39,818,000",4,17,Made Acquisitions,Private,,,,,info@cloudability.com,(888) 968-2668,274,"1,302"
Amper Music,https://www.crunchbase.com/organization/amper-music,"Apps, Artificial Intelligence, Data and Analytics, Media and Entertainment, Mobile, Music and Audio, Science and Engineering, Software","New York, New York, United States",Amper is an AI-powered music composer that allows users to create and customize original music for their content.,"1,418","Great Lakes, Northeastern United States",Active,2014,,For Profit,http://www.ampermusic.com/,https://www.linkedin.com/company/amper-music-inc-,https://www.facebook.com/ampermusic1,https://twitter.com/amper_music,,,,,,,"Artificial Intelligence, Mobile Apps, Music",3,11-50,3,Seed,"Mar 22, 2018",Seed,"$4,000,000","$4,000,000",Seed,"$9,120,000","$9,120,000",3,9,,Private,,,,,hello@ampermusic.com,,4,"1,335"
littleBits Electronics,https://www.crunchbase.com/organization/littlebits-electronics,"Consumer Electronics, Hardware, Manufacturing, Science and Engineering, Software","New York, New York, United States",LittleBits is an open-source library of electronic modules that allows users to learn electronics via prototypes.,"1,425","Great Lakes, Northeastern United States",Active,"Sep 1, 2011",,For Profit,http://littleBits.cc,http://www.linkedin.com/company/littlebits,http://www.facebook.com/littleBitselectronics,http://twitter.com/littleBits,,,,,,,"Electronics, Hardware, Manufacturing, Open Source, Robotics",1,101-250,5,Early Stage Venture,"Jul 28, 2015",Series B,"$46,744,476","$46,744,476",Series B,"$62,344,476","$62,344,476",3,21,,Private,,,,,info@littlebits.cc,,46,"1,342"
HelloSign,https://www.crunchbase.com/organization/hellosign,"Information Technology, Mobile, Professional Services, Software","San Francisco, California, United States","HelloSign offers fast, secure, and legally binding eSignatures for businesses.","2,028","San Francisco Bay Area, Western United States",Active,2011,,For Profit,http://www.hellosign.com,https://www.linkedin.com/company-beta/953240/,http://www.facebook.com/hellosignapp,http://twitter.com/HelloSign,,,,,,,"Document Management, Legal, Mobile",1,51-100,3,Early Stage Venture,"Jun 12, 2017",Series B,"$16,000,000","$16,000,000",Series B,"$32,000,000","$32,000,000",2,11,,Private,,,,,,,92,"1,925"
FullContact,https://www.crunchbase.com/organization/fullcontact,"Information Technology, Internet Services, Software","Denver, Colorado, United States","Transform partial identities into complete profiles to connect with prospects, capture audience insights, and enhance customer experiences.","2,148",Western United States,Active,2010,,For Profit,https://www.fullcontact.com,http://www.linkedin.com/company/fullcontact-inc-,http://www.facebook.com/FullContact,https://twitter.com/FullContact,,,,,,,"Cloud Data Services, Contact Management, Developer APIs, Enterprise Software",3,251-500,7,Late Stage Venture,"Aug 10, 2016",Series C,"$25,000,000","$25,000,000",Series C,"$48,886,000","$48,886,000",2,19,Made Acquisitions,Private,,,,,marketing@fullcontact.com,,175,"2,042"
AvidXchange,https://www.crunchbase.com/organization/avidxchange,"Financial Services, Payments, Software","Charlotte, North Carolina, United States",AvidXchange provides accounts payable and on-demand invoice management solutions.,"2,240",Southern United States,Active,"Apr 1, 2000",,For Profit,http://www.avidxchange.com,https://www.linkedin.com/company/avidxchange-inc-,http://www.facebook.com/pages/AvidXchange-Inc/60903098932,http://twitter.com/AvidAutomates,,,,,,,"Payments, SaaS, Software",2,501-1000,6,Private Equity,"Nov 27, 2017",Private Equity,"$2,500,051","$2,500,051",Private Equity,"$547,523,404","$547,773,804",4,13,Made Acquisitions,Private,,,,,info@avidxchange.com,(800) 560-9305,41,"2,131"
JumpCloud,https://www.crunchbase.com/organization/jumpcloud,"Consumer Electronics, Hardware, Information Technology, Software","Boulder, Colorado, United States","JumpCloud is a cloud-based Directory-as-a-Service provider that connects and manages employees, devices, and IT apps.","2,444",Western United States,Active,2012,,For Profit,http://jumpcloud.com,http://www.linkedin.com/company/jumpcloud,http://www.facebook.com/pages/JumpCloud/588206397856673,http://twitter.com/jumpcloud,,,,,,,"Computer, Enterprise Software, Information Technology",2,11-50,5,,"Nov 20, 2017",Venture - Series Unknown,"$20,000,000","$20,000,000",Venture - Series Unknown,"$31,650,000","$31,650,000",3,5,,Private,,,,,info@jumpcloud.com,(720) 240-5005,28,"2,326"
Mighty AI,https://www.crunchbase.com/organization/spare5,"Artificial Intelligence, Data and Analytics, Hardware, Mobile, Science and Engineering, Software","Seattle, Washington, United States",Mighty AI delivers training data to companies that build computer vision models for autonomous vehicles.,"2,477",Western United States,Active,"Nov 14, 2014",,For Profit,http://mty.ai,https://www.linkedin.com/company/3753135,https://www.facebook.com/mightyai/,https://twitter.com/mighty_ai,,,,,,,"Artificial Intelligence, Computer Vision, Machine Learning, Mobile",4,51-100,3,Early Stage Venture,"Jan 10, 2017",Series B,"$14,000,000","$14,000,000",Series B,"$27,250,000","$27,250,000",2,6,,Private,,,,,sales@mty.ai,844-577-2735,13,"2,357"
Dwolla,https://www.crunchbase.com/organization/dwolla,"Financial Services, Lending and Investments, Mobile, Payments, Professional Services, Software","Des Moines, Iowa, United States",Dwolla is an enterprise payments solution that connects businesses to the United States banking system. ,"2,499",Midwestern United States,Active,"Jun 16, 2008",,For Profit,http://www.dwolla.com,http://www.linkedin.com/company/dwolla,http://www.facebook.com/dwolla,http://twitter.com/dwolla,,,,,,,"Accounting, Banking, Developer APIs, Financial Services, FinTech, Mobile Payments, Payments",2,51-100,8,,"Feb 12, 2018",Venture - Series Unknown,"$12,000,000","$12,000,000",Venture - Series Unknown,"$51,300,000","$51,355,000",4,13,,Private,,,,,support@dwolla.com,,446,"2,379"
Sphero,https://www.crunchbase.com/organization/orbotix,"Consumer Electronics, Gaming, Hardware, Science and Engineering, Software","Boulder, Colorado, United States",Sphero bridges the gap between the real world and the virtual world with its smartphone-controlled robots.,"2,611",Western United States,Active,"Feb 1, 2010",,For Profit,http://www.sphero.com/,https://www.linkedin.com/company/sphero,http://www.facebook.com/GoSphero,https://twitter.com/Sphero,,,,,,,"Augmented Reality, Consumer Electronics, Gaming, Robotics, Software",2,11-50,10,,"Apr 7, 2017",Venture - Series Unknown,"$23,000,000","$23,000,000",Venture - Series Unknown,"$99,235,543","$107,354,084",3,12,,Private,,,,,info@sphero.com,1(888)977-4376,181,"2,488"
ROLI,https://www.crunchbase.com/organization/roli,"Hardware, Internet Services, Media and Entertainment, Music and Audio, Software","Dalston, Cumbria, United Kingdom",Roli is a music technology company and inventor of the Seaboard instrument.,"2,657",,Active,2009,,For Profit,http://roli.com,,http://www.facebook.com/roli,http://twitter.com/weareroli,,,,,,,"Developer Tools, Hardware, Music, Musical Instruments, Social Network, Software",1,101-250,5,Early Stage Venture,"Apr 7, 2017",Debt Financing,,"$27,000,000",Series B,"$43,500,000","$43,500,000",4,12,Made Acquisitions,Private,,,,,info@roli.com,+44 20 7254 2155,45,"2,533"
Pilot,https://www.crunchbase.com/organization/pilot-2,"Hardware, Internet Services","New York, New York, United States",Pilot is a fiber-optic ISP that raises the bar for telecom and provides better business internet.,"2,862","Great Lakes, Northeastern United States",Active,"Apr 1, 2014",,For Profit,http://pilotfiber.com,,http://www.facebook.com/pilotfiber,http://twitter.com/pilotfiber,,,,,,,"Hardware, Internet",1,101-250,4,Early Stage Venture,"Sep 21, 2017",Series B,"$17,000,000","$17,000,000",Series B,"$32,300,000","$33,075,000",1,11,,Private,,,,,info@pilotfiber.com,(855) 578-5500,8,"2,733"
TrackR,https://www.crunchbase.com/organization/phone-halo,"Financial Services, Hardware, Internet Services, Mobile, Platforms, Software","Santa Barbara, California, United States",The TrackR platform and product suite redefine personal organization by automating the task of remembering the location of everyday items.,"2,888",Western United States,Active,"Jul 4, 2009",,For Profit,http://www.thetrackr.com,https://www.linkedin.com/company/phone-halo,http://www.facebook.com/trackrbravo,http://twitter.com/thetrackr,,,,,,,"Android, Developer Tools, Hardware, Insurance, Internet of Things, iOS, Mobile",2,51-100,8,Early Stage Venture,"Aug 2, 2017",Series B,"$50,000,000","$50,000,000",Series B,"$60,398,000","$61,948,000",2,13,,Private,,,,,support@thetrackr.com,805-845-9388,280,"2,758"
Pantheon,https://www.crunchbase.com/organization/pantheon,"Media and Entertainment, Software","San Francisco, California, United States","Pantheon is a website platform top developers, marketers, and IT use to build, launch, and run all their Drupal & WordPress websites.","2,929","San Francisco Bay Area, Western United States",Active,"Sep 1, 2010",,For Profit,https://pantheon.io,http://www.linkedin.com/company/2198587,http://www.facebook.com/getpantheon,http://twitter.com/getpantheon,,,,,,,"Content, Enterprise Software, Web Development",4,51-100,4,Late Stage Venture,"Jul 20, 2016",Series C,"$29,000,000","$29,000,000",Series C,"$56,800,000","$56,800,000",2,13,Made Acquisitions,Private,,,,,info@pantheon.io,,70,"2,798"
June,https://www.crunchbase.com/organization/june,"Commerce and Shopping, Consumer Electronics, Food and Beverage, Hardware","San Francisco, California, United States",June is a smart oven for your home.,"3,027","San Francisco Bay Area, Western United States",Active,2013,,For Profit,https://juneoven.com/,,https://www.facebook.com/thejuneoven,https://twitter.com/june,,,,,,,"Cooking, E-Commerce, Electronics",2,11-50,3,Early Stage Venture,"Mar 25, 2016",Series A,"$22,500,000","$22,500,000",Series A,"$29,500,000","$29,500,000",1,10,,Private,,,,,,+14157995863,20,"2,892"
Urban Airship,https://www.crunchbase.com/organization/urban-airship,"Data and Analytics, Information Technology, Internet Services, Messaging and Telecommunications, Mobile","Portland, Oregon, United States",Urban Airship helps brands to engage their mobile users and build high-value relationships from the moment customers download an app.,"3,179",Western United States,Active,"Jun 1, 2009",,For Profit,http://urbanairship.com,http://www.linkedin.com/company/urban-airship,http://www.facebook.com/UrbanAirship,http://twitter.com/urbanairship,,,,,,,"Analytics, Information Technology, Messaging, Mobile",3,101-250,6,Late Stage Venture,"Mar 4, 2015",Series D,"$21,000,000","$21,000,000",Series D,"$67,600,000","$67,600,000",5,9,Made Acquisitions,Private,,,,,contact@urbanairship.com,(855) 385-3155,594,"3,042"
Yesware,https://www.crunchbase.com/organization/yesware,"Information Technology, Internet Services, Messaging and Telecommunications, Sales and Marketing, Software","Boston, Massachusetts, United States","Yesware is an all-in-one sales acceleration platform that helps salespeople connect with prospects, track engagement, and close more deals.","3,180","New England, Northeastern United States",Active,"Jul 1, 2010",,For Profit,http://www.yesware.com,http://www.linkedin.com/company/1214297,http://www.facebook.com/pages/Yesware/251132138245608,http://twitter.com/yesware,,,,,,,"CRM, Email, Enterprise Software, Internet",3,51-100,5,Late Stage Venture,"Jun 11, 2015",Series C,"$13,300,000","$13,300,000",Series C,"$33,000,000","$33,000,000",3,8,Made Acquisitions,Private,,,,,support@yesware.com,1(855) 937-9273,124,"3,043"
Occipital,https://www.crunchbase.com/organization/occipital,"Mobile, Platforms, Software","Boulder, Colorado, United States",Occipital is a software startup that develops mobile computer vision applications.,"3,181",Western United States,Active,2008,,For Profit,http://www.occipital.com,https://www.linkedin.com/company/occipital,https://www.facebook.com/Occipital/timeline,http://twitter.com/occipital,,,,,,,"iOS, Mobile, Real Time, Software",2,11-50,5,Late Stage Venture,"Jan 25, 2018",Series C,"$12,000,000","$12,000,000",Series C,"$32,015,000","$33,015,000",2,7,Made Acquisitions,Private,,,,,jobs@occipital.com,917-512-9590,46,"3,044"
Havenly,https://www.crunchbase.com/organization/havenly,"Design, Real Estate","Denver, Colorado, United States",Havenly is a Denver-based online interior design company and e-commerce platform.,"3,283",Western United States,Active,"Jan 1, 2014",,For Profit,http://www.havenly.com,https://www.linkedin.com/company/havenly,http://www.facebook.com/thehavenly,http://twitter.com/thehavenly,,,,,,,"Consumer, Home Decor, Interior Design",3,51-100,6,Early Stage Venture,"Jan 24, 2018",Series B,"$12,500,000","$12,500,000",Series B,"$25,820,000","$25,820,000",2,17,,Private,,,,,hello@havenly.com,(888)978-3152,18,"3,143"
Oblong Industries,https://www.crunchbase.com/organization/oblong,"Hardware, Software","Los Angeles, California, United States",Oblong develops gesture-based computing tools.,"3,349",Western United States,Active,2006,,For Profit,http://www.oblong.com,http://www.linkedin.com/company/964163,http://www.facebook.com/OblongIndustries,http://twitter.com/oblong_news,,,,,,,"Collaboration, Hardware, Software",2,101-250,7,Late Stage Venture,"Oct 18, 2016",Series D,"$35,000,000","$35,000,000",Series D,"$103,730,000","$103,730,000",1,8,,Private,,,,,info@oblong.com,213-683-8863,99,"3,206"
JOANY,https://www.crunchbase.com/organization/impact-health,"Financial Services, Health Care, Internet Services, Software","Los Angeles, California, United States","Joany is your trusted healthcare concierge. We simplify buying and using health insurance, all year long.","3,545",Western United States,Active,"Aug 1, 2015",,For Profit,https://Joany.com,,https://www.facebook.com/HelloJoany,https://twitter.com/HelloJoany,,,,,,,"Health Care, Insurance, Internet, SaaS",2,51-100,6,Early Stage Venture,"Jul 17, 2017",Series A,"$13,000,000","$13,000,000",Series A,"$18,975,000","$19,180,000",2,13,,Private,,,,,hello@joany.com,833-445-6269,18,"3,395"
Two Bit Circus,https://www.crunchbase.com/organization/two-bit-circus,"Gaming, Media and Entertainment, Travel and Tourism","Los Angeles, California, United States","Two Bit Circus is an experiential entertainment company helping brands tell their story through immersive, public installations.","3,580",Western United States,Active,2012,,For Profit,http://twobitcircus.com,http://www.linkedin.com/company/two-bit-circus,http://www.facebook.com/TwoBitCircus,http://twitter.com/twobitcircus,,,,,,,"Amusement Park and Arcade, Gaming, Media and Entertainment",2,11-50,2,Early Stage Venture,"Jan 19, 2017",Series B,"$15,000,000","$15,000,000",Series B,"$21,500,000","$21,500,000",3,6,,Private,,,,,info@twobitcircus.com,(323)250-9964,35,"3,429"
Beeswax,https://www.crunchbase.com/organization/beeswax,"Advertising, Sales and Marketing","New York, New York, United States",Beeswax is an advertising technology platform headquartered in New York City.,"3,706","Great Lakes, Northeastern United States",Active,"Sep 1, 2014",,For Profit,http://www.beeswax.com,https://www.linkedin.com/company/beeswaxio,https://www.facebook.com/beeswaxio,http://twitter.com/beeswaxio,,,,,,,Advertising,3,1-10,2,Early Stage Venture,"Sep 9, 2016",Series A,"$11,000,000","$11,000,000",Series A,"$13,300,000","$13,300,000",2,6,,Private,,,,,info@beeswax.com,,3,"3,553"
WorkMarket,https://www.crunchbase.com/organization/work-market,"Professional Services, Software","New York, New York, United States","WorkMarket, a company backed by Spark Capital and Union Square Ventures, provides a marketplace for managing contractors and freelancers.","3,776","Great Lakes, Northeastern United States",Active,"May 12, 2010",,For Profit,http://www.workmarket.com,http://www.linkedin.com/company/work-market,http://www.facebook.com/WorkMarketHQ,http://twitter.com/workmarket,,,,,,,"Enterprise Software, Freelance, SaaS",2,101-250,5,M&A,"Apr 25, 2017",Series D,"$25,000,000","$25,000,000",Series D,"$66,000,000","$66,000,000",5,7,"Made Acquisitions, Was Acquired",Private,,,,,info@workmarket.com,(877) 654-9675,23,"3,621"
TeamSnap,https://www.crunchbase.com/organization/teamsnap,"Mobile, Sports","Boulder, Colorado, United States",Millions of users around the world use TeamSnap to coordinate sports and other ongoing activities.,"3,818",Western United States,Active,"May 1, 2009",,For Profit,http://www.teamsnap.com,http://www.linkedin.com/company/teamsnap,http://www.facebook.com/TeamSnap,http://twitter.com/teamsnap,,,,,,,"Consumer, Mobile, Sports",3,101-250,7,Late Stage Venture,"Jan 31, 2017",Series C,"$25,000,000","$25,000,000",Series C,"$47,577,276","$47,577,276",3,11,Made Acquisitions,Private,,,,,support@teamsnap.com,,54,"3,661"
Wonolo,https://www.crunchbase.com/organization/wonolo,"Administrative Services, Commerce and Shopping","San Francisco, California, United States",Wonolo is an on-demand staffing platform for businesses to fill their immediate hourly or daily labor needs.,"3,872","San Francisco Bay Area, Western United States",Active,"Jan 1, 2014",,For Profit,http://wonolo.com,http://www.linkedin.com/company/wonolo,http://www.facebook.com/wonoloapp,http://twitter.com/Wonolo,,,,,,,"Local, Marketplace, Staffing Agency",2,11-50,4,Early Stage Venture,"Apr 18, 2018",Series B,"$13,000,000","$13,000,000",Series B,"$20,900,000","$20,900,000",2,10,,Private,,,,,support@wonolo.com,14045851239,16,"3,715"
Leadpages,https://www.crunchbase.com/organization/leadpages,"Apps, Internet Services, Mobile, Software","Minneapolis, Minnesota, United States","Leadpages is a tool that lets you create launch pages, sales pages, pop ups, and other conversion pages.","4,128","Great Lakes, Midwestern United States",Active,"Nov 1, 2012",,For Profit,http://leadpages.net,https://www.linkedin.com/company/3264767,http://www.facebook.com/leadpages,http://twitter.com/LeadPages,,,,,,,"Cloud Computing, Mobile, Software, Web Apps",2,101-250,3,Early Stage Venture,"Jun 17, 2015",Series B,"$27,000,000","$27,000,000",Series B,"$38,000,000","$38,000,000",2,3,Made Acquisitions,Private,,,,,contact@ave81.com,(855) 835-3877,35,"3,966"
StockTwits,https://www.crunchbase.com/organization/stocktwits,"Financial Services, Internet Services, Media and Entertainment, Software","New York, New York, United States",StockTwits is a real-time financial communications platform for the financial and investing community.,"4,161","Great Lakes, Northeastern United States",Active,2008,,For Profit,http://stocktwits.com,http://www.linkedin.com/company/stocktwits,http://www.facebook.com/stocktwits,http://twitter.com/stocktwits,,,1,1,,,"Financial Services, FinTech, Internet, Social Media, Software",2,11-50,8,,"Jul 6, 2016",Venture - Series Unknown,"$1,250,000","$1,250,000",Venture - Series Unknown,"$13,150,000","$13,150,000",2,15,Made Acquisitions,Private,,,,,support@stocktwits.com,,367,"3,999"
Chute,https://www.crunchbase.com/organization/chute,"Content and Publishing, Data and Analytics, Internet Services, Media and Entertainment, Mobile, Platforms, Sales and Marketing, Software","San Francisco, California, United States","Chute gives brands mastery over the world’s visual media - Discover audience content, ideate and create compelling visual content.","4,177","San Francisco Bay Area, Western United States",Active,"Jun 1, 2011",,For Profit,http://getchute.com,https://www.linkedin.com/company-beta/2087590/,http://www.facebook.com/GetChute,http://twitter.com/getchute,,,,,,,"Analytics, Internet, iOS, Marketing Automation, Mobile, Photography, SaaS, Social Media Marketing",3,11-50,6,Early Stage Venture,"Mar 29, 2017",Series B,"$4,100,000","$4,100,000",Series B,"$16,819,997","$16,819,997",3,11,,Private,,,,,hello@getchute.com,(415) 375-8000,38,"4,014"
VictorOps,https://www.crunchbase.com/organization/victorops,"Information Technology, Mobile, Software","Boulder, Colorado, United States","Our mission is to make being on-call suck less. With alert management & an infrastructure timeline, we're helping DevOps teams collaborate.","4,198",Western United States,Active,"Dec 27, 2012",,For Profit,http://www.victorops.com,http://www.linkedin.com/company/victorops-inc-,http://www.facebook.com/pages/Victorops/398222976957785,http://twitter.com/VictorOps,,,,,,,"Collaboration, Enterprise Software, IT Management, Mobile, Web Development",3,51-100,4,Early Stage Venture,"Dec 16, 2016",Series B,"$15,000,000","$15,000,000",Series B,"$33,700,000","$33,700,000",3,7,,Private,,,,,lauren@victorops.com,13035130763,76,"4,035"
"Moz, Inc.",https://www.crunchbase.com/organization/moz,"Data and Analytics, Internet Services, Sales and Marketing, Software","Seattle, Washington, United States",Moz is the world's most popular provider of inbound marketing software.,"4,599",Western United States,Active,2004,,For Profit,https://moz.com/,https://www.linkedin.com/company/moz,http://www.facebook.com/moz,http://twitter.com/moz,,,,,,,"Big Data, Search Engine, SEO, Software",2,101-250,3,Late Stage Venture,"Jan 26, 2016",Series C,"$10,000,000","$10,000,000",Series C,"$29,100,000","$29,100,000",2,3,Made Acquisitions,Private,,,,,customerservice@moz.com,,6,"4,424"
Suzy,https://www.crunchbase.com/organization/crowdtap,Data and Analytics,"New York, New York, United States",Suzy is an on-demand consumer intelligence platform. ,"4,707","Great Lakes, Northeastern United States",Active,2009,,For Profit,http://www.asksuzy.com,https://www.linkedin.com/company/27146761/,https://www.facebook.com/asksuzybiz/,http://twitter.com/asksuzybiz,,,,,,,"Business Intelligence, Crowdsourcing",3,51-100,5,Late Stage Venture,"Nov 20, 2017",Series C,"$5,100,000","$5,100,000",Series C,"$20,100,000","$26,100,000",1,8,,Private,,,,,hello@asksuzy.com,,95,"4,531"
Chewse,https://www.crunchbase.com/organization/chewse,"Commerce and Shopping, Food and Beverage, Travel and Tourism","San Francisco, California, United States",Chewse is a platform for companies to handle their food catering and workplace culture needs.,"4,771","San Francisco Bay Area, Western United States",Active,"Jul 1, 2011",,For Profit,http://www.chewse.com,http://www.linkedin.com/company/chewse,http://www.facebook.com/chewsefood,http://twitter.com/chewse,,,,,,,"E-Commerce, Hospitality, Personalization, Restaurants",2,11-50,6,Early Stage Venture,"Jun 6, 2017",Series B,"$7,300,000","$7,300,000",Series B,"$14,900,000","$14,900,000",2,19,,Private,,,,,info@chewse.com,(888) 506-6062,26,"4,595"
Nima,https://www.crunchbase.com/organization/6sensor-labs,"Food and Beverage, Health Care","San Francisco, California, United States",Nima is a science-driven company creating connected food sensors for peace of mind at meal time.,"4,981","San Francisco Bay Area, Western United States",Active,"Oct 1, 2013",,For Profit,http://www.nimasensor.com,https://www.linkedin.com/company/7956461,http://www.facebook.com/nimasensor,http://twitter.com/nimasensor,,,,,,,"Food and Beverage, Health Care, Personal Health, Wellness",2,11-50,2,Early Stage Venture,"May 19, 2016",Series A,"$9,200,000","$9,200,000",Series A,"$13,200,000","$13,200,000",2,10,,Private,,,,,support@nimasensor.com,(844)646-2969,47,"4,793"
Craftsy,https://www.crunchbase.com/organization/sympoz,"Education, Software","Denver, Colorado, United States","Craftsy is the premier destination for learning, inspiration, and supplies for passionate enthusiast makers.","5,059",Western United States,Active,2010,,For Profit,http://www.craftsy.com,http://www.linkedin.com/company/craftsy,http://www.facebook.com/craftsy,http://twitter.com/beCraftsy,,,,,,,"E-Learning, EdTech, Education",6,501-1000,4,M&A,"Nov 13, 2014",Series D,"$50,000,000","$50,000,000",Series D,"$106,000,000","$106,000,000",3,7,Was Acquired,Private,,,,,contact@sympoz.com,(888) 979-6769,49,"4,869"
Betabrand,https://www.crunchbase.com/organization/betabrand,"Clothing and Apparel, Commerce and Shopping, Design, Financial Services, Manufacturing","San Francisco, California, United States","Betabrand is an online clothing that designs and manufactures brands such as Cordaround, dress pant sweatpants, bike-to-work pants and more.","5,379","San Francisco Bay Area, Western United States",Active,"Dec 1, 2009",,For Profit,http://www.betabrand.com,https://www.linkedin.com/company/betabrand,http://www.facebook.com/betabrand,http://twitter.com/betabrand,,,,,,,"E-Commerce, Fashion, FinTech, Manufacturing",4,51-100,7,,"Jun 14, 2017",Venture - Series Unknown,"$10,000,002","$10,000,002",Venture - Series Unknown,"$34,754,001","$34,754,001",2,4,,Private,,,,,info@betabrand.com,(800)694-9491,89,"5,179"
Help Scout,https://www.crunchbase.com/organization/help-scout,"Financial Services, Information Technology, Internet Services, Messaging and Telecommunications, Software","Boston, Massachusetts, United States","Help Scout offers a help desk invisible to customers, that helps companies deliver outstanding customer support.","5,724","New England, Northeastern United States",Active,2011,,For Profit,http://www.helpscout.net,https://www.linkedin.com/company/help-scout,https://facebook.com/helpscout,http://twitter.com/helpscout,,,,,,,"Customer Service, Email, Finance, Software",3,51-100,5,Early Stage Venture,"Feb 7, 2017",Series B,"$6,180,147","$6,180,147",Series B,"$12,980,147","$12,980,147",1,19,,Private,,,,,help@helpscout.net,866-376-9322,20,"5,513"
Chowbotics,https://www.crunchbase.com/organization/casabots,"Food and Beverage, Travel and Tourism","San Jose, California, United States",Chowbotics uses robots to solve several problems in food service including compromised cleanliness and inefficiency.,"5,879","San Francisco Bay Area, Silicon Valley, Western United States",Active,"Aug 23, 2014",,For Profit,http://www.chowbotics.com,https://www.linkedin.com/company-beta/17987148/,https://www.facebook.com/chowbotics/,https://twitter.com/chowbotics,,,,,,,"Food and Beverage, Hotel, Restaurants",1,11-50,2,Early Stage Venture,"Mar 9, 2017",Series A,"$5,000,000","$5,000,000",Series A,"$6,300,000","$6,300,000",,6,,Private,,,,,info@chowbotics.com,,11,"5,664"
Bolt,https://www.crunchbase.com/organization/bolt-io,"Financial Services, Hardware, Lending and Investments","San Francisco, California, United States",Early-stage venture capital firm focused on startups at the intersection of hardware and software,"5,956","San Francisco Bay Area, Western United States",Active,"Feb 1, 2013",,,http://bolt.io,https://www.linkedin.com/company/bolt,http://www.facebook.com/BoltHW,http://twitter.com/BoltVC,"Micro VC, Venture Capital","Early Stage Venture, Seed",36,45,2,1,"Hardware, Venture Capital",3,11-50,1,,"Feb 20, 2013",Venture - Series Unknown,"$3,900,000","$3,900,000",Venture - Series Unknown,"$3,900,000","$3,900,000",,8,,Private,,,,,info@bolt.io,,6,
Pi Inc.,https://www.crunchbase.com/organization/pi-charging,"Consumer Electronics, Hardware, Manufacturing","San Francisco, California, United States",Pi is a company that delivers a wireless charger for consumers.,"6,158","San Francisco Bay Area, Western United States",Active,2015,,For Profit,https://www.picharging.com,https://www.linkedin.com/company/6626546,https://www.facebook.com/picharging/,https://twitter.com/picharging,,,,,,,"Consumer Electronics, Electronics, Manufacturing",2,1-10,2,Early Stage Venture,"Dec 5, 2017",Series A,"$11,400,000","$11,400,000",Series A,"$14,400,000","$14,400,000",1,9,,Private,,,,,,,3,"5,936"
awe.sm,https://www.crunchbase.com/organization/snowball-factory,"Data and Analytics, Internet Services, Media and Entertainment","San Francisco, California, United States","awe.sm develops tools for brands and developers in technology, media, and retail that measure the performance of social marketing campaigns.","6,293","San Francisco Bay Area, Western United States",Active,"Feb 6, 2009",,,http://awe.sm,,https://www.facebook.com/unified,http://twitter.com/awesm,,,,,,,"Analytics, Social Media, Social Network",2,51-100,2,M&A,"Dec 1, 2011",Venture - Series Unknown,"$4,000,000","$4,000,000",Venture - Series Unknown,"$5,000,000","$5,000,000",2,6,Was Acquired,Private,,,,,questions@awe.sm,877-652-9376,17,"6,069"
Yumi,https://www.crunchbase.com/organization/yumi,Food and Beverage,"Los Angeles, California, United States",Yumi offers a science-based early childhood meal delivery program.,"6,302",Western United States,Active,2017,,For Profit,http://helloyumi.com/,https://www.linkedin.com/company-beta/11142117/,http://www.facebook.com/yumi,https://twitter.com/yumi/,,,,,,,"Baby, Food and Beverage, Organic Food",2,11-50,1,Seed,"Jun 13, 2017",Seed,"$4,099,999","$4,099,999",Seed,"$4,099,999","$4,099,999",5,10,,Private,,,,,info@helloyumi.com,,19,"6,078"
Vengo Labs,https://www.crunchbase.com/organization/vengo-labs,"Commerce and Shopping, Content and Publishing, Manufacturing, Media and Entertainment, Sales and Marketing","Long Island City, New York, United States",Vengo is a software and media company that engages consumers and collects data.,"6,380","Great Lakes, Northeastern United States",Active,"Jan 11, 2012",,For Profit,http://vengolabs.com,https://www.linkedin.com/company/9367915?trk=tyah&trkInfo=clickedVertical%3Acompany%2CclickedEntityId%3A9367915%2Cidx%3A2-2-3%2CtarId%3A1449847607479%2Ctas%3Avengo,http://www.facebook.com/TaxiTreats,http://twitter.com/VengoLabs,,,,,,,"Brand Marketing, Digital Media, Manufacturing, News, Point of Sale, Retail",3,11-50,5,,"Sep 30, 2016",Venture - Series Unknown,,,Venture - Series Unknown,"$5,000,000","$7,000,000",1,22,,Private,,,,,info@vengolabs.com,914-419-5049,12,"6,153"
Modria,https://www.crunchbase.com/organization/modria,Professional Services,"San Jose, California, United States","Modria is a scalable platform, built by resolution experts and leading technologists, that helps companies resolve customer complaints.","6,670","San Francisco Bay Area, Silicon Valley, Western United States",Active,"Apr 1, 2011",,For Profit,http://modria.com,https://www.linkedin.com/company/modria-com,http://www.facebook.com/pages/Modria/362375867115510,http://twitter.com/modria,,,,,,,"Crowdsourcing, Customer Service, Legal",2,251-500,3,M&A,"Jul 20, 2015",Series B,"$5,783,042","$5,783,042",Series B,"$12,033,042","$12,033,042",1,11,Was Acquired,Private,,,,,info@modria.com,408-269-2540,12,"6,436"
On Target Laboratories,https://www.crunchbase.com/organization/on-target-laboratories,"Biotechnology, Health Care, Science and Engineering","Northbrook, Illinois, United States","On Target Laboratories engages in discovering, developing, and commercializing small molecules that target specific pathological","6,786","Great Lakes, Midwestern United States",Active,2010,,,http://www.ontargetlaboratories.com/,https://www.linkedin.com/company/on-target-laboratories-llc,https://www.facebook.com/public/On-Target-Laboratories,https://twitter.com/OnTargetLabs,,,,,,,"Biotechnology, Life Science, Medical",1,1-10,4,Early Stage Venture,"Mar 14, 2018",Series B,"$4,000,000","$4,000,000",Series B,"$60,700,000","$60,700,000",2,7,,Private,,,,,,6105846191,2,"6,546"
Sourcepoint,https://www.crunchbase.com/organization/sourcepoint,"Content and Publishing, Internet Services, Manufacturing, Media and Entertainment","New York, New York, United States",SourcePoint is a content compensation platform that supports a sustainable media ecosystem for consumers and publishers.,"7,005","Great Lakes, Northeastern United States",Active,"Jun 1, 2015",,For Profit,http://www.sourcepoint.com/,https://www.linkedin.com/company/sourcepoint-technologies-inc,https://www.facebook.com/sourcepointinc,https://twitter.com/sourcepointinc,,,,,,,"Content, Manufacturing, Publishing, Search Engine",6,11-50,2,Early Stage Venture,"Jan 25, 2017",Series B,"$16,000,000","$16,000,000",Series B,"$26,000,000","$26,000,000",3,6,,Private,,,,,brian@sourcepoint.com,,19,"6,757"
ParkiFi,https://www.crunchbase.com/organization/parkifi,"Hardware, Transportation, Travel and Tourism","Denver, Colorado, United States",ParkiFi is making parking less of a hassle with their real-time parking occupancy and payment platform. ,"7,122",Western United States,Active,2014,,For Profit,https://www.parkifi.com,https://www.linkedin.com/company/parkifi,https://www.facebook.com/parkifi,https://twitter.com/parkifi,,,,,,,"Parking, Real Time, Sensor, Transportation, Travel",2,11-50,5,M&A,"Aug 3, 2016",Venture - Series Unknown,"$2,000,003","$2,000,003",Venture - Series Unknown,"$10,875,709","$12,875,709",2,14,Was Acquired,Private,,,,,contact@parkifi.com,1 844-750-7275,9,"6,870"
VigLink,https://www.crunchbase.com/organization/viglink,"Advertising, Apps, Content and Publishing, Internet Services, Media and Entertainment, Sales and Marketing, Software","San Francisco, California, United States","VigLink is a platform for monetizing content-driven commerce for publishers, bloggers, forums, social networks and apps.","7,604","San Francisco Bay Area, Western United States",Active,"Mar 19, 2009",,,http://www.viglink.com,http://www.linkedin.com/company/viglink,http://www.facebook.com/viglink,http://twitter.com/VigLink,,,,,,,"Advertising, Apps, Content, Publishing, Social Network",1,11-50,5,Late Stage Venture,"Nov 25, 2014",Series C,"$2,000,000","$2,000,000",Series C,"$27,337,143","$27,337,143",2,15,Made Acquisitions,Private,,,,,info@viglink.com,888-828-8492,97,"7,335"
Broadly,https://www.crunchbase.com/organization/broadly,"Advertising, Commerce and Shopping, Information Technology, Internet Services, Media and Entertainment, Sales and Marketing","Oakland, California, United States",Helping small businesses connect with modern consumers,"7,728","San Francisco Bay Area, Western United States",Active,2014,,For Profit,https://broadly.com,https://www.linkedin.com/company/broadly,https://www.facebook.com/getbroadly/,https://twitter.com/getbroadly/,,,,,,,"Advertising, Consumer Reviews, Reputation, SEO, Small and Medium Businesses, Social Media",2,51-100,3,Early Stage Venture,"Jul 22, 2016",Series A,"$6,699,000","$6,699,000",Series A,"$10,629,000","$10,629,000",,1,,Private,,,,,contact@broadly.com,(510)400-6039,,"7,454"
"Ello, Inc.",https://www.crunchbase.com/organization/ello-inc,"Community and Lifestyle, Internet Services, Media and Entertainment","Burlington, Vermont, United States","Ello is a simple, beautiful, and ad-free social network created by a small group of artists and designers","7,788","New England, Northeastern United States",Active,2013,,For Profit,http://ello.co,,http://www.facebook.com/pages/elloco/332869730215368,https://twitter.com/ellohype,,,,,,,"Internet, Private Social Networking, Social Media, Social Network",6,11-50,3,Early Stage Venture,"Apr 2, 2015",Series B,"$5,000,000","$5,000,000",Series B,"$10,935,000","$10,935,000",2,3,,Private,,,,,,802-557-0507,6,"7,511"
Misty Robotics,https://www.crunchbase.com/organization/misty-robotics,"Consumer Electronics, Hardware, Science and Engineering, Software","Boulder, Colorado, United States","Misty Robotics, a spinoff of Sphero, is a hardware company that builds personal robots for homes and offices.","8,047",Western United States,Active,2017,,For Profit,http://www.mistyrobotics.com/,https://www.linkedin.com/company-beta/22346735/,https://www.facebook.com/mistyrobotics/,https://twitter.com/MistyRobotics,,,,,,,"Consumer Electronics, Hardware, Robotics",1,,1,Early Stage Venture,"Jun 20, 2017",Series A,"$11,500,000","$11,500,000",Series A,"$11,500,000","$11,500,000",2,2,,Private,,,,,info@mistyrobotics.com,,4,"7,765"
Mattermark,https://www.crunchbase.com/organization/mattermark,"Data and Analytics, Financial Services, Lending and Investments, Software","San Francisco, California, United States",Mattermark is a data platform for venture capital companies to quantify signals of growing and potentially lucrative start-ups.,"8,413","San Francisco Bay Area, Western United States",Closed,2012,"Dec 21, 2017",For Profit,https://mattermark.com,https://www.linkedin.com/company/3182754,https://www.facebook.com/mattermark,https://twitter.com/mattermark,,,,,,,"Big Data, Enterprise Software, Venture Capital",3,11-50,5,M&A,"Mar 20, 2016",Series B,"$7,300,000","$7,300,000",Series B,"$17,200,000","$17,200,000",2,44,Was Acquired,Private,,,,,support@mattermark.com,415-347-8666,772,"8,120"
Wanderu,https://www.crunchbase.com/organization/wanderu,"Data and Analytics, Information Technology, Software, Transportation, Travel and Tourism","Boston, Massachusetts, United States",Wanderu is the leading ground travel middle-layer technology and consumer search in North America and expanding globally.,"8,421","New England, Northeastern United States",Active,2012,,For Profit,https://www.wanderu.com,http://www.linkedin.com/company/wanderu-inc,http://www.facebook.com/GoWanderu,http://twitter.com/gowanderu,,,,,,,"Data Integration, Transportation, Travel",3,11-50,2,Early Stage Venture,"Nov 5, 2014",Series A,"$5,600,000","$5,600,000",Series A,"$8,050,000","$8,050,000",2,17,,Private,,,,,hello@wanderu.com,,32,"8,128"
MakerBot,https://www.crunchbase.com/organization/makerbot,"Consumer Goods, Hardware, Manufacturing, Software","Brooklyn, New York, United States",MakerBot Industries creates open source 3D printers.,"8,484","Great Lakes, Northeastern United States",Active,2009,,For Profit,http://makerbot.com,http://www.linkedin.com/company/makerbot-industries,http://www.facebook.com/makerbot,http://twitter.com/makerbot,,,1,1,,,"3D Printing, DIY, Hardware, Open Source, Software",1,501-1000,2,M&A,"Aug 23, 2011",Venture - Series Unknown,"$10,000,000","$10,000,000",Venture - Series Unknown,"$10,000,000","$10,000,000",,8,"Made Acquisitions, Was Acquired",Private,,,,,contact@makerbot.com,3476763956,"1,257","8,190"
Codementor,https://www.crunchbase.com/organization/codementor,"Education, Software","Mountain View, California, United States","Codementor is an online marketplace connecting developers with experts for on-demand 1:1 help via screen sharing, video, and text chat.","8,756","San Francisco Bay Area, Silicon Valley, Western United States",Active,2013,,For Profit,https://www.codementor.io,https://www.linkedin.com/company/10036603,http://www.facebook.com/codementor,http://twitter.com/CodementorIO,,,,,,,"Developer Tools, Education, Web Development",1,11-50,5,Seed,"Dec 14, 2016",Seed,"$1,600,000","$1,600,000",Seed,"$3,400,000","$3,400,000",2,11,,Private,,,,,support@codementor.io,,29,"8,453"
Medialets,https://www.crunchbase.com/organization/medialets,"Advertising, Mobile, Sales and Marketing","New York, New York, United States","Medialets is a media ad platform enabling businesses to create, deliver and measure mobile and tablet campaigns.","8,760","Great Lakes, Northeastern United States",Active,"Jun 1, 2008",,For Profit,http://www.medialets.com,http://www.linkedin.com/company/medialets,http://www.facebook.com/medialets,http://twitter.com/medialets,,,,,,,"Ad Server, Advertising, Mobile, Mobile Advertising",3,51-100,5,M&A,"Jan 7, 2014",Venture - Series Unknown,"$5,000,000","$5,000,000",Venture - Series Unknown,"$33,400,000","$33,400,000",2,5,Was Acquired,Private,,,,,connect@medialets.com,212-300-5670,177,"8,457"
Boundless,https://www.crunchbase.com/organization/boundless-2,"Government and Military, Internet Services","Seattle, Washington, United States","Boundless provides immigrants with the tools, information, and personalized support to navigate their immigration journey.","8,964",Western United States,Active,2017,,For Profit,https://boundless.co,https://www.linkedin.com/company-beta/17959158/,https://www.facebook.com/ChooseBoundless,https://twitter.com/chooseboundless,,,,,,,"Customer Service, Government, Internet",3,1-10,1,Seed,"Apr 20, 2017",Seed,"$3,500,000","$3,500,000",Seed,"$3,500,000","$3,500,000",1,6,,Private,,,,,be@boundless.co,,3,"8,657"
MakeTime,https://www.crunchbase.com/organization/maketime-io,"Commerce and Shopping, Design, Manufacturing","Lexington, Kentucky, United States",MakeTime is a tech company that makes getting CNC machined parts simple and efficient.,"9,318",Southern United States,Active,Nov 2014,,For Profit,http://www.maketime.io,https://www.linkedin.com/company/maketime-inc-,https://www.facebook.com/MakeTimeInc,https://twitter.com/MakeTimeInc,,,,,,,"E-Commerce, Manufacturing, Product Design",1,51-100,3,Early Stage Venture,"May 3, 2016",Series A,"$8,000,000","$8,000,000",Series A,"$10,650,000","$11,850,000",2,3,,Private,,,,,info@maketime.io,844-625-3846,20,"9,001"
Next Big Sound,https://www.crunchbase.com/organization/next-big-sound,"Data and Analytics, Financial Services, Media and Entertainment, Music and Audio","New York, New York, United States",Next Big Sound is an online music analytics platform tracking artists’ popularity and profitability across major social networks.,"9,524","Great Lakes, Northeastern United States",Active,"Jun 20, 2008",,,http://www.nextbigsound.com,,http://www.facebook.com/nextbigsound,http://twitter.com/nextbigsound,,,,,,,"Analytics, Finance, Music",3,11-50,4,M&A,"Jan 3, 2012",Series A,"$6,500,000","$6,500,000",Series A,"$7,949,997","$7,949,997",2,8,Was Acquired,Private,,,,,info@nextbigsound.com,646-657-9837,116,"9,203"
Peer5,https://www.crunchbase.com/organization/peer5,"Content and Publishing, Media and Entertainment, Software, Video","Palo Alto, California, United States",Peer5 operates the world’s largest peer-to-peer (p2p) content delivery network.,"9,660","San Francisco Bay Area, Silicon Valley, Western United States",Active,2012,,For Profit,http://peer5.com,http://www.linkedin.com/company/2555615,https://www.facebook.com/Peer5-1378756305754445/,http://twitter.com/peer5,,,,,,,"SaaS, Video, Video Streaming",3,11-50,7,Seed,"Mar 31, 2017",Seed,"$2,500,000","$2,500,000",Seed,"$3,500,000","$3,500,000",1,19,,Private,,,,,contact@peer5.com,(650)485-3102,4,"9,331"
DataHero,https://www.crunchbase.com/organization/datahero,"Data and Analytics, Design, Information Technology, Software","Santa Monica, California, United States",DataHero is a leading cloud business intelligence software platform that specializes in data visualization and data dashboards.,"9,968",Western United States,Active,"Oct 1, 2011",,For Profit,https://datahero.com,http://www.linkedin.com/company/datahero,http://www.facebook.com/dataheroINC,http://twitter.com/DataHero,,,,,,,"Analytics, Big Data, Business Intelligence, Data Visualization",1,1-10,4,M&A,"Jun 15, 2015",Secondary Market,,"$6,100,000",Series A,"$10,250,000","$10,250,000",1,8,Was Acquired,Private,,,,,help@datahero.com,866-483-7191,30,"9,630"
Dragon Innovation,https://www.crunchbase.com/organization/dragon-innovation,"Hardware, Software","Cambridge, Massachusetts, United States","We make going from prototype to production feel easy, unlocking scale manufacturing for a new generation of hardware entrepreneurs.","10,009","New England, Northeastern United States",Active,2009,,For Profit,http://www.dragoninnovation.com,http://www.linkedin.com/company/dragon-innovation,http://www.facebook.com/dragoninnovation,http://twitter.com/dragoninnovate,,,,,,,"Hardware, Software",2,11-50,5,M&A,"Jun 25, 2015",Venture - Series Unknown,,,Venture - Series Unknown,"$6,815,600","$6,815,600",2,8,Was Acquired,Private,,,,,,,103,"9,670"
BigDoor,https://www.crunchbase.com/organization/bigdoor,"Advertising, Sales and Marketing","Seattle, Washington, United States","BigDoor is a white label software platform that helps brands increase customer engagement, reward users, and build loyalty.","10,330",Western United States,Active,"Jun 1, 2009",,,http://www.bigdoor.com,http://www.linkedin.com/company/bigdoor-media-inc.,http://www.facebook.com/BigDoorMedia,http://twitter.com/bigdoor,,,,,,,"Advertising, Brand Marketing, Customer Service",2,11-50,8,,"Dec 17, 2014",Venture - Series Unknown,,,Venture - Series Unknown,"$12,850,000","$13,065,000",1,3,Made Acquisitions,Private,,,,,info@bigdoor.com,425-296-0805,58,"9,979"
Kuli Kuli,https://www.crunchbase.com/organization/kuli-kuli,Health Care,"Oakland, California, United States",Kuli Kuli is a Californian startup selling a West African crop known as moringa as both a powder supplement and a health food bar.,"10,339","San Francisco Bay Area, Western United States",Active,"Sep 21, 2011",,For Profit,http://kulikulifoods.com/,http://www.linkedin.com/company/kuli-kuli-inc-,http://www.facebook.com/kulikulifoods,http://twitter.com/kulikulifoods,,,,,,,"Health Care, Nutrition",4,11-50,3,Early Stage Venture,"Jan 11, 2017",Series A,"$4,250,000","$4,250,000",Series A,"$5,350,000","$5,350,000",1,8,,Private,,,,,hello@kulikulifoods.com,+1,24,"9,988"
Looking Glass,https://www.crunchbase.com/organization/looking-glass,"Design, Hardware, Media and Entertainment, Science and Engineering, Software, Video","Brooklyn, New York, United States",Looking Glass brings living pieces of digital space into the real world.,"10,450","Great Lakes, Northeastern United States",Active,2014,,For Profit,http://www.lookingglassfactory.com/,,http://instagram.com/lookingglassfactory/,https://twitter.com/lkgglass,,,,,,,"3D Technology, Augmented Reality, Digital Media, Human Computer Interaction, Video",2,11-50,2,Early Stage Venture,"Feb 11, 2017",Series A,,,Series A,,,3,5,,Private,,,,,info@lookingglassfactory.com,+852 6504888013,224,"10,096"
Modular Robotics,https://www.crunchbase.com/organization/modular-robotics,"Education, Hardware, Manufacturing, Science and Engineering, Software","Boulder, Colorado, United States",Modular Robotics makes robot construction kits made of modular magnetic blocks that can be assembled to create small self-powered robots.,"10,932",Western United States,Active,2008,,For Profit,http://www.modrobotics.com,https://www.linkedin.com/company/modular-robotics,http://www.facebook.com/modrobotics,http://twitter.com/modrobotics,,,,,,,"Education, Manufacturing, Robotics",2,11-50,5,Early Stage Venture,"Nov 14, 2014",Series B,"$3,100,000","$3,100,000",Series B,"$9,100,000","$10,575,614",1,2,,Private,,,,,info@modrobotics.com,(720)275-6025,40,"10,552"
Are You a Human,https://www.crunchbase.com/organization/are-you-a-human,"Advertising, Media and Entertainment, Sales and Marketing, Video","Detroit, Michigan, United States","Are You a Human which allows anyone using it to be certain they are addressing a verified human before they serve content, services, or ads.","11,741","Great Lakes, Midwestern United States",Active,2011,,For Profit,http://www.areyouahuman.com,http://www.linkedin.com/company/are-you-a-human,http://www.facebook.com/areyouahuman,http://twitter.com/areyouahuman,,,,,,,"Advertising, Marketing, Video",3,11-50,5,M&A,"Jun 18, 2015",Series A,"$4,200,000","$4,200,000",Series A,"$7,875,000","$7,875,000",2,10,Was Acquired,Private,,,,,humans@areyouahuman.com,+1 313-312-5537,11,"11,328"
sovrn,https://www.crunchbase.com/organization/sovrn,"Advertising, Content and Publishing, Data and Analytics, Media and Entertainment, Sales and Marketing","Boulder, Colorado, United States","We offer tools publishers need to understand their readers, create content that works and make money.","11,895",Western United States,Active,"Jan 28, 2014",,For Profit,http://www.sovrn.com,https://www.linkedin.com/company/sovrn-holdings-inc-,https://www.facebook.com/sovrnholdings,https://twitter.com/sovrnholdings,,,,,,,"Advertising, Analytics, Marketing, Publishing",1,101-250,6,M&A,"Apr 20, 2011",Series E,"$10,000,000","$10,000,000",Series E,"$27,300,000","$28,300,000",3,4,"Made Acquisitions, Was Acquired",Private,,,,,info@sovrn.com,(303)493-5490,34,"11,478"
PivotDesk,https://www.crunchbase.com/organization/pivotdesk,"Internet Services, Real Estate","Boulder, Colorado, United States",PivotDesk is an office-sharing marketplace connecting companies with extra office space with startups and small businesses.,"12,095",Western United States,Active,"Apr 1, 2012",,,http://pivotdesk.com,http://www.linkedin.com/company/2661580,http://www.facebook.com/PivotDesk,http://twitter.com/PivotDesk,,,,,,,"Coworking, Internet, Real Estate",4,11-50,3,M&A,"Apr 10, 2014",Series A,"$3,625,000","$3,625,000",Series A,"$6,860,000","$6,860,000",1,7,Was Acquired,Private,,,,,founders@pivotdesk.com,,49,"11,673"
"Borrowed & Blue, Inc.",https://www.crunchbase.com/organization/borrowed-blue-inc,"Community and Lifestyle, Content and Publishing, Events, Internet Services, Media and Entertainment","Charlottesville, Virginia, United States","Borrowed & Blue is the first transactional marketplace in the wedding industry, helping couples imagine, plan and book their dream wedding.","12,289",Southern United States,Active,"Oct 17, 2011",,,http://www.borrowedandblue.com,,,,,,,,,,"Internet, Photo Sharing, Social Media, Wedding",1,11-50,2,Early Stage Venture,"Nov 2, 2016",Series A,"$7,000,000","$7,000,000",Series A,"$10,100,000","$10,100,000",1,5,,Private,,,,,,,,"11,863"
isocket,https://www.crunchbase.com/organization/isocket,"Advertising, Sales and Marketing, Software","San Francisco, California, United States",isocket offers a technology platform that is focused on buying and selling fixed price inventory.,"12,325","San Francisco Bay Area, Western United States",Active,"Aug 1, 2009",,For Profit,http://www.isocket.com,http://www.linkedin.com/company/isocket,http://www.facebook.com/isocket,http://twitter.com/isocket,,,,,,,"Advertising, Developer APIs, PaaS",1,11-50,5,M&A,"Feb 2, 2018",Venture - Series Unknown,"$8,000,000","$8,000,000",Venture - Series Unknown,"$23,104,119","$23,104,119",2,22,Was Acquired,Private,,,,,hello@isocket.com,18667245582,21,"11,899"
SideTour,https://www.crunchbase.com/organization/sidetour,Financial Services,"New York, New York, United States","SideTour provides a community marketplace enabling users to find and host activities such as tours, dine- outs and rides with other users.","12,508","Great Lakes, Northeastern United States",Active,"Jun 1, 2011",,,http://www.sidetour.com,,,http://twitter.com/sidetour,,,,,,,"Collaborative Consumption, Finance, Local",4,1-10,3,M&A,"Mar 25, 2013",Series A,"$2,500,000","$2,500,000",Series A,"$4,000,000","$4,000,000",2,4,Was Acquired,Private,,,,,helpful@sidetour.com,,52,"12,075"
mLab,https://www.crunchbase.com/organization/objectlabs,"Hardware, Internet Services, Software","San Francisco, California, United States",mLab is a cloud-based infrastructure company that builds software for developers and IT professionals.,"12,532","San Francisco Bay Area, Western United States",Active,"Feb 1, 2011",,For Profit,https://mlab.com/,,https://www.facebook.com/MongoLab,https://twitter.com/mlab,,,,,,,"Cloud Computing, Cloud Infrastructure, Software",2,11-50,3,Early Stage Venture,"Oct 1, 2012",Series B,"$5,000,000","$5,000,000",Series B,"$8,000,000","$8,000,000",4,6,,Private,,,,,info@objectlabs.com,(415) 758-2748,3,"12,098"
Sifteo,https://www.crunchbase.com/organization/sifteo,"Gaming, Hardware, Science and Engineering, Software","San Francisco, California, United States","Sifteo makes Sifteo cubes, an interactive gaming platform for hands-on fun and intelligent play.","12,686","San Francisco Bay Area, Western United States",Active,2009,,,http://www.sifteo.com,,,http://twitter.com/sifteo,,,,,,,"Gaming, Hardware, Robotics, Software",2,11-50,3,M&A,"Sep 1, 2010",Grant,"$500,000","$12,000,000",Series B,"$13,000,000","$13,500,000",2,3,Was Acquired,Private,,,,,hello@sifteo.com,4157894180,88,"12,249"
Barnana,https://www.crunchbase.com/organization/barnana,Sustainability,"Santa Monica, California, United States",Creators of the tastiest banana snacks ever,"13,160",Western United States,Active,2012,,For Profit,http://www.barnana.com,https://www.linkedin.com/in/nicholasingersoll,http://www.facebook.com/barnana,http://www.twitter.com/barnana,,,,,,,Organic,3,11-50,3,,"Jan 18, 2017",Venture - Series Unknown,"$5,300,000","$5,300,000",Venture - Series Unknown,"$5,300,000","$5,300,000",2,5,,Private,,,,,info@barnana.com,858-480-1543,2,"12,705"
Vango,https://www.crunchbase.com/organization/vangoart,"Commerce and Shopping, Data and Analytics, Design, Information Technology, Internet Services, Media and Entertainment, Software","San Francisco, California, United States",Changing the way we buy original art,"13,334","San Francisco Bay Area, Western United States",Active,"Sep 15, 2012",,For Profit,http://www.vangoart.com,http://www.linkedin.com/company/arttwo50,http://www.facebook.com/VangoArtApp,https://twitter.com/vangoart,,,,,,,"Art, Data Visualization, E-Commerce, Internet",4,1-10,4,Seed,"Oct 22, 2016",Undisclosed,"$2,350,000","$2,350,000",Undisclosed,"$4,695,000","$4,695,000",,17,,Private,,,,,discover@vangoart.co,415-228-0842,15,"12,870"
Cheddar Up,https://www.crunchbase.com/organization/cheddar-up,"Financial Services, Internet Services, Payments","Denver, Colorado, United States","Cheddar Up helps collect payments and information for anything. Move your community online, save time, and focus on more important stuff. ","13,599",Western United States,Active,"Oct 1, 2012",,For Profit,http://www.cheddarup.com,https://www.linkedin.com/company/cheddar-up,http://www.facebook.com/cheddarup,http://twitter.com/cheddarup,,,,,,,"Internet, Payments",2,1-10,3,,"Nov 1, 2017",Venture - Series Unknown,"$1,200,000","$1,200,000",Venture - Series Unknown,"$2,225,000","$2,225,000",1,7,,Private,,,,,info@cheddarup.com,+1 (855) 524-3332,3,"13,128"
Jirafe,https://www.crunchbase.com/organization/jirafe,"Commerce and Shopping, Data and Analytics","New York, New York, United States",Jirafe provides e-commerce-tailored analytics that facilitate data-driven marketing and merchandising for retailers.,"13,650","Great Lakes, Northeastern United States",Closed,2010,"Jan 4, 2016",For Profit,http://jirafe.com,http://www.linkedin.com/company/jirafe-inc,http://www.facebook.com/jirafeinc,http://twitter.com/jirafe,,,,,,,"Analytics, Big Data, E-Commerce",2,11-50,2,Early Stage Venture,"Jun 26, 2012",Series A,"$7,000,000","$7,000,000",Series A,"$7,000,000","$7,000,000",2,4,,Private,,,,,,,10,"13,177"
Organic Motion,https://www.crunchbase.com/organization/organic-motion,"Media and Entertainment, Software, Video","New York, New York, United States",Organic Motion provides computer vision and markerless motion capture systems.,"13,815","Great Lakes, Northeastern United States",Active,2006,,,http://organicmotion.com,,,http://twitter.com/organicmotion,,,,,,,"Animation, Media and Entertainment, Motion Capture, Software",1,11-50,4,,"Feb 26, 2013",Venture - Series Unknown,"$2,249,999","$2,249,999",Venture - Series Unknown,"$11,184,999","$11,184,999",1,1,,Private,,,,,,2122733777,22,"13,337"
Spanning Cloud Apps,https://www.crunchbase.com/organization/spanning-cloud-apps,"Information Technology, Internet Services, Software","Austin, Texas, United States",Spanning Cloud Apps is the leading provider of backup and recovery for SaaS applications.,"14,076",Southern United States,Active,"Sep 1, 2010",,For Profit,http://spanning.com,http://www.linkedin.com/company/1350874,https://www.facebook.com/SpanningBackup,https://twitter.com/spanningbackup/,,,,,,,"Cloud Data Services, Enterprise Software, SaaS",2,51-100,2,M&A,"Mar 20, 2013",Series B,"$6,000,000","$6,000,000",Series B,"$9,000,000","$9,000,000",1,1,Was Acquired,Private,,,,,info@spanning.com,512-217-6551,16,"13,590"
bounce.io (dba: ThreatWave),https://www.crunchbase.com/organization/bounce-io,"Advertising, Information Technology, Internet Services, Messaging and Telecommunications, Privacy and Security, Sales and Marketing","Louisville, Colorado, United States",Bounce.io is an online tool for users to learn more about email bounces.,"14,174",Western United States,Active,2013,,For Profit,http://bounce.io,http://www.linkedin.com/company/bounce-io,http://www.facebook.com/bounceio,http://twitter.com/bounceIO,,,,,,,"Advertising, Email, Security",1,11-50,3,M&A,"Apr 24, 2015",Venture - Series Unknown,"$2,157,993","$2,157,993",Venture - Series Unknown,"$6,957,993","$6,957,993",1,5,Was Acquired,Private,,,,,hello@bounce.io,,3,"13,684"
OneRiot,https://www.crunchbase.com/organization/oneriot,"Advertising, Apps, Sales and Marketing, Software","Boulder, Colorado, United States",OneRiot is a network of mobile apps that analyzes mobile social media activity to determine audience characteristics.,"14,836",Western United States,Active,2006,,For Profit,http://www.oneriot.com,,,http://twitter.com/OneRiot,,,,,,,"Advertising, Apps, Brand Marketing, Real Time",3,11-50,3,M&A,"Aug 27, 2009",Series C,"$7,000,000","$7,000,000",Series C,"$27,300,000","$27,300,000",3,6,Was Acquired,Private,,,,,theteam@oneriot.com,,260,"14,328"
Cheezburger,https://www.crunchbase.com/organization/pet-holdings-inc,"Content and Publishing, Internet Services, Media and Entertainment","Seattle, Washington, United States",Cheezburger is a Seattle-based company that operates a network of social humor websites.,"14,944",Western United States,Active,2007,,For Profit,http://cheezburger.com,http://www.linkedin.com/company/cheezburger-inc-,http://www.facebook.com/Cheezburger,http://twitter.com/cheezburger,,,,,,,"News, Publishing, Social Media",2,1-10,5,M&A,"Feb 6, 2015",Venture - Series Unknown,"$2,739,591","$2,739,591",Venture - Series Unknown,"$41,739,591","$41,739,591",1,8,"Made Acquisitions, Was Acquired",Private,,,,,contactus@cheezburger.com,(206)734-4382,516,"14,430"
Revolv,https://www.crunchbase.com/organization/revolv,"Consumer Electronics, Internet Services, Real Estate, Software","Boulder, Colorado, United States",Revolv is a monitoring and control system that allows users to control their connected devices from a single hub.,"15,006",Western United States,Closed,"May 2, 2012","May 15, 2016",For Profit,http://revolv.com,http://www.linkedin.com/company/2823725,http://www.facebook.com/revolvinc,http://twitter.com/revolv,,,,,,,"Internet of Things, Smart Home, Software",3,11-50,3,M&A,"Nov 25, 2013",Series A,"$4,500,000","$4,500,000",Series A,"$7,200,000","$7,318,000",1,11,Was Acquired,Private,,,,,info@revolv.com,(888) 966-9733,260,"14,491"
Data Nerds,https://www.crunchbase.com/organization/data-nerds,"Data and Analytics, Information Technology, Internet Services, Real Estate, Software","Kelowna, British Columbia, Canada","Data Nerds provides the most extensive and accurate property, neighbourhood and crime data solutions for your businesses or apps.","15,421",,Active,2012,,For Profit,http://datanerds.com,https://www.linkedin.com/company/data-nerds,https://www.facebook.com/datanerdskelowna,https://www.twitter.com/_datanerds,,,,,,,"Cloud Data Services, Data Integration, Real Estate",1,11-50,3,Early Stage Venture,"Dec 7, 2017",Series A,"$3,000,000","$3,000,000",Series A,"$3,000,000","$3,020,000",2,4,,Private,,,,,info@datanerds.com,(236)420-2975,,"14,895"
SimpleGeo,https://www.crunchbase.com/organization/simplegeo,"Advertising, Data and Analytics, Internet Services, Navigation and Mapping, Sales and Marketing, Software","San Francisco, California, United States",SimpleGeo offers an API that allows developers to build location-aware applications for mobile devices.,"15,757","San Francisco Bay Area, Western United States",Active,"May 1, 2009",,,http://simplegeo.com,,,http://twitter.com/simplegeo,,,,,,,"Advertising, Developer APIs, Location Based Services",2,11-50,3,M&A,"May 18, 2010",Series A,"$8,140,000","$8,140,000",Series A,"$9,612,367","$9,807,367",2,23,Was Acquired,Private,,,,,mail@simplegeo.com,14154137436,299,"15,226"
Admeld,https://www.crunchbase.com/organization/admeld,"Advertising, Commerce and Shopping, Sales and Marketing, Software","New York, New York, United States",Admeld is an advertising optimization platform providing online publishers with technology and expertise to sell their ad inventory.,"17,052","Great Lakes, Northeastern United States",Active,"Oct 1, 2007",,For Profit,http://www.admeld.com,https://www.linkedin.com/company/admeld,,http://twitter.com/admeld,,,,,,,"Advertising, Auctions, Software",2,51-100,3,M&A,"Aug 1, 2010",Series C,"$15,000,000","$15,000,000",Series C,"$30,000,000","$30,000,000",3,4,Was Acquired,Private,,,,,,(212)244-1144,131,"16,478"
Gnip,https://www.crunchbase.com/organization/gnip,"Data and Analytics, Internet Services, Media and Entertainment, Software","Boulder, Colorado, United States","Gnip provides social media data for customers in sectors such as social media monitoring, business intelligence, government, and finance.","17,146",Western United States,Active,"Mar 1, 2008",,For Profit,http://www.gnip.com,,,http://twitter.com/gnip,,,,,,,"Business Intelligence, Enterprise Software, Social Media",1,5001-10000,4,M&A,"Sep 9, 2011",Seed,"$40,000","$40,000",Seed,"$6,640,000","$6,640,000",,3,Was Acquired,Private,,,,,info@gnip.com,303-997-7488,416,"16,569"
CoinTent,https://www.crunchbase.com/organization/cointent,"Commerce and Shopping, Financial Services, Internet Services, Media and Entertainment","San Francisco, California, United States",CoinTent helps websites recover revenue lost to ad blockers.,"17,750","San Francisco Bay Area, Western United States",Closed,"Oct 1, 2013",,For Profit,http://cointent.com/,https://www.linkedin.com/company/cointent,https://www.facebook.com/thecointent,https://www.twitter.com/cointent,,,,,,,"Digital Media, E-Commerce Platforms, FinTech, Internet",3,1-10,2,Seed,"Aug 24, 2016",Seed,"$120,000","$120,000",Seed,"$1,195,000","$1,195,000",2,9,,Private,,,,,support@cointent.com,,3,"17,155"
G4Native,https://www.crunchbase.com/organization/triggit,"Advertising, Commerce and Shopping, Internet Services, Sales and Marketing","San Francisco, California, United States",The Most Effective Retargeting Platform Connect with customers on global native advertising inventory at their moment of purchase intent.,"17,903","San Francisco Bay Area, Western United States",Active,"Oct 1, 2005",,For Profit,http://g4native.com/,https://www.linkedin.com/company/gravity4,http://facebook.com/gravity4,http://twitter.com/gravity4,,,,,,,"Ad Retargeting, Advertising, Auctions, Internet",2,11-50,5,M&A,"May 16, 2013",Venture - Series Unknown,"$6,000,000","$6,000,000",Venture - Series Unknown,"$18,450,000","$18,450,000",3,5,Was Acquired,Private,,,,,,415-795-7902,63,"17,306"
Taunt,https://www.crunchbase.com/organization/taunt,"Education, Internet Services, Software","Seattle, Washington, United States",Taunt is a esports fan competition platform.,"18,363",Western United States,Active,2017,,For Profit,http://tauntnow.gg,https://www.linkedin.com/company/18225677/,https://www.facebook.com/PlayTaunt/,https://twitter.com/PlayTaunt,,,,,,,"E-Learning, Social Network",,1-10,1,Seed,"Sep 7, 2017",Seed,"$1,700,000","$1,700,000",Seed,"$1,700,000","$1,700,000",1,2,,Private,,,,,hello@tauntnow.gg,,,"17,751"
Singly,https://www.crunchbase.com/organization/singly,"Data and Analytics, Software","San Francisco, California, United States","Singly offers Singly Data Fabric, which facilitates the movement of authenticated consumer data throughout the ecosystem.","20,071","San Francisco Bay Area, Western United States",Active,"Dec 21, 2010",,,http://singly.com,,http://www.facebook.com/singlyinc,http://twitter.com/singly,,,,,,,"Analytics, Big Data, Database",3,11-50,3,M&A,"May 8, 2013",Seed,,,Seed,"$8,950,000","$8,950,000",1,10,Was Acquired,Private,,,,,community@singly.com,+65 02004255,16,"19,413"
MobileDay,https://www.crunchbase.com/organization/mobileday,"Mobile, Platforms, Software","Boulder, Colorado, United States",MobileDay provides one-touch access into conference calls and online meetings from iOS or Android devices.,"21,574",Western United States,Active,2011,,For Profit,http://www.mobileday.com,http://www.linkedin.com/company/mobileday,http://www.facebook.com/mobiledayapp,http://twitter.com/MobileDay,,,,,,,"Android, iOS, Mobile",4,11-50,4,Early Stage Venture,"Aug 20, 2014",Series A,"$6,577,000","$6,577,000",Series A,"$10,586,001","$10,586,001",1,9,,Private,,,,,support@mobileday.com,720-566-4000,47,"20,868"
The Pro's Closet,https://www.crunchbase.com/organization/the-pro-s-closet,"Commerce and Shopping, Sports","Boulder, Colorado, United States",The Pro's Closet is the leading online company,"22,189",Western United States,Active,2006,,,https://theproscloset.com/,https://www.linkedin.com/company/1029910/,https://www.facebook.com/theproscloset,https://www.twitter.com/theproscloset,,,,,,,"Cycling, Marketplace, Online Auctions",1,11-50,2,,"Sep 15, 2017",Venture - Series Unknown,"$9,000,000","$9,000,000",Venture - Series Unknown,"$11,500,000","$11,500,000",2,2,,Private,,,,,info@theproscloset.com,+1 303-993-7776,,"21,458"
Gist,https://www.crunchbase.com/organization/gist,"Apps, Consumer Electronics, Hardware, Mobile, Software","Seattle, Washington, United States",Gist is a mobile app that creates rich business profiles to provide a full view of the contacts in a user's professional network.,"22,389",Western United States,Active,2008,,For Profit,http://www.gist.com,,http://www.facebook.com/GISTnet,http://twitter.com/gist,,,,,,,"Mobile Apps, Mobile Devices",1,11-50,2,M&A,"Jul 28, 2010",Venture - Series Unknown,"$4,000,000","$4,000,000",Venture - Series Unknown,"$10,750,000","$10,750,000",1,2,"Made Acquisitions, Was Acquired",Private,,,,,info@gist.com,206-453-0381,24,"21,653"
Nix Hydra,https://www.crunchbase.com/organization/nix-hydra-games,"Apps, Gaming, Mobile, Software","Los Angeles, California, United States","Nix Hydra makes magical, colorful, and friendly mobile games that are popular with young women.","23,676",Western United States,Active,2012,,For Profit,http://nixhydra.com,https://www.linkedin.com/company/1771008,https://www.facebook.com/nixhydra,http://twitter.com/nixhydraoffice,,,,,,,"Gaming, Mobile, Mobile Apps",2,11-50,2,Early Stage Venture,"May 29, 2014",Series A,"$5,000,000","$5,000,000",Series A,"$5,615,000","$5,615,000",1,2,,Private,,,,,,339-502-0206,16,"22,899"
Bamba,https://www.crunchbase.com/organization/bamba-group,"Internet Services, Messaging and Telecommunications, Mobile, Software","Nairobi, Nairobi Area, Kenya",A real-time data gathering platform to engage the 1.5B people in the emerging markets.,"24,187",,Active,"Feb 23, 2012",,For Profit,http://bambagroup.com,https://www.linkedin.com/company/bamba-rewards?trk=biz-companies-cym,https://www.facebook.com/BambaGroupLtd,https://twitter.com/bambagroup,,,,,,,"B2B, Emerging Markets, Enterprise Software, Mobile, SMS",2,11-50,2,Seed,"Feb 14, 2017",Seed,"$1,100,000","$1,100,000",Seed,"$1,100,000","$1,200,000",,7,,Private,,,,,contact@bambagroup.com,+17609856889,,"23,398"
UniqueSound,https://www.crunchbase.com/organization/uniquesound,"Media and Entertainment, Music and Audio","New York, New York, United States",UniqueSound is the first platform for composers and sound creatives to showcase their work and get hired.,"26,393","Great Lakes, Northeastern United States",Active,"Sep 1, 2014",,For Profit,http://www.uniquesound.com,https://www.linkedin.com/company/uniquesound,https://www.facebook.com/uniquesoundoff,https://twitter.com/JoinUniqueSound,,,,,,,Music,3,1-10,3,Seed,"Sep 22, 2015",Seed,"$1,000,000","$1,000,000",Seed,"$1,000,000","$1,100,000",,9,,Private,,,,,hello@uniquesound.com,+330179973792,2,"25,549"
Woot Math,https://www.crunchbase.com/organization/woot-math,"Education, Software","Boulder, Colorado, United States",Woot Math helps teachers bring mathematics to life through research-backed tools for adaptive learning and formative assessment. ,"26,967",Western United States,Active,"Mar 1, 2013",,For Profit,https://wootmath.com,https://www.linkedin.com/company/woot-math-simbulus-inc-,https://www.facebook.com/wootmath,http://twitter.com/wootmath,,,,,,,"Education, Knowledge Management, Software",3,1-10,2,Seed,"May 27, 2016",Seed,"$1,299,997","$1,299,997",Seed,"$2,299,997","$2,299,997",1,1,,Private,,,,,contact.us@wootmath.com,855-966-8628,4,"26,102"
"LinkSmart, Inc.",https://www.crunchbase.com/organization/linksmart,"Advertising, Content and Publishing, Media and Entertainment, Sales and Marketing","Boulder, Colorado, United States",LinkSmart is the only real-time bidding engine for brands and marketers to programmatically connect their content with premium publishers .,"28,709",Western United States,Active,"Oct 14, 2009",,,http://www.linksmart.com,http://www.linkedin.com/company/2328888,http://www.facebook.com/LinkSmartInc,http://twitter.com/linksmart,,,,,,,"Advertising, Publishing",1,11-50,3,M&A,"May 3, 2013",Series B,"$5,000,000","$5,000,000",Series B,"$9,700,000","$9,700,000",2,3,Was Acquired,Private,,,,,info@linksmart.com,,1,"27,767"
LoopLabs,https://www.crunchbase.com/organization/looplabs,"Internet Services, Media and Entertainment, Music and Audio, Software","Manhattan, New York, United States",LoopLabs is a free and easy to use cloud based music studio.,"29,258","Great Lakes, Northeastern United States",Active,"Jan 29, 2014",,For Profit,https://www.looplabs.com,,,,,,,,,,"Cloud Computing, Internet, Music",,11-50,1,,"Mar 9, 2015",Convertible Note,"$1,700,000",,,,"$1,700,000",1,2,,Private,,,,,,303-775-0183,,"28,295"
FORTIFIED Bicycle,https://www.crunchbase.com/organization/fortified-bicycle,"Commerce and Shopping, Sports","Boston, Massachusetts, United States",FORITIFIED Bicycle is an online platform that enables users to purchase bike gear and accessories.,"29,991","New England, Northeastern United States",Active,2011,,For Profit,http://fortifiedbike.com,http://www.linkedin.com/company/fortified-bicycle-alliance,https://www.facebook.com/fortifiedbike,http://twitter.com/fortifiedbike,,,,,,,Sporting Goods,2,1-10,3,,"Oct 12, 2016",Venture - Series Unknown,"$402,500","$402,500",Venture - Series Unknown,"$1,452,500","$1,452,500",1,9,,Private,,,,,customerlove@fortifiedbike.com,(857) 302-5014,,"28,989"
Sameroom,https://www.crunchbase.com/organization/sameroom,Software,"Oakland, California, United States",Sameroom is a platform to help teams communicate with users on different chat platforms.,"30,111","San Francisco Bay Area, Western United States",Active,"Mar 1, 2015",,For Profit,https://sameroom.io,https://www.linkedin.com/company/sameroom,,https://twitter.com/sameroomHQ,,,,,,,"Enterprise Software, SaaS",2,1-10,2,M&A,"Jan 13, 2015",Series A,"$2,000,000","$2,000,000",Series A,"$2,000,000","$2,000,000",1,3,Was Acquired,Private,,,,,,,1,"29,107"
EmSense,https://www.crunchbase.com/organization/emsense,"Gaming, Hardware, Software","San Francisco, California, United States",EmSense provides scalable physiological and brainwave measurement technology.,"30,500","San Francisco Bay Area, Western United States",Closed,2004,,,http://emsense.com,https://www.linkedin.com/company/1714,https://www.facebook.com/nielsen,http://twitter.com/EmSenseTesting,,,,,,,"Hardware, Software, Video Games",1,51-100,4,Late Stage Venture,"Dec 10, 2010",Venture - Series Unknown,"$4,000,000","$4,000,000",Venture - Series Unknown,"$20,550,000","$20,550,000",1,2,,Private,,,,,info@emsense.com,831-655-4759,12,"29,482"
Kato,https://www.crunchbase.com/organization/kato,"Information Technology, Internet Services, Messaging and Telecommunications, Software","Oakland, California, United States",We're fixing business communication.,"31,370","San Francisco Bay Area, Western United States",Closed,2013,"Aug 31, 2015",,http://kato.im,http://www.linkedin.com/company/lechat-inc-,http://www.facebook.com/kato720,http://twitter.com/kato_im,,,,,,,"Business Information Systems, Collaboration, Enterprise Software, Knowledge Management, Messaging",2,11-50,2,Early Stage Venture,"Aug 1, 2013",Series A,"$1,760,000","$1,760,000",Series A,"$1,878,000","$1,878,000",1,6,,Private,,,,,contact@kato.im,415-290-3979,6,"30,323"
Brightleaf Solutions,https://www.crunchbase.com/organization/brightleaf,"Artificial Intelligence, Data and Analytics, Professional Services, Science and Engineering, Software","Brookline, Massachusetts, United States","Brightleaf's semantic intelligence technology helps in mining information from unstructured, text-based documents and making it accessible.","33,115","New England, Northeastern United States",Active,2006,,For Profit,http://www.brightleaf.com,https://in.linkedin.com/company/brightleaf-corporation,http://www.facebook.com/brightleafcorp,http://twitter.com/brightleaf,,,,,,,"Analytics, Artificial Intelligence, Legal",2,11-50,2,,"Apr 1, 2010",Venture - Series Unknown,"$3,000,000","$3,000,000",Venture - Series Unknown,"$3,000,000","$3,000,000",1,1,,Private,,,,,info@brightleaf.com,781-493-6917,2,"32,006"
Trada,https://www.crunchbase.com/organization/trada,"Advertising, Internet Services, Sales and Marketing","Boulder, Colorado, United States","Trada is a performance-based paid search solution for companies advertising on Google, Yahoo and Bing.","33,264",Western United States,Closed,2008,"Mar 30, 2015",For Profit,http://trada.com,http://www.linkedin.com/company/trada,http://www.facebook.com/TradaMarketplace,http://twitter.com/trada,,,,,,,"Advertising, Internet, Marketing",1,11-50,6,,"Apr 1, 2014",Venture - Series Unknown,"$1,000,000","$1,000,000",Venture - Series Unknown,"$18,975,000","$18,975,000",2,8,,Private,,,,,info@trada.com,,49,"32,148"
Mocavo,https://www.crunchbase.com/organization/mocavo,"Information Technology, Internet Services, Media and Entertainment","Boulder, Colorado, United States",Mocavo is a genealogy and ancestry search engine enabling users to discover their family history.,"33,442",Western United States,Active,2010,,,http://www.mocavo.com,http://www.linkedin.com/company/mocavo-com,http://www.facebook.com/mocavo,http://twitter.com/mocavo,,,,,,,"Digital Media, Information Technology, Search Engine",2,11-50,3,Early Stage Venture,"May 16, 2012",Series A,"$4,100,000","$4,100,000",Series A,"$5,100,000","$5,100,000",1,9,Made Acquisitions,Private,,,,,support@mocavo.com,+44 20 3326 6300,17,"32,322"
Standing Cloud,https://www.crunchbase.com/organization/standing-cloud,"Apps, Internet Services, Software","Boulder, Colorado, United States",Standing Cloud provides app management services that facilitate cloud service providers in deploying and managing their apps.,"33,658",Western United States,Active,2009,,,http://www.standingcloud.com,https://www.linkedin.com/company/standing-cloud,,http://twitter.com/standing_cloud,,,,,,,"Apps, Cloud Computing, Enterprise Software, Open Source, PaaS, Web Hosting",1,11-50,6,M&A,"Jun 21, 2012",Seed,"$2,000,003","$2,000,003",Seed,"$10,500,003","$10,500,003",2,2,Was Acquired,Private,,,,,info@standingcloud.com,303-747-3844,26,"32,528"
Attachments.me,https://www.crunchbase.com/organization/attachments-me,"Information Technology, Software","San Francisco, California, United States",Attachments.me provides a suite of tools that enable users to control their attachments.,"35,088","San Francisco Bay Area, Western United States",Active,2011,,,http://attachments.me,,,http://twitter.com/attachmentsme,,,,,,,"Developer Tools, Enterprise Software, Information Technology",3,1-10,2,M&A,"Apr 3, 2012",Series A,"$2,000,000","$2,000,000",Series A,"$2,500,000","$2,500,000",1,1,Was Acquired,Private,,,,,,,11,"33,903"
U Grok It - Smartphone RFID,https://www.crunchbase.com/organization/u-grok-it,"Commerce and Shopping, Hardware, Information Technology, Mobile, Privacy and Security, Professional Services","Steamboat Springs, Colorado, United States",U Grok - Smartphone RFID allows businesses to easily and affordably do inventory and asset management with the power of RFID.,"35,681",Western United States,Active,"Apr 11, 2011",,,http://www.ugrokit.com,http://www.linkedin.com/company/u-grok-it,http://www.facebook.com/UGrokIt,http://twitter.com/UGrokIt,,,,,,,"Intellectual Property, Mobile, Network Security, Retail, RFID",2,1-10,2,M&A,"May 5, 2014",Angel,"$600,000","$600,000",Angel,"$800,000","$800,000",,4,Was Acquired,Private,,,,,connect@ugrokit.com,,1,"34,479"
about.me,https://www.crunchbase.com/organization/aboutme,"Information Technology, Internet Services, Privacy and Security","San Francisco, California, United States",About.me is an online platform enabling users to create and maintain a curated page for self-expression.,"35,903","San Francisco Bay Area, Western United States",Active,2010,,For Profit,http://about.me,,https://www.facebook.com/aboutdotme/,http://twitter.com/aboutdotme,,,,,,,"Identity Management, Internet",2,11-50,3,M&A,"Jun 10, 2014",Series B,"$11,000,000","$11,000,000",Series B,"$17,087,500","$17,087,500",1,6,"Made Acquisitions, Was Acquired",Private,,,,,info@about.me,,69,"34,696"
Smith & Tinker,https://www.crunchbase.com/organization/smith-tinker,Gaming,"Bellevue, Washington, United States",Smith & Tinker is an electronic entertainment company offering a range of online games.,"36,767",Western United States,Closed,2007,,,http://smithandtinker.com,,,http://twitter.com/SmithandTinker,,,,,,,"Casual Games, Gaming, Online Games",,11-50,1,,"Aug 25, 2009",Venture - Series Unknown,"$29,000,000","$29,000,000",Venture - Series Unknown,"$29,000,000","$29,000,000",1,5,,Private,,,,,,425-641-3376,6,"35,535"
BuyNow WorldWide,https://www.crunchbase.com/organization/buynow-worldwide,"Advertising, Commerce and Shopping, Hardware, Sales and Marketing, Software","Omaha, Nebraska, United States",BuyNow WorldWide is an e-commerce application that enables retailers to sell their products and services in real time.,"39,518",Midwestern United States,Closed,"Jun 27, 2012","Jul 6, 2015",For Profit,http://www.BuyNowWorldwide.com,,http://www.facebook.com/BuyNowMobileApp,http://twitter.com/BuyNowWorldwide,,,,,,,"Advertising, E-Commerce, Retail Technology",1,1-10,1,Seed,"Jun 2, 2014",Seed,"$355,000","$355,000",Seed,"$355,000","$355,000",,3,,Private,,,,,ContactUs@BuyNowWorldwide.com,402-468-8184,,"38,184"
PogoPlug,https://www.crunchbase.com/organization/pogoplug,"Internet Services, Software","San Francisco, California, United States",Pogoplug is an unlimited online storage service designed for the mobile era. ,"39,551","San Francisco Bay Area, Western United States",Active,2006,,For Profit,https://pogoplug.com/,https://www.linkedin.com/company/pogoplug/,http://www.facebook.com/Pogoplug/info,https://twitter.com/pogoplug,,,,,,,"Cloud Computing, Cloud Storage, Enterprise Software, Internet",2,11-50,6,Early Stage Venture,"Jul 2, 2014",Convertible Note,"$2,000,000","$4,999,996",Series B,"$26,253,180","$30,253,180",3,3,,Private,,,,,info@pogoplug.com,,90,"38,217"
Cotera,https://www.crunchbase.com/organization/cotera,Health Care,"Menlo Park, California, United States",Cotera develops orthopedic devices such a implantable devices for the treatment of knee osteoarthritis.,"42,916","San Francisco Bay Area, Silicon Valley, Western United States",Active,2011,,,http://www.coteraortho.com,,,,,,,,,,"Health Care, Medical, Medical Device",,,3,,"Dec 15, 2014",Venture - Series Unknown,"$7,841,422","$7,841,422",Venture - Series Unknown,"$12,882,422","$14,382,422",,3,,Private,,,,,info@coteraortho.com,,,"41,441"
Memeo,https://www.crunchbase.com/organization/memeo,"Consumer Electronics, Hardware, Software","Santa Clara, California, United States",Memeo is a software and services provider facilitating data management tools and services for small and medium businesses.,"46,473","San Francisco Bay Area, Silicon Valley, Western United States",Active,2003,,,http://www.memeo.com,http://www.linkedin.com/company/memeo,https://www.facebook.com/memeo-278181935707861,http://twitter.com/Memeo_Inc,,,,,,,"Computer, Flash Storage, Software",1,11-50,3,Late Stage Venture,"Feb 10, 2009",Series C,"$3,000,000","$3,000,000",Series C,"$11,100,000","$11,100,000",1,2,,Private,,,,,info@memeo.com,,79,"44,827"
"Authentic8, Inc.",https://www.crunchbase.com/organization/authentic8,"Information Technology, Internet Services, Privacy and Security, Software","Mountain View, California, United States","Authentic8 is redefining how the browser is used with Silo, a secure browser in the cloud designed to insulate and isolate web data.","52,239","San Francisco Bay Area, Silicon Valley, Western United States",Active,2010,,For Profit,https://authentic8.com,http://www.linkedin.com/company/authentic8,http://www.facebook.com/Authentic8,http://twitter.com/Authentic8,,,,,,,"Cloud Management, Cloud Security, Enterprise Software, Identity Management, Security, Web Browsers",2,11-50,1,,"Dec 1, 2010",Venture - Series Unknown,,,Venture - Series Unknown,,,,2,,Private,,,,,info@authentic8.com,(877) 659-6535,32,"50,291"
Looklist,https://www.crunchbase.com/organization/looklist,"Clothing and Apparel, Design, Internet Services, Sales and Marketing","Denver, Colorado, United States","Looklist is a curated fashion search engine that enables its users to search, filter, and browse through images.","54,654",Western United States,Active,"Feb 1, 2012",,For Profit,http://www.lookli.st,,http://www.facebook.com/www.lookli.st,http://twitter.com/looklist,,,,,,,"Fashion, Search Engine, SEO",1,1-10,1,Seed,"Jun 11, 2015",Seed,"$174,000","$174,000",Seed,"$174,000","$174,000",,2,,Private,,,,,info@lookli.st,,3,"52,574"
Shelfari,https://www.crunchbase.com/organization/shelfari,"Internet Services, Media and Entertainment","Seattle, Washington, United States",Shelfari is a social cataloging website that allow book lovers to create virtual bookshelves and keep track of what they read.,"80,803",Western United States,Active,2006,,For Profit,http://www.shelfari.com,https://www.linkedin.com/company/goodreads.com,https://www.facebook.com/goodreads,http://twitter.com/shelfari,,,,,,,Social Media,3,11-50,1,M&A,"Mar 25, 2007",Series A,"$1,000,000","$1,000,000",Series A,"$1,000,000","$1,000,000",1,5,Was Acquired,Private,,,,,,,90,"76,587"
Topspin Media,https://www.crunchbase.com/organization/topspin-media,"Media and Entertainment, Music and Audio, Software","Santa Monica, California, United States",Topspin Media provides marketing software and services for artists and creative professionals.,"94,767",Western United States,Active,"Jun 1, 2007",,,http://topspinmedia.com,,https://www.facebook.com/topspinmedia,http://twitter.com/topspinmedia,,,,,,,"Art, Music, Software",2,11-50,2,M&A,"Jul 7, 2008",Series B,,,Series B,,,2,2,Was Acquired,Private,,,,,jglaser@topspinmedia.com,310-421-2422,54,"89,052"
OpenSpace,https://www.crunchbase.com/organization/openspace,Real Estate,"Bethesda, Maryland, United States",OpenSpace is a MLS listings and homes for sale in district of Columbia and Virginia.,"99,169",Southern United States,Active,"Dec 1, 2007",,,http://www.openspace.com,,,,,,,,,,Real Estate,1,1-10,1,Seed,"Apr 18, 2011",Seed,,,Seed,,,,1,,Private,,,,,info@openspace.com,800-657-5722,6,"93,002"
EventVue,https://www.crunchbase.com/organization/eventvue,"Events, Financial Services, Media and Entertainment","Boulder, Colorado, United States",EventVue builds online communities that improve conference networking by enabling attendees to search for and connect with others.,"116,075",Western United States,Closed,"May 1, 2007","Feb 1, 2010",,http://www.eventvue.com,,,http://twitter.com/eventvue,,,,,,,"Events, Finance, FinTech",2,1-10,2,Early Stage Venture,"Sep 24, 2007",Series A,"$440,000","$440,000",Series A,"$455,000","$455,000",,9,,Private,,,,,info@eventvue.com,,22,"108,027"
madKast,https://www.crunchbase.com/organization/madkast,"Financial Services, Information Technology, Internet Services, Messaging and Telecommunications, Software","Boulder, Colorado, United States",ShareThis is a social data platform that creates authentic digital experiences by connecting people through content they love.,"156,041",Western United States,Active,"Mar 1, 2007",,,http://www.madkast.com,,,,,,,,,,"Developer Tools, Finance, FinTech, Messaging",2,,2,M&A,"Oct 5, 2007",Series A,"$300,000","$300,000",Series A,"$315,000","$315,000",,8,Was Acquired,Private,,,,,contact@madkast.com,,12,"144,167"
CTRL+Console,https://www.crunchbase.com/organization/ctrl+console,"Apps, Design, Education, Science and Engineering, Software","Boulder, Colorado, United States","CTRL+Console is a mobile application that turns its users iPad into a touchscreen console, optimizes their workflow, and more.","161,024",Western United States,Active,"Jun 1, 2012",,For Profit,http://ctrlconsole.com,https://www.linkedin.com/in/jeffreylchow,https://www.facebook.com/CtrlConsole,https://twitter.com/ctrlconsole,,,,,,,"Apps, Education, Human Computer Interaction",1,1-10,1,Seed,"Mar 31, 2015",Seed,"$261,000","$261,000",Seed,"$261,000","$261,000",,2,,Private,,,,,jeff@ctrlconsole.com,(512) 382-8980,4,"148,655"
