Organization Name,Organization Name URL,Category Groups,Headquarters Location,Description,CB Rank (Organization),Headquarters Regions,Operating Status,Founded Date,Closed Date,Company Type,Website,LinkedIn,Facebook,Twitter,Investor Type,Investment Stage,Number of Portfolio Organizations,Number of Investments,Number of Lead Investments,Number of Exits,Categories,Number of Founders,Number of Employees,Number of Funding Rounds,Funding Status,Last Funding Date,Last Funding Type,Last Funding Amount,Last Equity Funding Amount,Last Equity Funding Type,Total Equity Funding Amount,Total Funding Amount,Number of Lead Investors,Number of Investors,Acquisition Status,IPO Status,IPO Date,Delisted Date,Money Raised at IPO,Valuation at IPO,Contact Email,Phone Number,Number of Articles,CB Rank (Company)
ModCloth,https://www.crunchbase.com/organization/modcloth,"Clothing and Apparel, Commerce and Shopping, Design","San Francisco, California, United States","ModCloth is an online clothing, accessories, and decor retailer that aims to provide an engaging shopping atmosphere for the user.","1,859","San Francisco Bay Area, Western United States",Active,"Jul 18, 2002",,For Profit,http://www.modcloth.com,http://www.linkedin.com/company/modcloth_3,http://www.facebook.com/ModCloth,http://twitter.com/modcloth,,,,,,,"Crowdsourcing, E-Commerce, Fashion, Retail",2,251-500,7,M&A,"Jun 25, 2015",Series C,"$15,000,000","$15,000,000",Series C,"$78,739,701","$78,739,701",3,9,Was Acquired,Private,,,,,,1(888) 495-9699,309,"1,759"
The Zebra,https://www.crunchbase.com/organization/the-zebra,"Commerce and Shopping, Financial Services, Internet Services, Transportation","Austin, Texas, United States","The Zebra is the nation's leading auto insurance comparison marketplace, enabling users to find the right coverage at the best price.","2,552",Southern United States,Active,"Jan 9, 2012",,For Profit,http://www.thezebra.com,https://www.linkedin.com/company/the-zebra,http://www.facebook.com/TheZebraCo,http://twitter.com/TheZebraCo,,,,,,,"Auto Insurance, Automotive, Insurance, Price Comparison, Search Engine",2,51-100,6,Early Stage Venture,"Sep 19, 2017",Series B,"$40,000,000","$40,000,000",Series B,"$63,025,063","$63,025,063",3,11,,Private,,,,,info@thezebra.com,1(888) 255-4364,74,"2,430"
Voci Technologies,https://www.crunchbase.com/organization/voci-technologies,"Data and Analytics, Software","Pittsburgh, Pennsylvania, United States",Voci Technologies is committed to delivering high-performance and lower-cost speech-to-text solutions for enterprise applications. ,"3,883","Great Lakes, Northeastern United States",Active,2008,,,http://vocitec.com,https://www.linkedin.com/company/voci-technologies,https://www.facebook.com/vocitechnologies,https://www.twitter.com/vocitec,,,,,,,"Enterprise Software, Speech Recognition",2,11-50,9,Early Stage Venture,"Mar 12, 2018",Series B,"$8,000,000","$8,000,000",Series B,"$16,530,000","$17,955,000",3,7,,Private,,,,,info@vocitec.com,4126219310,4,"3,725"
Wombat Security Technologies,https://www.crunchbase.com/organization/wombat-security-technologies,"Education, Information Technology, Mobile, Privacy and Security, Software","Pittsburgh, Pennsylvania, United States",Wombat Security provides information security awareness and training software that teaches employees secure behavior and reduces risk.,"4,058","Great Lakes, Northeastern United States",Active,2008,,For Profit,http://www.wombatsecurity.com,http://www.linkedin.com/company/577870,http://www.facebook.com/Wombat-Security-Technologies/27294,http://twitter.com/WombatSecurity,,,,,,,"Cyber Security, Mobile, Software, Training",3,51-100,5,M&A,"Oct 21, 2015",Series C,"$3,300,000","$3,300,000",Series C,"$10,845,000","$10,845,000",1,4,"Made Acquisitions, Was Acquired",Private,,,,,sales@wombatsecurity.com,(412) 621-1484,41,"3,897"
JazzHR,https://www.crunchbase.com/organization/theresumator,"Internet Services, Professional Services, Software","Pittsburgh, Pennsylvania, United States","JazzHR is easy, powerful and affordable recruiting software purpose-build for SMBs. SaaS ATS for masses.","4,491","Great Lakes, Northeastern United States",Active,2009,,For Profit,http://jazzhr.com,http://www.linkedin.com/company/jazz-dot-co,http://www.facebook.com/JazzPerformanceRecruiting,http://twitter.com/JazzDotCo,,,,,,,"Human Resources, Internet, Recruiting, SaaS, Software",1,51-100,7,Late Stage Venture,"Oct 25, 2017",Series D,"$6,600,000","$6,600,000",Series D,"$24,575,000","$24,575,000",3,11,,Private,,,,,hello@jazzhr.com,+1 (888) 353-0887,27,"4,319"
Nowait,https://www.crunchbase.com/organization/nowait,"Food and Beverage, Information Technology, Internet Services, Mobile","Pittsburgh, Pennsylvania, United States",NoWait is a mobile network of casual dining restaurants serving millions of consumers and thousands of restaurants across the US.,"5,748","Great Lakes, Northeastern United States",Active,2010,,For Profit,http://nowait.com,http://www.linkedin.com/company/nowait-inc.,http://www.facebook.com/nowaitapp,http://twitter.com/nowaitapp,,,,,,,"Information Technology, Internet, Mobile, Restaurants",4,51-100,8,M&A,"Aug 11, 2016",Undisclosed,"$8,000,000","$8,000,000",Undisclosed,"$22,065,310","$22,105,310",2,7,Was Acquired,Private,,,,,info@nowaitapp.com,+1 (800) 705-1213,45,"5,537"
4moms,https://www.crunchbase.com/organization/4moms,"Hardware, Science and Engineering, Software","Pittsburgh, Pennsylvania, United States",4moms develops robotics technology-based products that cater to the prenatal to preschool needs of children.,"7,036","Great Lakes, Northeastern United States",Active,2005,,For Profit,http://www.4moms.com,,http://www.facebook.com/4moms,http://twitter.com/4moms,,,,,,,"Hardware, Robotics, Software",2,51-100,7,,"May 16, 2016",Venture - Series Unknown,,,Venture - Series Unknown,"$60,000,000","$60,000,000",2,5,,Private,,,,,support@4moms.com,(412)434-8380,13,"6,786"
Shoefitr,https://www.crunchbase.com/organization/shoefitr,"Clothing and Apparel, Commerce and Shopping, Design, Software","Pittsburgh, Pennsylvania, United States",Shoefitr provides a software solution that enables online footwear retailers to recommend shoe sizes for customers.,"7,409","Great Lakes, Northeastern United States",Closed,2010,2016,For Profit,http://www.shoefitr.com,,http://www.facebook.com/shoefitr,http://twitter.com/shoefitr,,,,,,,"E-Commerce, Fashion, Personalization, Software",3,11-50,3,M&A,"Oct 28, 2011",Venture - Series Unknown,"$1,200,000","$1,200,000",Venture - Series Unknown,"$1,255,000","$1,255,000",2,3,Was Acquired,Private,,,,,contact@shoefitr.com,908-507-0985,14,"7,148"
Qlicket,https://www.crunchbase.com/organization/qlicket,Software,"Pittsburgh, Pennsylvania, United States",Qlicket helps enterprises and midsize businesses reduce turnover by giving frontline employees a voice.,"8,085","Great Lakes, Northeastern United States",Active,"Dec 15, 2011",,For Profit,https://www.qlicket.com,https://www.linkedin.com/company/qlicket,https://www.facebook.com/Qlicket/,https://www.twitter.com/qlicket,,,,,,,"Enterprise Software, Human Resources, SaaS",3,1-10,2,Seed,"Apr 11, 2018",Convertible Note,"$712,500","$25,000",Seed,"$25,000","$737,500",,12,,Private,,,,,discover@qlicket.com,(412)690-0950,,"7,801"
IAM Robotics,https://www.crunchbase.com/organization/iam-robotics,"Hardware, Manufacturing, Mobile, Science and Engineering, Software","Pittsburgh, Pennsylvania, United States",IAM Robotics makes autonomous robots that retrieve products from distribution centers.,"11,024","Great Lakes, Northeastern United States",Active,Aug 2012,,For Profit,http://www.iamrobotics.com,https://www.linkedin.com/company/iam-robotics-llc,https://www.facebook.com/IAM-Robotics-1113650075433093/,https://twitter.com/iamrobotics,,,,,,,"Industrial Automation, Mobile, Robotics",1,11-50,4,Seed,"Mar 2, 2018",Seed,,,Seed,"$500,000","$950,000",1,4,,Private,,,,,info@iamrobotics.com,412-626-7425,,"10,639"
Complexa,https://www.crunchbase.com/organization/complexa,"Biotechnology, Health Care, Science and Engineering","Pittsburgh, Pennsylvania, United States","Complexa, a biopharmaceutical company, develops therapies for the treatment of inflammatory, and metabolic diseases.","11,731","Great Lakes, Northeastern United States",Active,2008,,For Profit,http://complexarx.com,https://www.linkedin.com/company/complexa,,,,,,,,,"Biotechnology, Health Care, Therapeutics",3,1-10,9,Late Stage Venture,"Jul 26, 2017",Series C,"$62,000,000","$62,000,000",Series C,"$80,585,747","$88,710,747",4,8,,Private,,,,,Inquiries@ComplexaRx.com,(412)727-8727,3,"11,319"
Cognition Therapeutics,https://www.crunchbase.com/organization/cognition-therapeutics,"Biotechnology, Health Care, Science and Engineering","Pittsburgh, Pennsylvania, United States",Cognition Therapeutics develops new therapeutics to treat patients suffering from Alzheimer’s disease and other neurodegenerative disorders.,"11,995","Great Lakes, Northeastern United States",Active,2007,,For Profit,http://www.cogrx.com,https://www.linkedin.com/company/cognition-therapeutics,https://www.facebook.com/pages/Cognition-Therapeutics/440906285998281,https://twitter.com/cogrx,,,,,,,"Biotechnology, Life Science, Therapeutics",2,11-50,15,,"Oct 1, 2016",Venture - Series Unknown,"$3,000,000","$3,000,000",Venture - Series Unknown,"$51,335,863","$54,805,935",3,15,,Private,,,,,info@cogrx.com,(412)481-2210,14,"11,575"
Identified Technologies,https://www.crunchbase.com/organization/identified-technologies,"Consumer Electronics, Consumer Goods, Energy, Hardware, Natural Resources, Real Estate, Science and Engineering, Software","Pittsburgh, Pennsylvania, United States",Identified Technologies offers its industrial customers with a mapping drone solution to increase project visibility and team productivity.,"12,668","Great Lakes, Northeastern United States",Active,"Jul 10, 2013",,For Profit,https://www.identifiedtech.com/,http://www.linkedin.com/company/identified-technologies,https://www.facebook.com/IdentifiedTech,http://twitter.com/IDENTIFIEDtech,,,,,,,"Construction, Drones, Energy, Oil and Gas, Robotics",1,11-50,5,,"Jun 29, 2017",Venture - Series Unknown,,,Venture - Series Unknown,"$3,700,000","$3,700,000",1,4,,Private,,,,,contact@identifiedtech.com,(412)307-5174,25,"12,232"
Containership,https://www.crunchbase.com/organization/containership,"Hardware, Information Technology, Internet Services, Software","Pittsburgh, Pennsylvania, United States",Containership is a Kubernetes based enterprise Containers-as-a-Service platform with support for 12 cloud providers,"13,171","Great Lakes, Northeastern United States",Active,"Oct 1, 2014",,For Profit,https://containership.io,https://www.linkedin.com/company/containership,https://www.facebook.com/ContainerShip-Inc-1182062345141013,https://twitter.com/containershipio,,,,,,,"Cloud Computing, Cloud Infrastructure, Cloud Management, Data Center Automation, Developer Platform, Web Hosting",2,11-50,2,Seed,"Apr 1, 2016",Seed,"$2,406,729","$2,406,729",Seed,"$2,606,729","$2,606,729",2,3,,Private,,,,,info@containership.io,,6,"12,716"
Anglr,https://www.crunchbase.com/organization/anglr,"Consumer Electronics, Hardware, Sports","Pittsburgh, Pennsylvania, United States","Anglr Labs is positioned to evolve the way anglers plan trips, track fishing behaviors, tell stories, compete, and catch fish.","14,079","Great Lakes, Northeastern United States",Active,2015,,For Profit,https://www.anglr.tech/,https://www.linkedin.com/company/anglerlabs,https://www.facebook.com/AnglerLabs/,https://twitter.com/anglrlabs,,,,,,,"Consumer, Consumer Electronics, Outdoors",3,1-10,4,Seed,"Feb 8, 2018",Seed,"$2,500,000","$2,500,000",Seed,"$3,500,000","$3,500,000",3,5,,Private,,,,,,,1,"13,593"
ShowClix,https://www.crunchbase.com/organization/showclix,"Events, Media and Entertainment, Software","Pittsburgh, Pennsylvania, United States","We’re a technology partner that handles ticket sales, marketing, and operations for event professionals.","15,024","Great Lakes, Northeastern United States",Active,"Mar 1, 2007",,For Profit,http://www.showclix.com,http://www.linkedin.com/company/showclix-inc,http://www.facebook.com/showclix,http://twitter.com/showclix,,,,,,,"Concerts, Events, Software, Ticketing",2,51-100,8,M&A,"Apr 22, 2014",Venture - Series Unknown,"$2,100,000","$2,100,000",Venture - Series Unknown,"$5,148,000","$7,181,000",1,6,Was Acquired,Private,,,,,info@showclix.com,(888) 718-4253,25,"14,509"
Gridwise,https://www.crunchbase.com/organization/gridwise,"Data and Analytics, Transportation","Pittsburgh, Pennsylvania, United States",We create solutions that improve the efficiency of on-demand rideshare fleets,"15,061","Great Lakes, Northeastern United States",Active,Jul 2016,,For Profit,http://gridwise.io,https://www.linkedin.com/company/gridwise,https://www.facebook.com/Gridwise.io/,https://twitter.com/gridwise_io,,,,,,,"Big Data, Car Sharing, Ride Sharing, Transportation",2,1-10,4,Seed,"Jan 8, 2018",Seed,,,Seed,"$470,000","$570,000",,9,,Private,,,,,,,1,"14,546"
Maven Machines,https://www.crunchbase.com/organization/maven-machines,"Consumer Electronics, Hardware, Mobile, Transportation","Pittsburgh, Pennsylvania, United States",Reinventing Fleet Management,"15,191","Great Lakes, Northeastern United States",Active,2014,,For Profit,http://mavenmachines.com,https://www.linkedin.com/company/3864069,https://www.facebook.com/mavenmachines,https://twitter.com/mavenmachines,,,,,,,"Electronics, Fleet Management, Sensor, Transportation, Wireless",1,11-50,4,Seed,"Mar 22, 2018",Seed,,,Seed,"$775,000","$1,320,000",,1,,Private,,,,,info@mavenmachines.com,+1 (412) 499-3877,1,"14,671"
NetBeez,https://www.crunchbase.com/organization/netbeez,"Data and Analytics, Internet Services, Software","Pittsburgh, Pennsylvania, United States","NetBeez, a network monitoring tool, reports end-user status and application availability for a network's remote users.","15,463","Great Lakes, Northeastern United States",Active,"Apr 1, 2013",,For Profit,http://netbeez.net,http://www.linkedin.com/company/netbeez,http://www.facebook.com/NetBeez,http://twitter.com/NetBeez,,,,,,,"Application Performance Management, Cloud Computing, Enterprise Software",3,1-10,7,Seed,"Nov 16, 2016",Seed,"$500,000","$500,000",Seed,"$645,000","$1,045,000",2,6,,Private,,,,,info@netbeez.net,844-638-2339,10,"14,937"
BoardBookit,https://www.crunchbase.com/organization/boardbookit,"Information Technology, Internet Services, Software","Pittsburgh, Pennsylvania, United States","BoardBookit is a boardroom empowerment platform that helps companies improve the way they plan, create and manage board meetings.","16,688","Great Lakes, Northeastern United States",Active,2012,,,http://www.boardbookit.com,http://www.linkedin.com/company/boardbookit,http://www.facebook.com/Boardbookit,http://twitter.com/BoardBookit,,,,,,,"Enterprise Software, Information Technology, Online Portals",2,11-50,6,Early Stage Venture,"Mar 5, 2018",Series A,"$1,900,000","$1,900,000",Series A,"$2,375,000","$2,575,000",1,5,,Private,,,,,sales@boardbookit.com,412-436-5180,1,"16,122"
Penthera Partners,https://www.crunchbase.com/organization/penthera-partners,"Consumer Electronics, Hardware, Media and Entertainment, Mobile","Pittsburgh, Pennsylvania, United States",Penthera is focused on the delivery of HD media to mobile devices by storing content on the recipient device with no user initiation.,"17,361","Great Lakes, Northeastern United States",Active,2005,,For Profit,http://www.penthera.com,,,,,,,,,,"Content, Mobile, Mobile Devices",1,1-10,9,,"Oct 10, 2017",Venture - Series Unknown,"$6,000,000","$6,000,000",Venture - Series Unknown,"$18,162,750","$18,162,750",1,4,,Private,,,,,info@penthera.com,(412)365-0123,2,"16,782"
"Forest Devices, Inc.",https://www.crunchbase.com/organization/forest-devices-inc,Health Care,"Pittsburgh, Pennsylvania, United States","Developing AlphaStroke, the first stroke screening device designed for use by medical personnel in any environment.","19,415","Great Lakes, Northeastern United States",Active,"Apr 30, 2014",,For Profit,http://www.forestdevices.com,https://www.linkedin.com/company/forest-devices,https://www.facebook.com/Forestdevices/?ref=nf,https://twitter.com/forestdevices,,,,,,,"Health Care, Medical, Medical Device",3,1-10,3,Seed,"Feb 22, 2018",Seed,"$2,300,000","$2,300,000",Seed,"$2,445,000","$2,445,000",1,2,,Private,,,,,info@forestdevices.com,,,"18,775"
Diamond Kinetics,https://www.crunchbase.com/organization/diamond-kinetics,"Data and Analytics, Mobile, Sports","Pittsburgh, Pennsylvania, United States",Diamond Kinetics develops motion data and analytics of baseball and softball for players and their coaches.,"21,462","Great Lakes, Northeastern United States",Active,2012,,For Profit,http://diamondkinetics.com,http://www.linkedin.com/company/3242825,http://www.facebook.com/DiamondKinetics,http://twitter.com/DiamondKinetics,,,,,,,"Analytics, Mobile, Sports",2,11-50,4,,"Apr 13, 2017",Venture - Series Unknown,"$1,400,000","$1,400,000",Venture - Series Unknown,"$5,500,000","$5,500,000",,1,,Private,,,,,support@diamondkinetics.com,(412) 223-5341,5,"20,758"
Jetpack Workflow,https://www.crunchbase.com/organization/jetpack-workflow,"Financial Services, Professional Services, Software","Pittsburgh, Pennsylvania, United States","Jetpack helps small-medium sized accounting firms manage workflow, repetitive processes and build a paperless office.","22,054","Great Lakes, Northeastern United States",Active,2014,,For Profit,http://jetpackworkflow.com/,https://www.linkedin.com/company/jetpack-workflow,https://www.facebook.com/jetpackworkflow,https://twitter.com/jetpackworkflow,,,,,,,"Accounting, Small and Medium Businesses, Software",1,11-50,7,Seed,"Jun 30, 2016",Convertible Note,,,Seed,"$525,000","$525,000",,6,,Private,,,,,hello@jetpackworkflow.com,(888)445-3735,1,"21,327"
ViaHero,https://www.crunchbase.com/organization/viahero,"Apps, Software, Travel and Tourism","New York, New York, United States",ViaHero is marketplace for travelers to hire locals to plan their personalized trip. ,"22,269","Great Lakes, Northeastern United States",Active,"Dec 1, 2015",,For Profit,http://www.viahero.com,https://www.linkedin.com/company-beta/10935044/,https://www.facebook.com/myviahero/,https://twitter.com/myviahero,,,,,,,"Apps, Tourism, Travel",2,1-10,3,Seed,"Feb 1, 2018",Seed,,,Seed,"$25,000","$25,000",,1,,Private,,,,,greg@viahero.com,,3,"21,536"
Thread,https://www.crunchbase.com/organization/thread,"Manufacturing, Science and Engineering, Sustainability","Pittsburgh, Pennsylvania, United States",Thread transforms plastic waste from the developing world into socially and environmentally responsible fabric.,"22,494","Great Lakes, Northeastern United States",Active,"Jun 20, 2011",,For Profit,http://www.threadinternational.com/,,http://www.facebook.com/threadinternational,https://twitter.com/threadIntl,,,,,,,"Advanced Materials, Recycling",1,11-50,2,Early Stage Venture,"Jun 16, 2015",Series A,"$2,800,000","$2,800,000",Series A,"$3,500,000","$3,500,000",1,5,,Private,,,,,connect@threadinternational.com,,3,"21,753"
Rinovum Women's Health,https://www.crunchbase.com/organization/rinovum-womens-health,"Health Care, Manufacturing","Monroeville, Pennsylvania, United States",Rinovum Women’s Health is a developer of medical devices that aid natural fertility and conception.,"22,600","Great Lakes, Northeastern United States",Active,2009,,For Profit,http://rinovum.com,http://www.linkedin.com/company/rinovum-women,http://www.facebook.com/Rinovum,http://twitter.com/Rinovum,,,,,,,"Health Care, Manufacturing, Medical Device",2,11-50,7,Late Stage Venture,"Jul 30, 2015",Series C,"$6,000,000","$6,000,000",Series C,"$30,441,000","$30,441,000",3,5,,Private,,,,,info@rinovum.com,(412) 200-7996,,"21,858"
iraLogix,https://www.crunchbase.com/organization/iralogix,"Consumer Electronics, Financial Services, Hardware, Professional Services, Software","Miami, Florida, United States",B2B Fintech/SaaS/Tech-enabled services  ,"22,745",Southern United States,Active,"May 1, 2015",,For Profit,http://www.iralogix.com,https://www.linkedin.com/company/iralogix?trk=biz-companies-cym,,,,,,,,,"Accounting, Computer, Enterprise Software",7,11-50,4,Seed,"Jan 31, 2018",Seed,,,Seed,"$2,150,000","$3,150,000",,4,,Private,,,,,solutions@iralogix.com,800-568-9879,1,"21,995"
Carmell Therapeutics,https://www.crunchbase.com/organization/carmell-therapeutics,"Biotechnology, Health Care, Science and Engineering","Pittsburgh, Pennsylvania, United States",Carmell develops technology for producing biologically-active plastics from blood plasma for treating bone and connective tissue injuries.,"23,119","Great Lakes, Northeastern United States",Active,2007,,,http://www.carmellrx.com,https://www.linkedin.com/company/carmell-therapeutics,https://www.facebook.com/pages/Carmell-Therapeutics-Corp/105701079465617,,,,,,,,"Biotechnology, Health Care, Life Science, Medical Device",3,1-10,11,Seed,"Oct 15, 2017",Seed,,,Seed,"$7,630,000","$9,256,701",1,8,,Private,,,,,awest@carmellrx.com,4122088033,2,"22,360"
CivicScience,https://www.crunchbase.com/organization/civicscience,"Apps, Data and Analytics, Design, Software","Pittsburgh, Pennsylvania, United States",CivicScience offers an online polling application that gathers information on topics while respecting the privacy of its providers.,"23,724","Great Lakes, Northeastern United States",Active,"Jul 1, 2007",,,http://civicscience.com,http://www.linkedin.com/company/civicscience,http://www.facebook.com/CivicScience,http://twitter.com/CivicScience,,,,,,,"Analytics, Apps, Market Research",1,11-50,6,,"Mar 24, 2015",Venture - Series Unknown,"$873,126","$873,126",Venture - Series Unknown,"$5,773,126","$5,773,126",1,4,,Private,,,,,contact@civicscience.com,412-559-9032,23,"22,945"
Treatspace,https://www.crunchbase.com/organization/treatspace,"Health Care, Information Technology, Internet Services, Media and Entertainment, Mobile","Pittsburgh, Pennsylvania, United States","Treatspace is a platform where they can post accurate, up-to-date, and verifiable facts about their practices.","25,316","Great Lakes, Northeastern United States",Active,"Mar 1, 2012",,For Profit,http://www.treatspace.com/,http://www.linkedin.com/company/treatspace,http://www.facebook.com/treatspace,http://twitter.com/treatspace,,,,,,,"Health Care, Information Technology, mHealth, Social Media",1,11-50,4,,"Sep 30, 2015",Venture - Series Unknown,"$2,759,000","$2,759,000",Venture - Series Unknown,"$2,934,000","$2,934,000",,4,,Private,,,,,info@treatspace.com,(800)691-6378,2,"24,497"
Ikos,https://www.crunchbase.com/organization/ikos,Real Estate,"Pittsburgh, Pennsylvania, United States",Ikos is delivering a flexible on-demand leasing service for busy investors and analyzing internal data to guide future client investments.,"27,085","Great Lakes, Northeastern United States",Active,"Apr 3, 2016",,For Profit,http://www.meetikos.com,,https://www.facebook.com/meetikos,https://www.twitter.com/meetikos,,,,,,,Real Estate,1,,3,Seed,"Apr 5, 2017",Seed,"$850,000","$850,000",Seed,"$850,000","$850,000",1,4,,Private,,,,,team@meetikos.com,412-223-1234,2,"26,216"
Carnegie Speech,https://www.crunchbase.com/organization/carnegie-speech,"Education, Software","Pittsburgh, Pennsylvania, United States","Carnegie Speech, a speech assessment and tutoring software company, provides speech training technology to help to speak English clearly.","27,361","Great Lakes, Northeastern United States",Active,2001,,,http://www.carnegiespeech.com,https://www.linkedin.com/company/carnegie-speech,,https://twitter.com/carnegie_speech,,,,,,,"Collaboration, E-Learning, Training",2,11-50,8,Early Stage Venture,"Mar 28, 2013",Debt Financing,"$554,757","$3,400,000",Series B,"$9,498,135","$11,711,306",1,13,,Private,,,,,info@carnegiespeech.com,7274997142,3,"26,479"
Module,https://www.crunchbase.com/organization/module,Real Estate,"Pittsburgh, Pennsylvania, United States",Module designs housing solutions for a more urban America.,"28,276","Great Lakes, Northeastern United States",Active,Sep 2016,,For Profit,http://modulehousing.com/,,https://www.facebook.com/pg/modulehousing,https://twitter.com/ModuleHousing,,,,,,,"Construction, Real Estate",4,1-10,3,Seed,"Feb 23, 2018",Seed,,,Seed,"$50,000","$295,000",,5,,Private,,,,,brian@modulehousing.com,,8,"27,354"
SubCentral,https://www.crunchbase.com/organization/subcentral,Software,"Pittsburgh, Pennsylvania, United States",SubCentral is a subscription management tool for small and mid-sized business to better manage their recurring cloud software spend.,"29,003","Great Lakes, Northeastern United States",Active,"Nov 10, 2015",,,https://subcentral.io/,https://www.linkedin.com/company/subcentral-io,https://www.facebook.com/subcentral,https://www.twitter.com/subcentral_io,,,,,,,"Small and Medium Businesses, Software, Subscription Service",1,11-50,2,Seed,"Aug 8, 2017",Seed,,,Seed,"$500,000","$500,000",,2,,Private,,,,,support@subcentral.io,,,"28,046"
RE2 Robotics,https://www.crunchbase.com/organization/re2,"Government and Military, Hardware, Science and Engineering, Software","Pittsburgh, Pennsylvania, United States",RE2 Robotics designs humanlike mobile manipulation systems.,"29,504","Great Lakes, Northeastern United States",Active,Jul 2001,,For Profit,http://www.resquared.com/,http://www.linkedin.com/company/re2,http://www.facebook.com/RE2Inc,https://twitter.com/re2robotics,,,,,,,"National Security, Robotics, Software Engineering",1,11-50,3,Early Stage Venture,"Jan 9, 2017",Grant,"$1,000,000","$2,250,000",Series A,"$2,500,000","$3,500,000",2,4,,Private,,,,,info@resquared.com,(412)681-6382,12,"28,524"
Conversant Labs,https://www.crunchbase.com/organization/conversant-labs,"Data and Analytics, Health Care, Mobile, Software, Sports","Pittsburgh, Pennsylvania, United States",Voice-enabled technology for the Blind,"29,686","Great Lakes, Northeastern United States",Active,2012,,,http://conversantlabs.com,,http://www.facebook.com/pages/Conversant-Labs/438191096263041,http://twitter.com/conversantlabs,,,,,,,"Fitness, Health Care, mHealth, Speech Recognition",1,1-10,2,Seed,"Aug 1, 2015",Seed,"$550,000","$550,000",Seed,"$575,000","$575,000",,2,,Private,,,,,chris@conversantlabs.com,408-256-2879,3,"28,696"
Meter Feeder,https://www.crunchbase.com/organization/meterfeeder,"Government and Military, Information Technology, Internet Services, Transportation","Braddock, Pennsylvania, United States",Meter Feeder provides a low cost payment and enforcement solution for small to mid-sized governments.,"30,739","Great Lakes, Northeastern United States",Active,"Oct 13, 2014",,For Profit,https://www.meterfeeder.com/,https://www.linkedin.com/company/meter-feeder-inc/?originalSubdomain=in,https://www.facebook.com/meterfeeder.inc,https://twitter.com/meterfeederapp,,,,,,,"Cloud Data Services, Government, GovTech, Parking",2,1-10,2,Seed,"Apr 13, 2017",Seed,,,Seed,"$120,000","$120,000",1,2,,Private,,,,,info@meterfeeder.com,(844)463-7275,2,"29,712"
Encentiv Energy,https://www.crunchbase.com/organization/encentiv-energy,"Energy, Sustainability","Pittsburgh, Pennsylvania, United States","Encentiv Energy provides energy assessment and financing solutions to energy efficiency vendors, utilities, and other companies.","32,233","Great Lakes, Northeastern United States",Active,2009,,For Profit,http://www.encentivenergy.com,http://www.linkedin.com/company/encentiv-energy,http://www.facebook.com/encentivenergy,http://twitter.com/encentivenergy,,,,,,,"Clean Energy, Energy Efficiency",1,11-50,6,Early Stage Venture,"Sep 28, 2016",Series A,"$2,440,000","$2,440,000",Series A,"$2,740,000","$3,165,000",,3,,Private,,,,,info@encentivenergy.com,(412) 723-1516,5,"31,150"
OThot,https://www.crunchbase.com/organization/othot,"Data and Analytics, Software","Pittsburgh, Pennsylvania, United States",We provide consulting services to assess your objectives and identify high value predictive questions related to your problems.,"32,322","Great Lakes, Northeastern United States",Active,2014,,For Profit,http://www.othot.com/,https://www.linkedin.com/company/othot,https://www.facebook.com/othotLLC/info/?tab=overview,https://twitter.com/othotLLC,,,,,,,"Analytics, SaaS, Software",,11-50,3,Seed,"Aug 9, 2017",Seed,,,Seed,"$1,650,000","$1,650,000",,2,,Private,,,,,info@othot.com,(412) 759-9268,,"31,237"
Medallion Analytics Software,https://www.crunchbase.com/organization/medallion-analytics-software,"Data and Analytics, Information Technology, Software","Pittsburgh, Pennsylvania, United States",Medallion Analytics is a web solution designed to give users control over compliance and cost across their entire origination process.,"32,654","Great Lakes, Northeastern United States",Active,2009,,,http://medallionanalytics.com,,,http://twitter.com/MedallionXtract,,,,,,,"Analytics, Enterprise Software, Information Technology",,11-50,8,M&A,"Jan 29, 2014",Venture - Series Unknown,"$1,500,000","$1,500,000",Venture - Series Unknown,"$4,766,772","$4,766,772",,2,Was Acquired,Private,,,,,info@medallionanalytics.com,,,"31,556"
CapSen Robotics,https://www.crunchbase.com/organization/capsen-robotics,"Hardware, Science and Engineering, Software","Pittsburgh, Pennsylvania, United States","CapSen Robotics provides software to identify, scan, and track the 3D positions and orientations of specific objects in cluttered scenes.","32,957","Great Lakes, Northeastern United States",Active,2016,,For Profit,http://www.capsenrobotics.com/,,https://www.facebook.com/capsenrobotics,,,,,,,,"3D Technology, Computer Vision, Robotics",1,,1,Seed,"Mar 1, 2016",Angel,"$950,000","$950,000",Angel,"$950,000","$950,000",1,2,,Private,,,,,info@capsenrobotics.com,,,"31,852"
Adaptics,https://www.crunchbase.com/organization/adaptics,"Apps, Hardware, Mobile, Software","Dublin, Dublin, Ireland","Adaptics Ltd. provides Drop, an iPad-connected kitchen scale and digital baking assistant for home bakers","34,376",,Active,2011,,For Profit,https://www.getdrop.com/,,http://www.facebook.com/getdrop,http://twitter.com/AdapticsHQ,,,,,,,"Apps, Hardware, Mobile",,11-50,2,Seed,"Mar 7, 2016",Venture - Series Unknown,,,Venture - Series Unknown,"$2,000,000","$2,000,000",1,5,,Private,,,,,media@getdrop.co,+353879835770,2,"33,218"
PittMoss,https://www.crunchbase.com/organization/pittmoss,"Real Estate, Sustainability","Ambridge, Pennsylvania, United States","PittMoss, LLC makes and sells PittMoss®, a peat moss alternative that is made from recycled paper.","34,585","Great Lakes, Northeastern United States",Active,2015,,For Profit,http://pittmoss.com/,,https://www.facebook.com/traxfarms,https://www.twitter.com/pittmoss,,,,,,,"Green Building, Home and Garden, Innovation Management",1,1-10,2,Seed,"Oct 9, 2017",Convertible Note,"$1,100,000",,Seed,,"$1,100,000",,2,,Private,,,,,general@traxfarms.com,412-290-7785,,"33,416"
ATRP Solutions,https://www.crunchbase.com/organization/atrp-solutions,"Commerce and Shopping, Consumer Goods, Science and Engineering","Pittsburgh, Pennsylvania, United States","ATRP Solutions develops and supplies polymers used in manufacturing detergents, paints, personal care, and biocompatible materials.","35,183","Great Lakes, Northeastern United States",Active,2006,,For Profit,http://www.atrpsolutions.com,http://www.linkedin.com/company/atrp-solutions-inc.,http://www.facebook.com/pages/ATRP-Solutions-Inc/173115869399837,,,,,,,,"Chemical, Cosmetics, E-Commerce",1,1-10,9,Seed,"Aug 18, 2016",Debt Financing,"$507,397","$736,431",Seed,"$6,391,431","$7,708,828",1,2,,Private,,,,,information@atrpsolutions.com,(412)735-4799,1,"33,994"
CDL Warrior,https://www.crunchbase.com/organization/cdl-warrior,"Information Technology, Mobile, Software, Transportation","Pittsburgh, Pennsylvania, United States",CDL Warrior is a mobile-first platform connecting truck drivers and fleet to the supply chain.,"35,430","Great Lakes, Northeastern United States",Active,Jan 2014,,For Profit,http://www.cdlwarrior.com,https://www.linkedin.com/company/next-gauge-inc-,https://www.facebook.com/CDLWarrior,https://twitter.com/cdlwarrior,,,,,,,"Developer Tools, Information Technology, Logistics, Mobile",1,1-10,5,Seed,"Mar 25, 2016",Convertible Note,,,Seed,"$25,000","$125,000",1,5,,Private,,,,,info@cdlwarrior.com,,5,"34,235"
Plextronics,https://www.crunchbase.com/organization/plextronics,"Consumer Electronics, Energy, Hardware","Pittsburgh, Pennsylvania, United States",Plextronics specializes in printed electronics. The company's focus is on organic light emitting diode (OLED) displays and lighting.,"35,591","Great Lakes, Northeastern United States",Closed,2002,,For Profit,http://www.plextronics.com,,,,,,,,,,"Electronics, Energy Storage, Hardware, Lighting",3,51-100,11,M&A,"Oct 4, 2013",Debt Financing,"$572,500","$14,000,000",Series B,"$52,300,000","$67,947,500",4,8,Was Acquired,Private,,,,,sales@plextronics.com,(412)423-2030,8,"34,392"
Qualaris Healthcare Solutions,https://www.crunchbase.com/organization/qualaris-healthcare-solutions,"Health Care, Information Technology, Software","Pittsburgh, Pennsylvania, United States",Qualaris Healthcare Solutions is a health information technology company that offers a patient safety software platform for hospitals.,"37,216","Great Lakes, Northeastern United States",Active,2011,,For Profit,http://qualaris.com,https://www.linkedin.com/company/qualaris-healthcare-solutions,https://www.facebook.com/pages/Qualaris-Healthcare-Solutions-Inc/240090669525347,https://twitter.com/qualaris,,,,,,,"Health Care, Information Technology, Software",4,11-50,3,Seed,"May 20, 2016",Convertible Note,,,Seed,"$100,000","$100,000",,1,,Private,,,,,info@qualaris.com,(412)437-8259,3,"35,966"
AutoRef.com,https://www.crunchbase.com/organization/autoref-com,"Internet Services, Transportation","Santa Monica, California, United States",AutoRef enables consumers to negotiate online for new and used vehicles.,"37,369",Western United States,Closed,"Dec 28, 2010",,,http://autoref.com,,,http://twitter.com/autoref,,,,,,,"Automotive, Consumer, Online Portals",,1-10,2,Seed,"Apr 12, 2013",Seed,"$850,000","$850,000",Seed,"$875,000","$875,000",1,5,,Private,,,,,contact@autoref.com,,7,"36,112"
The Efficiency Network (TEN),https://www.crunchbase.com/organization/the-efficiency-network-ten,"Energy, Natural Resources, Sustainability","Laurel, Maryland, United States","The Efficiency Network, Inc. (TEN) specializes in smart building services that optimize building performance.","37,484",Southern United States,Active,2012,,,https://www.tensaves.com/,http://www.linkedin.com/company/2734385,http://www.facebook.com/tensaves,http://twitter.com/tensaves,,,,,,,"Energy, Energy Efficiency, Oil and Gas",2,11-50,5,,"Mar 9, 2016",Venture - Series Unknown,"$1,499,997","$1,499,997",Venture - Series Unknown,"$5,649,997","$5,649,997",,1,,Private,,,,,info@10saves.com,412-429-8888,,"36,223"
Futurederm,https://www.crunchbase.com/organization/futurederm,"Commerce and Shopping, Consumer Goods, Internet Services, Media and Entertainment","Pittsburgh, Pennsylvania, United States","FutureDerm is a global online destination for intelligent, fun Beauty Geeks. We explain the science behind beauty products and ingredients.","37,768","Great Lakes, Northeastern United States",Active,"Jun 7, 2012",,For Profit,http://www.futurederm.com,https://www.linkedin.com/company/futurederm-inc-,http://www.facebook.com/pages/FutureDerm-Inc/140341526628,http://twitter.com/futurederm,,,,,,,"Beauty, Cosmetics, E-Commerce, Social Media",1,11-50,5,Seed,"May 27, 2014",Debt Financing,"$140,778","$40,000",Seed,"$542,000","$682,778",,2,,Private,,,,,nicki@futurederm.com,(347)674-4208,1,"36,499"
Liquid X,https://www.crunchbase.com/organization/liquid-x,"Hardware, Manufacturing, Science and Engineering","Pittsburgh, Pennsylvania, United States",Liquid X enables users to print metal traces and films that deliver results comparable to the bulk metal.,"37,832","Great Lakes, Northeastern United States",Active,2010,,For Profit,http://liquid-x.com,https://www.linkedin.com/company/liquid-x-printed-metals,https://www.facebook.com/Liquid-X-Printed-Metals,https://twitter.com/LiquidXPM,,,,,,,"Chemical, Manufacturing, Semiconductor",1,1-10,3,Seed,"Dec 16, 2016",Venture - Series Unknown,"$2,015,000","$2,015,000",Venture - Series Unknown,"$3,415,000","$3,415,000",1,2,,Private,,,,,bvasy@liquid-x.com,+114124263521,,"36,562"
Cosmitto,https://www.crunchbase.com/organization/community-elf,"Advertising, Apps, Content and Publishing, Internet Services, Media and Entertainment, Sales and Marketing, Software","Pittsburgh, Pennsylvania, United States","We're a full-time, in-house team of content writers, social media managers, & digital strategists ready to partner with your team or agency.","38,972","Great Lakes, Northeastern United States",Active,2010,,For Profit,https://cosmitto.digital/,https://www.linkedin.com/company/2615504/,https://www.facebook.com/CosmittoDigital/,https://twitter.com/cosmittodigital,,,,,,,"Advertising, Apps, Blogging Platforms, Social Media",1,11-50,3,Early Stage Venture,"Jan 24, 2017",Series A,"$2,000,000","$2,000,000",Series A,"$2,000,000","$2,170,000",1,2,,Private,,,,,info@cosmitto.digital,(888)932-5651,2,"37,661"
Ariel Precision Medicine,https://www.crunchbase.com/organization/ariel-precision-medicine,"Biotechnology, Data and Analytics, Health Care, Science and Engineering","Pittsburgh, Pennsylvania, United States",Mission is to provide actionable decision support to clinicians for the personalized management of patients with complex chronic disease.,"40,158","Great Lakes, Northeastern United States",Active,2015,,For Profit,https://www.arielmedicine.com,,,,,,,,,,"Bioinformatics, Biotechnology, Genetics, Health Care, Pharmaceutical",1,1-10,2,,"May 22, 2017",Convertible Note,,,,,"$125,000",1,4,,Private,,,,,info@arielmedicine.com,(256)327-9569,,"38,802"
SolePower,https://www.crunchbase.com/organization/solepower,"Consumer Electronics, Hardware","Pittsburgh, Pennsylvania, United States","Portable Power, Wearable Technology","40,716","Great Lakes, Northeastern United States",Active,"Aug 1, 2012",,For Profit,http://solepowertech.com,http://www.linkedin.com/company/sole-power-llc,http://www.facebook.com/solepowertech,http://twitter.com/SolePowerTech,,,,,,,"Consumer Electronics, Industrial, Wearables",2,1-10,5,Seed,"Aug 2, 2016",Convertible Note,,,Seed,"$125,000","$125,000",,2,,Private,,,,,info@solepowertech.com,215-206-9369,11,"39,328"
Digital Dream Labs,https://www.crunchbase.com/organization/digital-dream-labs,"Education, Software","Pittsburgh, Pennsylvania, United States","Digital Dream Labs develops toy-to-tablet enrichment products like cloudBoard, which uses real puzzle blocks to interact with a video game.","40,791","Great Lakes, Northeastern United States",Active,2012,,,http://digitaldreamlabs.com,http://www.linkedin.com/company/2890926,http://www.facebook.com/digitaldreamlabs,http://twitter.com/DigitalDreamLab,,,,,,,"EdTech, Education",3,1-10,6,Seed,"Mar 15, 2016",Seed,,,Seed,"$150,000","$150,000",,3,,Private,,,,,justin@digitaldreamlabs.com,18054580550,5,"39,401"
Cardeeo,https://www.crunchbase.com/organization/cardeeo,"Financial Services, Software","Pittsburgh, Pennsylvania, United States",Cardeeo develops a mobile loyalty application for retailers and merchants to mobilize their loyalty programs.,"40,834","Great Lakes, Northeastern United States",Active,2009,,For Profit,http://loyaltree.com,,,http://twitter.com/LoyalTree,,,,,,,"FinTech, Software",2,11-50,4,,"Mar 9, 2015",Venture - Series Unknown,"$725,000","$725,000",Venture - Series Unknown,"$1,369,840","$1,369,840",,1,,Private,,,,,info@loyaltree.com,412-444-5566,,"39,444"
PieceMaker Technologies,https://www.crunchbase.com/organization/piecemaker-technologies,"Commerce and Shopping, Hardware, Manufacturing, Software","Pittsburgh, Pennsylvania, United States","Personalized products, made on-demand","41,221","Great Lakes, Northeastern United States",Active,2013,,For Profit,http://www.piecemaker.com,http://www.linkedin.com/company/3174428,http://www.facebook.com/PiecemakerTechnologies,http://twitter.com/piecemakertech,,,,,,,"Manufacturing, Retail, Retail Technology",2,1-10,4,Seed,"Jun 14, 2016",Convertible Note,,"$840,000",Seed,"$840,000","$840,000",,4,,Private,,,,,info@piecemaker.com,,1,"39,817"
Thar Pharmaceuticals,https://www.crunchbase.com/organization/thar-pharmaceuticals,"Biotechnology, Health Care, Science and Engineering","Pittsburgh, Pennsylvania, United States","Thar Pharmaceuticals identifies and develops prescription drugs that solve clinical opportunities such as efficacy, absorption and safety.","41,760","Great Lakes, Northeastern United States",Active,2008,,For Profit,http://tharpharma.com,,,,,,,,,,"Biotechnology, Health Care, Medical Device",1,1-10,7,,"Apr 5, 2016",Debt Financing,"$1,371,500",,Venture - Series Unknown,"$5,813,458","$12,366,958",,1,,Private,,,,,bmoyer@tharpharma.com,(141) 296-3680,4,"40,330"
Bansen Labs,https://www.crunchbase.com/organization/bansen-labs,"Gaming, Hardware, Health Care, Media and Entertainment","Pittsburgh, Pennsylvania, United States",Xogo connects one billion people with disabilities to all consumer technology.,"42,423","Great Lakes, Northeastern United States",Active,"Nov 24, 2014",,For Profit,http://myxogo.com,https://www.linkedin.com/company/bansen-labs-llc,https://www.facebook.com/myxogo,https://twitter.com/myxogo,,,,,,,"Digital Entertainment, Hardware, Health Care, Rehabilitation, Video Games, Wellness",2,1-10,2,,"Jan 4, 2017",Convertible Note,,,,,"$300,000",,1,,Private,,,,,team@bansenlabs.com,(412)212-8466,11,"40,975"
ReGear Life Sciences,https://www.crunchbase.com/organization/regear-life-sciences,"Hardware, Health Care, Manufacturing","Pittsburgh, Pennsylvania, United States",ReGear Life Sciences develops and markets deep tissue therapeutic heating systems to reduce pain associated with injury and aging.,"44,406","Great Lakes, Northeastern United States",Active,2006,,For Profit,http://www.regearlife.com,https://www.linkedin.com/company/regear-life-sciences,https://www.facebook.com/pages/Regear-Life-Sciences/187581981588526,,,,,,,,"Hardware, Manufacturing, Medical Device",,11-50,7,,"Dec 9, 2014",Venture - Series Unknown,"$1,250,000","$1,250,000",Venture - Series Unknown,"$4,440,000","$4,815,000",,2,,Private,,,,,,(412)446-1440,1,"42,858"
PECA Labs,https://www.crunchbase.com/organization/peca-labs,"Design, Health Care, Manufacturing","Pittsburgh, Pennsylvania, United States","PECA Labs is dedicated to bringing better medical devices to orphan populations, with initial focus on the pediatric cardiovascular system.","44,521","Great Lakes, Northeastern United States",Active,2011,,For Profit,http://www.pecalabs.com/,https://www.linkedin.com/company/peca-labs,https://www.facebook.com/PECALabs,,,,,,,,"Manufacturing, Medical Device, Product Design",1,1-10,3,Seed,"Nov 13, 2016",Seed,"$749,986","$749,986",Seed,"$2,043,657","$2,043,657",,1,,Private,,,,,peca@PECALabs.com,(412) 589-9847,,"42,969"
Kextil,https://www.crunchbase.com/organization/kextil,"Data and Analytics, Mobile, Software","Pittsburgh, Pennsylvania, United States",Enterprise software company transforming the economics of operating and maintaining complex capital equipment,"44,705","Great Lakes, Northeastern United States",Active,2010,,For Profit,http://www.kextil.com,,,,,,,,,,"Enterprise Software, Industrial, Knowledge Management, Mobile, Software, Speech Recognition",2,1-10,4,Seed,"Dec 27, 2013",Seed,"$460,000","$460,000",Seed,"$830,000","$830,000",,1,,Private,,,,,jberman@kextil.com,412-398-0789,1,"43,141"
NanoVision Diagnostics,https://www.crunchbase.com/organization/nanovision-diagnostics,"Biotechnology, Health Care, Science and Engineering","Kittanning, Pennsylvania, United States",NanoVision Diagnostics is engaged in the commercialization of cancer detection systems.,"46,242","Great Lakes, Northeastern United States",Active,2013,,For Profit,http://nanovisiondiagnostics.com,https://www.linkedin.com/company/nanovision-diagnostics,https://www.facebook.com/pages/Nanovision-Diagnostics/833435536774092,,,,,,,,"Biotechnology, Health Diagnostics, Medical Device",2,11-50,2,,"Nov 10, 2014",Venture - Series Unknown,"$200,000","$200,000",Venture - Series Unknown,"$1,700,000","$1,700,000",,2,,Private,,,,,mike.lang@nanovisiondiagnostics.com,(724)719-9707,,"44,608"
Easely,https://www.crunchbase.com/organization/easely,"Commerce and Shopping, Media and Entertainment","Pittsburgh, Pennsylvania, United States",Rent or purchase real art from current practicing artists.,"46,629","Great Lakes, Northeastern United States",Active,2014,,For Profit,https://www.easelyapp.com,,http://www.facebook.com/easelyart,http://twitter.com/EaselyArt,,,,,,,"Art, E-Commerce",2,1-10,2,Seed,"Jan 23, 2015",Seed,"$220,000","$220,000",Seed,"$245,000","$245,000",,2,,Private,,,,,contact@easelyapp.com,(404)234-6058,1,"44,975"
Twined,https://www.crunchbase.com/organization/twined,"Commerce and Shopping, Internet Services","New York, New York, United States",Twined helps you easily discover unbiased product reviews and recommendations from real people that you can actually trust.,"47,107","Great Lakes, Northeastern United States",Active,Jun 2014,,For Profit,https://twined.com/,http://www.linkedin.com/company/twined-co,http://www.facebook.com/GetTwined,http://twitter.com/twined,,,,,,,"E-Commerce, Internet, Shopping",2,11-50,4,Seed,"Apr 25, 2017",Convertible Note,,,Seed,"$245,000","$245,000",,4,,Private,,,,,hello@twined.com,,,"45,436"
Circadiance,https://www.crunchbase.com/organization/circadiance,Health Care,"Export, Pennsylvania, United States",Circadiance creates and markets high-performance respiratory products to give people the freedom to sleep and breathe in comfort.,"47,550","Great Lakes, Northeastern United States",Active,2006,,For Profit,http://www.circadiance.com/,https://www.linkedin.com/company/circadiance,https://www.facebook.com/SleepWeaver,https://twitter.com/SleepWeaver,,,,,,,Medical Device,1,11-50,2,,"May 1, 2017",Convertible Note,,,,,"$765,000",,1,,Private,,,,,info@circadiance.com,(888) 825-9640,,"45,858"
Sharp Edge Labs,https://www.crunchbase.com/organization/sharp-edge-labs,"Biotechnology, Health Care, Science and Engineering","Pittsburgh, Pennsylvania, United States",Sharp Edge Labs is engaged in the development of biosensors for cellular biology research and high-throughput screening.,"47,665","Great Lakes, Northeastern United States",Active,2010,,For Profit,http://sharpedgelabs.com,https://www.linkedin.com/company/sharp-edge-labs,https://www.facebook.com/sharpedgelabs/info/?tab=overview,https://twitter.com/sharpedgelabs,,,,,,,"Biotechnology, Life Science, Medical Device",2,1-10,6,Late Stage Venture,"Jun 30, 2017",Series C,,,Series C,"$1,050,000","$1,050,000",1,2,,Private,,,,,,(412)475-9733,,"45,969"
PHRQL,https://www.crunchbase.com/organization/phrql,"Health Care, Information Technology, Software","Pittsburgh, Pennsylvania, United States","PHQRL Provides e-wellness management systems that deliver medical nutrition therapy, diabetes management education, and wellness counseling.","49,254","Great Lakes, Northeastern United States",Active,2011,,For Profit,http://www.phrql.com/,http://www.linkedin.com/company/2492083,http://www.facebook.com/PHRQL,http://www.twitter.com/PHRQL,,,,,,,"Health Care, Information Technology, Software",3,1-10,3,Seed,"Oct 23, 2014",Seed,"$100,000","$100,000",Seed,"$125,000","$175,000",,2,,Private,,,,,contact@phrql.com,(412)407-3320,,"47,481"
LumiShield,https://www.crunchbase.com/organization/lumishield,"Natural Resources, Sustainability","Pittsburgh, Pennsylvania, United States","LumiShield provides sustainable, cost-effective coating solutions for industry.","53,224","Great Lakes, Northeastern United States",Active,2014,,For Profit,http://www.lumishieldtech.com,https://www.linkedin.com/company/lumishield-technologies,https://www.facebook.com/lumishield,https://www.twitter.com/lumishield,,,,,,,"Mining Technology, Precious Metals, Sustainability",3,1-10,3,Seed,"Aug 31, 2016",Seed,"$325,000","$325,000",Seed,"$325,000","$325,000",,1,,Private,,,,,info@lumishieldtech.com,+1 (805) 451-7947,,"51,227"
AbiliLife,https://www.crunchbase.com/organization/abililife,"Consumer Electronics, Hardware, Health Care","Pittsburgh, Pennsylvania, United States",AbiliLife is developing a smart brace specifically designed for Parkinson's patients with balance and postural instability.,"54,184","Great Lakes, Northeastern United States",Active,2014,,For Profit,http://www.abililife.com/,https://www.linkedin.com/company/abililife-inc-,https://www.facebook.com/abililife/,https://twitter.com/abililife,,,,,,,"Health Care, Medical, Medical Device, Wearables",1,1-10,2,Seed,"Oct 14, 2016",Convertible Note,,"$50,000",Seed,"$50,000","$50,000",,1,,Private,,,,,info@abililife.com,+8553796283,2,"52,130"
NewCare Solutions,https://www.crunchbase.com/organization/newcare-solutions,"Hardware, Information Technology, Software","Warrendale, Pennsylvania, United States","NewCare Solutions is engaged in the development of the SilentAlert Resident Attendant System, an inaudible alarm system for patients.","55,119","Great Lakes, Northeastern United States",Active,2003,,For Profit,http://www.silentalertmonitor.com/,https://www.linkedin.com/company/newcare-solutions-llc.,http://www.facebook.com/SilentAlertResidentMonitor,http://twitter.com/SilentAlertRM,,,,,,,"Hardware, Information Technology, Software",1,11-50,5,M&A,"Nov 16, 2014",Seed,"$100,000","$100,000",Seed,"$3,355,000","$4,972,252",1,2,Was Acquired,Private,,,,,info@silentfallalert.com,(412)455-6888,,"53,015"
Rorus Inc.,https://www.crunchbase.com/organization/rorus-inc,"Government and Military, Natural Resources, Sports","Pittsburgh, Pennsylvania, United States",Rorus Inc. is dedicated to improving access to safe drinking water by revolutionizing point-of-use water treatment.,"55,123","Great Lakes, Northeastern United States",Active,2014,,For Profit,https://www.rorusinc.com/,,https://www.facebook.com/rorusinc?fref=ts,https://twitter.com/rorusinc,,,,,,,"Fitness, Public Safety, Water",2,501-1000,2,Seed,"Dec 23, 2015",Seed,,,Seed,"$50,000","$50,000",,3,,Private,,,,,rorusinc@gmail.com,610 710 6474,,"53,019"
Collected Inc.,https://www.crunchbase.com/organization/collected-inc,"Information Technology, Internet Services, Software","Pittsburgh, Pennsylvania, United States",Collected delivers contextually-relevant content from your cloud accounts as you type from all your cloud accounts.,"55,637","Great Lakes, Northeastern United States",Active,"Jun 1, 2013",,For Profit,http://www.collected.io,http://www.linkedin.com/company/collected,http://www.facebook.com/getcollected,http://twitter.com/collectedinc,,,,,,,"Cloud Data Services, Enterprise Software",3,1-10,2,Seed,"Mar 17, 2014",Convertible Note,"$100,000","$25,000",Seed,"$25,000","$125,000",,3,,Private,,,,,feedback@collected.io,(412) 254-6507,,"53,508"
AthleteTrax,https://www.crunchbase.com/organization/athletetrax,"Professional Services, Software, Sports","Pittsburgh, Pennsylvania, United States","AthleteTrax reduces the headaches and hassle of organizing and running an athletic league, team or camp at any level.","55,843","Great Lakes, Northeastern United States",Active,2012,,,https://www.athlete-trax.com/,http://www.linkedin.com/company/athletetrax-llc,http://www.facebook.com/AthleteTrax,http://twitter.com/athletetrax,,,,,,,"Recruiting, Software, Sports",3,11-50,4,Seed,"Feb 3, 2015",Seed,,,Seed,"$25,000","$25,000",,3,,Private,,,,,customersupport@athlete-trax.com,412-407-7129,,"53,697"
Aurochs Brewing,https://www.crunchbase.com/organization/aurochs-brewing,Food and Beverage,"Ellsworth, Pennsylvania, United States","We set out to honor the spirit of the Aurochs, a legendary beast that roamed the wild countryside thousands of years ago.","57,078","Great Lakes, Northeastern United States",Active,2012,,,http://www.aurochsbrewing.com,,http://www.facebook.com/AurochsBrewing,http://twitter.com/aurochsbrewing,,,,,,,"Brewing, Craft Beer, Wine And Spirits",5,11-50,4,Seed,"Oct 26, 2017",Seed,,,Seed,"$225,000","$275,000",,2,,Private,,,,,rbove@aurochsbrewing.com,724.260.8737,1,"54,849"
Accel Diagnostics,https://www.crunchbase.com/organization/accel-diagnostics,Health Care,"Pittsburgh, Pennsylvania, United States","Accel Diagnostics is developing a lab-on-chip protein diagnostic platform that enables inexpensive, disposable, credit-card sized devices","58,009","Great Lakes, Northeastern United States",Active,2012,,For Profit,http://acceldx.com,http://www.linkedin.com/company/accel-diagnostics,,http://twitter.com/acceldx,,,,,,,"Health Care, Health Diagnostics, Medical, Medical Device",1,1-10,5,Seed,"May 4, 2016",Convertible Note,,,Venture - Series Unknown,"$25,000","$25,000",,3,,Private,,,,,info@acceldx.com,832-641-1900,2,"55,718"
Flexable,https://www.crunchbase.com/organization/flexable,"Community and Lifestyle, Health Care","Pittsburgh, Pennsylvania, United States",Flexable is changing the $2B+ childcare industry by helping parents find on-demand childcare through a network of high quality caregivers.,"58,221","Great Lakes, Northeastern United States",Active,"May 1, 2016",,,http://flexablecare.com,,https://www.facebook.com/flexablecare,https://www.twitter.com/flexablecare,,,,,,,"Child Care, Children, Parenting",2,,3,Seed,"Mar 8, 2018",Seed,,,Seed,"$25,000","$25,000",,2,,Private,,,,,,,,"55,915"
Compliance Assurance,https://www.crunchbase.com/organization/compliance-assurance,Software,"Pittsburgh, Pennsylvania, United States",Compliance Assurance is a provider of on-demand governance risk and compliance solutions for the insurance industry.,"59,302","Great Lakes, Northeastern United States",Active,2003,,,http://www.complyfast.com,http://www.linkedin.com/company/compliance-assurance-corporation,http://www.facebook.com/pages/Compliance-Assurance-Corporation/1,http://twitter.com/YourCompliance,,,,,,,Software,1,11-50,1,M&A,"Mar 15, 2011",Venture - Series Unknown,"$1,250,000","$1,250,000",Venture - Series Unknown,"$1,250,000","$1,250,000",,4,Was Acquired,Private,,,,,info@complyfast.com,412-690-6201,3,"56,924"
BitArmor Systems,https://www.crunchbase.com/organization/bitarmor-systems,Privacy and Security,"Pittsburgh, Pennsylvania, United States",BitArmor Systems is a Pittsburgh-based company providing information-centric data security software.,"60,788","Great Lakes, Northeastern United States",Active,Jan 2003,,For Profit,http://www.bitarmor.com,,,,,,,,,,Security,,5001-10000,3,M&A,"Apr 20, 2009",Series B,"$5,000,000","$5,000,000",Series B,"$6,750,000","$6,750,000",,3,Was Acquired,Private,,,,,info@bitarmor.com,+1 (888) 878-7817,,"58,305"
Hability,https://www.crunchbase.com/organization/hability,Health Care,"Pittsburgh, Pennsylvania, United States","They help physical therapists strengthen patient relationships with simple, automatic patient engagement.","64,326","Great Lakes, Northeastern United States",Active,2011,,For Profit,http://www.hability.net/,https://www.linkedin.com/company/hability,,https://twitter.com/habilitypt,,,,,,,Health Care,2,11-50,2,Seed,"Apr 1, 2015",Seed,"$20,000","$20,000",Seed,"$45,000","$45,000",,2,,Private,,,,,,,,"61,583"
TalkShoe,https://www.crunchbase.com/organization/talkshoe,"Information Technology, Internet Services, Media and Entertainment, Messaging and Telecommunications, Music and Audio","Wexford, Pennsylvania, United States","TalkShoe operates a website that offers talk shows and conversations through telephones, mobile phones, and chat for like-minded people.","65,563","Great Lakes, Northeastern United States",Active,"Apr 1, 2005",,,http://www.TalkShoe.com,,,http://twitter.com/TalkShoe,,,,,,,"Digital Media, Messaging, Podcast",1,,1,M&A,"Jun 26, 2008",Angel,"$1,130,000","$1,130,000",Angel,"$1,130,000","$1,130,000",,5,Was Acquired,Private,,,,,info@talkshoe.com,,17,"62,725"
Wing Ma'am,https://www.crunchbase.com/organization/wing-ma-am,"Internet Services, Mobile","Pittsburgh, Pennsylvania, United States",Wing Ma'am is a mobile application for LGBT women.,"66,606","Great Lakes, Northeastern United States",Active,"Oct 7, 2012",,For Profit,http://www.wingmaam.com/,,https://www.facebook.com/wingmaamapp,https://twitter.com/wingmaam,,,,,,,"Internet, LGBT, Mobile",1,1-10,2,Seed,"Apr 17, 2014",Seed,"$50,000","$50,000",Seed,"$75,000","$75,000",,2,,Private,,,,,,,,"63,685"
Atmosferiq,https://www.crunchbase.com/organization/atmosferiq,"Advertising, Sales and Marketing","Pittsburgh, Pennsylvania, United States",Atmosferiq is an online platform that integrates digital marketing channels with traditional marketing.,"67,221","Great Lakes, Northeastern United States",Active,"Sep 1, 2013",,For Profit,http://atmosferiq.com,http://www.linkedin.com/company/atmosferiq,http://www.facebook.com/Atmosferiq,http://twitter.com/atmosferiq,,,,,,,Advertising,1,1-10,3,Seed,"Oct 30, 2014",Seed,,,Seed,"$300,000","$300,000",,2,,Private,,,,,contact@atmosferiq.com,14124042745,,"64,259"
Kaarta,https://www.crunchbase.com/organization/kaarta,"Data and Analytics, Hardware, Internet Services, Navigation and Mapping, Real Estate, Science and Engineering, Software, Transportation","Pittsburgh, Pennsylvania, United States","Fast, Accurate, and Affordable 3D Scene Mapping and Positioning","69,112","Great Lakes, Northeastern United States",Active,2015,,For Profit,http://www.kaarta.com/,,,https://twitter.com/Kaarta3D,,,,,,,"3D Technology, Architecture, Autonomous Vehicles, Civil Engineering, Construction, Geospatial, Location Based Services, Mapping Services, Real Time, Robotics, SaaS",2,,1,Seed,"Apr 1, 2016",Seed,,,Seed,,,,1,,Private,,,,,,,12,"65,999"
BudgetSimple,https://www.crunchbase.com/organization/budgetsimple,Financial Services,"Pittsburgh, Pennsylvania, United States",BudgetSimple is an automated financial planner and free online budget solution that helps people save money and get their finances in order.,"69,518","Great Lakes, Northeastern United States",Active,2006,,For Profit,http://www.BudgetSimple.com,http://www.linkedin.com/company/2797618,http://www.facebook.com/BudgetSimple,http://twitter.com/budgetsimple,,,,,,,"Finance, FinTech, Personal Finance",1,11-50,1,Seed,"Jun 25, 2013",Seed,"$25,000","$25,000",Seed,"$25,000","$25,000",,2,,Private,,,,,budgetsimple@budgetsimple.com,412-613-3642,1,"66,366"
"Watt-Learn, Inc.",https://www.crunchbase.com/organization/watt-learn-inc,"Artificial Intelligence, Data and Analytics, Energy, Science and Engineering, Software","Pittsburgh, Pennsylvania, United States","Watt-Learn is creating a profitable grid, one intelligent battery at a time.","70,447","Great Lakes, Northeastern United States",Active,2016,,For Profit,http://www.watt-learn.com,https://www.linkedin.com/company-beta/24995728/,,,,,,,,,"Artificial Intelligence, Battery, Energy, Energy Storage, Machine Learning, Power Grid",2,1-10,2,Seed,"Mar 23, 2018",Seed,,,Seed,,,,2,,Private,,,,,b4d847ce9f6c4e638ab5ffca2bd6a930@sentry.io,,,"67,221"
Tunessence,https://www.crunchbase.com/organization/tunessence,"Education, Media and Entertainment, Music and Audio","Milwaukee, Wisconsin, United States",Guitar Instructor (formerly known as Tunessence) offers online instructional content for guitarists of all styles and levels.,"71,060","Great Lakes, Midwestern United States",Active,2012,,,http://www.tunessence.com,,https://www.facebook.com/tunessence,http://twitter.com/Tunessence,,,,,,,"Education, Music",2,1-10,3,Seed,"Feb 14, 2014",Seed,,,Seed,"$25,000","$25,000",,2,,Private,,,,,support@tunessence.com,331-551-8863,,"67,795"
Tailored Fit,https://www.crunchbase.com/organization/tailored-fit,"Clothing and Apparel, Commerce and Shopping, Data and Analytics, Design","Pittsburgh, Pennsylvania, United States",Tailored Fit is an online shopping service that provides fashion recommendations for users based on their past behavior.,"71,496","Great Lakes, Northeastern United States",Active,"Oct 20, 2013",,,http://www.tailoredfit.com,http://www.linkedin.com/company/tailored-fit,http://www.facebook.com/tailoredfitco,http://twitter.com/tailoredfitco,,,,,,,"Big Data, E-Commerce, Fashion, Retail, Shopping",4,1-10,3,Seed,"Jul 2, 2014",Seed,,,Seed,"$25,000","$49,000",,2,,Private,,,,,info@tailoredfit.co,+1 (703) 919-1967,2,"68,186"
BPL Global,https://www.crunchbase.com/organization/bpl-global,"Energy, Internet Services, Software","Canonsburg, Pennsylvania, United States",BPL Global is a smart grid technology company that provides software solutions and services to electric utilities.,"72,634","Great Lakes, Northeastern United States",Active,2004,,For Profit,http://www.bplglobal.net,,,http://twitter.com/BPLGlobal,,,,,,,"Energy, Internet of Things, Software",1,101-250,10,M&A,"Dec 6, 2012",Venture - Series Unknown,"$1,499,969","$1,499,969",Venture - Series Unknown,"$122,727,969","$125,327,969",,13,Was Acquired,Private,,,,,info@bplglobal.net,724 933 7700,2,"69,218"
ThermalTherapeuticSystems,https://www.crunchbase.com/organization/thermaltherapeuticsystems,Health Care,"Pittsburgh, Pennsylvania, United States",ThermalTherapeutic Systems is focused on developing medical devices.,"72,814","Great Lakes, Northeastern United States",Closed,"Jun 1, 2006","Mar 13, 2013",,http://www.thermaltherapeutics.com,,,,,,,,,,"Health Care, Health Diagnostics",3,1-10,2,,"Nov 9, 2011",Venture - Series Unknown,"$808,462","$808,462",Venture - Series Unknown,"$3,508,462","$3,508,462",,3,,Private,,,,,info@thermaltherapeutics.com,412-906-9070,,"69,383"
Covey,https://www.crunchbase.com/organization/covey,"Apps, Software","Pittsburgh, Pennsylvania, United States",Covey is a social collaboration application for parents.,"74,231","Great Lakes, Northeastern United States",Active,2014,,,http://www.coveymom.com/,https://www.linkedin.com/company/covey-llc,http://www.facebook.com/coveyapp,http://twitter.com/CoveyApp,,,,,,,Apps,1,11-50,3,Seed,"Aug 31, 2016",Convertible Note,,,Seed,"$25,000","$25,000",,2,,Private,,,,,,,,"70,674"
Activaided Orthotics,https://www.crunchbase.com/organization/activaided-orthotics,"Education, Health Care, Sports","Pittsburgh, Pennsylvania, United States",Activaided Orthotics has created a line of apparel to eliminate back pain by training rehabilitative habits and behaviors.,"74,745","Great Lakes, Northeastern United States",Active,2011,,,http://activaided.com,http://www.linkedin.com/company/activaided-orthotics,http://www.facebook.com/ActivAided,http://twitter.com/ActivAided,,,,,,,"Fitness, Medical, Medical Device, Training",1,1-10,5,M&A,"Jan 2, 2014",Seed,,,Seed,"$25,000","$25,000",,3,Was Acquired,Private,,,,,info@activaided.com,412-573-9791,,"71,142"
Headright Games,https://www.crunchbase.com/organization/headright-games,"Gaming, Hardware, Software","Pittsburgh, Pennsylvania, United States","HeadRight Games LLC is an independent developer of cross-platform casual games for PC, Mac, Web, iOS, and Android.","76,305","Great Lakes, Northeastern United States",Active,2011,,,http://headrightgames.com,,http://www.facebook.com/headrightgames,http://twitter.com/headright_games,,,,,,,"3D Technology, Casual Games",1,1-10,3,Seed,"Apr 30, 2013",Seed,,,Seed,"$25,000","$25,000",,2,,Private,,,,,contact@headrightgames.com,412-200-5345,,"72,546"
ComVibe,https://www.crunchbase.com/organization/comvibe,Real Estate,"Pittsburgh, Pennsylvania, United States","In 2010, we began to survey the multi-tenant marketplace, and found a strong correlation between resident satisfaction rates and property","78,092","Great Lakes, Northeastern United States",Active,2010,,,http://comvibe.com,,https://www.facebook.com/135480016490946,http://twitter.com/comvibe,,,,,,,Property Management,1,11-50,4,Seed,"Feb 25, 2014",Seed,,,Seed,"$25,000","$25,000",,2,,Private,,,,,info@comvibe.com,336-682-5508,1,"74,153"
Nebulus Audio,https://www.crunchbase.com/organization/nebulus,"Media and Entertainment, Music and Audio, Software","Pittsburgh, Pennsylvania, United States",Nebulus is a real-time social discovery and arranging tool for musical collaboration.,"81,493","Great Lakes, Northeastern United States",Active,"May 15, 2014",,For Profit,http://www.nebulus.io/,https://www.linkedin.com/company/nebulusaudio,https://www.facebook.com/nebulusaudio,https://twitter.com/NebulusAudio,,,,,,,"Collaboration, Music, SaaS",6,1-10,2,Seed,"Dec 23, 2014",Seed,,,Seed,"$25,000","$25,000",,2,,Private,,,,,info@nebulus.io,+1 (610) 710-6474,,"77,208"
VistaTEK,https://www.crunchbase.com/organization/vistatek,"Manufacturing, Software","Stillwater, Minnesota, United States","VistaTEK is a family-owned manufacturing company focused on mold making, injection molding, and secondary operations.","82,164","Great Lakes, Midwestern United States",Active,"Jul 1, 2008",,,http://vistatek.com,,http://www.facebook.com/VistaTekUSA,http://twitter.com/VistaTekUSA,,,,,,,"Enterprise Software, Industrial Manufacturing, Manufacturing",1,11-50,3,Seed,"Jun 30, 2011",Seed,,,Seed,"$50,000","$50,000",,2,,Private,,,,,parts@vistatek.com,6516530900,1,"77,797"
PacketViper,https://www.crunchbase.com/organization/packet-viper,"Information Technology, Privacy and Security, Software","Pittsburgh, Pennsylvania, United States",PacketViper Advanced Perimeter Defense solution. Improve the security perimeters performance & reliability.,"82,927","Great Lakes, Northeastern United States",Active,"Jul 14, 2011",,For Profit,http://www.packetviper.com/,https://www.linkedin.com/company/packetviper-llc,https://www.facebook.com/packetviper,https://www.twitter.com/packetviper,,,,,,,"Cyber Security, Enterprise Software, Network Security, Security",2,11-50,2,Seed,"May 4, 2016",Convertible Note,,,Seed,,,,1,,Private,,,,,inforequest@packetviper.com,+1 (855) 758-4737,,"78,476"
Honeycomb Credit,https://www.crunchbase.com/organization/honeycomb-credit,Financial Services,"Pittsburgh, Pennsylvania, United States","Fintech platform that is building communities, one small business at a time.","83,369","Great Lakes, Northeastern United States",Active,Jan 2017,,For Profit,https://www.honeycombcredit.com/,https://www.linkedin.com/company/11076258/,https://www.facebook.com/honeycombcredit/,,,,,,,,FinTech,2,1-10,1,Seed,"Mar 23, 2018",Seed,,,Seed,,,,1,,Private,,,,,ken@honeycombcredit.com,4693232911,5,"78,878"
Vivisimo,https://www.crunchbase.com/organization/vivsimo,"Privacy and Security, Software","Pittsburgh, Pennsylvania, United States","Vivisimo offers enterprises search solutions that enable collaboration, application control, security management, and quick deployment.","84,201","Great Lakes, Northeastern United States",Active,2000,,For Profit,http://vivisimo.com,,,https://www.twitter.com/vivisimosupport,,,,,,,"Collaboration, Enterprise Software, Security",,10001+,5,M&A,"Mar 17, 2008",Series A,"$4,000,000","$4,000,000",Series A,"$5,660,000","$5,660,000",1,3,Was Acquired,Private,,,,,,(412)422-2499,88,"79,623"
"HiberSense, Inc",https://www.crunchbase.com/organization/hibersense-inc,"Apps, Hardware, Internet Services, Mobile, Real Estate, Software","Pittsburgh, Pennsylvania, United States",HiberSense Connected Climate Control solution enables smarter buildings with smaller bills.,"84,474","Great Lakes, Northeastern United States",Active,"Dec 7, 2015",,,https://hibersense.com,https://www.linkedin.com/company/11250574/,https://www.facebook.com/hibersense,https://www.twitter.com/hibersense,,,,,,,"Hardware, Home Improvement, Internet of Things, Mobile Apps, Sensor, Software",3,,3,Seed,"Mar 15, 2018",Seed,,,Seed,,,,3,,Private,,,,,,,,"79,873"
Bueda,https://www.crunchbase.com/organization/bueda,"Advertising, Sales and Marketing","Pittsburgh, Pennsylvania, United States",Bueda enabled the creation of smarter applications in markets where information overload created barriers to communication efficiency.,"85,072","Great Lakes, Northeastern United States",Closed,"Jan 4, 2009","Jun 1, 2013",,http://bueda.com,,,http://twitter.com/bueda,,,,,,,Advertising,2,1-10,2,,"Jul 1, 2010",Venture - Series Unknown,"$100,000","$100,000",Venture - Series Unknown,"$125,000","$125,000",1,2,,Private,,,,,contact@bueda.com,,2,"80,404"
8020select,https://www.crunchbase.com/organization/8020select,"Design, Internet Services","Pittsburgh, Pennsylvania, United States",8020select.com is a private online design community providing small businesses with affordable graphic design services.,"85,574","Great Lakes, Northeastern United States",Closed,2011,"Sep 1, 2014",For Profit,http://8020select.com,,,http://twitter.com/8020select,,,,,,,"Crowdsourcing, Graphic Design, Online Portals",1,1-10,3,Seed,"Feb 6, 2013",Seed,,,Seed,"$25,000","$25,000",,2,,Private,,,,,nathan@8020select.com,650-395-7845,1,"80,865"
Safaba Translation Solutions,https://www.crunchbase.com/organization/safaba-translation-solutions,Software,"Pittsburgh, Pennsylvania, United States",Safaba Translation Solution provides enterprise machine translation solutions to leading global enterprises.,"88,517","Great Lakes, Northeastern United States",Active,2009,,,http://safaba.com,,,https://www.twitter.com/safabatrans,,,,,,,Software,1,11-50,3,M&A,"Dec 12, 2014",Convertible Note,,,Series A,,,1,2,Was Acquired,Private,,,,,info@safaba.com,412-478-2408,,"83,494"
Industry Weapon,https://www.crunchbase.com/organization/industry-weapon,"Information Technology, Media and Entertainment, Sales and Marketing","Pittsburgh, Pennsylvania, United States","Industry Weapon, Inc. designs and develops content deployment and management software. The company offers CommandCenterHD, a digital","93,964","Great Lakes, Northeastern United States",Active,2003,,For Profit,http://www.industryweapon.com,http://www.linkedin.com/company/industry-weapon,https://www.facebook.com/industryweapon,http://twitter.com/industryweapon,,,,,,,"Digital Media, Digital Signage, Information Technology",2,11-50,2,Seed,"Jun 4, 2010",Seed,,,Seed,,,,1,Made Acquisitions,Private,,,,,sales@industryweapon.com,12702940598,2,"88,325"
TravelWits,https://www.crunchbase.com/organization/travelwits,"Community and Lifestyle, Travel and Tourism","Pittsburgh, Pennsylvania, United States",Provides users with the best multi-mode travel deals including flight and other types of travel.,"94,114","Great Lakes, Northeastern United States",Active,2014,,For Profit,http://www.travelwits.com/,https://www.linkedin.com/company/travelwits,https://www.facebook.com/TravelWits,https://twitter.com/travelwitscom,,,,,,,"Leisure, Tourism, Travel",1,1-10,4,Seed,"Oct 15, 2017",Seed,,,Seed,,,1,4,,Private,,,,,support@travelwits.com,800-455-8168,1,"88,456"
Lama Lab,https://www.crunchbase.com/organization/lama-lab,Software,"Pittsburgh, Pennsylvania, United States","Lama Lab offered a cloud-based platform for online retailers and provided recommendations on pricing, inventory management and marketing.","94,909","Great Lakes, Northeastern United States",Closed,2009,,,http://www.lamalab.com,,,,,,,,,,Enterprise Software,,1-10,3,,"Jul 8, 2011",Venture - Series Unknown,"$1,183,066","$1,183,066",Venture - Series Unknown,"$1,238,066","$1,238,066",,2,,Private,,,,,info@blacklocus.com,,,"89,179"
Hebi Robotics,https://www.crunchbase.com/organization/hebi-robotics,"Hardware, Internet Services, Science and Engineering, Software","Pittsburgh, Pennsylvania, United States","Hebi Robotics is working to make robots simple, useful, and safe.","96,387","Great Lakes, Northeastern United States",Active,2014,,For Profit,http://www.hebi.us,https://www.linkedin.com/company-beta/10540524/?pathWildcard=10540524,https://www.facebook.com/pages/Hebi-Robotics/935029036549415,https://twitter.com/hebirobotics,,,,,,,"Enterprise Software, ISP, Robotics",3,,1,Seed,"Dec 10, 2015",Seed,,,Seed,,,,1,,Private,,,,,,,1,"90,503"
BlastPoint,https://www.crunchbase.com/organization/blastpoint-2,"Data and Analytics, Design, Information Technology, Software","Pittsburgh, Pennsylvania, United States",BlastPoint aims to make big data affordable and accessible to everyone.,"96,424","Great Lakes, Northeastern United States",Active,Jun 2016,,For Profit,http://www.blastpoint.io,,https://www.facebook.com/blastpoint/,https://twitter.com/blastpointinc,,,,,,,"Data Integration, Data Visualization, Software",3,,2,Seed,"Jun 30, 2017",Convertible Note,,,Seed,,,,2,,Private,,,,,,,,"90,537"
Trusst Lingerie,https://www.crunchbase.com/organization/trusst-lingerie,"Clothing and Apparel, Consumer Goods, Design","Pittsburgh, Pennsylvania, United States","Engineered bras designed by women, for women","96,844","Great Lakes, Northeastern United States",Active,2014,,For Profit,http://www.trusstlingerie.com,https://www.linkedin.com/company/trusst-lingerie,https://www.facebook.com/Trusstyourself,https://twitter.com/trusstlingerie,,,,,,,"Fashion, Lingerie",2,1-10,3,Seed,"Dec 5, 2017",Seed,,,Seed,,,,1,,Private,,,,,support@trusstlingerie.com,412-204-6493,,"90,906"
Rapid Flow Technologies,https://www.crunchbase.com/organization/rapid-flow-technologies,"Internet Services, Software, Transportation","Pittsburgh, Pennsylvania, United States",Rapid Flow Technologies develops solutions for intelligent transportation.,"98,026","Great Lakes, Northeastern United States",Active,2006,,For Profit,http://rapidflowtech.com,https://www.linkedin.com/company-beta/9353924,https://www.facebook.com/rapidflowtech,https://twitter.com/rapidflowtech,,,,,,,"Internet of Things, Software, Transportation",1,1-10,1,,"Jun 30, 2017",Convertible Note,,,,,,,1,,Private,,,,,info@rapidflowtech.com,(412)491-7179,,"91,979"
Adrich,https://www.crunchbase.com/organization/adrich,,"Pittsburgh, Pennsylvania, United States",Adrich is a Pittsburgh-based company that connects brands and retailers through product usage data and analytics.,"100,230","Great Lakes, Northeastern United States",Active,"Jun 19, 2015",,,http://www.adrich.io,https://www.linkedin.com/company/adrich-llc,https://www.facebook.com/adrichtechnologies,https://www.twitter.com/adrichtech,,,,,,,,,,4,Seed,"Jan 18, 2018",Seed,,,Seed,,,,2,,Private,,,,,,,,"93,938"
Social Media Information,https://www.crunchbase.com/organization/social-media-information,"Internet Services, Media and Entertainment","Pittsburgh, Pennsylvania, United States",Social Media Information is a data service company that allows for clients to use its powerful tools to analyze customers.,"104,378","Great Lakes, Northeastern United States",Active,"Oct 18, 2011",,,http://www.smiaware.com,http://www.linkedin.com/company/2678722,http://www.facebook.com/SMIaware,http://twitter.com/smiaware,,,,,,,Social Media,1,11-50,2,Seed,"Sep 30, 2016",Convertible Note,,,Seed,,,,1,,Private,,,,,info@SMIAware.com,(888) 299-9921,3,"97,665"
Suitable,https://www.crunchbase.com/organization/suitable-2,"Administrative Services, Data and Analytics, Education, Internet Services, Software","Pittsburgh, Pennsylvania, United States",Suitable quantifies soft skill competencies and uses gamification to help universities prepare their students for the job market.,"107,988","Great Lakes, Northeastern United States",Active,2014,,For Profit,http://www.suitable.co/#/,https://www.linkedin.com/company/suitable-co?trk=biz-companies-cym,https://www.facebook.com/teamsuitable,https://twitter.com/TeamSuitable,,,,,,,"Analytics, College Recruiting, EdTech, Education, Internet",1,1-10,2,Seed,"Oct 7, 2015",Seed,,,Seed,,,,2,,Private,,,,,team@suitable.co,,3,"100,873"
nanoGriptech,https://www.crunchbase.com/organization/nanogriptech,Manufacturing,"Pittsburgh, Pennsylvania, United States",nanoGriptech manufactures and markets microfiber-based adhesive products and solutions.,"109,899","Great Lakes, Northeastern United States",Active,2009,,For Profit,http://www.nanogriptech.com,,,,,,,,,,Manufacturing,1,11-50,4,Seed,"Oct 6, 2015",Seed,,,Seed,,,,3,,Private,,,,,engineering@nanogriptech.com,4122242479,,"102,565"
Fotofeedback,https://www.crunchbase.com/organization/fotofeedback,"Commerce and Shopping, Content and Publishing, Media and Entertainment","Pittsburgh, Pennsylvania, United States",Fotofeedback operates an online community that provides personalized feedback to photographers on their work.,"110,430","Great Lakes, Northeastern United States",Active,2010,,,http://fotofeedback.com,,https://www.facebook.com/fotofeedback,http://twitter.com/foto_feedback,,,,,,,"Consumer Reviews, Photography, Professional Services",,1-10,1,Seed,"May 31, 2010",Seed,"$30,000","$30,000",Seed,"$30,000","$30,000",,1,,Private,,,,,info@fotofeedback.com,,,"103,029"
FreshTemp,https://www.crunchbase.com/organization/freshtemp,"Food and Beverage, Transportation","Pittsburgh, Pennsylvania, United States","FreshTemp automates temperature collection during production, transportation and storage of any product.","113,425","Great Lakes, Northeastern United States",Active,2010,,,http://www.freshtemp.com/,http://www.linkedin.com/company/freshtemp,http://www.facebook.com/freshtemp,http://twitter.com/freshtemp,,,,,,,"Restaurants, Shipping",3,1-10,2,M&A,"Feb 10, 2015",Convertible Note,,,,,,,4,Was Acquired,Private,,,,,info@freshtemp.com,+1 (844) 370-1782,1,"105,689"
"The VIT Initiative, LLC",https://www.crunchbase.com/organization/the-vit-initiative-llc,"Consumer Electronics, Hardware, Health Care","Pittsburgh, Pennsylvania, United States",Redefining health in the workplace,"117,516","Great Lakes, Northeastern United States",Active,"Sep 1, 2015",,For Profit,http://www.vitinitiative.com,,https://www.facebook.com/VITInitiative/,https://twitter.com/vit_initiative,,,,,,,"Health Care, Wearables",2,1-10,2,Seed,"Aug 31, 2016",Seed,,,Seed,,,,3,,Private,,,,,,281-841-7378,,"109,333"
LaneSpotter,https://www.crunchbase.com/organization/lanespotter,,"Pittsburgh, Pennsylvania, United States","Making cycling safer, easier and more fun for everyone. A community-sourced mapping and navigation tool created for cyclists, by cyclists.","120,680","Great Lakes, Northeastern United States",Active,"Sep 1, 2016",,For Profit,http://www.lanespotter.bike/,,http://www.facebook.com/lanespotter,http://www.twitter.com/lanespotter,,,,,,,,1,1-10,2,Seed,"Jan 4, 2018",Seed,,,Seed,,,,2,,Private,,,,,lynsie@lanespotter.bike,412.370.6338,,"112,183"
ThoroughCare,https://www.crunchbase.com/organization/thoroughcare,"Health Care, Software","Rock Hill, South Carolina, United States","The Healthcare industry is known for many innovative products. Up until now, Patient Assessments was not one of them. We decided to do","123,055",Southern United States,Active,2013,,,http://www.thoroughcare.net,https://www.linkedin.com/company/thoroughcare-inc-,https://www.facebook.com/thoroughcare,http://twitter.com/ThoroughCare,,,,,,,"Enterprise Software, Health Care, Wellness",1,11-50,2,Seed,"Jun 15, 2017",Convertible Note,,,Seed,,,,2,,Private,,,,,info@thoroughcare.net,412-737-7332,,"114,323"
"EEme, LLC",https://www.crunchbase.com/organization/eeme,"Data and Analytics, Energy, Sustainability","Pittsburgh, Pennsylvania, United States","EEme, LLC converts big data into actionable insight to mine for residential energy efficiency (EE) sweet spots.","125,507","Great Lakes, Northeastern United States",Active,2013,,For Profit,http://www.energyefficiency.me,,,,,,,,,,"Analytics, Energy Efficiency",1,1-10,3,Seed,"Oct 25, 2016",Convertible Note,,,Seed,,,,1,,Private,,,,,info@energyefficiency.me,+1 (512) 706-5054,,"116,516"
RC21X,https://www.crunchbase.com/organization/rc21x,"Data and Analytics, Gaming, Health Care, Software","Coraopolis, Pennsylvania, United States",RC21X is an advanced brain health and performance measurement system.,"126,177","Great Lakes, Northeastern United States",Active,"Sep 13, 2013",,For Profit,http://www.rc21x.com/,https://www.linkedin.com/company/rc21x,https://www.facebook.com/pg/rc21x,https://twitter.com/rc21x,,,,,,,"Application Performance Management, Gamification, Health Diagnostics",,1-10,2,,"Sep 6, 2016",Convertible Note,,,Venture - Series Unknown,,,,2,,Private,,,,,info@rc21x.com,1(724)759-4161,8,"117,122"
Optimus Technologies,https://www.crunchbase.com/organization/optimus-technologies,"Manufacturing, Sustainability, Transportation","Pittsburgh, Pennsylvania, United States",Optimus Technologies is the market leader in high performance biodiesel conversion solutions for medium- and heavy-duty truck fleets.,"132,007","Great Lakes, Northeastern United States",Active,2010,,For Profit,http://www.optimustec.com/,https://www.linkedin.com/company/optimus-technologies,https://www.facebook.com/optimustec.pgh,http://www.twitter.com/optimusPGH,,,,,,,"Manufacturing, Transportation, Waste Management",1,1-10,4,Seed,"Nov 27, 2017",Seed,,,Seed,,,,2,,Private,,,,,info@optimustec.com,(412)727-8228,2,"122,381"
Interphase Materials,https://www.crunchbase.com/organization/interphase-materials,"Manufacturing, Real Estate, Science and Engineering","Pittsburgh, Pennsylvania, United States",Interphase Materials creates solutions to improve the efficiency of water-based cooling systems.,"134,458","Great Lakes, Northeastern United States",Active,Sep 2015,,For Profit,http://www.interphasematerials.com/,https://www.linkedin.com/company/interphase-materials,,https://twitter.com/InterPhaseMat,,,,,,,"Advanced Materials, Building Material, Chemical, Smart Building",,1-10,1,Seed,"Jun 28, 2016",Seed,,,Seed,,,,1,,Private,,,,,info@interphasematerials.com,(412)387-9000,,"124,593"
Behaivior,https://www.crunchbase.com/organization/behaivior,"Artificial Intelligence, Consumer Electronics, Data and Analytics, Hardware, Science and Engineering, Software","Pittsburgh, Pennsylvania, United States",Behaivior is developing a platform to predict and prevent opioid addiction relapses and overdoses through wearables and AI.,"136,537","Great Lakes, Northeastern United States",Active,Jan 2017,,For Profit,http://www.behaivior.com/,https://www.linkedin.com/company/behaivior/,https://www.facebook.com/behaivior/,https://twitter.com/BehaiviorAI,,,,,,,"Artificial Intelligence, Machine Learning, SaaS, Software, Wearables",2,1-10,1,Seed,"Oct 15, 2017",Seed,,,Seed,,,,1,,Private,,,,,hello@behaivior.com,(412)353-3746,,"126,485"
WebKite,https://www.crunchbase.com/organization/webkite,"Internet Services, Media and Entertainment","Pittsburgh, Pennsylvania, United States",WebKite is a platform to easily broadcast standardized across the web. Upload your data to WebKite and embed it in a number of places.,"137,196","Great Lakes, Northeastern United States",Active,"Jan 4, 2012",,For Profit,http://webkite.com,http://www.linkedin.com/company/webkite,http://www.facebook.com/webkite,http://twitter.com/WebKite,,,,,,,"Content, Search Engine, Vertical Search",1,11-50,1,Seed,"Nov 21, 2013",Seed,,,Seed,,,,1,,Private,,,,,eric@webkite.com,412-721-5678,4,"127,077"
Jibbigo,https://www.crunchbase.com/organization/jibbigo,"Apps, Data and Analytics, Education, Media and Entertainment, Mobile, Music and Audio, Software","Pittsburgh, Pennsylvania, United States",Jibbigo is a voice translation application that you can use online or offline.,"137,697","Great Lakes, Northeastern United States",Active,2009,,,http://www.jibbigo.com,,,,,,,,,,"Apps, Audio, Big Data, Language Learning, Mobile",1,11-50,1,M&A,"Apr 28, 2011",Seed,,,Seed,,,,1,Was Acquired,Private,,,,,info@jibbigo.com,14123515410,15,"127,535"
Inteligistics,https://www.crunchbase.com/organization/inteligistics,"Hardware, Mobile, Transportation","Pittsburgh, Pennsylvania, United States",Inteligistics is a provider of innovative cool chain and supply chain visibility solutions.,"141,807","Great Lakes, Northeastern United States",Active,2004,,,http://www.inteligistics.com/,,,https://www.twitter.com/inteligistics,,,,,,,"RFID, Sensor, Supply Chain Management, Wireless",1,11-50,3,Seed,"Feb 27, 2015",Convertible Note,,,Seed,,,,1,,Private,,,,,info@inteligistics.com,4128260379,,"131,255"
Sonya Labs,https://www.crunchbase.com/organization/sonya-labs,Professional Services,"Pittsburgh, Pennsylvania, United States",Sonya Labs is a web-based platform offering comprehensive online legal research solutions.,"142,640","Great Lakes, Northeastern United States",Closed,"Jun 1, 2008","Mar 30, 2009",,http://sonyalabs.com,,,,,,,,,,Legal,1,1-10,1,Seed,"Jun 1, 2008",Seed,"$25,000","$25,000",Seed,"$25,000","$25,000",,2,,Private,,,,,founders@sonyalabs.com,,,"132,001"
Pratter,https://www.crunchbase.com/organization/pratter,Health Care,"Pittsburgh, Pennsylvania, United States",Pratter enables employees to search and save money on medical care by zip code before the time of service. Pratter is an employee benefit.,"148,046","Great Lakes, Northeastern United States",Active,2015,,For Profit,http://www.pratter.us,,https://www.facebook.com/pratter.us,https://www.twitter.com/pratter_us,,,,,,,"Employee Benefits, Health Care, Medical",3,1-10,1,Seed,"May 20, 2016",Seed,,,Seed,,,,1,,Private,,,,,info@pratter.us,724-830-8100,,"136,908"
LifeWhere,https://www.crunchbase.com/organization/lifewhere,,"Pittsburgh, Pennsylvania, United States",LifeWhere is transforming the home service provider market by introducing predictive analytics for home utilities.,"156,993","Great Lakes, Northeastern United States",Active,2016,,For Profit,http://lifewhere.com,https://www.linkedin.com/company/22310080/,https://www.facebook.com/pg/lifewhere,https://twitter.com/LifeWhere_,,,,,,,,,11-50,1,Seed,"Nov 21, 2017",Seed,,,Seed,,,,1,,Private,,,,,,855-539-4373,,"145,022"
"BreatheWise, LLC",https://www.crunchbase.com/organization/breathewise-llc,"Hardware, Internet Services, Manufacturing","Pittsburgh, Pennsylvania, United States",BreatheWise is bringing real-time demand visibility and analytics to the global compressed gas industry.,"159,899","Great Lakes, Northeastern United States",Active,"Mar 9, 2015",,,https://www.breathewise.com,https://www.linkedin.com/company/10218714?trk=tyah&trkInfo=clickedVertical%3Acompany%2CclickedEntityId%3A10218714%2Cidx%3A1-1-1%2CtarId%3A1447705184611%2Ctas%3Abreathewise%2Cll,,,,,,,,,"Internet of Things, Manufacturing, Sensor",1,1-10,3,Seed,"Jun 30, 2017",Convertible Note,,,Seed,,,,2,,Private,,,,,info@breathewise.com,412.779.9998,,"147,650"
WhereverTV Broadcasting Corporation,https://www.crunchbase.com/organization/wherevertv,"Internet Services, Media and Entertainment","Fort Myers, Florida, United States",WhereverTV allows its customers to subscribe and view in real-time to linear television stations.,"164,159",Southern United States,Active,2006,,For Profit,http://www.wherever.tv/Wherever.tv,,https://www.facebook.com/wherevertv,http://twitter.com/wherevertv,,,,,,,"Digital Media, Internet",1,11-50,1,,"Jan 1, 2008",Venture - Series Unknown,"$150,000","$150,000",Venture - Series Unknown,"$150,000","$150,000",1,1,,Private,,,,,info@wherever.tv,(239)319-2692,11,"151,543"
Imagine Careers,https://www.crunchbase.com/organization/imagine-careers,Information Technology,"Pittsburgh, Pennsylvania, United States",Zillow for companies,"166,611","Great Lakes, Northeastern United States",Closed,May 2014,"Jan 1, 2018",For Profit,,https://www.linkedin.com/company/imagine-careers,https://www.facebook.com/imaginecareer,https://www.twitter.com/imaginecareer,,,,,,,Information Technology,1,1-10,2,Seed,"Apr 15, 2016",Seed,,,Seed,,,,2,,Private,,,,,info@imaginecareers.com,,,"153,764"
Emplified Corp.,https://www.crunchbase.com/organization/emplified-corp,Software,"Pittsburgh, Pennsylvania, United States",Employee-led engagement platform.,"169,933","Great Lakes, Northeastern United States",Active,"Nov 1, 2013",,,http://www.emplified.com,http://www.linkedin.com/company/emplified,http://www.facebook.com/getemplified,http://twitter.com/getemplified,,,,,,,"Enterprise Software, Human Resources, SaaS",1,1-10,2,Seed,"Oct 13, 2015",Seed,,,Seed,,,,2,,Private,,,,,info@emplified.com,,,"156,770"
The Carbon Freight Company,https://www.crunchbase.com/organization/the-carbon-freight-company,"Science and Engineering, Transportation","Pittsburgh, Pennsylvania, United States",Innovative air cargo products and equipment,"170,487","Great Lakes, Northeastern United States",Active,"Apr 1, 2014",,For Profit,http://www.carbonfreight.com,https://www.linkedin.com/company/the-carbon-freight-company,,,,,,,,,"Aerospace, Air Transportation, Logistics",,1-10,2,Seed,"Jun 28, 2016",Seed,,,Seed,,,,2,,Private,,,,,info@carbonfreight.com,(404) 374 9592,,"157,273"
Rapid TPC,https://www.crunchbase.com/organization/rapid-tpc,Manufacturing,"Pittsburgh, Pennsylvania, United States",Rapid TPC manufactures and delivers high quality thermoplastic composite parts to a wide range of industries and markets.,"179,022","Great Lakes, Northeastern United States",Active,2013,,For Profit,http://www.rapidtpc.com/,https://www.linkedin.com/company/rapid-tpc,,https://twitter.com/RapidTPC,,,,,,,Manufacturing,2,1-10,1,Seed,"Feb 21, 2016",Seed,,,Seed,,,,1,,Private,,,,,info@rapidtpc.com,412-915-9032,,"165,067"
LifeShel,https://www.crunchbase.com/organization/lifeshel,"Data and Analytics, Internet Services","Pittsburgh, Pennsylvania, United States",LifeShel supplies satellite communication networks to industrial businesses for risk management.,"186,549","Great Lakes, Northeastern United States",Active,2013,,For Profit,http://www.lifeshel.com/,,https://www.facebook.com/lifeshel,https://www.twitter.com/lifeshel,,,,,,,"Business Intelligence, Risk Management, Social Network",1,11-50,1,Seed,"Jun 30, 2014",Seed,,,Seed,,,,1,,Private,,,,,,13105642007,1,"171,966"
Propel IT,https://www.crunchbase.com/organization/propel-it,"Software, Transportation","Pittsburgh, Pennsylvania, United States",Propel IT offers a software solution to assist Class-I motor carriers in maximizing the fuel efficiency of their commercial trucking fleets.,"197,577","Great Lakes, Northeastern United States",Active,2003,,,http://www.propelit.net/,,,,,,,,,,"Enterprise Software, Logistics, Transportation",1,11-50,2,Seed,"Feb 15, 2013",Seed,,,Seed,,,,1,,Private,,,,,,412-414-0332,,"182,032"
Romeo Delivers,https://www.crunchbase.com/organization/romeo-delivers,"Commerce and Shopping, Design, Manufacturing","Pittsburgh, Pennsylvania, United States","Romeo Delivers Inc. designs, manufactures and sells products through e-commerce, brick-and-mortar retailers and partner websites","209,404","Great Lakes, Northeastern United States",Active,2013,,,http://www.romeodelivers.com,,https://www.facebook.com/romeodelivers,https://www.twitter.com/romeodelivers,,,,,,,"E-Commerce, Manufacturing, Product Design",1,1-10,1,Seed,"Oct 1, 2014",Seed,,,Seed,,,,1,,Private,,,,,hello@romeodelivers.com,412-425-5552,,"192,898"
Rhabit,https://www.crunchbase.com/organization/rhabit,,"Pittsburgh, Pennsylvania, United States",Rhabit delivers the high quality data that supercharges your people ops processes.,"228,295","Great Lakes, Northeastern United States",Active,2017,,For Profit,https://www.rhabit.co/,https://www.linkedin.com/company/rhabit/,https://www.facebook.com/rhabitapp/,https://twitter.com/rhabitapp,,,,,,,,,,1,Seed,"Mar 15, 2018",Seed,,,Seed,,,,1,,Private,,,,,hello@rhabit.co,412.532.9339,,"210,322"
Wexford Farms,https://www.crunchbase.com/organization/wexford-farms,Manufacturing,"Wexford, Pennsylvania, United States",Manufactures of warm meals for dogs.,"228,891","Great Lakes, Northeastern United States",Active,2012,,For Profit,http://warmupspetfood.com/,,http://www.facebook.com/pages/Warm-Ups/329382830494953,http://twitter.com/warmupspetfood,,,,,,,Manufacturing,3,1-10,1,Seed,"Jun 26, 2013",Seed,,,Seed,,,,1,,Private,,,,,info@warmupspetfood.com,(724) 933-3444,,"210,878"
Diversamé,https://www.crunchbase.com/organization/diversamé,"Clothing and Apparel, Community and Lifestyle, Design","Pittsburgh, Pennsylvania, United States","Diversamé creates tools with natural/afro textured, coiled and curly hair textures at the center of design.","238,898","Great Lakes, Northeastern United States",Active,2015,,For Profit,http://curlsbestfriendinc.com/,,https://www.facebook.com/Diversa-me-478419975670398,https://twitter.com/curlsbestie,,,,,,,"Fashion, Lifestyle",1,,2,Seed,"Nov 13, 2017",Seed,,,Seed,,,,1,,Private,,,,,curlsbestfriendinc@gmail.com,,,"220,133"
ForeFront Product Design,https://www.crunchbase.com/organization/forefront-product-design,Design,"East Pittsburgh, Pennsylvania, United States",ForeFront Product Design has devlelped an intelligent handheld compressed air sprayer to help commercial users maximize their productivity.,"253,471","Great Lakes, Northeastern United States",Active,2005,,For Profit,http://www.green-gorilla.com,https://www.linkedin.com/company/forefront-product-design-llc,https://www.facebook.com/greengorillasprayers,https://www.twitter.com/gorillasprayers,,,,,,,"Commercial, Industrial, Product Design",,1-10,1,Seed,"Nov 14, 2014",Seed,,,Seed,,,,1,,Private,,,,,sales@green-gorilla.com,800.866.2122,,"233,623"
StageMark,https://www.crunchbase.com/organization/stagemark,"Biotechnology, Science and Engineering","Pittsburgh, Pennsylvania, United States",StageMark develops and markets inflammatory diseases identification and monitoring solutions.,"271,275","Great Lakes, Northeastern United States",Active,2004,,,http://www.stagemark.de,,,,,,,,,,Biotechnology,1,,4,Early Stage Venture,"Apr 23, 2007",Series B,"$1,600,000","$1,600,000",Series B,"$2,537,000","$2,537,000",2,7,,Private,,,,,,+49 33 22 - 23 45 98,,"250,138"
ImpactGames,https://www.crunchbase.com/organization/impactgames,"Gaming, Software","Pittsburgh, Pennsylvania, United States",Impact Games is a game development company specialized in creating interactive experiences around current events.,"280,053","Great Lakes, Northeastern United States",Active,2006,,For Profit,http://www.impactgames.com,https://www.linkedin.com/company/impactgames,https://www.facebook.com/impactgames-113610095318548,https://www.twitter.com/impactgamespgh,,,,,,,"Gaming, Software, Web Development",2,1-10,2,M&A,"Mar 7, 2008",Venture - Series Unknown,"$100,000","$100,000",Venture - Series Unknown,"$250,000","$250,000",1,1,Was Acquired,Private,,,,,,412-281-7106,,"258,288"
Optimum Pumping Technology,https://www.crunchbase.com/organization/optimum-pumping-technology,"Energy, Information Technology, Natural Resources, Sustainability","Morgan, Pennsylvania, United States",Optimum Pumping creates state-of-the-art high-performance systems for the Natural Gas Pipeline industry.,"307,885","Great Lakes, Northeastern United States",Active,2012,,,http://www.optimum-pumping.com/,,,,,,,,,,"Information Technology, Natural Resources, Oil and Gas",,1-10,1,Seed,"Apr 27, 2012",Seed,,,Seed,,,,1,,Private,,,,,,412-257-9070,,"284,116"
Summit Materials,https://www.crunchbase.com/organization/summit-materials-2,"Health Care, Manufacturing, Science and Engineering","Denver, Colorado, United States",Summit Materials offers advanced materials and near-net shape manufacturing processes that save companies time and money.,"310,748",Western United States,Active,2009,,,http://www.summitmaterials.com/,,http://www.facebook.com/SummitMaterials,https://www.twitter.com/summitmaterials,,,,,,,"Advanced Materials, Aerospace, Medical Device",,1001-5000,1,Seed,"Dec 23, 2011",Seed,,,Seed,,,,1,,Private,,,,,eric.bono@summitmaterials.com,(218) 326-6682,,"286,779"
Westmoreland Advanced Materials,https://www.crunchbase.com/organization/westmoreland-advanced-materials,"Energy, Manufacturing, Science and Engineering, Sustainability","Charleroi, Pennsylvania, United States",Westmoreland Advanced Materials develops and markets unique refractory materials for niche applications.,"318,010","Great Lakes, Northeastern United States",Active,2002,,For Profit,http://westadmat.com/,http://www.linkedin.com/company/westmoreland-advanced-materials,,,,,,,,,"Advanced Materials, Consulting, Energy Efficiency, Manufacturing",2,11-50,2,Seed,"Dec 20, 2011",Seed,,,Seed,,,,1,,Private,,,,,,(724)684-5912,,"293,551"
GoJaneGo,https://www.crunchbase.com/organization/gojanego,Internet Services,"Pittsburgh, Pennsylvania, United States",Go Jane Go is the voice of the female business traveler. ,"336,128","Great Lakes, Northeastern United States",Active,2016,,For Profit,https://gojanego.co/,https://www.linkedin.com/company/go-jane-go/,https://www.facebook.com/GoJaneGoApp/,https://twitter.com/gojanegoapp,,,,,,,Internet,,,1,Seed,"Feb 13, 2018",Seed,,,Seed,,,,1,,Private,,,,,,,,"310,415"
Thar Geothermal,https://www.crunchbase.com/organization/thar-geothermal,"Biotechnology, Energy, Natural Resources, Science and Engineering, Sustainability","Pittsburgh, Pennsylvania, United States","Thar Geothermal, LLC develops and markets heating and cooling solutions that are rooted in nature’s design.","337,039","Great Lakes, Northeastern United States",Active,2010,,,http://www.thargeo.com/geothermal/geothermal.htm,,,,,,,,,,"Biotechnology, Solar",1,11-50,1,Seed,"Jun 30, 2011",Seed,,,Seed,,,,1,,Private,,,,,info@tharenergyllc.com,4129677600,,"311,270"
Pittsburgh Iron Oxides (PIROX),https://www.crunchbase.com/organization/pittsburgh-iron-oxides-pirox,"Manufacturing, Science and Engineering","New Brighton, Pennsylvania, United States","Pittsburgh Iron Oxides LLC (""PIROX"") manufactures 98%+ pure synthetic magnetite (SuperMagnetite TM)","346,387","Great Lakes, Northeastern United States",Active,2005,,,http://www.piroxllc.com/,,,,,,,,,,"Advanced Materials, Chemical, Manufacturing",,11-50,1,Seed,"Dec 21, 2011",Seed,,,Seed,,,,1,,Private,,,,,,724-843-5000,,"319,977"
Fluorous Technologies,https://www.crunchbase.com/organization/fluorous-technologies,"Manufacturing, Science and Engineering","Ambridge, Pennsylvania, United States",Fluorous Technology is a platform for synthesis - purification - enrichment - immobilization of molecules.,"349,368","Great Lakes, Northeastern United States",Active,2000,,For Profit,http://fluorous.com/,,,,,,,,,,"Advanced Materials, Chemical, Chemical Engineering",,1-10,1,Early Stage Venture,"Jun 30, 2003",Series A,"$3,000,000","$3,000,000",Series A,"$3,000,000","$3,000,000",,4,,Private,,,,,ask@fluorous.com,(855) 267-6605,,"322,759"
