Organization Name,Organization Name URL,Category Groups,Headquarters Location,Description,CB Rank (Organization),Headquarters Regions,Operating Status,Founded Date,Closed Date,Company Type,Website,LinkedIn,Facebook,Twitter,Investor Type,Investment Stage,Number of Portfolio Organizations,Number of Investments,Number of Lead Investments,Number of Exits,Categories,Number of Founders,Number of Employees,Number of Funding Rounds,Funding Status,Last Funding Date,Last Funding Type,Last Funding Amount,Last Equity Funding Amount,Last Equity Funding Type,Total Equity Funding Amount,Total Funding Amount,Number of Lead Investors,Number of Investors,Acquisition Status,IPO Status,IPO Date,Delisted Date,Money Raised at IPO,Valuation at IPO,Contact Email,Phone Number,Number of Articles,CB Rank (Company)
Pioneer Square Labs,https://www.crunchbase.com/organization/pioneer-square-labs,"Artificial Intelligence, Data and Analytics, Internet Services, Mobile, Science and Engineering, Software","Seattle, Washington, United States","PSL is a startup studio and early-stage venture capital fund based in Seattle, Washington.",184,Western United States,Active,Oct 2015,,For Profit,https://psl.com,https://www.linkedin.com/company/pioneer-square-labs/,https://www.facebook.com/PioneerSquareLabs,https://twitter.com/psl,,,1,1,1,,"Artificial Intelligence, Enterprise Software, Internet, Machine Learning, Mobile",4,11-50,2,Early Stage Venture,"Jan 18, 2018",Series B,"$15,000,000","$15,000,000",Series B,"$27,500,000","$27,500,000",1,24,,Private,,,,,hello@psl.com,206-202-2227,31,162
Redfin,https://www.crunchbase.com/organization/redfin,"Internet Services, Real Estate","Seattle, Washington, United States",Redfin provides real estate search and brokerage services through a combination of real estate web platforms and access to live agents.,207,Western United States,Active,"Oct 1, 2004",,For Profit,http://www.redfin.com/,http://www.linkedin.com/company/redfin,http://www.facebook.com/redfin,http://www.twitter.com/Redfin/,,,,,,,"Internet, Property Management, Real Estate",3,501-1000,11,IPO,"Jun 1, 2015",Venture - Series Unknown,,,Venture - Series Unknown,"$209,620,000","$209,620,000",9,16,Made Acquisitions,Public,"Jul 28, 2017",,"$138,000,000","$1,200,000,000",customer-service@redfin.com,(877) 973-3346,"1,181",185
Snowflake Computing,https://www.crunchbase.com/organization/snowflake-computing,"Data and Analytics, Information Technology, Internet Services, Software","San Mateo, California, United States",Snowflake is the only data warehouse built for the cloud.,237,"San Francisco Bay Area, Silicon Valley, Western United States",Active,2012,,For Profit,http://www.snowflake.net/,http://www.linkedin.com/company/snowflake-computing,http://www.facebook.com/pages/Snowflake-Computing/709171695819345,http://twitter.com/SnowflakeDB,,,,,,,"Analytics, Cloud Data Services, SaaS",3,251-500,6,Late Stage Venture,"Jan 25, 2018",Series E,"$263,000,000","$263,000,000",Series E,"$472,899,110","$472,899,110",5,8,,Private,,,,,info@snowflake.net,(844)766-9355,116,214
Branch,https://www.crunchbase.com/organization/branch-metrics,"Apps, Data and Analytics, Mobile, Sales and Marketing, Software","Palo Alto, California, United States",Branch helps companies drive seamless mobile experiences through its linking infrastructure powering thousands of today's top brands.,367,"San Francisco Bay Area, Silicon Valley, Western United States",Active,"Apr 15, 2014",,For Profit,https://branch.io,http://www.linkedin.com/company/branch-metrics,http://www.facebook.com/branchmetrics,http://twitter.com/branchmetrics,,,,,,,"Analytics, App Marketing, Mobile, Mobile Apps, Software",4,51-100,5,Late Stage Venture,"Apr 10, 2017",Series C,"$60,000,000","$60,000,000",Series C,"$113,050,000","$113,050,000",3,15,,Private,,,,,support@branch.io,(650)209-6461,33,334
Accolade,https://www.crunchbase.com/organization/accolade,Health Care,"Plymouth Meeting, Pennsylvania, United States",Accolade is an on-demand health care concierge company.,423,"Great Lakes, Northeastern United States",Active,2007,,For Profit,http://www.accolade.com,http://www.linkedin.com/company/accolade-inc.,http://www.facebook.com/AccoladeInc,http://twitter.com/accolade,,,,,,,"Health Care, Wellness",3,501-1000,8,Late Stage Venture,"Mar 29, 2018",Series F,"$50,000,000","$50,000,000",Series F,"$213,344,444","$217,344,444",4,10,Made Acquisitions,Private,,,,,canwehelp@accolade.com,(610) 834-2989,32,386
Apptio,https://www.crunchbase.com/organization/apptio,"Information Technology, Software","Bellevue, Washington, United States",Apptio is a provider of SaaS-based Technology Business Management (TBM) solutions for managing businesses in the IT field.,536,Western United States,Active,"Nov 1, 2007",,For Profit,http://www.apptio.com,http://www.linkedin.com/company/apptio,http://www.facebook.com/Apptio,http://twitter.com/apptio,,,,,,,"Enterprise Software, Information Technology, SaaS",3,501-1000,9,IPO,"Mar 23, 2018",Convertible Note,"$125,000,000",,Undisclosed,"$136,000,000","$261,000,000",7,12,Made Acquisitions,Public,"Sep 23, 2016",,"$96,000,000","$872,000,000",info@apptio.com,(866) 470-0320,392,495
Peach,https://www.crunchbase.com/organization/peach-labs,"Administrative Services, Food and Beverage","Seattle, Washington, United States","Local restaurants deliver lunch to your office via SMS text. Meals are always under $12 with delivery, tax, and tip included.",599,Western United States,Active,"Jun 20, 2014",,For Profit,https://www.peachd.com/,https://www.linkedin.com/company/peachd,http://www.facebook.com/PeachExperience,http://twitter.com/peach,,,,,,,"Delivery, Food and Beverage, Restaurants",3,11-50,2,Early Stage Venture,"Aug 18, 2015",Series A,"$8,000,000","$8,000,000",Series A,"$10,700,000","$10,700,000",2,3,,Private,,,,,hello@peachd.com,,60,555
Rover.com,https://www.crunchbase.com/organization/rover-com,"Community and Lifestyle, Internet Services","Seattle, Washington, United States",Rover.com is the nation’s largest network of loving and trustworthy pet sitters and dog walkers.,660,Western United States,Active,2011,,For Profit,http://www.rover.com,http://www.linkedin.com/company/rover-com,https://www.facebook.com/RoverDotCom/,http://twitter.com/roverdotcom,,,,,,,"Consumer, Internet, Pet",2,101-250,8,Late Stage Venture,"Jul 20, 2017",Series F,"$65,000,000","$65,000,000",Series F,"$155,900,000","$155,900,000",6,11,Made Acquisitions,Private,,,,,social@rover.com,206-257-0571,145,614
Suplari,https://www.crunchbase.com/organization/suplari,"Artificial Intelligence, Data and Analytics, Science and Engineering, Software","Seattle, Washington, United States",Suplari focuses on leveraging machine learning to help enterprises change the way they manage their suppliers and costs.,"1,161",Western United States,Active,2016,,For Profit,http://www.suplari.com/,https://www.linkedin.com/company/17954343/,https://www.facebook.com/pg/suplari/jobs/179112995978284/,https://twitter.com/suplari_com,,,,,,,"Artificial Intelligence, Enterprise Software, Machine Learning",1,1-10,2,Early Stage Venture,"Apr 5, 2018",Series A,"$10,300,000","$10,300,000",Series A,"$13,400,000","$13,400,000",3,5,,Private,,,,,info@suplari.com,425-610-9496,1,"1,091"
Qumulo,https://www.crunchbase.com/organization/qumulo,"Data and Analytics, Hardware, Software","Seattle, Washington, United States","Qumulo is a startup company developing simple, scalable, and efficient enterprise data storage systems.","1,843",Western United States,Active,2012,,For Profit,http://qumulo.com,http://www.linkedin.com/company/qumulo-inc-,http://www.facebook.com/Qumulo,http://twitter.com/qumulo,,,,,,,"Big Data, Data Storage, Enterprise Software",3,101-250,5,Late Stage Venture,"Apr 4, 2017",Series C,"$30,000,000","$30,000,000",Series C,"$129,300,000","$129,300,000",3,9,,Private,,,,,info@qumulo.com,(206) 260-3588,76,"1,744"
Placed,https://www.crunchbase.com/organization/placed,"Advertising, Data and Analytics, Design, Internet Services, Mobile","Seattle, Washington, United States",Placed is a location-driven insights and mobile ad intelligence platform providing reports on consumers’ offline behaviors.,"2,014",Western United States,Active,"Jan 19, 2011",,For Profit,http://www.placed.com,http://www.linkedin.com/company/placed,https://www.facebook.com/PlacedInc,http://twitter.com/placed,,,,,,,"Ad Network, Ad Targeting, Internet, Market Research, Mobile",1,51-100,3,M&A,"Jun 10, 2014",Series B,"$10,000,000","$10,000,000",Series B,"$13,400,000","$13,400,000",2,3,Was Acquired,Private,,,,,general@placed.com,206-395-8308,237,"1,911"
Boomerang Commerce,https://www.crunchbase.com/organization/boomerang-commerce,"Commerce and Shopping, Data and Analytics, Internet Services","Mountain View, California, United States",Boomerang’s technology platform empowers profitable growth through data driven merchandising decisions.,"2,038","San Francisco Bay Area, Silicon Valley, Western United States",Active,"Jul 15, 2012",,For Profit,http://www.BoomerangCommerce.com,http://www.linkedin.com/company/3240435,http://www.facebook.com/boomerangcommerce,https://twitter.com/boomerangcommer,,,,,,,"Analytics, E-Commerce, Internet, Retail",1,101-250,2,Early Stage Venture,"Jan 14, 2016",Series B,"$12,000,000","$12,000,000",Series B,"$20,500,000","$20,500,000",3,3,,Private,,,,,press@boomerangcommerce.com,(434) 323-5431,35,"1,934"
Versive,https://www.crunchbase.com/organization/versive,"Artificial Intelligence, Data and Analytics, Information Technology, Privacy and Security, Science and Engineering, Software","Seattle, Washington, United States",Versive is the leader is mission-focused adversary detection.,"2,061",Western United States,Active,"Mar 17, 2012",,For Profit,http://www.versive.com,https://www.linkedin.com/company/2641173/,,https://twitter.com/VersiveAI,,,,,,,"Analytics, Artificial Intelligence, Big Data, Cyber Security, Machine Learning, Predictive Analytics",2,51-100,6,Late Stage Venture,"Aug 22, 2017",Series C,"$12,700,000","$12,700,000",Series C,"$57,000,000","$57,000,000",3,10,,Private,,,,,,(800) 980-3282,58,"1,957"
Wonder Workshop,https://www.crunchbase.com/organization/play-i,"Consumer Electronics, Education, Hardware, Science and Engineering, Software","San Mateo, California, United States",Wonder Workshop provides a platform that makes programming fun and accessible for children while they play.,"2,375","San Francisco Bay Area, Silicon Valley, Western United States",Active,"Nov 1, 2012",,For Profit,http://makewonder.com,http://www.linkedin.com/company/play-i,http://www.facebook.com/makewonder,http://twitter.com/WonderWorkshop,,,,,,,"Children, Consumer Electronics, EdTech, Hardware, Robotics, Software, STEM Education",4,51-100,6,Late Stage Venture,"Oct 30, 2017",Series C,"$41,000,000","$41,000,000",Series C,"$76,900,000","$78,340,000",6,21,,Private,,,,,support@makewonder.com,4086947861,48,"2,260"
Indochino,https://www.crunchbase.com/organization/indochino,"Clothing and Apparel, Commerce and Shopping, Design","Vancouver, British Columbia, Canada","Indochino is a global retail pioneer in made to measure menswear, offering suits and shirts plus accessories online or in showrooms.","2,419",,Active,2007,,For Profit,http://www.indochino.com,https://www.linkedin.com/company/indochino,https://www.facebook.com/indochino,http://twitter.com/indochino,,,,,,,"E-Commerce, Fashion, Retail",2,51-100,5,Late Stage Venture,"Mar 9, 2016",Series C,"$30,000,000","$30,000,000",Series C,"$47,250,000","$47,250,000",3,5,,Private,,,,,info@indochino.com,+1 (855) 334-0788,199,"2,301"
Mighty AI,https://www.crunchbase.com/organization/spare5,"Artificial Intelligence, Data and Analytics, Hardware, Mobile, Science and Engineering, Software","Seattle, Washington, United States",Mighty AI delivers training data to companies that build computer vision models for autonomous vehicles.,"2,477",Western United States,Active,"Nov 14, 2014",,For Profit,http://mty.ai,https://www.linkedin.com/company/3753135,https://www.facebook.com/mightyai/,https://twitter.com/mighty_ai,,,,,,,"Artificial Intelligence, Computer Vision, Machine Learning, Mobile",4,51-100,3,Early Stage Venture,"Jan 10, 2017",Series B,"$14,000,000","$14,000,000",Series B,"$27,250,000","$27,250,000",2,6,,Private,,,,,sales@mty.ai,844-577-2735,13,"2,357"
Amperity,https://www.crunchbase.com/organization/amperity,"Hardware, Information Technology, Software","Seattle, Washington, United States",Amperity is an Intelligent Customer Data Platform that empowers global consumer brands by unlocking all their customer data.,"2,531",Western United States,Active,2016,,For Profit,https://amperity.com/,https://www.linkedin.com/company/amperity,https://www.facebook.com/pages/Amperity/971210672926805,https://twitter.com/amperity,,,,,,,"Consumer, Data Center Automation, Software",2,11-50,2,Early Stage Venture,"Oct 26, 2017",Series B,"$28,000,000","$28,000,000",Series B,"$37,000,000","$37,000,000",2,12,,Private,,,,,,,4,"2,410"
ExtraHop Networks,https://www.crunchbase.com/organization/extrahop-networks,"Information Technology, Software","Seattle, Washington, United States",ExtraHop provides real-time operational intelligence to make IT more agile and proactive.,"2,798",Western United States,Active,2007,,,http://www.extrahop.com,http://www.linkedin.com/company/extrahop-networks,http://www.facebook.com/extrahop,http://twitter.com/extrahop,,,,,,,"Enterprise Software, Information Technology, Real Time",2,11-50,5,Late Stage Venture,"May 29, 2014",Series C,"$41,000,000","$41,000,000",Series C,"$61,600,000","$61,600,000",3,6,,Private,,,,,info@extrahop.com,877-333-9872,48,"2,671"
Skytap,https://www.crunchbase.com/organization/skytap,"Apps, Data and Analytics, Hardware, Internet Services, Software","Seattle, Washington, United States",Skytap Cloud accelerates enterprise innovation by modernizing traditional applications with cloud-native development and services. ,"2,836",Western United States,Active,2006,,,http://www.skytap.com,http://www.linkedin.com/company/skytap,http://www.facebook.com/Skytap,http://twitter.com/skytap,,,,,,,"Application Performance Management, Cloud Computing, Cloud Infrastructure, Enterprise Applications, Enterprise Software, IaaS, SaaS",3,101-250,7,Late Stage Venture,"Aug 23, 2017",Series E,"$45,000,000","$45,000,000",Series E,"$109,510,000","$109,510,000",3,8,,Private,,,,,sales@skytap.com,(206) 866-1162,106,"2,708"
Highspot,https://www.crunchbase.com/organization/highspot-2,"Information Technology, Sales and Marketing, Software","Seattle, Washington, United States",Highspot powers modern businesses with the industry’s highest-rated sales enablement platform that sales reps love. ,"3,059",Western United States,Active,2012,,For Profit,https://www.highspot.com,http://www.linkedin.com/company/highspot,https://www.facebook.com/highspotinc/info/?tab=overview,http://twitter.com/Highspot,,,,,,,"Enterprise Software, Sales Automation, Software",4,51-100,3,Early Stage Venture,"Jun 15, 2017",Series B,"$15,000,000","$15,000,000",Series B,"$24,600,000","$26,850,000",2,4,,Private,,,,,sales@highspot.com,(206)535-2855,39,"2,924"
The Riveter,https://www.crunchbase.com/organization/the-riveter-a302,"Community and Lifestyle, Education, Health Care, Real Estate","Seattle, Washington, United States",The Riveter is a membership workspace and community platform for women and allies.,"3,324",Western United States,Active,"Dec 1, 2016",,For Profit,http://theriveter.co,https://www.linkedin.com/company/17902044/,https://www.facebook.com/theriveterco/,https://twitter.com/theriveterco,,,,,,,"Communities, Coworking, Education, Wellness",1,11-50,1,,"Mar 19, 2018",Venture - Series Unknown,"$4,750,000","$4,750,000",Venture - Series Unknown,"$4,750,000","$4,750,000",1,8,,Private,,,,,hello@theriveter.co,(206) 486-5793,1,"3,182"
OPAL,https://www.crunchbase.com/organization/opal,"Sales and Marketing, Software","Portland, Oregon, United States",Enterprise software. Opal is a collaboration platform for brand marketing teams.,"3,344",Western United States,Active,2011,,For Profit,http://www.workwithopal.com,https://www.linkedin.com/company/2807238/,http://www.facebook.com/opal,http://twitter.com/workwithopal,,,,,,,"Brand Marketing, Collaboration, Enterprise Software, Marketing Automation, Software",4,101-250,3,Early Stage Venture,"Dec 13, 2016",Series B,"$15,500,000","$15,500,000",Series B,"$25,600,000","$25,600,000",3,7,,Private,,,,,hello@workwithopal.com,(800) 823-4973,5,"3,202"
Booster Fuels,https://www.crunchbase.com/organization/booster-fuels,"Energy, Transportation","Burlingame, California, United States",Booster Fuels wants to eliminate the gas station errand for everyone. Get gas delivered while you work!,"3,464","San Francisco Bay Area, Western United States",Active,Dec 2014,,For Profit,http://trybooster.com/,https://www.linkedin.com/company/booster-fuels,https://www.facebook.com/booster-fuels-447562438738561,https://www.twitter.com/boosterfuels,,,,,,,"Consumer, Fuel, Transportation",3,101-250,4,Early Stage Venture,"Aug 1, 2017",Series B,"$20,000,000","$20,000,000",Series B,"$32,112,016","$32,612,016",2,8,,Private,,,,,support@trybooster.com,206-274-0051,22,"3,317"
Bizible,https://www.crunchbase.com/organization/bizible,"Data and Analytics, Information Technology, Internet Services, Sales and Marketing, Software","Seattle, Washington, United States",Bizible offers an integrated marketing analytics platform for marketers to optimize their campaigns.,"3,506",Western United States,Active,"Feb 1, 2011",,,http://bizible.com,http://www.linkedin.com/company/2452388,http://www.facebook.com/bizible,http://twitter.com/bizible,,,,,,,"Analytics, CRM, Internet, Marketing",3,101-250,6,,"Aug 9, 2017",Venture - Series Unknown,"$8,100,000","$8,100,000",Venture - Series Unknown,"$18,648,000","$18,748,000",1,12,,Private,,,,,aaron@bizible.com,800-913-2620,34,"3,358"
Echodyne,https://www.crunchbase.com/organization/echodyne,"Consumer Electronics, Hardware, Information Technology, Mobile","Bellevue, Washington, United States",Echodyne is a Metamaterials-Based Radar Technology,"3,699",Western United States,Active,2014,,For Profit,http://echodyne.com/,https://www.linkedin.com/company-beta/4850672/,,https://twitter.com/echodynecorp,,,,,,,"Consumer Electronics, Information Technology, Mobile Devices",1,11-50,2,Early Stage Venture,"May 22, 2017",Series B,"$29,000,000","$29,000,000",Series B,"$44,000,000","$44,000,000",3,6,,Private,,,,,info@echodyne.com,,13,"3,546"
Algorithmia,https://www.crunchbase.com/organization/algorithmia,"Artificial Intelligence, Data and Analytics, Internet Services, Science and Engineering, Software","Seattle, Washington, United States","Algorithmia is an open marketplace for algorithms, enabling developers to create tomorrows smart applications today.","3,775",Western United States,Active,"Dec 3, 2013",,For Profit,http://www.algorithmia.com,http://www.linkedin.com/company/2917764,http://www.facebook.com/algorithmia,http://twitter.com/Algorithmia,,,,,,,"Artificial Intelligence, Cloud Computing, Software",2,11-50,3,Early Stage Venture,"Jun 23, 2017",Series A,"$10,500,000","$10,500,000",Series A,"$12,900,000","$12,900,000",1,10,,Private,,,,,info@algorithmia.com,,67,"3,620"
Igneous Systems,https://www.crunchbase.com/organization/igneous-systems,"Data and Analytics, Hardware, Internet Services, Software","Seattle, Washington, United States","Delivered as-a-Service, Igneous Hybrid Storage Cloud streamlines data management for digital enterprises with massive unstructured data.","4,120",Western United States,Active,Oct 2013,,For Profit,http://www.igneous.io/,https://www.linkedin.com/company/igneous,,https://twitter.com/igneousio,,,,,,,"Big Data, Cloud Computing, Cloud Infrastructure",1,51-100,3,Early Stage Venture,"Jan 29, 2018",Series B,"$15,000,000","$15,000,000",Series B,"$41,600,000","$41,600,000",2,6,,Private,,,,,info@igneoussystems.com,(206)504-3685,15,"3,958"
PayScale,https://www.crunchbase.com/organization/payscale,"Data and Analytics, Software","Seattle, Washington, United States",PayScale provides compensation data and services to individuals and employers through its online tools and software.,"4,283",Western United States,Active,"Jan 1, 2002",,For Profit,http://www.payscale.com,https://www.linkedin.com/company/payscale-inc.,https://www.facebook.com/PayScale,http://twitter.com/payscale,,,,,,,"Big Data, Enterprise Software, Human Resources",1,251-500,8,M&A,"Jul 5, 2011",Venture - Series Unknown,"$7,000,000","$7,000,000",Venture - Series Unknown,"$33,386,478","$33,386,478",2,7,"Made Acquisitions, Was Acquired",Private,,,,,sales@payscale.com,888-219-0327,443,"4,120"
"Pixvana, Inc.",https://www.crunchbase.com/organization/pixvana-inc,"Content and Publishing, Hardware, Internet Services, Media and Entertainment, Software, Video","Seattle, Washington, United States","Pixvana, Inc. builds video delivery software that focuses on virtual reality and reality augmentation.","4,290",Western United States,Active,"Nov 10, 2015",,For Profit,http://www.pixvana.com,https://www.linkedin.com/company/6672234?trk=tyah&trkInfo=clickedVertical%3Acompany%2CclickedEntityId%3A6672234%2Cidx%3A2-3-4%2CtarId%3A1449771389351%2Ctas%3Apixva,http://www.facebook.com/pixvana,http://www.twitter.com/pixvana,,,,,,,"Augmented Reality, Cloud Computing, Digital Media, Software, Video Streaming, Virtual Reality",4,11-50,3,Early Stage Venture,"Nov 20, 2017",Series A,"$14,000,000","$14,000,000",Series A,"$20,000,000","$20,000,000",2,6,,Private,,,,,shannon@razpr.com,,8,"4,127"
Pro.com,https://www.crunchbase.com/organization/pro-com,"Consumer Electronics, Real Estate","Seattle, Washington, United States",Pro.com is a nationwide pricing engine for home projects.,"4,659",Western United States,Active,2013,,For Profit,http://Pro.com,https://www.linkedin.com/company/pro.com,http://www.facebook.com/GetPro,http://twitter.com/getyourpro,,,,,,,"Home Improvement, Home Renovation, Smart Home",5,11-50,4,,"Aug 8, 2017",Venture - Series Unknown,"$10,000,000","$10,000,000",Venture - Series Unknown,"$27,500,000","$27,500,000",3,13,,Private,,,,,support@pro.com,1(800) 597-4776,83,"4,484"
2nd Watch,https://www.crunchbase.com/organization/2nd-watch,"Hardware, Information Technology, Internet Services, Software","Seattle, Washington, United States",2nd Watch is a cloud IT operations company enabling users to leverage Amazon Web Service (AWS) IaaS to reduce IT costs and grow revenue.,"4,818",Western United States,Active,2010,,For Profit,http://2ndwatch.com,http://www.linkedin.com/company/2nd-watch,http://www.facebook.com/2ndWatch,http://twitter.com/2ndwatch,,,,,,,"Cloud Infrastructure, Enterprise Software, IaaS, Information Technology",3,51-100,5,Late Stage Venture,"Mar 2, 2017",Series D,"$19,000,000","$19,000,000",Series D,"$56,200,000","$56,200,000",4,4,,Private,,,,,info@2ndwatch.com,509-994-4682,78,"4,640"
"iSpot.tv, Inc.",https://www.crunchbase.com/organization/ispot-tv,"Advertising, Data and Analytics, Sales and Marketing","Bellevue, Washington, United States",iSpot.tv offers social marketing tools that enable brands to measure the amounts spent on advertising and identify effective strategies.,"4,825",Western United States,Active,2012,,For Profit,http://www.ispot.tv,https://www.linkedin.com/company/3095577,http://www.facebook.com/ispottv,http://twitter.com/ispottv,,,,,,,"Advertising, Analytics, Brand Marketing, Real Time",1,101-250,3,Early Stage Venture,"May 19, 2015",Series B,"$21,900,000","$21,900,000",Series B,"$27,800,000","$27,800,000",2,11,,Private,,,,,support@ispot.tv,(855) 477-6888,11,"4,647"
Julep,https://www.crunchbase.com/organization/julep,"Commerce and Shopping, Consumer Goods","Seattle, Washington, United States","Julep is a fast-growing ecommerce beauty brand that takes a full-stack approach to product development, testing, and distribution.","5,056",Western United States,Active,2007,,For Profit,http://www.julep.com,http://www.linkedin.com/company/julep,http://www.facebook.com/julep,http://twitter.com/JulepMaven,,,,,,,"Beauty, Cosmetics, E-Commerce, Retail",2,251-500,7,M&A,"Jun 30, 2016",Debt Financing,"$8,000,000","$30,000,000",Series C,"$55,578,194","$70,586,429",1,16,Was Acquired,Private,,,,,maven@julep.com,(877) 651-3292,83,"4,866"
HelloTech,https://www.crunchbase.com/organization/hellotech,"Information Technology, Media and Entertainment, Sales and Marketing, Software, Video","Los Angeles, California, United States",Changing tech support and the way people buy new technology,"5,247",Western United States,Active,"Dec 15, 2014",,For Profit,http://hellotech.com/,https://www.linkedin.com/company/hello-tech,https://www.facebook.com/hellotech,https://twitter.com/hellotech,,,,,,,"Consumer, Sales Automation, TV",3,11-50,4,Early Stage Venture,"Jun 15, 2017",Venture - Series Unknown,,,Venture - Series Unknown,"$17,000,000","$17,000,000",1,17,Made Acquisitions,Private,,,,,social@hellotech.com,1(888)982-4410,30,"5,048"
Animoto,https://www.crunchbase.com/organization/animoto,"Content and Publishing, Media and Entertainment, Music and Audio, Software, Video","New York, New York, United States",Animoto allows users to create professional-quality video.,"5,252","Great Lakes, Northeastern United States",Active,"Aug 1, 2006",,,http://animoto.com,http://www.linkedin.com/company/animoto,http://www.facebook.com/Animoto,http://twitter.com/Animoto,,,,,,,"Music, Photography, Presentations, Video",4,51-100,3,Late Stage Venture,"Jun 29, 2011",Series C,"$25,000,000","$25,000,000",Series C,"$30,000,000","$30,000,000",2,5,,Private,,,,,theteam@animoto.com,,298,"5,053"
Turi,https://www.crunchbase.com/organization/graphlab,"Artificial Intelligence, Data and Analytics, Science and Engineering, Software","Seattle, Washington, United States",Turi is a machine learning platform that creates big data analytics products for its users.,"5,539",Western United States,Active,"May 1, 2013",,For Profit,https://turi.com,https://www.linkedin.com/company/dato,https://www.facebook.com/turiinc/,https://twitter.com/turiinc,,,,,,,"Analytics, Artificial Intelligence, Big Data, Machine Learning, Software",5,11-50,2,M&A,"Jan 8, 2015",Series B,"$18,500,000","$18,500,000",Series B,"$25,250,000","$25,250,000",2,4,Was Acquired,Private,,,,,contact@graphlab.com,,43,"5,333"
Impinj,https://www.crunchbase.com/organization/impinj,"Hardware, Internet Services, Software","Seattle, Washington, United States","Impinj is a provider of RAIN RFID solutions that deliver Item Intelligence to retail, healthcare and other industries.","5,635",Western United States,Active,2000,,For Profit,http://www.impinj.com,http://www.linkedin.com/company/impinj,http://www.facebook.com/Impinj,http://twitter.com/impinj,,,,,,,"Internet of Things, RFID, Software",2,101-250,8,IPO,"Jul 26, 2012",Private Equity,"$21,000,000","$21,000,000",Private Equity,"$131,500,000","$137,281,952",8,15,,Public,"Jul 21, 2016",,"$67,200,000","$320,000,000",,(206)517-5300,196,"5,426"
MaxPoint Interactive,https://www.crunchbase.com/organization/maxpoint-interactive,"Advertising, Commerce and Shopping, Sales and Marketing","Morrisville, North Carolina, United States",MaxPoint Interactive is a digital advertising company that helps retailers and brands increase in-store traffic.,"6,221","Research Triangle, Southern United States",Active,2007,,For Profit,http://maxpoint.com,https://www.linkedin.com/company/maxpoint,https://www.facebook.com/pages/MaxPoint-Interactive/275921092465603,https://twitter.com/maxpoint_int,,,,,,,"Advertising, Brand Marketing, Retail",2,251-500,2,M&A,"Mar 1, 2011",Series B,"$8,000,000","$8,000,000",Series B,"$11,000,000","$11,000,000",1,2,Was Acquired,Public,"Mar 6, 2015",,"$75,000,000",,sales@maxpoint.com,(800) 916-9960,28,"5,998"
Cedexis,https://www.crunchbase.com/organization/cedexis,"Content and Publishing, Internet Services, Software","Portland, Oregon, United States",Software-defined application delivery platform ,"6,321",Western United States,Active,"Jun 1, 2009",,,http://www.cedexis.com,http://www.linkedin.com/company/cedexis,http://www.facebook.com/Cedexis,http://twitter.com/cedexis,,,,,,,"Cloud Computing, Content Delivery Network, Enterprise Software, Internet",2,11-50,3,M&A,"Jan 26, 2016",Series B,"$22,000,000","$22,000,000",Series B,"$36,700,000","$36,700,000",3,6,Was Acquired,Private,,,,,info@cedexis.com,800-492-2163,81,"6,096"
Cape Productions,https://www.crunchbase.com/organization/cape-productions,"Consumer Electronics, Consumer Goods, Hardware","Redwood City, California, United States",Cape Productions is a company that offers the ability to control drones that record video from anywhere in the world.,"6,350","San Francisco Bay Area, Silicon Valley, Western United States",Active,"Jun 13, 2014",,For Profit,https://cape.com/,,https://www.facebook.com/capedrone,https://www.twitter.com/capedrone,,,,,,,Drones,3,11-50,2,,"Jul 1, 2017",Venture - Series Unknown,,,Venture - Series Unknown,"$10,000,000","$10,000,000",,6,,Private,,,,,contact@cape.com,,1,"6,124"
Jama Software,https://www.crunchbase.com/organization/jama-software,Software,"Portland, Oregon, United States",Jama Software is a product development platform for companies building complex products and mission critical software systems.,"6,480",Western United States,Active,"Jul 1, 2007",,,http://www.jamasoftware.com,http://www.linkedin.com/company/jama-software,http://www.facebook.com/JamaSoftware,http://twitter.com/jamasoftware,,,,,,,"Collaboration, Enterprise, Enterprise Software",3,101-250,3,Late Stage Venture,"Mar 30, 2015",Series C,"$20,000,000","$20,000,000",Series C,"$33,000,000","$33,000,000",2,4,Made Acquisitions,Private,,,,,info@jamasoftware.com,(503) 922-1058,75,"6,251"
Pulse Labs,https://www.crunchbase.com/organization/pulse-labs-b728,"Apps, Data and Analytics, Design, Software","Seattle, Washington, United States",Pulse Labs offers UX testing solutions for the developers in the voice ecosystem.,"6,766",Western United States,Active,Dec 2016,,For Profit,http://pulselabs.ai/#/,https://www.linkedin.com/company/27240022/,,https://twitter.com/PulseLabsAI,,,,,,,"Application Performance Management, Apps, Developer Tools, Speech Recognition, Usability Testing",2,1-10,2,Seed,"Feb 1, 2018",Seed,"$2,500,000","$2,500,000",Seed,"$2,500,000","$2,600,000",1,4,,Private,,,,,info@pulselabs.ai,801-651-8768,6,"6,527"
"PlayFab, Inc.",https://www.crunchbase.com/organization/playfab-inc,"Gaming, Information Technology, Internet Services, Software","Seattle, Washington, United States",PlayFab is a cloud-based provider of tools and services for building and managing online games.,"6,769",Western United States,Active,2014,,For Profit,http://playfab.com,http://www.linkedin.com/company/3641570,http://www.facebook.com/playfabnetwork,http://twitter.com/playfabnetwork,,,,,,,"Cloud Data Services, Developer Tools, PaaS, PC Games",2,11-50,3,M&A,"Dec 1, 2016",Series B,"$3,100,000","$3,100,000",Series B,"$13,000,000","$13,000,000",,24,Was Acquired,Private,,,,,info@playfab.com,(206) 673-3082,17,"6,530"
Mobilewalla,https://www.crunchbase.com/organization/mobilewalla,"Advertising, Artificial Intelligence, Data and Analytics, Hardware, Mobile, Sales and Marketing, Science and Engineering, Software","New York, New York, United States",Mobilewalla is the world’s most trusted source for independent mobile audience data at scale. ,"6,967","Great Lakes, Northeastern United States",Active,2010,,For Profit,http://www.mobilewalla.com,https://in.linkedin.com/company/mobilewalla,http://www.facebook.com/mobilewalla,http://twitter.com/mobilewalla,,,,,,,"Advertising, Analytics, Artificial Intelligence, Big Data, Digital Marketing, DSP, Machine Learning, Mobile",2,51-100,4,Early Stage Venture,"Aug 3, 2015",Debt Financing,"$3,362,914","$4,000,000",Series A,"$4,000,000","$8,362,914",1,6,,Private,,,,,contact@mobilewalla.com,(404) 402-7894,26,"6,722"
Decide,https://www.crunchbase.com/organization/decide-com,"Commerce and Shopping, Consumer Electronics, Hardware","Seattle, Washington, United States","Decide, an online shopping portal, analyzes web data points to generate price predictions that help consumers save on their purchases.","7,109",Western United States,Active,2008,,For Profit,http://www.decide.com,,,http://twitter.com/decide,,,,,,,"Consumer Electronics, E-Commerce, Shopping",3,11-50,3,M&A,"Mar 1, 2013",Series C,"$8,000,000","$8,000,000",Series C,"$16,500,000","$16,500,000",3,6,Was Acquired,Private,,,,,contact@decide.com,,154,"6,857"
Lumo Bodytech,https://www.crunchbase.com/organization/lumoback,"Hardware, Health Care, Software","Palo Alto, California, United States",Lumo Bodytech's technology platform leverages smart sensors and software to optimize performance and addresses human biomechanics.,"7,392","San Francisco Bay Area, Silicon Valley, Western United States",Active,2011,,For Profit,http://www.lumobodytech.com/lumoback,,http://www.facebook.com/lumobodytech,http://twitter.com/lumobodytech,,,,,,,"Enterprise Software, Sensor, Wellness",3,11-50,5,Early Stage Venture,"Nov 3, 2015",Series B,"$10,000,000","$10,000,000",Series B,"$16,100,100","$17,100,100",2,7,,Private,,,,,support@lumobodytech.com,(877) 702-7866,43,"7,131"
Unearth,https://www.crunchbase.com/organization/unearth,"Consumer Electronics, Consumer Goods, Hardware, Internet Services, Real Estate, Software","Seattle, Washington, United States",Unearth improves productivity in construction by providing a revolutionary collaboration software powered by IoT and remote sensing,"7,601",Western United States,Active,2016,,For Profit,http://www.unearthlabs.com,https://www.linkedin.com/in/briansaab,,,,,,,,,"Construction, Drones, Internet of Things, Software",3,1-10,2,,"Mar 12, 2018",Venture - Series Unknown,"$3,000,000","$3,000,000",Venture - Series Unknown,"$4,300,000","$4,300,000",1,2,,Private,,,,,info@unearthlabs.com,,2,"7,332"
IOpipe,https://www.crunchbase.com/organization/iopipe,"Hardware, Internet Services, Software","New York, New York, United States","IOpipe provides a toolbox for developing, monitoring, and operating serverless applications.","8,074","Great Lakes, Northeastern United States",Active,"Oct 14, 2015",,For Profit,http://www.iopipe.com/,https://www.linkedin.com/company-beta/10311914/,https://www.facebook.com/IOpipe-1555875421371742/,https://www.twitter.com/adjohn,,,,,,,"Cloud Infrastructure, Internet of Things, SaaS",2,1-10,2,Seed,"Aug 14, 2017",Seed,"$2,500,000","$2,500,000",Seed,"$5,328,952","$5,328,952",,6,,Private,,,,,,,,"7,791"
TraceMe,https://www.crunchbase.com/organization/traceme,"Apps, Internet Services, Media and Entertainment, Mobile, Software, Sports","Seattle, Washington, United States","TraceMe puts you on the inside track with your favorite artists, athletes, and entertainers.","8,268",Western United States,Active,2017,,For Profit,https://www.traceme.com/,https://www.linkedin.com/company/11268903/,https://www.facebook.com/TraceMeOfficial/,https://twitter.com/TraceMe_App,,,,,,,"Apps, Celebrity, Internet, Media and Entertainment, Mobile Apps, Sports",1,,1,Early Stage Venture,"Sep 10, 2017",Series A,"$9,000,000","$9,000,000",Series A,"$9,000,000","$9,000,000",1,7,,Private,,,,,,,1,"7,978"
Shyft Technologies,https://www.crunchbase.com/organization/shyft,"Apps, Information Technology, Internet Services, Messaging and Telecommunications, Mobile, Software","Seattle, Washington, United States",Shyft Technologies is a tech company developing mobile apps for coworkers and teams.,"8,277",Western United States,Active,"Jul 1, 2015",,For Profit,https://bnc.lt/Shyft,https://www.linkedin.com/company/shyft-app,http://www.facebook.com/myshyft,https://twitter.com/myshyft,,,,,,,"Messaging, Mobile Apps, Scheduling",4,51-100,2,Seed,"Jul 13, 2016",Seed,"$1,500,000","$1,500,000",Seed,"$1,500,000","$1,600,000",,9,,Private,,,,,,650-209-6461,4,"7,987"
Pluto VR,https://www.crunchbase.com/organization/pluto-vr,"Gaming, Hardware, Information Technology, Internet Services, Media and Entertainment, Messaging and Telecommunications, Software","Seattle, Washington, United States",Pluto VR offers shared presence communication through virtual and augmented reality technology.,"8,283",Western United States,Active,2015,,For Profit,http://www.plutovr.com/,https://www.linkedin.com/company/9483686,https://www.facebook.com/PlutoVR,https://twitter.com/PlutoVR,,,,,,,"Augmented Reality, Internet, Online Games, Social Media, Video Conferencing, Virtual Reality",4,11-50,1,Early Stage Venture,"Apr 13, 2017",Series A,"$13,900,000","$13,900,000",Series A,"$13,900,000","$13,900,000",1,3,,Private,,,,,,,7,"7,993"
MessageYes (formerly ReplyYes),https://www.crunchbase.com/organization/replyyes,"Artificial Intelligence, Commerce and Shopping, Data and Analytics, Information Technology, Internet Services, Messaging and Telecommunications, Mobile, Sales and Marketing, Science and Engineering, Software","Seattle, Washington, United States",MessageYes is the leader in ecommerce over mobile messaging,"8,755",Western United States,Active,2015,,For Profit,http://messageyes.com/,https://www.linkedin.com/company/replyyes,,,,,,,,,"Artificial Intelligence, B2B, Digital Marketing, E-Commerce, Messaging, Mobile, Software",,11-50,3,M&A,"Dec 16, 2016",Series A,"$6,500,000","$6,500,000",Series A,"$6,500,000","$6,500,000",1,14,Was Acquired,Private,,,,,info@messageyes.com,,,"8,452"
Shippable,https://www.crunchbase.com/organization/shippable,Software,"Seattle, Washington, United States",Shippable helps companies ship code faster by giving them a powerful continuous integration platform built natively on Docker.,"8,862",Western United States,Active,2013,,For Profit,https://www.shippable.com/,http://www.linkedin.com/company/shippable,http://www.facebook.com/beShippable,http://twitter.com/beshippable,,,,,,,"Developer Tools, PaaS, SaaS, Software",2,11-50,3,Early Stage Venture,"Nov 6, 2014",Series A,"$8,000,000","$8,000,000",Series A,"$10,050,000","$10,050,000",2,8,,Private,,,,,manisha@shippable.com,425-281-0911,77,"8,557"
Seeq,https://www.crunchbase.com/organization/seeq,"Data and Analytics, Software","Seattle, Washington, United States","Seeq™ provides software and services that convert industrial data into information, driving business decisions for continuous improvement.","9,581",Western United States,Active,2013,,,http://seeq.com,http://www.linkedin.com/company/3126445,http://www.facebook.com/Seeq-Corporation/424546840977984,http://twitter.com/SeeqCorporation,,,,,,,"Analytics, Industrial, Software",5,11-50,3,,"Nov 13, 2015",Venture - Series Unknown,"$4,189,731","$4,189,731",Venture - Series Unknown,"$10,189,731","$12,189,731",1,6,,Private,,,,,info@seeq.com,12068019339,5,"9,257"
Eventbase,https://www.crunchbase.com/organization/eventbase,"Events, Media and Entertainment, Mobile","Vancouver, British Columbia, Canada","Eventbase, the world’s most trusted event app platform, enhances the attendee experience with its feature-rich, location-aware, native app.","9,803",,Active,"Mar 19, 2009",,For Profit,http://www.eventbase.com,https://www.linkedin.com/company/eventbase,http://www.facebook.com/EventbaseTech,http://twitter.com/EventbaseTech,,,,,,,"Event Management, Events, Mobile",2,51-100,2,Early Stage Venture,"Dec 8, 2015",Series B,"$6,000,000","$6,000,000",Series B,"$8,000,000","$8,000,000",2,2,,Private,,,,,info@eventbase.com,(604) 568-2988,25,"9,469"
XNOR.ai,https://www.crunchbase.com/organization/xnor-ai,"Artificial Intelligence, Data and Analytics, Science and Engineering, Software","Seattle, Washington, United States",XNOR.ai serves as a clever computer-native math that enables AI-like models for vision and speech recognition to run practically anywhere.,"9,824",Western United States,Active,Feb 2017,,For Profit,https://xnor.ai/index.html,,,https://twitter.com/xnor_ai,,,,,,,"Artificial Intelligence, Machine Learning, Speech Recognition",,,1,Seed,"Feb 2, 2017",Seed,"$2,600,000","$2,600,000",Seed,"$2,600,000","$2,600,000",2,2,,Private,,,,,info@xnor.ai,,3,"9,490"
Icebrg,https://www.crunchbase.com/organization/icebrg,"Information Technology, Privacy and Security, Software","Seattle, Washington, United States",Icebrg is a startup focused on network security.,"9,881",Western United States,Active,2014,,For Profit,http://icebrg.io/,,,,,,,,,,"Developer Platform, Network Security, Security",2,11-50,2,Early Stage Venture,"Mar 29, 2016",Series A,"$10,000,000","$10,000,000",Series A,"$12,500,000","$12,500,000",3,4,,Private,,,,,justin@icebrg.io,,,"9,547"
buuteeq,https://www.crunchbase.com/organization/buuteeq,"Advertising, Sales and Marketing, Travel and Tourism","Seattle, Washington, United States","buuteeq enables hotels to create and manage websites, mobile content, social presence, and online reservations.","10,352",Western United States,Active,2010,,,http://www.buuteeq.com,http://www.linkedin.com/company/buuteeq-inc.,http://www.facebook.com/buuteeq,http://twitter.com/buuteeq,,,,,,,"Advertising, Hospitality, Marketing",3,51-100,5,M&A,"Sep 20, 2012",Series B,"$10,000,000","$10,000,000",Series B,"$16,924,999","$16,924,999",3,7,Was Acquired,Private,,,,,info@buuteeq.com,206-949-3079,13,"10,001"
AnswerIQ,https://www.crunchbase.com/organization/answeriq,"Artificial Intelligence, Data and Analytics, Science and Engineering, Software","Seattle, Washington, United States",AnswerIQ is an artificial intelligence service in the customer support space.,"10,528",Western United States,Active,2017,,For Profit,http://www.answeriq.com,https://www.linkedin.com/company/18034443/,https://www.facebook.com/AnswerIQ/,https://www.twitter.com/smartassistio,,,,,,,"Artificial Intelligence, Customer Service, Machine Learning",2,,1,Early Stage Venture,"Aug 3, 2017",Series A,"$5,000,000","$5,000,000",Series A,"$5,000,000","$5,000,000",1,1,,Private,,,,,info@answeriq.com,,2,"10,169"
CloudCoreo,https://www.crunchbase.com/organization/cloudcoreo,"Hardware, Information Technology, Internet Services, Privacy and Security, Software","Seattle, Washington, United States",CloudCoreo is building a next generation cloud management platform.,"11,190",Western United States,Active,2014,,For Profit,http://cloudcoreo.com,https://www.linkedin.com/company/3632692,https://www.facebook.com/cloudcoreo,https://twitter.com/cloudcoreo,,,,,,,"Cloud Computing, Cloud Infrastructure, Cloud Management, Cloud Security, Information Technology",4,1-10,4,M&A,"Oct 11, 2016",Seed,"$2,900,000","$2,900,000",Seed,"$2,900,000","$2,900,000",1,6,Was Acquired,Private,,,,,,(206)588-5425,5,"10,799"
LumaTax,https://www.crunchbase.com/organization/lumatax,"Apps, Internet Services, Software","Seattle, Washington, United States",Touch-free sales tax filing for SMB's,"11,746",Western United States,Active,2016,,For Profit,http://www.lumatax.com/,https://www.linkedin.com/company/12894351,https://www.facebook.com/lumatax,,,,,,,,"Apps, Internet",1,1-10,2,,"Jan 17, 2018",Venture - Series Unknown,"$3,000,000","$3,000,000",Venture - Series Unknown,"$5,000,000","$5,000,000",3,4,,Private,,,,,info@lumatax.com,,,"11,333"
Integris Software,https://www.crunchbase.com/organization/integris-software,"Data and Analytics, Privacy and Security","Seattle, Washington, United States",Integris helps organizations meet rigid compliance mandates with the ability to visualize where data is located and prove adherence to laws.,"12,225",Western United States,Active,Feb 2016,,For Profit,http://www.integris.io/,https://www.linkedin.com/company/7953160,https://www.facebook.com/integrisio/,https://twitter.com/integrisio,,,,,,,"Big Data, Business Intelligence, Privacy, Risk Management, Security",2,11-50,2,,"Jan 22, 2018",Venture - Series Unknown,"$1,500,000","$1,500,000",Venture - Series Unknown,"$4,500,000","$4,500,000",2,4,,Private,,,,,info@integris.io,(206) 462-3189,,"11,801"
Yieldex,https://www.crunchbase.com/organization/yieldex,"Advertising, Media and Entertainment, Sales and Marketing, Software","New York, New York, United States",Yieldex provides a cross-channel revenue and inventory management platform providing analytics and solutions for digital publishers.,"12,295","Great Lakes, Northeastern United States",Active,2007,,For Profit,http://www.yieldex.com,http://www.linkedin.com/company/yieldex,http://www.facebook.com/pages/Yieldex/297135497044108,http://twitter.com/yieldex,,,,,,,"Advertising, Developer Tools, Digital Media",2,1001-5000,3,M&A,"Sep 28, 2011",Series C,"$10,000,000","$10,000,000",Series C,"$18,500,000","$18,500,000",2,7,Was Acquired,Private,,,,,info@yieldex.com,646-397-0054,22,"11,869"
GawkBox,https://www.crunchbase.com/organization/gawkbox,"Advertising, Gaming, Sales and Marketing","Seattle, Washington, United States",GawkBox is bringing live streams to life.,"12,366",Western United States,Active,"Jan 19, 2016",,For Profit,https://www.gawkbox.com/,,https://www.facebook.com/GawkBox,https://twitter.com/mygawkbox,,,,,,,"App Marketing, Gaming, Mobile Advertising, Social Media Advertising",3,11-50,2,Early Stage Venture,"Aug 10, 2017",Series A,"$3,722,000","$3,722,000",Series A,"$4,407,000","$4,407,000",2,6,,Private,,,,,hello@gawkbox.com,,,"11,939"
SNUPI Technologies,https://www.crunchbase.com/organization/snupi-technologies,"Consumer Electronics, Financial Services, Hardware, Mobile, Privacy and Security","Washington, District of Columbia, United States","SNUPI Technologies, a sensor and services company, offers devices for home safety, security, and loss prevention.","12,804",Southern United States,Active,"May 15, 2012",,For Profit,http://www.wallyhome.com,http://www.linkedin.com/company/snupi-technologies,http://www.facebook.com/wallyhomenetwork,http://twitter.com/WallyHome,,,,,,,"Consumer Electronics, FinTech, Mobile, Security",4,11-50,4,M&A,"Jan 28, 2015",Debt Financing,"$1,516,074","$7,533,773",Series A,"$9,033,773","$12,776,691",1,3,Was Acquired,Private,,,,,press@snupi.com,,22,"12,362"
Wrench,https://www.crunchbase.com/organization/wrench,"Software, Transportation","Seattle, Washington, United States",Wrench is full service shop without the shop! We service all types of cars and trucks,"13,311",Western United States,Active,2015,,For Profit,https://getwrench.com/,https://www.linkedin.com/company/wrench-inc.,https://www.facebook.com/getwrench/,https://twitter.com/getwrench,,,,,,,"Customer Service, Service Industry, Software, Transportation",5,1-10,2,Early Stage Venture,"Mar 28, 2017",Series A,"$4,000,000","$4,000,000",Series A,"$5,200,000","$5,200,000",2,2,,Private,,,,,hello@getwrench.com,1(844)997-3624,1,"12,848"
Haiku Deck,https://www.crunchbase.com/organization/haiku-deck,"Mobile, Platforms, Software","Seattle, Washington, United States","Haiku Deck is an mobile-first, cloud based app for creating presentations on iOS or Web","13,356",Western United States,Active,"Apr 1, 2010",,For Profit,https://www.haikudeck.com,https://www.linkedin.com/company/haiku-deck,https://www.facebook.com/HaikuDeck,http://twitter.com/HaikuDeck,,,,,,,"iOS, Mobile, Presentations",3,1-10,5,,"Oct 21, 2015",Venture - Series Unknown,"$550,000","$550,000",Venture - Series Unknown,"$4,620,949","$4,620,949",1,6,,Private,,,,,info@haikudeck.com,,100,"12,892"
Jobalign,https://www.crunchbase.com/organization/jobaline,"Mobile, Professional Services","Kirkland, Washington, United States",Candidate Engagement Platform for hourly workers.,"13,761",Western United States,Active,"Nov 30, 2012",,For Profit,http://www.jobalign.com,http://www.linkedin.com/company/jobaline,http://www.facebook.com/Jobaline,https://twitter.com/jobaline,,,,,,,"Human Resources, Mobile, Recruiting",1,11-50,4,Early Stage Venture,"Feb 6, 2017",Series B,"$7,228,138","$7,228,138",Series B,"$18,569,138","$18,569,138",4,4,,Private,,,,,,(425)947-2707,48,"13,285"
Matcherino,https://www.crunchbase.com/organization/matcherino,"Financial Services, Sports","Seattle, Washington, United States",Crowd Funding eSports begins here.,"13,771",Western United States,Active,2015,,For Profit,http://matcherino.com/,,https://www.facebook.com/matcherino,https://www.twitter.com/matcherino_,,,,,,,"Crowdfunding, eSports",3,11-50,3,Seed,"Jul 10, 2017",Seed,"$1,500,000","$1,500,000",Seed,"$2,750,000","$2,868,000",1,7,,Private,,,,,support@matcherino.com,,10,"13,294"
Heptio,https://www.crunchbase.com/organization/heptio,"Information Technology, Internet Services, Software","Seattle, Washington, United States",Heptio is a company that is built to support and advance the open Kubernetes ecosystem.,"14,591",Western United States,Active,"Oct 28, 2016",,For Profit,https://www.heptio.com/,https://www.linkedin.com/company-beta/17883939/,https://www.facebook.com/heptio,https://twitter.com/heptio,,,,,,,"Cloud Computing, Information Technology, Open Source",2,51-100,2,Early Stage Venture,"Sep 13, 2017",Series B,"$25,000,000","$25,000,000",Series B,"$33,500,000","$33,500,000",2,3,,Private,,,,,inquiries@heptio.com,,13,"14,087"
Tier 3,https://www.crunchbase.com/organization/tier-3-2,"Hardware, Information Technology, Internet Services, Software","Bellevue, Washington, United States",Tier3 is an IaaS-based platform and advanced cloud management company providing enterprise-class cloud software and services.,"14,718",Western United States,Active,2006,,,http://www.tier3.com,,,https://www.twitter.com/centurylinkcld,,,,,,,"Cloud Computing, Enterprise Software, IaaS, PaaS, Private Cloud",1,51-100,2,M&A,"Oct 4, 2012",Series B,"$10,000,000","$10,000,000",Series B,"$18,500,000","$18,500,000",3,4,Was Acquired,Private,,,,,info@tier-3.com,18663485509,176,"14,210"
Jintronix,https://www.crunchbase.com/organization/jintronix,"Health Care, Media and Entertainment, Video","Montréal, Quebec, Canada",Jintronix is a biomedical device company developing 3D software that helps individuals going through physical and cognitive rehabilitation.,"14,758",,Active,2010,,For Profit,http://www.jintronix.com,http://www.linkedin.com/company/jintronix,http://www.facebook.com/Jintronix,http://twitter.com/Jintronix,,,,,,,"Health Care, Medical Device, Motion Capture",6,11-50,3,Early Stage Venture,"Feb 20, 2015",Series A,"$5,000,000","$5,000,000",Series A,"$6,300,000","$6,300,000",1,2,,Private,,,,,info@jintronix.com,(888)623-6462,17,"14,250"
Cheezburger,https://www.crunchbase.com/organization/pet-holdings-inc,"Content and Publishing, Internet Services, Media and Entertainment","Seattle, Washington, United States",Cheezburger is a Seattle-based company that operates a network of social humor websites.,"14,944",Western United States,Active,2007,,For Profit,http://cheezburger.com,http://www.linkedin.com/company/cheezburger-inc-,http://www.facebook.com/Cheezburger,http://twitter.com/cheezburger,,,,,,,"News, Publishing, Social Media",2,1-10,5,M&A,"Feb 6, 2015",Venture - Series Unknown,"$2,739,591","$2,739,591",Venture - Series Unknown,"$41,739,591","$41,739,591",1,8,"Made Acquisitions, Was Acquired",Private,,,,,contactus@cheezburger.com,(206)734-4382,516,"14,430"
Bag Borrow or Steal,https://www.crunchbase.com/organization/avelle,"Clothing and Apparel, Commerce and Shopping, Design","Seattle, Washington, United States","Bag Borrow or Steal is an online boutique where women and men borrow, collect, and share luxury accessories.","15,327",Western United States,Active,2004,,,http://www.bagborroworsteal.com,,http://www.facebook.com/pages/Bag-Borrow-or-Steal/16894288985022,http://twitter.com/BagBorrowSteal,,,,,,,"E-Commerce, Fashion, Retail",1,11-50,3,,"Jul 20, 2011",Venture - Series Unknown,"$4,000,000","$4,000,000",Venture - Series Unknown,"$19,000,000","$20,000,000",,2,,Private,,,,,customerservice@bagborroworsteal.com,866.922.2267,4,"14,804"
Appature,https://www.crunchbase.com/organization/appature-inc,"Apps, Health Care, Software","Seattle, Washington, United States",Appature offers enterprise marketing management software and web applications for the healthcare industry.,"16,320",Western United States,Active,2007,,,http://www.appature.com,http://www.linkedin.com/company/ims-health,http://www.facebook.com/imshealth,https://www.twitter.com/quintilesims,,,,,,,"Enterprise Software, Health Care, Web Apps",4,11-50,2,M&A,"Jul 13, 2012",Private Equity,"$6,100,000","$6,100,000",Private Equity,"$9,600,000","$9,600,000",2,3,Was Acquired,Private,,,,,info@appature.com,2064935450,70,"15,764"
Spruce Up,https://www.crunchbase.com/organization/spruce-up,Internet Services,"Seattle, Washington, United States","A Seattle, WA-based developer of an AI and designer powered personalized shopping service for home & design.","16,622",Western United States,Active,2017,,,https://www.getspruceup.com/jobs,https://www.linkedin.com/company/spruceup/,,,,,,,,,Internet,1,1-10,1,,"Feb 27, 2018",Venture - Series Unknown,"$1,500,000","$1,500,000",Venture - Series Unknown,"$1,500,000","$1,500,000",,5,,Private,,,,,,,1,"16,057"
M87,https://www.crunchbase.com/organization/m87,"Hardware, Mobile","Austin, Texas, United States",M87 is an engineering-driven company developing a technology to increase the coverage and capacity of mobile networks.,"19,359",Southern United States,Active,2010,,For Profit,http://www.m-87.com,http://www.linkedin.com/company/m87,,http://twitter.com/M87Info,,,,,,,"Mobile, Telecommunications, Wireless",1,11-50,5,Late Stage Venture,"Nov 17, 2016",Series C,"$5,000,000","$5,000,000",Series C,"$11,000,000","$11,000,000",1,7,,Private,,,,,,512-394-7803,5,"18,720"
Envelop VR,https://www.crunchbase.com/organization/envelop-vr,"Hardware, Software","Bellevue, Washington, United States","Envelop VR builds software that enables people to create, work and play in virtual reality.","19,400",Western United States,Closed,2014,"Jan 11, 2017",For Profit,http://www.envelopvr.com,https://www.linkedin.com/company/envelop-vr,https://www.facebook.com/EnvelopVR,https://twitter.com/envelop_vr,,,,,,,"B2B, Enterprise Software, Virtual Reality",1,11-50,2,Early Stage Venture,"Jan 13, 2016",Series A,"$5,500,000","$5,500,000",Series A,"$7,500,000","$7,500,000",1,12,,Private,,,,,info@envelopvr.com,,27,"18,760"
Wicket Labs Inc.,https://www.crunchbase.com/organization/wicket-labs-inc,"Information Technology, Media and Entertainment","Seattle, Washington, United States",Wicket Labs is building is the only audience insights platform to unify key data from the entire video ecosystem for actionable KPIs.,"19,492",Western United States,Active,"Feb 23, 2016",,For Profit,http://www.wicketlabs.com,https://www.linkedin.com/company/wicket-labs-inc,,https://twitter.com/WicketLabs,,,,,,,"Digital Media, Information Services, Media and Entertainment",2,1-10,1,Seed,"Jun 6, 2017",Seed,"$2,000,000","$2,000,000",Seed,"$2,000,000","$2,000,000",1,2,,Private,,,,,contactus@wicketlabs.com,,12,"18,848"
Z2,https://www.crunchbase.com/organization/z2,"Mobile, Software","Seattle, Washington, United States",Z2 is a mobile-first free-to-play game developer and publisher that allows players to compete and collaborate in real time.,"19,515",Western United States,Active,2008,,For Profit,http://z2.com,http://www.linkedin.com/company/1972163,http://www.facebook.com/z2games,http://twitter.com/z2,,,,,,,"Mobile, Real Time, Web Development",2,51-100,3,M&A,"Mar 30, 2011",Series B,"$2,499,999","$2,499,999",Series B,"$6,499,999","$6,499,999",1,2,Was Acquired,Private,,,,,,(206)217-2200,457,"18,871"
AppFog,https://www.crunchbase.com/organization/php-fog,"Apps, Internet Services, Software","Portland, Oregon, United States",AppFog is a Platform-as-a-Service system for public clouds.,"20,796",Western United States,Active,"Aug 1, 2010",,For Profit,http://appfog.com,http://www.linkedin.com/company/appfog,https://www.facebook.com/pages/AppFog/159333004147490,http://twitter.com/appfog,,,,,,,"Apps, Cloud Computing, Enterprise Software, Web Hosting",1,11-50,3,M&A,"Aug 10, 2011",Series B,"$8,000,000","$8,000,000",Series B,"$9,900,000","$9,900,000",2,5,"Made Acquisitions, Was Acquired",Private,,,,,hello@appfog.com,855.388.1260,193,"20,114"
Optify,https://www.crunchbase.com/organization/optify,"Information Technology, Internet Services, Sales and Marketing, Software","Seattle, Washington, United States",Optify offers cloud-based digital marketing software that enables agencies to create and manage their programs.,"22,146",Western United States,Closed,"Aug 8, 2008","Jan 1, 2014",,http://www.optify.net,,,http://twitter.com/optify,,,,,,,"Cloud Computing, CRM, Digital Marketing, Social Media Marketing, Software",2,11-50,3,M&A,"Jul 16, 2012",Venture - Series Unknown,"$1,999,999","$1,999,999",Venture - Series Unknown,"$10,849,999","$10,849,999",1,11,Was Acquired,Private,,,,,info@optify.net,206-388-4234,45,"21,416"
AdReady,https://www.crunchbase.com/organization/adready,"Advertising, Professional Services, Sales and Marketing","Seattle, Washington, United States","AdReady, a division of CPXi, provides a self-serve platform for programmatic creative and media placement.","22,467",Western United States,Active,2006,,For Profit,http://adready.com,http://www.linkedin.com/company/adready,https://www.facebook.com/cpxinteractive,http://twitter.com/AdReady,,,,,,,"Advertising, Marketing, Recruiting",2,101-250,4,M&A,"Jun 19, 2012",Venture - Series Unknown,"$507,000","$507,000",Venture - Series Unknown,"$17,807,000","$17,807,000",2,5,Was Acquired,Private,,,,,marketing@adready.com,(646) 863-8309,56,"21,726"
Mercent Corporation,https://www.crunchbase.com/organization/mercentcorporation,"Advertising, Commerce and Shopping, Internet Services, Sales and Marketing","Seattle, Washington, United States","Mercent provides advertising, analytics and merchandising optimization solutions that enable retailers to reach and convert online shoppers.","22,574",Western United States,Active,"Jan 6, 2005",,,http://www.mercent.com,http://www.linkedin.com/company/42808,http://www.facebook.com/Mercent,http://twitter.com/Mercent,,,,,,,"Advertising, E-Commerce, Search Engine, Shopping",,101-250,5,M&A,"Nov 20, 2010",Venture - Series Unknown,"$2,200,001","$2,200,001",Venture - Series Unknown,"$12,700,001","$13,200,001",2,3,Was Acquired,Private,,,,,info@mercent.com,(206) 832-3900,4,"21,833"
ResolutionTube,https://www.crunchbase.com/organization/resolutiontube,"Hardware, Mobile, Software","Seattle, Washington, United States",ResolutionTube provides mobile collaboration tools that include video chat and real-time whiteboarding facilities.,"25,376",Western United States,Active,2012,,For Profit,http://www.resolutiontube.com,https://www.linkedin.com/in/arnavanand,,http://twitter.com/resolutiontube,,,,,,,"Augmented Reality, Mobile",1,11-50,3,Seed,"Dec 19, 2013",Seed,"$1,900,000","$1,900,000",Seed,"$2,018,000","$2,018,000",1,8,,Private,,,,,info@resolutiontube.com,650-336-5640,14,"24,555"
TeachStreet,https://www.crunchbase.com/organization/teachstreet,Education,"Seattle, Washington, United States",TeachStreet is an online marketplace providing information about local and online classes and teachers.,"26,623",Western United States,Active,"Jun 5, 2007",,,http://www.teachstreet.com,http://www.linkedin.com/company/teachstreet.com,http://www.facebook.com/pages/TeachStreet-HQ/141335849238029,http://twitter.com/teachstreet,,,,,,,"Charter Schools, Education",1,1-10,3,M&A,"May 27, 2009",Series A,"$1,200,000","$1,200,000",Series A,"$3,450,000","$3,450,000",2,13,Was Acquired,Private,,,,,info@teachstreet.com,206-381-0652,85,"25,768"
Evocalize,https://www.crunchbase.com/organization/evocalize,"Advertising, Internet Services, Media and Entertainment, Sales and Marketing","Seattle, Washington, United States",Evocalize uses data science to automatically transform a brand's content and data into highly personalized social media advertising.,"27,251",Western United States,Active,2012,,For Profit,http://evocalize.com,http://www.linkedin.com/company/evocalize,http://www.facebook.com/evocalize,http://twitter.com/evocalizeinc,,,,,,,"Advertising, Social Media",2,11-50,2,Seed,"Jan 16, 2014",Seed,"$3,000,000","$3,000,000",Seed,"$3,500,000","$3,500,000",1,1,,Private,,,,,support@evocalize.com,800-935-6891,8,"26,372"
Mixpo,https://www.crunchbase.com/organization/mixpo,"Advertising, Media and Entertainment, Sales and Marketing, Video","Seattle, Washington, United States",Mixpo provides video advertising solutions for media companies to execute cross-screen and cross-social video ad campaigns.,"27,762",Western United States,Active,2002,,For Profit,http://mixpo.com,http://www.linkedin.com/company/mixpo,http://www.facebook.com/mixpo,http://twitter.com/Mixpo,,,,,,,"Advertising, Marketing, Video",,101-250,2,M&A,"Feb 3, 2009",Series B,"$4,000,000","$4,000,000",Series B,"$10,500,000","$10,500,000",1,3,"Made Acquisitions, Was Acquired",Private,,,,,info@mixpo.com,(206)407-3704,58,"26,859"
ThisLife,https://www.crunchbase.com/organization/thislife,"Content and Publishing, Internet Services, Media and Entertainment, Privacy and Security, Software, Video","Palo Alto, California, United States",ThisLife is a cloud-based image storing site that protects and organizes users' photos and videos in their own private archive in the cloud.,"28,930","San Francisco Bay Area, Silicon Valley, Western United States",Active,2010,,,http://www.ThisLife.com,,https://www.facebook.com/thislifeapp,http://twitter.com/ThisLife,,,,,,,"Cloud Computing, File Sharing, Photography, Privacy, Video",2,5001-10000,1,M&A,"Jun 22, 2012",Seed,"$2,750,000","$2,750,000",Seed,"$2,750,000","$2,750,000",1,6,Was Acquired,Private,,,,,Info@ThisLife.com,650-988-8500,50,"27,978"
Jambool,https://www.crunchbase.com/organization/jambool,"Apps, Commerce and Shopping, Financial Services, Internet Services, Media and Entertainment, Payments, Software","San Francisco, California, United States","Jambool operates SocialGold, an industry virtual monetization platform that enables developers to create and manage virtual currency.","29,632","San Francisco Bay Area, Western United States",Active,"Aug 1, 2006",,,http://www.jambool.com/site/aboutus,https://www.linkedin.com/company/jambool-inc.,https://www.facebook.com/Jambool/,https://www.twitter.com/google,,,,,,,"Apps, E-Commerce, Finance, Internet, Social Media, Virtual Currency, Virtual Goods",2,11-50,2,M&A,"Aug 17, 2009",Series B,"$5,000,000","$5,000,000",Series B,"$6,000,000","$6,000,000",1,4,Was Acquired,Private,,,,,contact@jambool.com,415-237-0573,71,"28,645"
BuddyTV,https://www.crunchbase.com/organization/buddytv,"Content and Publishing, Media and Entertainment, Sports","Seattle, Washington, United States","BuddyTV is an entertainment-based website offering user forums and news about TV programs, celebrities, and sporting events.","29,649",Western United States,Active,2005,,,http://buddytv.com,,,http://twitter.com/buddytv,,,,,,,"Media and Entertainment, News, Sports",2,11-50,4,M&A,"Dec 4, 2013",Venture - Series Unknown,"$1,500,000","$1,500,000",Venture - Series Unknown,"$10,550,000","$10,550,000",2,3,Was Acquired,Private,,,,,andy@buddytv.com,206-859-4180,173,"28,662"
ShopIgniter,https://www.crunchbase.com/organization/shopigniter,"Advertising, Internet Services, Media and Entertainment, Sales and Marketing","Portland, Oregon, United States",ShopIgniter is a social media platform enabling digital marketers to deliver and manage media ad campaigns in social streams.,"30,048",Western United States,Active,"Oct 1, 2009",,,http://shopigniter.com,http://www.linkedin.com/company/shopigniter-inc.,http://www.facebook.com/shopigniter,http://twitter.com/shopigniter,,,,,,,"Social Media, Social Media Advertising, Social Media Management, Social Media Marketing",3,11-50,3,M&A,"Jan 17, 2014",Debt Financing,"$1,500,000","$8,000,000",Series B,"$11,000,000","$12,500,000",2,2,Was Acquired,Private,,,,,info@shopigniter.com,,48,"29,044"
Ticketure,https://www.crunchbase.com/organization/area360,Software,"Seattle, Washington, United States",Ticketure is the creator of an innovative mobile location technology platform.,"31,224",Western United States,Active,2012,,For Profit,https://www.ticketure.com/,https://www.linkedin.com/company/stqry,https://www.facebook.com/pages/Area360/607557799385191?sk=info&tab=page_info,https://twitter.com/AreaThreeSixty,,,,,,,Software,1,11-50,1,Early Stage Venture,"Sep 2, 2015",Series A,"$5,500,000","$5,500,000",Series A,"$5,500,000","$5,500,000",1,1,,Private,,,,,info@ticketure.com,+64 21 851 592,4,"30,182"
Tigera,https://www.crunchbase.com/organization/tigera,"Information Technology, Privacy and Security, Software","San Francisco, California, United States",Tigera provides secure application connectivity for the cloud native world.,"32,406","San Francisco Bay Area, Western United States",Active,2016,,For Profit,https://www.tigera.io/,https://www.linkedin.com/company/tigera,,https://twitter.com/tigeraio,,,,,,,"Cloud Security, Enterprise Software, Network Security, Open Source, Security",3,11-50,2,Early Stage Venture,"Jan 25, 2018",Series B,"$10,000,000","$10,000,000",Series B,"$23,000,000","$23,000,000",2,5,,Private,,,,,contact@tigera.io,415-612-9546,3,"31,318"
RewardLoop,https://www.crunchbase.com/organization/rewardloop,"Hardware, Mobile, Sales and Marketing","Vancouver, British Columbia, Canada","RewardLoop is a plug-and-play mobile loyalty platform and networkrewarding customers, based on merchants real-time POS data.","32,832",,Active,"May 15, 2010",,For Profit,http://rewardloop.com,,,http://twitter.com/RewardLoop,,,,,,,"Loyalty Programs, Mobile, Wireless",2,1-10,2,Early Stage Venture,"May 9, 2012",Series A,"$1,000,000","$1,000,000",Series A,"$1,250,000","$1,250,000",,2,,Private,,,,,info@rewardloop.com,604-783-4360,11,"31,728"
Inkd.com,https://www.crunchbase.com/organization/inkd,"Commerce and Shopping, Content and Publishing, Media and Entertainment","Seattle, Washington, United States",Inkd.com is focused on creating an online market for the cutting edge print designs in the business sector.,"33,375",Western United States,Active,2008,,For Profit,http://inkd.com,,,http://twitter.com/zapdapp,,,,,,,"E-Commerce, Printing",2,,3,Early Stage Venture,"Jun 28, 2011",Series B,"$3,500,000","$3,500,000",Series B,"$5,600,000","$5,600,000",2,19,,Private,,,,,,,2,"32,255"
Searchandise Commerce,https://www.crunchbase.com/organization/searchandise,"Advertising, Sales and Marketing","Beverly, Massachusetts, United States",Searchandise allows manufacturers to make cost per click bids from retailers.,"34,120","New England, Northeastern United States",Active,Jan 2000,,For Profit,http://www.searchandise.net,https://www.linkedin.com/company-beta/323588/,https://www.facebook.com/SearchandiseCommerce/,https://twitter.com/searchandise,,,,,,,"Advertising, Marketing, Service Industry",,11-50,4,M&A,"Apr 13, 2010",Venture - Series Unknown,"$7,000,000","$7,000,000",Venture - Series Unknown,"$18,500,000","$18,500,000",2,7,Was Acquired,Private,,,,,media@searchandise.net,+1 (978) 712-4553,4,"32,970"
Corensic,https://www.crunchbase.com/organization/petravm,"Information Technology, Software","Seattle, Washington, United States",Corensic provides software and run-time tools that enable developers and IT organizations to build and deploy concurrent applications.,"37,682",Western United States,Closed,2008,,,http://www.corensic.com,,,http://twitter.com/Corensic,,,,,,,"Enterprise Software, Information Services, Information Technology",3,11-50,2,Early Stage Venture,"Jan 13, 2011",Series A,"$4,500,000","$4,500,000",Series A,"$6,000,000","$6,000,000",,3,,Private,,,,,support@corensic.com,,5,"36,415"
Nimbic,https://www.crunchbase.com/organization/physware,"Consumer Electronics, Design, Hardware, Information Technology, Internet Services, Software","Mountain View, California, United States",Nimbic provides electronic design automation (EDA) and enables high-speed and high-capacity 3D electromagnetic signal and power integrity.,"38,794","San Francisco Bay Area, Silicon Valley, Western United States",Active,Jun 2006,,For Profit,http://www.nimbic.com,https://www.linkedin.com/company/mentor_graphics,https://www.facebook.com/nvidia,http://twitter.com/nimbic,,,,,,,"Cloud Computing, EDA, Electronics, Enterprise Software, Information Technology, Product Design, SaaS",1,11-50,4,M&A,"Jan 1, 2012",Venture - Series Unknown,"$444,000","$444,000",Venture - Series Unknown,"$9,844,000","$11,544,000",3,3,Was Acquired,Private,,,,,,650-262-4124,1,"37,492"
SchemaLogic,https://www.crunchbase.com/organization/schemalogic,"Information Technology, Software","Kirkland, Washington, United States",SchemaLogic provides business semantics management solutions for enterprises.,"39,801",Western United States,Active,2001,,,http://www.schemalogic.com,https://www.linkedin.com/company-beta/30011/,https://www.facebook.com/smartlogic.semaphore,http://twitter.com/SchemaLogic,,,,,,,"Business Information Systems, Enterprise, Enterprise Software",2,51-100,3,M&A,"Apr 20, 2010",Debt Financing,"$1,287,288","$12,800,000",Series C,"$17,400,000","$18,687,288",3,6,Was Acquired,Private,,,,,marketing@smartlogic.com,425-885-9695,3,"38,458"
Mobilisafe,https://www.crunchbase.com/organization/mobilisafe,"Mobile, Privacy and Security","Seattle, Washington, United States",Mobilisafe provides security solutions for companies to manage the risk of personal mobile devices coming to their corporate networks.,"40,111",Western United States,Active,2010,,,http://mobilisafe.com,https://www.linkedin.com/company/39624,https://www.facebook.com/gorapid7,http://twitter.com/mobilisafe,,,,,,,"Mobile, Security",2,1-10,1,M&A,"May 1, 2011",Venture - Series Unknown,"$1,200,000","$1,200,000",Venture - Series Unknown,"$1,200,000","$1,200,000",2,2,Was Acquired,Private,,,,,info@rapid7.com,206-651-4024,9,"38,759"
Farecast,https://www.crunchbase.com/organization/farecast,"Transportation, Travel and Tourism","Seattle, Washington, United States",Farecast is an online service that provides users with intelligent airfare predictions.,"41,822",Western United States,Active,2003,,,http://www.farecast.com/,,,http://twitter.com/fareologist,,,,,,,"Tourism, Transportation, Travel",2,11-50,3,M&A,"Jan 1, 2007",Series C,"$12,100,000","$12,100,000",Series C,"$20,600,000","$20,600,000",3,6,Was Acquired,Private,,,,,,,234,"40,391"
Off & Away,https://www.crunchbase.com/organization/off-away,Travel and Tourism,"Seattle, Washington, United States",ADOR is a fashion and beauty platform for posting pictures and sharing entertainment information.,"42,132",Western United States,Active,"Dec 1, 2009",,,http://www.offandaway.com,,,http://twitter.com/offnaway,,,,,,,Travel,2,11-50,2,M&A,"Oct 21, 2010",Venture - Series Unknown,"$2,000,000","$2,000,000",Venture - Series Unknown,"$3,250,000","$3,250,000",1,1,Was Acquired,Private,,,,,,877-966-2929,9,"40,695"
Union Bay Networks,https://www.crunchbase.com/organization/union-bay-networks,"Data and Analytics, Design, Hardware, Information Technology, Internet Services, Software","Seattle, Washington, United States",Union Bay Networks provides solutions that enable networking for cloud computing and software-defined data centers.,"44,503",Western United States,Active,2013,,For Profit,http://www.unionbaynetworks.com,https://www.linkedin.com/company/union-bay-networks,,,,,,,,,"Cloud Infrastructure, Data Visualization, Software",4,1-10,1,M&A,"Jul 15, 2013",Seed,"$1,850,000","$1,850,000",Seed,"$1,850,000","$1,850,000",,4,Was Acquired,Private,,,,,info@unionbaynetworks.com,,11,"42,952"
Isilon Systems,https://www.crunchbase.com/organization/isilon,"Internet Services, Media and Entertainment","Seattle, Washington, United States",Isilon Systems is a provider of intelligent clustered storage systems for digital content.,"74,423",Western United States,Active,2001,,For Profit,http://www.isilon.com,,https://www.facebook.com/emccorp,https://www.twitter.com/isilon_nick,,,,,,,"Cloud Storage, Content, Web Hosting",1,,5,M&A,"Jul 24, 2006",Series E,"$10,000,000","$10,000,000",Series E,"$68,900,000","$68,900,000",4,6,Was Acquired,Delisted,"Dec 16, 2006","Nov 15, 2010","$108,000,000","$780,000,000",info@isilon.com,,121,"70,849"
Local Marketers,https://www.crunchbase.com/organization/local-marketers,"Advertising, Sales and Marketing","Seattle, Washington, United States",Local Marketers provides advertising services to small and medium companies.,"75,083",Western United States,Closed,2005,,,http://www.localmarketers.com,,,,,,,,,,Advertising,,11-50,2,Early Stage Venture,"Jul 30, 2008",Series A,"$4,099,999","$4,099,999",Series A,"$4,699,999","$4,699,999",1,1,,Private,,,,,clientservice@localmarketers.com,1 (800) 506-1527 ,2,"71,444"
Bevy,https://www.crunchbase.com/organization/bevy,"Internet Services, Media and Entertainment","Seattle, Washington, United States",Bevy is a social merchandising service that enables women to discuss and discover fashion with similar users.,"114,008",Western United States,Closed,"Sep 27, 2007","Aug 1, 2013",,http://www.BevyInc.com,,,,,,,,,,Social Media,,1-10,1,Seed,"Oct 1, 2007",Seed,"$1,200,000","$1,200,000",Seed,"$1,200,000","$1,200,000",,2,,Private,,,,,info@BevyInc.com,206-674-3000,,"106,200"
iConclude,https://www.crunchbase.com/organization/iconclude,"Information Technology, Software","Bellevue, Washington, United States","iConclude provides runbook automation, alert response, and process integration solutions for IT companies.","126,182",Western United States,Active,2005,,,http://iconcloud.co.uk,,,http://twitter.com/Iconcloud,,,,,,,"Enterprise, Enterprise Software, Information Technology",1,1-10,3,M&A,"Apr 10, 2006",Series B,"$9,000,000","$9,000,000",Series B,"$12,500,000","$12,500,000",3,3,Was Acquired,Private,,,,,,425-828-7141,18,"117,126"
SourceLabs,https://www.crunchbase.com/organization/sourcelabs,"Internet Services, Platforms, Software","Seattle, Washington, United States",SourceLabs is a provider of a set of tools and services used to support open source software.,"175,331",Western United States,Closed,2004,"Feb 24, 2009",,http://www.sourcelabs.com,,,,,,,,,,"Linux, Open Source, Software, Web Hosting",1,1-10,2,M&A,"Oct 1, 2006",Venture - Series Unknown,"$7,000,000","$7,000,000",Venture - Series Unknown,"$10,700,000","$10,700,000",1,3,Was Acquired,Private,,,,,info@sourcelabs.com,206-322-0099,17,"161,697"
vLinx,https://www.crunchbase.com/organization/vlinx,Software,"Vancouver, British Columbia, Canada",Web-based Sourcing Platform,"267,485",,Active,2000,,For Profit,http://www.vlinx.com,,,,,,,,,,"SaaS, Web Development",,11-50,1,M&A,"May 2, 2000",Series B,"$10,000,000","$10,000,000",Series B,"$10,000,000","$10,000,000",1,3,Was Acquired,Private,,,,,info@vlinx.com,(604)601-8262,2,"246,640"
WorldCatch.com,https://www.crunchbase.com/organization/worldcatch-com,Internet Services,"Seattle, Washington, United States","WorldCatch.com, an online marketplace for the global seafood industry.","269,985",Western United States,Active,2000,,For Profit,http://www.worldcatch.com,,,,,,,,,,Internet,,,2,,"Aug 21, 2000",Venture - Series Unknown,"$4,200,000","$4,200,000",Venture - Series Unknown,"$12,399,999","$12,399,999",2,3,Made Acquisitions,Private,,,,,,206-284-7400,,"248,941"
CTC Technical Fabrics,https://www.crunchbase.com/organization/ctc-technical-fabrics,Manufacturing,"Changzhou, Zhejiang, China","Founded in 2008 and based in Changzhou, CTC supplies wind blade manufacturers with low-cost, high-quality glass fiber reinforcement","297,736",,Active,2008,,,,,,,,,,,,,Manufacturing,,,1,Early Stage Venture,"Jan 25, 2010",Series A,,,Series A,,,1,5,,Private,,,,,,,,"274,679"
SeaDragon Software,https://www.crunchbase.com/organization/seadragon-software,Software,"Princeton, New Jersey, United States",Seadragon is a web-optimized visualization technology that allows graphics and photos to be browsed smoothly regardless of their size.,"322,036",Northeastern United States,Active,2003,,,,,,,,,,,,,Software,,,2,M&A,"Jun 1, 2005",Series B,"$2,000,000","$2,000,000",Series B,"$6,000,000","$6,000,000",1,2,Was Acquired,Private,,,,,,,,"297,280"
