Organization Name,Organization Name URL,Category Groups,Headquarters Location,Description,CB Rank (Organization),Headquarters Regions,Operating Status,Founded Date,Closed Date,Company Type,Website,LinkedIn,Facebook,Twitter,Investor Type,Investment Stage,Number of Portfolio Organizations,Number of Investments,Number of Lead Investments,Number of Exits,Categories,Number of Founders,Number of Employees,Number of Funding Rounds,Funding Status,Last Funding Date,Last Funding Type,Last Funding Amount,Last Equity Funding Amount,Last Equity Funding Type,Total Equity Funding Amount,Total Funding Amount,Number of Lead Investors,Number of Investors,Acquisition Status,IPO Status,IPO Date,Delisted Date,Money Raised at IPO,Valuation at IPO,Contact Email,Phone Number,Number of Articles,CB Rank (Company)
Coinbase,https://www.crunchbase.com/organization/coinbase,"Commerce and Shopping, Financial Services, Payments, Software","San Francisco, California, United States",Coinbase is a digital currency wallet service that allows traders to buy and sell bitcoin.,5,"San Francisco Bay Area, Western United States",Active,"Jun 1, 2012",,For Profit,http://www.coinbase.com,http://www.linkedin.com/company/coinbase,http://www.facebook.com/Coinbase,http://twitter.com/coinbase,,,,,,,"Bitcoin, Blockchain, Cryptocurrency, E-Commerce, Ethereum, FinTech, Personal Finance, Virtual Currency",2,101-250,8,Late Stage Venture,"Aug 10, 2017",Series D,"$108,100,235","$108,100,235",Series D,"$225,309,825","$225,309,825",4,44,Made Acquisitions,Private,,,,,support@coinbase.com,1 (888) 908-7930,"2,151",5
"Kickstarter, PBC",https://www.crunchbase.com/organization/kickstarter,"Financial Services, Lending and Investments","Brooklyn, New York, United States","Kickstarter is a crowdfunding platform for creative projects such as movies, music, art, theater, games, comics, design, and photography.",66,"Great Lakes, Northeastern United States",Active,"Apr 28, 2009",,,https://www.kickstarter.com/,https://www.linkedin.com/company-beta/413999,http://www.facebook.com/Kickstarter,http://twitter.com/kickstarter,,,,,,,"Crowdfunding, Crowdsourcing, Finance, FinTech, Funding Platform",3,51-100,1,,"Mar 18, 2009",Venture - Series Unknown,"$10,000,000","$10,000,000",Venture - Series Unknown,"$10,000,000","$10,000,000",,19,Made Acquisitions,Private,,,,,,,"24,698",54
Cloudflare,https://www.crunchbase.com/organization/cloudflare,"Advertising, Data and Analytics, Internet Services, Privacy and Security, Sales and Marketing, Software","San Francisco, California, United States",Cloudflare is a web performance and security company that provides online services to protect and accelerate websites online.,70,"San Francisco Bay Area, Western United States",Active,"Jun 1, 2009",,For Profit,http://www.cloudflare.com,https://www.linkedin.com/company/cloudflare-inc-,http://www.facebook.com/Cloudflare,http://twitter.com/cloudflare,,,,,,,"Ad Server, Advertising, Analytics, Enterprise Software, Security, Web Hosting",3,251-500,5,Late Stage Venture,"Sep 22, 2015",Series D,"$110,000,000","$110,000,000",Series D,"$182,050,000","$182,050,000",5,11,Made Acquisitions,Private,,,,,info@cloudflare.com,16502307173,"1,500",58
SoundCloud,https://www.crunchbase.com/organization/soundcloud,"Apps, Media and Entertainment, Music and Audio, Software","Berlin, Germany, Europe",SoundCloud is a social sound platform where anyone can create and share sounds.,89,,Active,2007,,For Profit,http://www.soundcloud.com/,https://www.linkedin.com/company/200200?trk=tyah&trkInfo=clickedVertical%3Acompany%2CclickedEntityId%3A200200%2Cidx%3A2-1-4%2CtarId%3A1452550861806%2Ctas%3Asoundcloud,https://www.facebook.com/SoundCloud,http://twitter.com/soundcloud,,,,,,,"Apps, Independent Music, Music",2,251-500,9,Late Stage Venture,"Aug 11, 2017",Series F,"$169,500,000","$169,500,000",Series F,"$362,820,688","$467,820,688",10,16,Made Acquisitions,Private,,,,,contact@soundcloud.com,,"2,714",77
Twitter,https://www.crunchbase.com/organization/twitter,"Content and Publishing, Information Technology, Internet Services, Media and Entertainment, Messaging and Telecommunications","San Francisco, California, United States",Twitter is a global social networking platform that allows its users to send and read 140-character messages known as “tweets.”,118,"San Francisco Bay Area, Western United States",Active,"Mar 21, 2006",,For Profit,http://www.twitter.com/,http://www.linkedin.com/company/twitter,https://www.facebook.com/twitterinc,http://twitter.com/twitter,,,2,2,,,"Blogging Platforms, Messaging, SMS, Social Media",4,1001-5000,12,IPO,"Feb 17, 2015",Venture - Series Unknown,,,Venture - Series Unknown,"$1,060,166,511","$1,460,166,511",8,29,Made Acquisitions,Public,"Nov 7, 2013",,"$1,820,000,000","$24,565,826,402",press@twitter.com,,"269,135",104
Lending Club,https://www.crunchbase.com/organization/lendingclub,"Financial Services, Lending and Investments","San Francisco, California, United States",Lending Club is an online financial community that brings together creditworthy borrowers and savvy investors.,162,"San Francisco Bay Area, Western United States",Active,2007,,For Profit,https://lendingclub.com,http://www.linkedin.com/company/lending-club,http://www.facebook.com/LendingClubTeam,http://twitter.com/Lendingclub,,,,,,,"Consumer Lending, Credit, Finance, FinTech, Lending, Personal Finance",2,501-1000,14,IPO,"Apr 9, 2017",Post-IPO Equity,,,Post-IPO Equity,"$160,230,000","$392,230,000",8,23,Made Acquisitions,Public,"Dec 11, 2014",,"$865,500,000","$5,400,000,000",support@lendingclub.com,(888) 376-6642,"1,385",142
Shapeways,https://www.crunchbase.com/organization/shapeways,"Commerce and Shopping, Manufacturing","New York, New York, United States","Shapeways is the leading platform redefining product creation through services to design, make, and sell using 3D printing.",163,"Great Lakes, Northeastern United States",Active,"Mar 1, 2007",,,http://www.shapeways.com,https://www.linkedin.com/company/shapeways,https://www.facebook.com/shapeways,http://twitter.com/shapeways,,,1,1,,,"3D Printing, E-Commerce, Manufacturing, Marketplace",3,51-100,7,Late Stage Venture,"Apr 19, 2018",Series E,"$30,000,000","$30,000,000",Series E,"$106,300,000","$107,500,000",5,8,,Private,,,,,press@shapeways.com,,614,143
Twilio,https://www.crunchbase.com/organization/twilio,"Information Technology, Internet Services, Messaging and Telecommunications, Software","San Francisco, California, United States","Twilio is a cloud communication company that enables users to use standard web languages to build voice, VoIP, and SMS apps via a web API.",186,"San Francisco Bay Area, Western United States",Active,"Jun 30, 2008",,For Profit,http://www.twilio.com,https://www.linkedin.com/company/twilio-inc-,http://www.facebook.com/TeamTwilio,http://twitter.com/twilio,,,3,3,1,,"Enterprise Software, Internet, SMS, VoIP",3,501-1000,11,IPO,"Feb 15, 2018",Corporate Round,"$27,600,000",,Undisclosed,"$233,700,000","$261,300,000",6,26,Made Acquisitions,Public,"Jun 23, 2016",,"$150,000,000","$1,960,000,000",help@twilio.com,877.889.4546,"2,297",164
Duolingo,https://www.crunchbase.com/organization/duolingo,"Education, Internet Services, Software","Pittsburgh, Pennsylvania, United States",Duolingo is a free language education platform that gamifies every lessons available in over 20 languages.,211,"Great Lakes, Northeastern United States",Active,2011,,For Profit,https://www.duolingo.com,https://www.linkedin.com/company/duolingo,https://www.facebook.com/duolingo,https://twitter.com/duolingo,,,,,,,"E-Learning, Education, Internet, Language Learning",2,51-100,5,Late Stage Venture,"Jul 25, 2017",Series E,"$25,000,000","$25,000,000",Series E,"$108,300,000","$108,300,000",4,10,,Private,,,,,press@duolingo.com,(412) 567-6602,616,189
Funding Circle,https://www.crunchbase.com/organization/funding-circle,Financial Services,"London, England, United Kingdom","Funding Circle is a lending platform focused exclusively on small businesses operating in in the U.S., the U.K. and Continental Europe.",223,,Active,"Aug 13, 2010",,For Profit,http://www.fundingcircle.com,https://www.linkedin.com/company-beta/2422602/,https://www.facebook.com/FundingCircleUS,http://twitter.com/FundingCircleUK,,,4,4,1,,"Finance, Financial Services, FinTech, Personal Finance",5,501-1000,8,Late Stage Venture,"Jan 11, 2017",Series F,"$100,000,000","$100,000,000",Series F,"$373,235,731","$413,235,731",6,14,Made Acquisitions,Private,,,,,contactus@fundingcircle.com,+02074019111,835,201
Edmodo,https://www.crunchbase.com/organization/edmodo,"Content and Publishing, Education, Internet Services, Media and Entertainment, Software","San Mateo, California, United States",Edmodo is a global education network that connects all learners with the people and resources they need to reach their full potential.,236,"San Francisco Bay Area, Silicon Valley, Western United States",Active,"Sep 2, 2008",,For Profit,http://www.edmodo.com,https://www.linkedin.com/company/edmodo,http://www.facebook.com/edmodo,http://twitter.com/edmodo,,,,,,,"Blogging Platforms, EdTech, Education, Social Media",3,51-100,6,M&A,"Sep 6, 2015",Venture - Series Unknown,,,Venture - Series Unknown,"$77,500,000","$77,500,000",3,12,"Made Acquisitions, Was Acquired",Private,,,,,contact@edmodo.com,,241,213
Stash,https://www.crunchbase.com/organization/stash-5,Financial Services,"New York, New York, United States",Stash is a New York-based digital investment platform.,339,"Great Lakes, Northeastern United States",Active,"Feb 19, 2015",,For Profit,http://www.stashinvest.com,https://www.linkedin.com/company/stashinvest,https://www.facebook.com/pages/Stash/855127181245284,https://twitter.com/stash,,,,,,,"Finance, Financial Services, FinTech, Personal Finance",3,101-250,6,Late Stage Venture,"Feb 12, 2018",Series D,"$37,500,000","$37,500,000",Series D,"$116,250,000","$116,250,000",4,7,,Private,,,,,support@stashinvest.com,(212)313-9547,56,308
Blockstack,https://www.crunchbase.com/organization/blockstack-inc,"Financial Services, Payments, Software","New York, New York, United States",Blockstack is a new internet for decentralized apps where users own their data directly.,386,"Great Lakes, Northeastern United States",Active,2013,,For Profit,https://blockstack.org/,https://www.linkedin.com/company/blockstack-labs,https://www.facebook.com/blockstack,https://www.twitter.com/blockstack,,,1,1,,,"Bitcoin, Developer Platform, Open Source",2,,5,,"Dec 4, 2017",Initial Coin Offering,"$52,800,000","$52,800,000",Initial Coin Offering,"$58,250,000","$58,250,000",2,23,,Private,,,,,,,18,353
 CryptoKitties,https://www.crunchbase.com/organization/cryptokitties,"Apps, Financial Services, Gaming, Internet Services, Mobile, Payments, Software","Vancouver, British Columbia, Canada",CryptoKitties is a game that enables users to collect and breed virtual cats on the blockchain.,411,,Active,"Jun 12, 2017",,For Profit,https://www.cryptokitties.co/,https://www.linkedin.com/company/18346481/,https://www.facebook.com/CryptoKitties/,https://twitter.com/cryptokitties,,,,,,,"Blockchain, Cryptocurrency, Internet, Mobile Apps, Online Games",8,11-50,2,Early Stage Venture,"Mar 21, 2018",Series A,"$12,000,000","$12,000,000",Series A,"$12,000,000","$12,000,000",2,17,,Private,,,,,meow@cryptokitties.co,,5,376
Clarifai,https://www.crunchbase.com/organization/clarifai,"Artificial Intelligence, Data and Analytics, Hardware, Internet Services, Science and Engineering, Software","New York, New York, United States",Clarifai provides advanced image recognition systems for customers to detect near-duplicates and visual searches.,446,"Great Lakes, Northeastern United States",Active,2013,,For Profit,http://clarifai.com/,https://www.linkedin.com/company/clarifai,http://www.facebook.com/Clarifai,http://twitter.com/clarifai,,,,,,,"Artificial Intelligence, Computer Vision, Developer APIs, Enterprise, Image Recognition, Machine Learning, Software, Visual Search",1,11-50,2,Early Stage Venture,"Oct 25, 2016",Series B,"$30,000,000","$30,000,000",Series B,"$40,000,000","$40,000,000",2,12,,Private,,,,,info@clarifai.com,,180,409
Kik,https://www.crunchbase.com/organization/kik-interactive,"Hardware, Information Technology, Internet Services, Media and Entertainment, Messaging and Telecommunications, Mobile","Waterloo, Ontario, Canada","Kik lets users connect with friends, groups, and the world around them through chat.",486,Great Lakes,Active,2009,,For Profit,http://kik.com/,http://www.linkedin.com/company/kik-interactive-inc,http://www.facebook.com/kikplaynice,http://twitter.com/kik,,,,,,,"Messaging, Mobile, Social Media, Video Chat, Wireless",2,101-250,6,,"Aug 29, 2017",Initial Coin Offering,"$97,500,000","$97,500,000",Initial Coin Offering,"$218,000,000","$218,000,000",3,15,Made Acquisitions,Private,,,,,press@kik.com,,"1,421",448
Etsy,https://www.crunchbase.com/organization/etsy,"Commerce and Shopping, Sales and Marketing","Brooklyn, New York, United States",Etsy is an e-commerce site and a smartphone application for buying and selling handmade and vintage items.,507,"Great Lakes, Northeastern United States",Active,"Jun 18, 2005",,For Profit,https://www.etsy.com,http://www.linkedin.com/company/etsy,http://www.facebook.com/Etsy,http://twitter.com/Etsy,,,,,,,"E-Commerce, Marketplace, Sales",4,501-1000,9,IPO,"May 15, 2017",Post-IPO Equity,,,Post-IPO Equity,"$97,256,127","$97,256,127",3,19,Made Acquisitions,Public,"Apr 1, 2015",,"$266,700,000","$1,775,400,000",press@etsy.com,,"4,462",467
BlockTower Capital,https://www.crunchbase.com/organization/blocktower-capital,"Financial Services, Payments, Software",,"A leading cryptocurrency investment firm, bringing professional trading and portfolio management to an emerging digital asset class.",544,,Active,2017,,,https://blocktower.com/,https://www.linkedin.com/company/11186126/,,,,,3,3,,,Cryptocurrency,1,,1,,"Jan 4, 2018",Venture - Series Unknown,"$140,000,000","$140,000,000",Venture - Series Unknown,"$140,000,000","$140,000,000",2,2,,Private,,,,,,,1,
"TargetSpot, Inc.",https://www.crunchbase.com/organization/targetspot,"Advertising, Media and Entertainment, Music and Audio, Sales and Marketing","New York, New York, United States","TargetSpot is an internet radio advertising network that uses premium inventory, precision targeting, and various advertising formats.",654,"Great Lakes, Northeastern United States",Active,2007,,,http://www.targetspot.com,https://www.linkedin.com/company-beta/440648/?pathWildcard=440648,http://www.facebook.com/pages/TargetSpot/20924866007,http://twitter.com/TargetSpot,,,,,,,"Ad Network, Advertising, Digital Media, Music",1,11-50,3,Late Stage Venture,"Jan 11, 2011",Series C,"$8,000,000","$8,000,000",Series C,"$20,190,000","$20,190,000",1,6,,Private,,,,,info@targetspot.com,212.631.0500,333,609
Zynga,https://www.crunchbase.com/organization/zynga,"Gaming, Mobile","San Francisco, California, United States","Zynga makes online social and mobile games. Four years after its founding, Zynga had grown to over $1 billion in revenue and IPO'd in 2011.",656,"San Francisco Bay Area, Western United States",Active,"Apr 1, 2007",,For Profit,http://www.zynga.com,http://www.linkedin.com/company/zynga,http://www.facebook.com/Zynga,http://twitter.com/zynga,,,,,,,"Gaming, Mobile, PC Games",4,1001-5000,9,IPO,"Feb 18, 2011",Series C,"$490,000,000","$490,000,000",Series C,"$866,550,786","$866,550,786",4,21,Made Acquisitions,Public,"Dec 16, 2011",,"$1,000,000,000","$6,990,000,000",,(855)449-9642,"9,280",611
Top Hat,https://www.crunchbase.com/organization/tophat,"Data and Analytics, Design, Education, Mobile, Software","Toronto, Ontario, Canada",Top Hat’s interactive software helps college professors quickly activate classrooms by engaging students over their own devices,791,Great Lakes,Active,"Mar 17, 2009",,For Profit,http://tophat.com,http://www.linkedin.com/company/top-hat-monocle,https://www.facebook.com/tophatu,http://twitter.com/tophat,,,,,,,"EdTech, Education, Market Research, Mobile",2,251-500,6,Late Stage Venture,"Jun 14, 2017",Series C,"$7,500,000","$7,500,000",Series C,"$49,400,000","$49,400,000",6,10,,Private,,,,,press@tophatmonocle.com,800 256 6027,38,739
Foursquare,https://www.crunchbase.com/organization/foursquare,"Advertising, Apps, Community and Lifestyle, Data and Analytics, Internet Services, Media and Entertainment, Mobile, Navigation and Mapping, Software","New York, New York, United States",Foursquare is a local search and discovery service mobile app that provides its users with personalized local search experiences.,990,"Great Lakes, Northeastern United States",Active,"Mar 1, 2009",,For Profit,https://foursquare.com,https://www.linkedin.com/company/foursquare,https://www.facebook.com/foursquare,https://twitter.com/foursquare,,,,,,,"Advertising Platforms, Apps, Big Data, Guides, Location Based Services, Mobile, Private Social Networking",2,101-250,7,Late Stage Venture,"Jan 14, 2016",Series E,"$45,000,000","$45,000,000",Series E,"$166,350,000","$207,350,000",3,20,,Private,,,,,,,"8,699",930
CircleUp,https://www.crunchbase.com/organization/circleup,"Financial Services, Lending and Investments","San Francisco, California, United States","CircleUp is an investment marketplace for innovative, early-stage consumer product and retail businesses.","1,030","San Francisco Bay Area, Western United States",Active,"Apr 18, 2012",,,http://circleup.com,http://www.linkedin.com/company/73526,http://www.facebook.com/pages/Circleup/244082675658727,http://twitter.com/CircleUp,Venture Capital,,45,55,9,2,"Finance, Funding Platform, Venture Capital",2,11-50,5,Late Stage Venture,"Nov 11, 2015",Series C,"$30,000,000","$30,000,000",Series C,"$53,000,000","$53,000,000",3,17,,Private,,,,,jobs@circleup.com,,219,970
Wattpad,https://www.crunchbase.com/organization/wattpad,"Internet Services, Media and Entertainment, Mobile","Toronto, Ontario, Canada",Wattpad is a free app that lets people discover and share stories about the things they love.,"1,124",Great Lakes,Active,"Dec 11, 2006",,For Profit,http://www.wattpad.com,http://www.linkedin.com/company/wattpad,http://www.facebook.com/wattpad,http://twitter.com/wattpad,,,,,,,"Digital Media, Mobile, Social Media",2,101-250,8,,"Jan 17, 2018",Venture - Series Unknown,"$51,000,000","$51,000,000",Venture - Series Unknown,"$157,904,271","$157,904,271",4,16,,Private,,,,,,,410,"1,055"
Splice,https://www.crunchbase.com/organization/splice,"Media and Entertainment, Music and Audio","New York, New York, United States","Splice streamlines the fragmented process of creating and sharing music, allowing musicians to focus on the creative process.","1,132","Great Lakes, Northeastern United States",Active,2013,,For Profit,http://splice.com,http://www.linkedin.com/company/splice-com,http://www.facebook.com/spliceofficial,http://twitter.com/splice,,,,,,,"Collaboration, Media and Entertainment, Music",2,11-50,4,Early Stage Venture,"Dec 14, 2017",Series B,"$35,000,000","$35,000,000",Series B,"$47,249,998","$47,249,998",3,18,Made Acquisitions,Private,,,,,beta@splice.com,,16,"1,062"
RealtyShares,https://www.crunchbase.com/organization/realtyshares,"Financial Services, Real Estate","San Francisco, California, United States",RealtyShares is an online marketplace for real estate investing.,"1,308","San Francisco Bay Area, Western United States",Active,"Apr 1, 2013",,For Profit,http://www.realtyshares.com,http://www.linkedin.com/company/realtyshares,http://www.facebook.com/RealtyShares,http://twitter.com/realtyshares,,,,,,,"Crowdfunding, Financial Services, Real Estate, Real Estate Investment",3,51-100,9,Late Stage Venture,"Sep 14, 2017",Series C,"$28,000,000","$28,000,000",Series C,"$63,700,000","$105,600,000",5,12,,Private,,,,,contact@realtyshares.com,(866) 202-2023,97,"1,231"
Stack Overflow,https://www.crunchbase.com/organization/stack-overflow,"Community and Lifestyle, Media and Entertainment, Professional Services","New York, New York, United States",Stack Overflow is a question and answer website for professional and enthusiast programmers.,"1,335","Great Lakes, Northeastern United States",Active,"Jul 1, 2008",,For Profit,http://www.stackoverflow.com,http://www.linkedin.com/company/stack-overflow,http://www.facebook.com/stackexchange,http://twitter.com/stackexchange,,,,,,,"Media and Entertainment, Q&A, Recruiting",2,251-500,4,Late Stage Venture,"Jan 20, 2015",Series D,"$40,000,000","$40,000,000",Series D,"$68,000,000","$68,000,000",5,15,,Private,,,,,team@stackoverflow.com,(212)232-8280,610,"1,256"
ShopShops,https://www.crunchbase.com/organization/shopshops,,"Beijing, Beijing, China","ShopShops is a livestream, interactive global shopping marketplace.","1,339",,Active,2016,,For Profit,http://www.shopshops.com.cn/en,,https://www.facebook.com/shopshops.cn,,,,,,,,,1,,2,Seed,"Apr 4, 2018",Seed,"$6,100,000","$6,100,000",Seed,"$6,100,000","$6,100,000",,6,,Private,,,,,liyiawu@shopshops.com.cn,+8613601061887,2,"1,260"
MongoDB,https://www.crunchbase.com/organization/mongodb-inc,"Data and Analytics, Internet Services, Software","New York, New York, United States",MongoDB is a next-generation database that helps businesses transform their industries by harnessing the power of data.,"1,345","Great Lakes, Northeastern United States",Active,"Nov 1, 2007",,For Profit,http://www.mongodb.com,http://www.linkedin.com/company/783611,http://www.facebook.com/mongodb,http://twitter.com/mongodb,,,,,,,"Cloud Computing, Database, Open Source, PaaS",3,501-1000,11,IPO,"Mar 6, 2018",Post-IPO Equity,,,Post-IPO Equity,"$311,000,000","$311,000,000",9,15,Made Acquisitions,Public,"Oct 19, 2017",,"$256,000,000","$1,570,000,000",info@mongodb.com,(866) 237-8815,"2,092","1,266"
Carta,https://www.crunchbase.com/organization/eshares,"Financial Services, Internet Services, Software","Palo Alto, California, United States","Carta is a network of companies, investors, and employees who are connected by ownership.","1,372","San Francisco Bay Area, Silicon Valley, Western United States",Active,2012,,For Profit,http://carta.com,http://www.linkedin.com/company/eshares-inc-,http://www.facebook.com/esharesinc,https://twitter.com/cartainc,,,,,,,"Enterprise Software, Finance, FinTech, Internet",2,251-500,7,Late Stage Venture,"Oct 11, 2017",Series C,"$42,000,000","$42,000,000",Series C,"$67,800,000","$67,800,000",4,34,,Private,,,,,support@carta.com,(650)669-8381,33,"1,291"
Science Exchange,https://www.crunchbase.com/organization/science-exchange,"Commerce and Shopping, Professional Services","Palo Alto, California, United States","Science Exchange is a marketplace for scientific collaboration, where researchers can order experiments from the world's best labs.","1,436","San Francisco Bay Area, Silicon Valley, Western United States",Active,"May 1, 2011",,For Profit,http://scienceexchange.com,https://www.linkedin.com/company/science-exchange,https://www.facebook.com/scienceexchange,http://twitter.com/scienceexchange,,,,,,,"Consulting, Marketplace, Outsourcing",3,51-100,5,Late Stage Venture,"Jun 29, 2017",Series C,"$28,000,000","$28,000,000",Series C,"$58,500,000","$58,500,000",4,27,Made Acquisitions,Private,,,,,team@scienceexchange.com,855-467-2439,91,"1,353"
SigFig,https://www.crunchbase.com/organization/sigfig,"Financial Services, Professional Services","San Francisco, California, United States",SigFig is the easiest way to manage your money - simply connect your accounts and we will tailor a portfolio based on your goals.,"1,701","San Francisco Bay Area, Western United States",Active,2007,,For Profit,http://www.sigfig.com,,http://www.facebook.com/SigFigInsights,http://twitter.com/sigfiginsights,,,,,,,"Accounting, Finance, Financial Services",2,51-100,5,Late Stage Venture,"May 24, 2016",Series D,"$33,000,000","$33,000,000",Series D,"$60,000,000","$67,000,000",2,8,,Private,,,,,contact@sigfig.com,415-558-9611,150,"1,607"
OB1,https://www.crunchbase.com/organization/ob1,"Commerce and Shopping, Financial Services, Lending and Investments, Payments, Software","Centreville, Virginia, United States","OB 1 allows anyone in the world to buy and sell anything to anyone else, anywhere, for free.","1,771",Southern United States,Active,"Apr 24, 2015",,For Profit,http://ob1.io,https://www.linkedin.com/company/9552512,,https://twitter.com/ob1company,,Early Stage Venture,1,1,,,"Bitcoin, Cryptocurrency, E-Commerce, Trading Platform",3,11-50,4,Early Stage Venture,"Mar 13, 2018",Series A,"$5,000,000","$5,000,000",Series A,"$10,500,000","$10,500,000",1,7,,Private,,,,,,,14,"1,674"
Quizlet,https://www.crunchbase.com/organization/quizlet,"Education, Internet Services, Software","San Francisco, California, United States",Quizlet is a consumer learning platform that uses activities and games to help students practice and master what they're learning.,"1,854","San Francisco Bay Area, Western United States",Active,"Jan 17, 2007",,For Profit,https://quizlet.com,https://www.linkedin.com/company/807920?trk=prof-exp-company-name,https://facebook.com/quizlet,https://twitter.com/quizlet,,,,,,,"EdTech, Education, Internet, Knowledge Management",1,51-100,2,Early Stage Venture,"Feb 6, 2018",Series B,"$20,000,000","$20,000,000",Series B,"$32,000,000","$32,000,000",3,5,,Private,,,,,info@quizlet.com,(510) 495-6550,60,"1,754"
Hailo,https://www.crunchbase.com/organization/hailo,"Apps, Data and Analytics, Internet Services, Mobile, Navigation and Mapping, Software, Transportation","London, England, United Kingdom",Hailo is an easy-to-use free smartphone app that allows passengers to get a taxi or licensed car quicker.,"1,879",,Active,2010,,For Profit,http://hailocab.com,http://www.linkedin.com/company/hailo,http://www.facebook.com/HailoCab,http://twitter.com/hailo,,,,,,,"Apps, Automotive, Location Based Services, Mobile, Real Time, Transportation",6,51-100,4,M&A,"Jan 20, 2014",Series C,"$50,000,000","$50,000,000",Series C,"$100,600,000","$100,600,000",4,14,Was Acquired,Private,,,,,info@hailocab.com,44 77 7083 2807,691,"1,778"
Firebase,https://www.crunchbase.com/organization/firebase,"Apps, Hardware, Internet Services, Mobile, Software","San Francisco, California, United States","Firebase is Google's mobile platform. Build and grow your iOS, Android, or Web app with Firebase.","1,890","San Francisco Bay Area, Western United States",Active,"Sep 1, 2011",,For Profit,http://www.firebase.com,http://www.linkedin.com/company/firebase,http://www.facebook.com/Firebase,http://twitter.com/Firebase,,,,,,,"Cloud Infrastructure, Developer APIs, Developer Tools, Enterprise Software, Mobile Apps, Real Time",2,101-250,3,M&A,"Jun 20, 2013",Series A,"$5,600,000","$5,600,000",Series A,"$7,000,000","$7,000,000",2,10,Was Acquired,Private,,,,,info@firebase.com,408-400-3656,102,"1,788"
C2FO,https://www.crunchbase.com/organization/c2fo,"Commerce and Shopping, Financial Services, Payments, Software","Leawood, Kansas, United States",C2FO is an online B2B marketplace for working capital.,"2,172",Midwestern United States,Active,"Feb 1, 2008",,For Profit,http://c2fo.com,http://www.linkedin.com/company/c2fo,http://www.facebook.com/C2FOMarketplace,http://twitter.com/c2fo,,,,,,,"B2B, Enterprise Software, Marketplace, Payments",2,101-250,6,Late Stage Venture,"Feb 27, 2018",Series F,"$100,000,000","$100,000,000",Series F,"$197,700,000","$197,700,000",4,11,,Private,,,,,sales.support@c2fo.com,(877) 465-4045,9,"2,065"
PayJoy,https://www.crunchbase.com/organization/payjoy,"Financial Services, Mobile","San Francisco, California, United States",PayJoy provides smartphone-enabled consumer financing solutions.,"2,186","San Francisco Bay Area, Western United States",Active,2015,,For Profit,https://www.payjoy.com,https://www.linkedin.com/company/6380200,https://www.facebook.com/PayJoyInc/,https://twitter.com/payjoy,,,,,,,"Financial Services, FinTech, Mobile",4,51-100,7,Early Stage Venture,"Jan 30, 2018",Debt Financing,"$4,000,000","$8,000,000",Series B,"$20,500,000","$35,150,000",5,34,,Private,,,,,info@payjoy.com,(888) 360-5651,18,"2,079"
Tumblr Inc.,https://www.crunchbase.com/organization/tumblr,"Content and Publishing, Internet Services, Media and Entertainment","New York, New York, United States","Tumblr, a microblogging platform and social networking website, enables users to post multimedia and other content to a short-form blog.","2,398","Great Lakes, Northeastern United States",Active,"Feb 1, 2007",,For Profit,http://tumblr.com,http://www.linkedin.com/company/tumblr,http://www.facebook.com/tumblr,http://twitter.com/tumblr,,,,,,,"Blogging Platforms, Collaboration, Social Media, Social Network",1,251-500,7,M&A,"Mar 23, 2012",Series A,,,Series A,"$125,250,000","$125,250,000",4,13,Was Acquired,Private,,,,,,,"11,542","2,281"
DroneBase,https://www.crunchbase.com/organization/dronebase,"Consumer Electronics, Consumer Goods, Hardware, Navigation and Mapping, Real Estate","Santa Monica, California, United States","DroneBase is a large network of drone pilots, highly engaged by streams of commercial and creative activities, creating value for economy.","2,437",Western United States,Active,2014,,For Profit,http://dronebase.com,https://www.linkedin.com/company/6403865?trk=prof-exp-company-name,https://www.facebook.com/DroneBaseInc,https://twitter.com/dronebase,,,,,,,"Construction, Drones, Mapping Services",2,11-50,4,Early Stage Venture,"Feb 15, 2018",Series B,"$12,000,000","$12,000,000",Series B,"$18,957,370","$18,957,370",2,10,,Private,,,,,contact@dronebase.com,(415) 969-7422,16,"2,319"
Dwolla,https://www.crunchbase.com/organization/dwolla,"Financial Services, Lending and Investments, Mobile, Payments, Professional Services, Software","Des Moines, Iowa, United States",Dwolla is an enterprise payments solution that connects businesses to the United States banking system. ,"2,499",Midwestern United States,Active,"Jun 16, 2008",,For Profit,http://www.dwolla.com,http://www.linkedin.com/company/dwolla,http://www.facebook.com/dwolla,http://twitter.com/dwolla,,,,,,,"Accounting, Banking, Developer APIs, Financial Services, FinTech, Mobile Payments, Payments",2,51-100,8,,"Feb 12, 2018",Venture - Series Unknown,"$12,000,000","$12,000,000",Venture - Series Unknown,"$51,300,000","$51,355,000",4,13,,Private,,,,,support@dwolla.com,,446,"2,379"
Skillshare,https://www.crunchbase.com/organization/skillshare,"Commerce and Shopping, Education, Software","New York, New York, United States","An online learning community where anyone can discover, take, or even teach a class.","2,506","Great Lakes, Northeastern United States",Active,"Dec 1, 2010",,For Profit,http://skillshare.com,,http://www.facebook.com/skillshare,http://twitter.com/skillshare,,,,,,,"E-Commerce, E-Learning, EdTech, Education",2,51-100,5,Early Stage Venture,"May 26, 2016",Series B,"$12,000,000","$12,000,000",Series B,"$22,750,168","$22,750,168",5,17,,Private,,,,,hello@skillshare.com,212-219-3670,189,"2,386"
Codecademy,https://www.crunchbase.com/organization/codecademy,"Education, Mobile","New York, New York, United States",Codecademy is a free web- and mobile-based platform that teaches employable digital skills to millions of users worldwide.,"2,784","Great Lakes, Northeastern United States",Active,2011,,For Profit,http://www.codecademy.com,http://www.linkedin.com/company/codecademy,http://www.facebook.com/codecademy,http://twitter.com/Codecademy,,,,,,,"Education, Mobile, Training",2,51-100,4,Late Stage Venture,"Jul 12, 2016",Series C,"$30,000,000","$30,000,000",Series C,"$42,500,000","$47,500,000",2,15,,Private,,,,,contact@codecademy.com,,674,"2,657"
Pilot,https://www.crunchbase.com/organization/pilot-2,"Hardware, Internet Services","New York, New York, United States",Pilot is a fiber-optic ISP that raises the bar for telecom and provides better business internet.,"2,862","Great Lakes, Northeastern United States",Active,"Apr 1, 2014",,For Profit,http://pilotfiber.com,,http://www.facebook.com/pilotfiber,http://twitter.com/pilotfiber,,,,,,,"Hardware, Internet",1,101-250,4,Early Stage Venture,"Sep 21, 2017",Series B,"$17,000,000","$17,000,000",Series B,"$32,300,000","$33,075,000",1,11,,Private,,,,,info@pilotfiber.com,(855) 578-5500,8,"2,733"
Assembly,https://www.crunchbase.com/organization/assembly,Software,"San Francisco, California, United States","Assembly is a web collaboration platform that enables users to develop apps, widgets, platforms, and APIs with the help of other users.","2,922","San Francisco Bay Area, Western United States",Closed,2013,,For Profit,http://assemblymade.com,https://www.linkedin.com/company/assembly-inc,http://www.facebook.com/assemblymade,http://twitter.com/asm,,,,,,,"Collaboration, Crowdsourcing, Software",3,1-10,2,,"Nov 21, 2014",Venture - Series Unknown,"$2,900,000","$2,900,000",Venture - Series Unknown,"$2,900,000","$2,900,000",1,6,Made Acquisitions,Private,,,,,,,161,"2,791"
Veniam,https://www.crunchbase.com/organization/veniam,"Hardware, Internet Services, Mobile, Transportation","Mountain View, California, United States",Veniam builds city-scale networks of connected vehicles that expand wireless coverage and bring terabytes of physical data to the cloud.,"2,925","San Francisco Bay Area, Silicon Valley, Western United States",Active,2012,,For Profit,http://veniam.com,http://www.linkedin.com/company/veniam-lda,http://www.facebook.com/veniamworks,http://twitter.com/veniamworks,,,,,,,"Autonomous Vehicles, Communications Infrastructure, Internet of Things, Transportation, Wireless",4,51-100,2,Early Stage Venture,"Feb 11, 2016",Series B,"$22,000,000","$22,000,000",Series B,"$26,900,000","$26,900,000",2,8,,Private,,,,,info@veniam.com,1(415)470-3349,57,"2,794"
Auxmoney,https://www.crunchbase.com/organization/auxmoney,"Commerce and Shopping, Financial Services","Düsseldorf, Nordrhein-Westfalen, Germany",Auxmoney is an online peer-to-peer loan marketplace.,"3,042",,Active,2007,,For Profit,http://www.auxmoney.com,https://www.linkedin.com/company/auxmoney-gmbh,http://www.facebook.com/auxmoney,http://twitter.com/auxmoney,,,,,,,"Finance, Marketplace, Peer to Peer",3,101-250,4,Late Stage Venture,"Mar 1, 2016",Series D,,,Series D,"$198,105,249","$198,105,249",5,8,,Private,,,,,info@auxmoney.com,+4921154243222,18,"2,907"
Flurry,https://www.crunchbase.com/organization/flurry,"Advertising, Apps, Data and Analytics, Mobile, Sales and Marketing, Software","San Francisco, California, United States",Flurry provides analytics solutions for businesses to monitor the trends and habits of mobile users across multiple mobile applications.,"3,113","San Francisco Bay Area, Western United States",Active,2005,,For Profit,http://www.flurry.com,http://www.linkedin.com/company/flurry-inc.,http://www.facebook.com/FlurryMobile,http://twitter.com/FlurryMobile,,,,,,,"Advertising, Analytics, Mobile, Mobile Apps",3,101-250,8,M&A,"Jul 1, 2014",Secondary Market,,"$12,500,000",Series D,"$63,255,000","$73,255,000",4,10,"Made Acquisitions, Was Acquired",Private,,,,,press@flurry.com,415-762-4360,"1,010","2,977"
Filecoin,https://www.crunchbase.com/organization/filecoin,"Consumer Electronics, Financial Services, Hardware, Information Technology, Payments, Privacy and Security, Software","Palo Alto, California, United States",Filecoin is a data storage network and electronic currency based on Bitcoin.,"3,133","San Francisco Bay Area, Silicon Valley, Western United States",Active,2014,,For Profit,http://filecoin.io/,https://www.linkedin.com/company-beta/16005459/,https://www.facebook.com/MineFilecoin/,http://twitter.com/MineFilecoin,,,,,,,"Bitcoin, Data Storage, Electronics, Network Security",1,1-10,4,,"Aug 10, 2017",Initial Coin Offering,"$257,000,000","$257,000,000",Initial Coin Offering,"$257,120,000","$257,120,000",,17,,Private,,,,,contact@filecoin.io,,2,"2,997"
Upgrade,https://www.crunchbase.com/organization/upgrade,"Financial Services, Lending and Investments","San Francisco, California, United States",Upgrade is an online lending company that offers personal loans and credit monitoring.,"3,293","San Francisco Bay Area, Western United States",Active,2016,,For Profit,http://www.upgrade.com/,https://www.linkedin.com/company-beta/17979297/,https://www.facebook.com/UpgradeLoans/,https://twitter.com/upgrade_loans,,,,,,,"Credit, Financial Services, FinTech, Lending",6,251-500,2,Early Stage Venture,"Feb 27, 2018",Series B,,,Series B,"$60,000,000","$60,000,000",,10,,Private,,,,,Contact@upgrade.com,,3,"3,153"
Figure 1,https://www.crunchbase.com/organization/figure,"Content and Publishing, Health Care, Information Technology, Media and Entertainment, Mobile","Toronto, Ontario, Canada","Figure 1 connects healthcare professionals around the world to view, discuss, and share medical cases.","3,430",Great Lakes,Active,2012,,For Profit,http://figure1.com,https://www.linkedin.com/company/figure-1,https://www.facebook.com/figure1,https://twitter.com/@figure1,,,,,,,"Health Care, Information Technology, mHealth, Photography",3,11-50,5,Early Stage Venture,"Jun 13, 2017",Series B,"$10,000,000","$10,000,000",Series B,"$23,150,006","$23,150,006",4,11,,Private,,,,,,,15,"3,285"
GoTenna,https://www.crunchbase.com/organization/gotenna,"Consumer Electronics, Hardware, Information Technology, Internet Services, Messaging and Telecommunications, Mobile, Privacy and Security, Software","Brooklyn, New York, United States",GoTenna is a new device that pairs with your smartphone and lets you communicate with others even when you don't have service.,"3,439","Great Lakes, Northeastern United States",Active,"Nov 1, 2012",,For Profit,http://www.gotenna.com,http://www.linkedin.com/company/2989033,http://www.facebook.com/goTennaInc,http://twitter.com/gotenna,,,,,,,"Consumer Electronics, Hardware, Messaging, Mobile, Privacy, Software",2,11-50,3,Early Stage Venture,"Apr 13, 2017",Series B,"$7,500,000","$7,500,000",Series B,"$16,800,000","$16,800,000",2,14,,Private,,,,,press@gotenna.com,,36,"3,293"
Numerai,https://www.crunchbase.com/organization/numerai,"Artificial Intelligence, Data and Analytics, Financial Services, Lending and Investments, Software","San Francisco, California, United States",Numerai transforms and regularizes financial data into machine learning problems for global network of data scientists.,"3,514","San Francisco Bay Area, Western United States",Active,"Oct 1, 2015",,For Profit,http://www.numer.ai,https://www.linkedin.com/company/10303433?,,https://twitter.com/numerai,,,,,,,"Financial Services, Hedge Funds, Machine Learning",1,1-10,2,Early Stage Venture,"Dec 12, 2016",Series A,"$6,000,000","$6,000,000",Series A,"$7,500,000","$7,500,000",,10,,Private,,,,,contact@numer.ai,,8,"3,366"
Clue App,https://www.crunchbase.com/organization/clue-app,"Apps, Health Care, Mobile, Software","Berlin, Berlin, Germany",Clue uses science and data to provide actionable personal insights into female health.,"3,703",,Active,2013,,For Profit,https://helloclue.com/,http://www.linkedin.com/company/clue-by-biowink,http://www.facebook.com/Helloclue,http://twitter.com/clue,,,,,,,"Apps, Health Care, mHealth",3,11-50,8,Early Stage Venture,"Nov 30, 2016",Series B,"$20,000,000","$20,000,000",Series B,"$30,343,611","$30,343,611",2,20,,Private,,,,,support@helloclue.com,,8,"3,550"
WorkMarket,https://www.crunchbase.com/organization/work-market,"Professional Services, Software","New York, New York, United States","WorkMarket, a company backed by Spark Capital and Union Square Ventures, provides a marketplace for managing contractors and freelancers.","3,776","Great Lakes, Northeastern United States",Active,"May 12, 2010",,For Profit,http://www.workmarket.com,http://www.linkedin.com/company/work-market,http://www.facebook.com/WorkMarketHQ,http://twitter.com/workmarket,,,,,,,"Enterprise Software, Freelance, SaaS",2,101-250,5,M&A,"Apr 25, 2017",Series D,"$25,000,000","$25,000,000",Series D,"$66,000,000","$66,000,000",5,7,"Made Acquisitions, Was Acquired",Private,,,,,info@workmarket.com,(877) 654-9675,23,"3,621"
Casetext,https://www.crunchbase.com/organization/casetext,"Content and Publishing, Government and Military, Media and Entertainment, Privacy and Security, Professional Services","San Francisco, California, United States",Casetext is where the best lawyers research and write about the law.,"3,793","San Francisco Bay Area, Western United States",Active,"May 1, 2013",,For Profit,http://www.casetext.com,https://www.linkedin.com/company/casetext,https://www.facebook.com/casetext/,http://twitter.com/casetext,,,,,,,"Law Enforcement, Legal, Publishing",1,11-50,4,Early Stage Venture,"Mar 22, 2017",Series B,"$12,000,000","$12,000,000",Series B,"$20,800,000","$20,800,000",1,22,,Private,,,,,support@casetext.com,408-389-4154,23,"3,638"
CrowdRise,https://www.crunchbase.com/organization/crowdrise,"Financial Services, Lending and Investments","Detroit, Michigan, United States",Crowdrise is a fundraising site for charitable and personal causes.,"4,105","Great Lakes, Midwestern United States",Active,2010,,,http://www.crowdrise.com,https://www.linkedin.com/company/crowdrise,http://www.facebook.com/crowdrise,http://twitter.com/crowdrise,,,,,,,"Crowdfunding, Funding Platform",5,51-100,3,M&A,"Apr 22, 2014",Series A,"$23,000,000","$23,000,000",Series A,"$24,600,000","$24,600,000",1,8,Was Acquired,Private,,,,,quintas@crowdrise.com,,100,"3,943"
YouNow,https://www.crunchbase.com/organization/younow,"Content and Publishing, Internet Services, Media and Entertainment, Video","New York, New York, United States","YouNow is the world's first live social network, empowering users to broadcast themselves from anywhere in real time.","4,169","Great Lakes, Northeastern United States",Active,"Jun 1, 2011",,For Profit,http://www.younow.com/,https://www.linkedin.com/company/younow,http://www.facebook.com/younow,http://twitter.com/younow,,,,,,,"Broadcasting, Internet, Social Media, Video Streaming",1,51-100,4,Early Stage Venture,"Sep 5, 2015",Series B,"$15,000,000","$15,000,000",Series B,"$26,000,000","$26,000,000",2,6,Made Acquisitions,Private,,,,,info@younow.com,,97,"4,007"
Flip,https://www.crunchbase.com/organization/flip-5,"Financial Services, Mobile, Real Estate","New York, New York, United States",Flip is the first peer-to-peer leasing marketplace.,"4,309","Great Lakes, Northeastern United States",Active,2015,,For Profit,https://flip.lease/,https://www.linkedin.com/company/flip-inc-,,https://twitter.com/flipyourlease,,,,,,,"Leasing, Mobile, Peer to Peer, Real Estate",3,1-10,2,Seed,"Jun 27, 2017",Seed,"$2,200,000","$2,200,000",Seed,"$3,400,000","$3,400,000",1,8,,Private,,,,,support@flip.lease,,,"4,146"
Sift Science,https://www.crunchbase.com/organization/sift-science,"Artificial Intelligence, Commerce and Shopping, Data and Analytics, Financial Services, Payments, Privacy and Security, Software","San Francisco, California, United States",Sift Science applies insights from a global network of data to detect fraud and increase positive user experience.,"4,420","San Francisco Bay Area, Western United States",Active,"Jun 1, 2011",,For Profit,http://siftscience.com,https://www.linkedin.com/company/2994835,http://www.facebook.com/SiftScience,http://twitter.com/siftscience,,,,,,,"Big Data, E-Commerce, FinTech, Fraud Detection, Machine Learning, Security",2,101-250,5,Late Stage Venture,"Mar 21, 2018",Series D,"$53,000,000","$53,000,000",Series D,"$106,600,000","$106,600,000",5,18,,Private,,,,,info@siftscience.com,,58,"4,251"
Meetup,https://www.crunchbase.com/organization/meetup,"Community and Lifestyle, Internet Services, Media and Entertainment","New York, New York, United States",Meetup's mission is to revitalize local community and help people around the world self-organize.,"4,464","Great Lakes, Northeastern United States",Active,Jan 2002,,For Profit,http://www.meetup.com,http://www.linkedin.com/company/meetup,http://www.facebook.com/Meetup,http://twitter.com/Meetup,,,,,,,"Communities, Internet, Social Media",4,101-250,5,M&A,"Feb 19, 2014",Undisclosed,,,Undisclosed,"$18,300,000","$18,300,000",3,8,"Made Acquisitions, Was Acquired",Private,,,,,,,805,"4,292"
Nurx,https://www.crunchbase.com/organization/nurx,Health Care,"San Francisco, California, United States",Nurx is an on-demand birth control delivery company that prescribes contraceptives through its app.,"4,468","San Francisco Bay Area, Western United States",Active,"Sep 1, 2014",,For Profit,http://nurx.co,https://www.linkedin.com/company/4864798?trk=tyah&trkInfo=tarId%3A1421444788211%2Ctas%3Anurx%2Cidx%3A2-1-6,https://www.facebook.com/nurxapp,https://twitter.com/nurxapp,,,,,,,"Health Care, Medical, Personal Health",2,11-50,2,Early Stage Venture,"Oct 31, 2016",Series A,"$5,300,000","$5,300,000",Series A,"$5,420,000","$5,420,000",2,6,,Private,,,,,info@nurx.co,,11,"4,296"
Onefootball,https://www.crunchbase.com/organization/the-football-app,"Media and Entertainment, Mobile, Sports","Berlin, Berlin, Germany",Onefootball is a global football community that connects 20 million football fans in over 200 countries.,"4,508",,Active,2008,,For Profit,http://www.onefootball.com/,https://www.linkedin.com/company/onefootball-gmbh,http://www.facebook.com/onefootball,http://twitter.com/Onefootball,,,,,,,"Content, Mobile, Soccer, Sports",1,51-100,4,Late Stage Venture,"Dec 4, 2017",Series C,,,Series C,"$20,048,289","$20,048,289",3,4,,Private,,,,,info@onefootball.com,,19,"4,336"
Jobbatical,https://www.crunchbase.com/organization/jobbatical,"Education, Professional Services","Tallinn, Harjumaa, Estonia","Jobbatical connects companies with the best business, creative and technology talent worldwide.","5,317",,Active,"Mar 4, 2014",,For Profit,http://jobbatical.com/,https://www.linkedin.com/company/3706723,http://www.facebook.com/jobbatical,http://twitter.com/jobbatical,,,,,,,"Employment, Professional Services, Skill Assessment",3,11-50,5,Early Stage Venture,"Sep 28, 2017",Series A,"$4,000,000","$4,000,000",Series A,"$7,904,305","$7,904,305",4,16,,Private,,,,,hello@jobbatical.com,,11,"5,118"
Sidecar Technologies,https://www.crunchbase.com/organization/side-cr,"Administrative Services, Apps, Mobile, Software, Transportation","San Francisco, California, United States",Sidecar Technologies provids B2B delivery transportation network in the world.,"5,490","San Francisco Bay Area, Western United States",Closed,2011,"Dec 31, 2015",For Profit,http://side.cr/,http://www.linkedin.com/company/side-cr-sidecar-,http://www.facebook.com/sidecr,http://twitter.com/sidecar,,,,,,,"Apps, B2B, Delivery, Mobile, Transportation",2,51-100,7,M&A,"Sep 15, 2014",Series C,"$15,000,000","$15,000,000",Series C,"$45,520,000","$45,520,000",4,23,"Made Acquisitions, Was Acquired",Private,,,,,info@side.cr,,861,"5,286"
Yieldmo,https://www.crunchbase.com/organization/yieldmo,"Advertising, Artificial Intelligence, Data and Analytics, Internet Services, Mobile, Sales and Marketing, Software","New York, New York, United States",Yieldmo is saving the world from bad mobile ads.,"5,702","Great Lakes, Northeastern United States",Active,"Jun 1, 2012",,For Profit,http://www.yieldmo.com,https://www.linkedin.com/company/yieldmo?trk=mini-profile,https://www.facebook.com/Yieldmo,http://twitter.com/YieldMo,,,,,,,"Advertising, Advertising Platforms, Internet, Mobile, Predictive Analytics",4,51-100,5,,"Jun 23, 2017",Venture - Series Unknown,"$8,873,801","$8,873,801",Venture - Series Unknown,"$30,973,800","$30,973,800",2,8,,Private,,,,,advertise@yieldmo.com,646-845-0800,13,"5,491"
OpenBazaar,https://www.crunchbase.com/organization/openbazaar,"Commerce and Shopping, Financial Services, Payments, Software","Washington, District of Columbia, United States",OpenBazaar is a decentralized cryptocurrency marketplace that enables its users to trade online.,"6,858",Southern United States,Active,2014,,For Profit,https://openbazaar.org/,http://www.linkedin.com/company/5309520,http://www.facebook.com/OpenBazaarProject,http://twitter.com/openbazaar,,,,,,,"Bitcoin, E-Commerce",4,1-10,3,,"Jun 2, 2017",Venture - Series Unknown,"$200,000","$200,000",Venture - Series Unknown,"$4,200,000","$4,200,000",3,5,,Private,,,,,project@openbazaar.org,,44,"6,618"
Behance,https://www.crunchbase.com/organization/behance,"Information Technology, Internet Services","New York, New York, United States",Behance is an online platform that enables creative professionals to showcase and discover creative work via online portfolios.,"7,048","Great Lakes, Northeastern United States",Active,"Sep 1, 2006",,For Profit,http://www.behance.net,http://www.linkedin.com/company/behance-inc-,http://www.facebook.com/Behance,http://twitter.com/Behance,,,,,,,"Business Development, Information Technology, Online Portals",2,51-100,1,M&A,"May 14, 2012",Series A,"$6,500,000","$6,500,000",Series A,"$6,500,000","$6,500,000",1,10,Was Acquired,Private,,,,,info@behance.com,,544,"6,798"
Disqus,https://www.crunchbase.com/organization/disqus,"Content and Publishing, Internet Services, Media and Entertainment","San Francisco, California, United States","Disqus is a blog comment hosting service offering a platform for social integration, social networking, user profiles, analytics and more.","7,067","San Francisco Bay Area, Western United States",Active,"May 5, 2007",,For Profit,http://www.disqus.com,http://www.linkedin.com/company/disqus,http://www.facebook.com/disqus,http://twitter.com/disqus,,,,,,,"Blogging Platforms, Social Media, Social Network",2,51-100,3,M&A,"May 4, 2011",Series B,"$10,000,000","$10,000,000",Series B,"$10,500,000","$10,500,000",2,5,Was Acquired,Private,,,,,hello@disqus.com,,"3,388","6,817"
DuckDuckGo,https://www.crunchbase.com/organization/duck-duck-go,"Internet Services, Privacy and Security","Paoli, Pennsylvania, United States",DuckDuckGo is an internet search engine that protects web searchers’ privacy.,"7,457","Great Lakes, Northeastern United States",Active,"Sep 25, 2008",,For Profit,https://duckduckgo.com,https://www.linkedin.com/company/1476706/,http://www.facebook.com/duckduckgo,http://twitter.com/duckduckgo,,,,,,,"Internet, Privacy, Search Engine",1,1-10,1,,"Oct 13, 2011",Venture - Series Unknown,"$3,000,000","$3,000,000",Venture - Series Unknown,"$3,000,000","$3,000,000",,7,,Private,,,,,,,272,"7,194"
Simulmedia,https://www.crunchbase.com/organization/simulmedia,"Advertising, Financial Services, Lending and Investments, Sales and Marketing","New York, New York, United States","Simulmedia, a targeted television advertising company, provides fully scaled digital ad targeting platform for linear televisions.","7,564","Great Lakes, Northeastern United States",Active,2009,,,http://www.simulmedia.com,http://www.linkedin.com/company/simulmedia,https://www.facebook.com/simulmedia,http://twitter.com/simulmedia,,,,,,,"Ad Targeting, Advertising, Impact Investing, Marketing",1,51-100,6,Late Stage Venture,"Dec 10, 2013",Series D,"$25,000,000","$25,000,000",Series D,"$58,250,000","$58,250,000",5,5,,Private,,,,,info@simulmedia.com,646-201-5352,127,"7,297"
Kitchensurfing,https://www.crunchbase.com/organization/kitchensurfing,"Commerce and Shopping, Food and Beverage, Travel and Tourism","New York, New York, United States",Kitchensurfing enables people to eat together and to eat purposefully by sending private chefs into their home kitchens.,"7,748","Great Lakes, Northeastern United States",Closed,"Mar 1, 2012","Apr 15, 2016",For Profit,http://www.kitchensurfing.com,http://www.linkedin.com/company/kitchensurfing,http://www.facebook.com/Kitchensurfing,http://twitter.com/kitchensurfing,,,,,,,"Food and Beverage, Hospitality, Marketplace",3,11-50,4,Early Stage Venture,"Mar 31, 2014",Series B,"$15,000,000","$15,000,000",Series B,"$19,500,000","$19,500,000",2,16,,Private,,,,,hello@kitchensurfing.com,(877) 680-0668,33,"7,472"
Code Climate,https://www.crunchbase.com/organization/code-climate,"Science and Engineering, Software","New York, New York, United States",Superpowers for engineering teams.,"7,991","Great Lakes, Northeastern United States",Active,"Mar 6, 2011",,For Profit,https://codeclimate.com/,https://www.linkedin.com/company/code-climate,http://www.facebook.com/codeclimate/info,http://twitter.com/codeclimate,,,,,,,"B2B, Developer Tools, SaaS, Software Engineering",2,11-50,2,Early Stage Venture,"Oct 6, 2016",Series A,"$4,500,000","$4,500,000",Series A,"$6,500,000","$6,500,000",2,6,,Private,,,,,hello@codeclimate.com,,14,"7,711"
La Ruche qui dit Oui,https://www.crunchbase.com/organization/la-ruche-qui-dit-oui,"Commerce and Shopping, Internet Services","Paris, Ile-de-France, France",An e-commerce platform where users group themselves to buy directly from their local farmers.,"9,774",,Active,"Nov 19, 2010",,For Profit,http://www.laruchequiditoui.fr/,http://www.linkedin.com/company/la-ruche-qui-dit-oui-,http://www.facebook.com/laruchequiditoui,http://twitter.com/ruchequiditoui,,,,,,,"Consumer, E-Commerce, E-Commerce Platforms",3,51-100,4,Early Stage Venture,"Jun 16, 2015",Series B,"$9,000,000","$9,000,000",Series B,"$11,006,733","$13,061,375",3,7,,Private,,,,,support@laruchequiditoui.fr,+33 1 82 28 94 00,2,"9,441"
Mediachain,https://www.crunchbase.com/organization/mediachain,"Commerce and Shopping, Media and Entertainment, Sales and Marketing","Brooklyn, New York, United States",Mediachain automatically connects media to its creator and information about it.,"10,742","Great Lakes, Northeastern United States",Active,2016,,For Profit,http://www.mediachain.io/,,,https://twitter.com/mediachain_,,,,,,,"Art, Digital Media, E-Commerce, Social Media Marketing",2,1-10,1,M&A,"Jun 1, 2016",Seed,"$1,500,000","$1,500,000",Seed,"$1,500,000","$1,500,000",2,8,Was Acquired,Private,,,,,,,,"10,377"
VHX,https://www.crunchbase.com/organization/vhx,"Content and Publishing, Internet Services, Media and Entertainment, Software, Video","Brooklyn, New York, United States",VHX is a video distribution platform built for everyone. We empower creators to sell their work from their own websites.,"11,287","Great Lakes, Northeastern United States",Active,2010,,For Profit,http://www.vhx.tv/,http://www.linkedin.com/company/vhx,http://www.facebook.com/vhxtv,http://twitter.com/vhxtv,,,,,,,"File Sharing, Internet, Video, Video Streaming",2,11-50,3,M&A,"Apr 15, 2015",Series B,"$5,800,000","$5,800,000",Series B,"$10,250,000","$10,250,000",2,14,Was Acquired,Private,,,,,help@vhx.tv,,74,"10,892"
Covestor,https://www.crunchbase.com/organization/covestor,"Financial Services, Lending and Investments","Boston, Massachusetts, United States",Covestor develops portfolio sync technology that enables investors to select investment management talents for online marketplaces.,"12,181","New England, Northeastern United States",Active,2005,,,http://www.covestor.com,http://www.linkedin.com/company/covestor,http://www.facebook.com/covestor,http://twitter.com/covestor,,,,,,,"Finance, FinTech, Stock Exchanges",2,11-50,5,M&A,"Jun 13, 2013",Series B,"$12,750,000","$12,750,000",Series B,"$23,850,000","$23,850,000",2,7,Was Acquired,Private,,,,,support@covestor.com,866-825-3005,65,"11,757"
Heyzap,https://www.crunchbase.com/organization/heyzap,"Advertising, Artificial Intelligence, Data and Analytics, Mobile, Sales and Marketing, Software","San Francisco, California, United States",Heyzap is a premier mobile ad network that helps millions of users discover apps they love.,"12,740","San Francisco Bay Area, Western United States",Active,2009,,,http://www.heyzap.com,http://www.linkedin.com/company/heyzap.com,http://www.facebook.com/Heyzap,http://twitter.com/heyzap,,,,,,,"Ad Network, Advertising, Machine Learning, Mobile, Mobile Advertising",2,11-50,5,M&A,"Dec 1, 2012",Series B,"$4,300,000","$4,300,000",Series B,"$7,995,000","$7,995,000",1,8,Was Acquired,Private,,,,,support@heyzap.com,,145,"12,302"
Zemanta,https://www.crunchbase.com/organization/zemanta,"Advertising, Content and Publishing, Media and Entertainment, Sales and Marketing, Software","New York, New York, United States",Zemanta develops enterprise software for native advertising. Brands use the Zemanta One platform to execute their global native ad spend.,"14,795","Great Lakes, Northeastern United States",Active,"Apr 1, 2007",,For Profit,http://www.zemanta.com,https://www.linkedin.com/company/zemanta,http://www.facebook.com/zemanta,http://twitter.com/zemanta,,,,,,,"Advertising, Content Discovery, Content Marketing, Software",2,11-50,6,M&A,"Nov 5, 2013",Venture - Series Unknown,"$2,000,000","$2,000,000",Venture - Series Unknown,"$8,950,000","$8,950,000",,5,Was Acquired,Private,,,,,info@zemanta.com,,156,"14,287"
Boxee,https://www.crunchbase.com/organization/boxee,"Internet Services, Platforms, Software","Tel Aviv, Tel Aviv, Israel","Boxee is a cross-platform freeware HTPC software application with social networking features, designed for the living room TV.","15,056",,Active,2004,,,http://www.boxee.tv,https://www.linkedin.com/company-beta/319267/?pathWildcard=319267,,http://twitter.com/boxee,,,1,1,,,"Enterprise Software, Facebook, Social Network",5,11-50,3,M&A,"Mar 1, 2011",Series C,"$16,500,000","$16,500,000",Series C,"$26,500,000","$26,500,000",4,6,Was Acquired,Private,,,,,info@boxee.tv,415-287-7710,"2,258","14,541"
Clickable,https://www.crunchbase.com/organization/clickable,"Advertising, Internet Services, Platforms, Sales and Marketing, Software","New York, New York, United States",Clickable solves a problem other advertising technologies do not address- the Company helps advertisers and brands measure.,"15,532","Great Lakes, Northeastern United States",Active,2006,,For Profit,http://www.clickable.com,https://www.linkedin.com/company/clickable,https://www.facebook.com/ClickableUS,http://twitter.com/Clickable,,,,,,,"Advertising, Facebook, Search Engine, Social Media Advertising, Software",2,11-50,6,M&A,"Dec 31, 2014",Equity Crowdfunding,,,Equity Crowdfunding,"$32,500,000","$32,500,000",5,10,"Made Acquisitions, Was Acquired",Private,,,,,Editor@clickable.com,877-775-6699,138,"15,005"
Shippo,https://www.crunchbase.com/organization/shippo,"Commerce and Shopping, Software, Transportation","San Francisco, California, United States",Shippo helps businesses succeed through shipping.,"18,955","San Francisco Bay Area, Western United States",Active,"Oct 1, 2013",,For Profit,https://goshippo.com,http://www.linkedin.com/company/4991283,http://www.facebook.com/goshippo,http://twitter.com/goshippo,,,,,,,"B2B, Developer APIs, E-Commerce, Logistics, Shipping",2,51-100,8,Early Stage Venture,"Oct 31, 2017",Series B,"$20,000,000","$20,000,000",Series B,"$29,275,000","$29,275,000",3,16,,Private,,,,,outreach@goshippo.com,555 341 9393,42,"18,326"
Amino Apps,https://www.crunchbase.com/organization/amino-apps-2,"Community and Lifestyle, Internet Services, Media and Entertainment, Mobile","New City, New York, United States","Amino Apps enables people to discover, develop, and express their interests and passions.","19,556","Great Lakes, Northeastern United States",Active,Jul 2011,,For Profit,http://aminoapps.com,http://www.linkedin.com/company/narvii,http://www.facebook.com/AminoApps,https://twitter.com/AminoApps,,,,,,,"Communities, Mobile, Social Media",2,11-50,3,Early Stage Venture,"Dec 15, 2016",Series B,"$19,200,000","$19,200,000",Series B,"$27,350,000","$27,350,000",3,17,,Private,,,,,press@aminoapps.com,,8,"18,909"
koko,https://www.crunchbase.com/organization/koko-3,Information Technology,"South Africa, Africa",Koko is the crowd-sourced cognitive therapy technology,"19,934",,Active,2014,,For Profit,https://itskoko.com/,https://www.linkedin.com/company/5337071?trk=prof-exp-company-name,,https://twitter.com/itskokobot,,,,,,,Information Technology,3,1-10,1,Early Stage Venture,"Aug 9, 2016",Series A,"$2,500,000","$2,500,000",Series A,"$2,500,000","$2,500,000",2,2,,Private,,,,,hello@itskoko.com?Subject=Hello,,,"19,278"
turntable.fm,https://www.crunchbase.com/organization/turntable-fm,"Internet Services, Media and Entertainment, Music and Audio","New York, New York, United States",Turntable.fm brings the social value of music to the digital music experience by letting people experience and discover music together.,"20,100","Great Lakes, Northeastern United States",Closed,"May 1, 2011","Dec 1, 2013",,http://turntable.fm,,,http://twitter.com/turntablefm,,,,,,,"Music, Social Media",1,1-10,1,Early Stage Venture,"Sep 13, 2011",Series A,"$7,000,000","$7,000,000",Series A,"$7,000,000","$7,000,000",1,10,,Private,,,,,,646-820-3321,53,"19,442"
AMEE,https://www.crunchbase.com/organization/amee,"Data and Analytics, Financial Services, Software, Sustainability","London, England, United Kingdom",Amee houses is a Wikipedia-style database that enables viewers to check the financial and environmental credibility of companies.,"24,413",,Active,2007,,For Profit,http://www.amee.com,https://www.linkedin.com/company/amee,,http://twitter.com/ameeHQ,,,,,,,"Database, Finance, Software, Sustainability",3,11-50,5,M&A,"Nov 1, 2013",Venture - Series Unknown,"$250,000","$250,000",Venture - Series Unknown,"$7,750,000","$10,750,000",1,4,Was Acquired,Private,,,,,help@amee.com,+442030056750,37,"23,617"
AdaptiveBlue,https://www.crunchbase.com/organization/adaptiveblue,"Internet Services, Media and Entertainment","New York, New York, United States","AdaptiveBlue operates GetGlue, a social entertainment network allowing users to 'check in' to the shows, movies and sports they consume.","25,709","Great Lakes, Northeastern United States",Active,2007,,For Profit,http://tvtag.com/,,http://www.facebook.com/tvtagapp,http://twitter.com/GetGlue,,,,,,,"Media and Entertainment, Semantic Web, Social Media",1,11-50,4,M&A,"Jan 11, 2012",Series D,"$12,000,000","$12,000,000",Series D,"$24,020,000","$24,020,000",4,5,Was Acquired,Private,,,,,support@getglue.com,201-788-9030,73,"24,884"
UCode,https://www.crunchbase.com/organization/ucode,"Education, Software","Hermosa Beach, California, United States",UCode operates an after-school learning center that teaches children between the ages of 6 and 9 how to code.,"25,818",Western United States,Active,"Mar 15, 2012",,For Profit,http://www.ucode.com,https://www.linkedin.com/company/ucode,https://www.facebook.com/ucodecom,https://twitter.com/ucodecom,,,,,,,"EdTech, Education, Tutoring",1,51-100,3,,"May 4, 2016",Venture - Series Unknown,"$1,699,999","$1,699,999",Venture - Series Unknown,"$3,449,999","$3,449,999",,6,,Private,,,,,learn@ucode.com,(888)888-8681,4,"24,992"
Outside.in,https://www.crunchbase.com/organization/outside-in,"Community and Lifestyle, Content and Publishing, Media and Entertainment","New York, New York, United States",Outside.in is an aggregator aimed at creating a place for neighborhoods to share and explore information.,"26,318","Great Lakes, Northeastern United States",Active,"Aug 1, 2006",,,http://outside.in,https://www.linkedin.com/company-beta/126191/?pathWildcard=126191,,http://twitter.com/outsidein,,,,,,,"Communities, Local, News",3,11-50,5,M&A,"Dec 8, 2009",Series B,"$7,000,000","$7,000,000",Series B,"$14,400,000","$14,400,000",2,11,"Made Acquisitions, Was Acquired",Private,,,,,contact@outside.in,212-255-2521,50,"25,477"
CoverWallet,https://www.crunchbase.com/organization/coverwallet,Financial Services,"New York, New York, United States","Insurance management for your business, all online.","26,593","Great Lakes, Northeastern United States",Active,"Sep 1, 2015",,For Profit,https://www.coverwallet.com,https://www.linkedin.com/company/coverwallet,https://www.facebook.com/coverwallet/,https://twitter.com/coverwallet/,,,,,,,"FinTech, Insurance",2,11-50,4,Early Stage Venture,"Oct 12, 2017",Series B,"$18,500,000","$18,500,000",Series B,"$28,300,000","$28,300,000",3,10,,Private,,,,,info@coverwallet.com,+16468449933,4,"25,739"
Bug Labs,https://www.crunchbase.com/organization/buglabs,"Consumer Electronics, Hardware, Software","New York, New York, United States",Bug Labs is a hardware platform enabling tinkerers and engineers to create their own digital devices.,"28,125","Great Lakes, Northeastern United States",Active,2006,,,http://buglabs.net,,,http://twitter.com/buglabs,,,,,,,"Consumer Electronics, Hardware, Open Source, Software",1,11-50,4,,"Jan 31, 2011",Venture - Series Unknown,"$4,000,000","$4,000,000",Venture - Series Unknown,"$7,500,000","$7,500,000",2,3,,Private,,,,,info@buglabs.net,347-761-4498,86,"27,208"
Tasty Labs,https://www.crunchbase.com/organization/tasty-labs,"Data and Analytics, Software","Mountain View, California, United States",Tasty Labs is a software applications business that connects people via social software.,"31,310","San Francisco Bay Area, Silicon Valley, Western United States",Active,"Oct 1, 2010",,,http://tastylabs.com,https://www.linkedin.com/company/tasty-labs,,http://twitter.com/tastylabs,,,,,,,"Application Performance Management, Enterprise Software, Social",2,11-50,1,M&A,"Nov 24, 2010",Series A,"$3,000,000","$3,000,000",Series A,"$3,000,000","$3,000,000",,5,Was Acquired,Private,,,,,contact@tastylabs.com,,31,"30,265"
Hashable,https://www.crunchbase.com/organization/hashable,"Information Technology, Mobile, Software","New York, New York, United States",Hashable is an online address book enabling users to make private notes about their contacts and set follow-up reminders for appointments.,"36,846","Great Lakes, Northeastern United States",Closed,2008,"Jul 25, 2012",For Profit,http://hashable.com,,,http://twitter.com/hashable,,,,,,,"Contact Management, Mobile",1,11-50,3,Early Stage Venture,"Nov 19, 2010",Series A,"$4,000,000","$4,000,000",Series A,"$4,000,000","$4,000,000",1,5,,Private,,,,,support@hashable.com,(646) 863-7216,45,"35,611"
Indeed,https://www.crunchbase.com/organization/indeed,"Advertising, Internet Services, Professional Services, Sales and Marketing","Austin, Texas, United States",Indeed is an employment-related metasearch engine for job listings.,"38,565",Southern United States,Active,"Nov 1, 2004",,,http://www.indeed.com,,https://www.facebook.com/Indeed,http://twitter.com/indeed,,,,,,,"Ad Network, Advertising, Recruiting, Search Engine",2,1001-5000,1,M&A,"Aug 1, 2005",Series A,"$5,000,000","$5,000,000",Series A,"$5,000,000","$5,000,000",2,3,"Made Acquisitions, Was Acquired",Private,,,,,,,109,"37,273"
Canvas Networks,https://www.crunchbase.com/organization/canvas-networks,"Content and Publishing, Internet Services, Media and Entertainment","New York, New York, United States",Canvas was an internet remix community.,"46,430","Great Lakes, Northeastern United States",Closed,May 2010,"Jan 21, 2014",For Profit,http://canv.as,,http://www.facebook.com/canvas,http://twitter.com/canv_as,,,,,,,"Photography, Social Media",1,1-10,2,Early Stage Venture,"Jun 1, 2011",Series A,"$3,000,000","$3,000,000",Series A,"$3,625,000","$3,625,000",1,6,,Private,,,,,,,18,"44,787"
delicious,https://www.crunchbase.com/organization/delicious,"Internet Services, Media and Entertainment","San Mateo, California, United States","Delicious is a social bookmarking website to save, organize and discover links on the web.","48,182","San Francisco Bay Area, Silicon Valley, Western United States",Closed,"Sep 1, 2003",,For Profit,https://del.icio.us/,,https://www.facebook.com/delicious,http://twitter.com/Delicious,,,,,,,"Social Bookmarking, Social Media",1,51-100,1,M&A,"Apr 1, 2005",Seed,,,Seed,,,,10,"Made Acquisitions, Was Acquired",Private,,,,,contact@avos.com,,196,"46,462"
Pinch Media,https://www.crunchbase.com/organization/pinch-media,"Advertising, Data and Analytics, Mobile, Platforms, Sales and Marketing, Software","New York, New York, United States",Pinch Media offers tools that enable mobile app developers to grow their businesses.,"49,532","Great Lakes, Northeastern United States",Active,"Apr 1, 2008",,,http://pinchmedia.com,,https://www.facebook.com/yahoo,https://www.twitter.com/yahoo,,,,,,,"Advertising, Analytics, iOS, Software",2,1-10,3,M&A,"Jan 6, 2010",Venture - Series Unknown,"$560,001","$560,001",Venture - Series Unknown,"$560,001","$560,001",,7,Was Acquired,Private,,,,,info@pinchmedia.com,+1 408-349-3300,89,"47,747"
Polychain Capital,https://www.crunchbase.com/organization/polychain-capital,"Financial Services, Lending and Investments, Payments, Software","San Francisco, California, United States",Polychain is taking advantage of a growing trend among blockchain startups,"51,472","San Francisco Bay Area, Western United States",Active,2016,,,http://polychain.capital/,https://www.linkedin.com/company/polychain-capital,,,Hedge Fund,,10,10,4,,"Bitcoin, Hedge Funds",1,1-10,1,Seed,"Dec 9, 2016",Seed,,,Seed,,,,7,,Private,,,,,,,9,
Tracked.com,https://www.crunchbase.com/organization/tracked-com,"Data and Analytics, Hardware, Information Technology","New York, New York, United States","Tracked.com gathers, organizes and analyzes information, communications and connections about companies, industries and businesses.","52,275","Great Lakes, Northeastern United States",Closed,"Apr 1, 2008","May 10, 2012",,http://tracked.com,,,http://twitter.com/tracked,,,,,,,"Analytics, Communications Infrastructure, Information Services",1,11-50,2,Early Stage Venture,"Jul 1, 2009",Series A,"$6,500,000","$6,500,000",Series A,"$11,500,000","$11,500,000",,8,,Private,,,,,,347-416-6527,7,"50,324"
SimScale,https://www.crunchbase.com/organization/simscale,"Design, Hardware, Internet Services, Software","Munich, Bayern, Germany",SimScale is a web-based 3D simulation platform which is revolutionizing the way product design is done.,"60,627",,Active,2012,,For Profit,https://www.simscale.com/,http://www.linkedin.com/company/2864479,http://www.facebook.com/SimScale,http://twitter.com/SimScale,,,,,,,"3D Technology, CAD, Cloud Computing, Developer Tools, Internet, Product Design, Simulation, Software",5,51-100,5,Early Stage Venture,"Jan 31, 2017",Series B,,,Series B,,,2,6,,Private,,,,,contact@simscale.com,+4989809132770,2,"58,161"
UpCompany,https://www.crunchbase.com/organization/upcompany,"Data and Analytics, Financial Services, Internet Services, Software","United States, North America",UpCompany offers a financial portal for companies to keep their data organized.,"61,671",,Closed,2008,,,http://www.rakedin.com,,,,,,,,,,"Database, Finance, Online Portals",,1-10,1,,"Sep 25, 2009",Venture - Series Unknown,"$5,730,000","$5,730,000",Venture - Series Unknown,"$5,730,000","$5,730,000",2,2,,Private,,,,,,,2,"59,119"
Smart Balloon,https://www.crunchbase.com/organization/smart-balloon,Gaming,"Amman, Amman, Jordan",Smart Balloon was a games company.,"64,102",,Closed,2009,"Dec 1, 2011",For Profit,http://www.smartballoon.com,,,,,,,,,,"Gamification, Gaming, Video Games",,1-10,2,,"Jun 23, 2010",Venture - Series Unknown,"$3,000,000","$3,000,000",Venture - Series Unknown,"$3,650,000","$3,650,000",,1,,Private,,,,,,info@smartballoon.com,,"61,376"
Wesabe,https://www.crunchbase.com/organization/wesabe,Financial Services,"San Francisco, California, United States",Wesabe is a personal finance management website designed to help users manage their daily finance.,"88,655","San Francisco Bay Area, Western United States",Closed,"Dec 1, 2005",Oct 2010,For Profit,http://wesabe.com,https://www.linkedin.com/company/due,https://www.facebook.com/due,http://twitter.com/jasonlong,,,,,,,Finance,2,11-50,2,Early Stage Venture,"Jun 1, 2007",Series A,"$4,000,000","$4,000,000",Series A,"$4,700,000","$4,700,000",1,2,,Private,,,,,contact@wesabe.com,,76,"83,619"
FeedBurner,https://www.crunchbase.com/organization/feedburner,"Content and Publishing, Internet Services, Media and Entertainment, Music and Audio","Chicago, Illinois, United States",FeedBurner is a feed management service that allows blog owners and podcasters to share and track their feeds with powerful tools.,"89,071","Great Lakes, Midwestern United States",Active,"Feb 1, 2004",,,http://www.feedburner.com,https://www.linkedin.com/company/google,https://www.facebook.com/google,http://twitter.com/FeedBurner,,,,,,,"Blogging Platforms, Internet, Podcast",4,11-50,2,M&A,"Apr 6, 2005",Series B,"$7,000,000","$7,000,000",Series B,"$8,000,000","$8,000,000",2,4,"Made Acquisitions, Was Acquired",Private,,,,,,312-840-4100,439,"83,989"
MountainView Capital Holdings,https://www.crunchbase.com/organization/mountainview-capital-holdings,"Data and Analytics, Financial Services","Denver, Colorado, United States",MountainView Capital Holdings offers diverse critical risk management services of institutional participants financial services industry.,"143,526",Western United States,Active,2007,,,http://www.mvch.com/,https://www.linkedin.com/company/mountainview-financial-solutions,,,,,1,1,,,"Analytics, Financial Services, Risk Management",1,51-100,1,Private Equity,"Nov 7, 2007",Private Equity,"$65,000,000","$65,000,000",Private Equity,"$65,000,000","$65,000,000",1,1,,Private,,,,,,3036334886,,"132,810"
