Organization Name,Organization Name URL,Category Groups,Headquarters Location,Description,CB Rank (Organization),Headquarters Regions,Operating Status,Founded Date,Closed Date,Company Type,Website,LinkedIn,Facebook,Twitter,Investor Type,Investment Stage,Number of Portfolio Organizations,Number of Investments,Number of Lead Investments,Number of Exits,Categories,Number of Founders,Number of Employees,Number of Funding Rounds,Funding Status,Last Funding Date,Last Funding Type,Last Funding Amount,Last Equity Funding Amount,Last Equity Funding Type,Total Equity Funding Amount,Total Funding Amount,Number of Lead Investors,Number of Investors,Acquisition Status,IPO Status,IPO Date,Delisted Date,Money Raised at IPO,Valuation at IPO,Contact Email,Phone Number,Number of Articles,CB Rank (Company)
Uber,https://www.crunchbase.com/organization/uber,"Apps, Mobile, Software, Transportation","San Francisco, California, United States",Uber is a ridesharing company in the U.S. that connects passengers with drivers through a mobile app.,20,"San Francisco Bay Area, Western United States",Active,"Mar 1, 2009",,For Profit,http://www.uber.com,https://www.linkedin.com/company/1815218,http://www.facebook.com/uber,http://twitter.com/uber,,,5,6,3,2,"Mobile Apps, Public Transportation, Ride Sharing, Transportation",3,5001-10000,21,Late Stage Venture,"Jan 31, 2018",Series G,,,Series G,"$10,662,450,000","$21,112,450,000",15,93,Made Acquisitions,Private,,,,,,,"52,437",18
Lazada Group,https://www.crunchbase.com/organization/lazada-group,"Clothing and Apparel, Commerce and Shopping, Design, Internet Services","Singapore, Central Region, Singapore","Lazada Group operates Lazada, Southeast Asia's number one online shopping and selling destination.",71,,Active,"Mar 1, 2012",,For Profit,http://www.lazada.com,http://www.linkedin.com/company/lazada,https://www.facebook.com/LazadaSingapore,http://twitter.com/LazadaSG,,,1,1,,,"E-Commerce, Fashion, Internet",6,5001-10000,10,,"Mar 19, 2018",Secondary Market,"$2,000,000,000","$500,000,000",Undisclosed,"$1,209,739,555","$4,709,739,555",6,10,Made Acquisitions,Private,,,,,,,318,59
Infor,https://www.crunchbase.com/organization/infor,"Information Technology, Software","New York, New York, United States","Infor offers enterprise software for CRM, ERP, HRM, financial management, performance management, and supply chain management.",256,"Great Lakes, Northeastern United States",Active,"May 30, 2002",,For Profit,http://www.infor.com,http://www.linkedin.com/company/infor,http://www.facebook.com/infor,http://twitter.com/Infor,,,2,2,1,1,"Enterprise Software, Information Technology, Software",1,10001+,3,Private Equity,"Nov 16, 2016",Private Equity,"$2,500,000,000","$2,500,000,000",Private Equity,"$2,500,000,000","$2,500,000,000",1,4,Made Acquisitions,Private,,,,,,(800)260-2640,830,230
Darktrace,https://www.crunchbase.com/organization/darktrace,"Information Technology, Privacy and Security","Cambridge, Cambridgeshire, United Kingdom",Darktrace provides enterprise immune system technology for cyber security.,340,,Active,2013,,For Profit,http://www.darktrace.com/,https://www.linkedin.com/company/darktrace,,https://twitter.com/Darktrace/,,,,,,,"Cyber Security, Information Technology, Network Security",1,501-1000,4,Late Stage Venture,"Jul 11, 2017",Series D,"$75,000,000","$75,000,000",Series D,"$179,500,000","$179,500,000",5,8,,Private,,,,,info@darktrace.com,+4402079253551,271,309
A10 Networks,https://www.crunchbase.com/organization/a10-networks,"Hardware, Information Technology, Internet Services, Privacy and Security, Sales and Marketing, Software","San Jose, California, United States","A10 Networks offers solutions for accelerating web application delivery, bandwidth management and network identity issues.",681,"San Francisco Bay Area, Silicon Valley, Western United States",Active,"Oct 1, 2004",,,http://www.a10networks.com,http://www.linkedin.com/company/a10networks,http://www.facebook.com/pages/San-Jose/A10-Networks/133959183559,http://twitter.com/A10Networks,,,,,,,"Cloud Computing, Hardware, Security, SEO, Virtualization, Web Hosting",1,501-1000,5,IPO,"Dec 2, 2016",Post-IPO Debt,"$25,000,000","$80,000,000",Private Equity,"$118,000,000","$143,000,000",6,9,Made Acquisitions,Public,"Mar 21, 2014",,"$187,500,000","$885,436,860",inquire@a10networks.com,408-325-8668,89,635
Jumia Group,https://www.crunchbase.com/organization/jumia-group,"Administrative Services, Clothing and Apparel, Commerce and Shopping, Design, Food and Beverage, Information Technology, Internet Services, Professional Services, Real Estate, Transportation, Travel and Tourism","Lagos, Lagos, Nigeria",Jumia is Africa's ecommerce ecosystem empowering the African continent by connecting it online to do better business together.,875,,Active,2012,,For Profit,https://group.jumia.com/,https://www.linkedin.com/company/3190066/,https://www.facebook.com/jumiagroup/,https://twitter.com/Jumia_Group,,,,,,,"Classifieds, Commercial, Delivery, E-Commerce, E-Commerce Platforms, Fashion, Food and Beverage, Food Delivery, Hospitality, Hotel, Information Services, Internet, Marketplace, Online Portals, Real Estate, Recruiting, Restaurants, Retail, Search Engine, Shopping, Travel, Travel Accommodations",2,1001-5000,4,Late Stage Venture,"Mar 3, 2016",Series C,"€360,000,000","€360,000,000",Series C,"$767,710,289","$767,710,289",4,9,,Private,,,,,press@jumia.com,+212 5224-56750,678,821
Visier,https://www.crunchbase.com/organization/visier,"Data and Analytics, Software","Vancouver, British Columbia, Canada",Visier is a cloud-based analytics platform enabling HR professionals to answer critical workforce strategy questions.,"1,246",,Active,"Mar 1, 2010",,,http://www.visier.com,http://www.linkedin.com/company/1360576,http://www.facebook.com/VisierAnalytics,http://twitter.com/visieranalytics,,,,,,,"Analytics, Business Intelligence, Human Resources, SaaS",2,51-100,4,Late Stage Venture,"Mar 15, 2017",Series D,"$45,000,000","$45,000,000",Series D,"$91,500,000","$91,500,000",3,5,,Private,,,,,info@visier.com,302-476-2522,32,"1,173"
Modernizing Medicine,https://www.crunchbase.com/organization/modernizing-medicine,"Health Care, Information Technology, Software","Boca Raton, Florida, United States","Modernizing Medicine created the Electronic Medical Assistant, a cloud-based, specialty-specific electronic medical record system.","1,289",Southern United States,Active,"Feb 1, 2010",,For Profit,http://www.modmed.com,http://www.linkedin.com/company/modernizing-medicine,http://www.facebook.com/modernizingmedicine,http://twitter.com/modmed,,,,,,,"Health Care, Information Technology, Software",2,501-1000,9,Private Equity,"May 10, 2017",Private Equity,"$231,000,000","$231,000,000",Private Equity,"$322,136,000","$332,561,000",3,6,Made Acquisitions,Private,,,,,info@modmed.com,(561) 880-2998,54,"1,213"
Gainsight,https://www.crunchbase.com/organization/gainsight,"Internet Services, Media and Entertainment, Sales and Marketing, Software","Redwood City, California, United States","Gainsight, the Customer Success company, helps businesses grow faster by reducing churn, increasing upsell, and driving customer advocacy.","1,432","San Francisco Bay Area, Silicon Valley, Western United States",Active,Aug 2011,,For Profit,http://www.gainsight.com,http://www.linkedin.com/company/gainsight,https://www.facebook.com/gainsight,http://twitter.com/GainsightHQ,,,2,2,,,"Enterprise Software, SaaS, Social Media, Social Media Marketing",2,251-500,10,Late Stage Venture,"Dec 29, 2017",Secondary Market,,"$52,000,000",Series E,"$156,250,000","$156,250,000",5,12,,Private,,,,,info@gainsight.com,(888) 623-8562,122,"1,349"
Jamf,https://www.crunchbase.com/organization/jamf-software,"Consumer Electronics, Hardware, Mobile, Platforms, Software","Minneapolis, Minnesota, United States",Jamf creates IT software for managing Apple devices.,"1,493","Great Lakes, Midwestern United States",Active,2002,,For Profit,http://jamf.com,http://www.linkedin.com/company/jamf-software,https://www.facebook.com/jamfsoftware,http://twitter.com/JAMFSoftware,,,,,,,"iOS, macOS, Mobile Devices, Software",1,501-1000,1,M&A,"Dec 9, 2013",Venture - Series Unknown,"$30,000,000","$30,000,000",Venture - Series Unknown,"$30,000,000","$30,000,000",1,3,Was Acquired,Private,,,,,info@jamf.com,6123329054,113,"1,406"
Signavio,https://www.crunchbase.com/organization/signavio,"Consumer Electronics, Hardware, Software","Berlin, Berlin, Germany",Web-based Business Process Management,"1,844",,Active,"May 1, 2009",,For Profit,http://www.signavio.com,http://www.linkedin.com/company/signavio-inc,http://www.facebook.com/signavio,http://twitter.com/signavio,,,,,,,"Business Development, Computer, SaaS, Software",5,101-250,2,Early Stage Venture,"Mar 20, 2018",Series B,"€15,500,000","€15,500,000",Series B,"€46,500,000","€46,500,000",1,1,,Private,,,,,info@signavio.com,650 388 5297,21,"1,744"
Acacia Communications,https://www.crunchbase.com/organization/acacia-communications,"Hardware, Internet Services, Manufacturing","Maynard, Massachusetts, United States","Acacia Communications designs, develops, manufactures and markets intelligent subsystems for fiber optic transmissions.","1,847","New England, Northeastern United States",Active,2009,,For Profit,http://www.acacia-inc.com,https://www.linkedin.com/company/acacia_2,,https://www.twitter.com/acaciacomms,,,,,,,"Manufacturing, Telecommunications, Web Hosting",2,51-100,4,IPO,"May 15, 2013",Series B,"$20,000,000","$20,000,000",Series B,"$20,000,000","$23,000,000",2,4,,Public,"May 13, 2016",,"$103,500,000","$1,034,034,150",info@acacia-inc.com,(978) 938-4896,88,"1,747"
Philz Coffee,https://www.crunchbase.com/organization/philz-coffee,"Commerce and Shopping, Food and Beverage","San Francisco, California, United States",Philz is a third wave coffee shop chain with locations primarily in the Bay Area.,"1,894","San Francisco Bay Area, Western United States",Active,2003,,For Profit,http://philzcoffee.com,http://www.linkedin.com/company/philz-coffee,http://www.facebook.com/philzcoffee,http://twitter.com/PhilzCoffee,,,,,,,"Coffee, E-Commerce, Handmade, Restaurants",2,1001-5000,3,Late Stage Venture,"Sep 13, 2016",Series C,"$45,000,000","$45,000,000",Series C,"$75,000,000","$75,000,000",2,33,,Private,,,,,service@philzcoffee.com,415-834-5933,28,"1,792"
RiskIQ,https://www.crunchbase.com/organization/riskiq,"Information Technology, Internet Services, Mobile, Privacy and Security, Software","San Francisco, California, United States","RiskIQ provides digital threat management solutions to reduce your attack surface and detect threats across web, mobile, and social channels","2,143","San Francisco Bay Area, Western United States",Active,2009,,For Profit,https://www.riskiq.com,http://www.linkedin.com/company/riskiq_2,http://www.facebook.com/RiskIQ/555939994512820,http://twitter.com/riskiq,,,,,,,"Cyber Security, Enterprise Software, Internet, Mobile, Reputation, Security",4,101-250,3,Late Stage Venture,"Nov 10, 2016",Series C,"$30,500,000","$30,500,000",Series C,"$65,500,000","$65,500,000",3,4,Made Acquisitions,Private,,,,,info@riskiq.com,888-415-4447,243,"2,038"
Podium,https://www.crunchbase.com/organization/podium-2,"Commerce and Shopping, Information Technology, Software","Lehi, Utah, United States",Podium makes each interaction between businesses and consumers simple and convenient.,"2,220",Western United States,Active,2014,,For Profit,https://www.podium.com,https://www.linkedin.com/company/repdrive,https://www.facebook.com/Podium-1589007008027238,https://twitter.com/PodiumHQ,,,,,,,"Consumer Reviews, Reputation, SaaS, Software",2,251-500,3,Early Stage Venture,"May 9, 2017",Series A,"$32,000,000","$32,000,000",Series A,"$32,620,000","$32,620,000",1,5,,Private,,,,,support@podium.com,1-833-276-3486,,"2,113"
Fuze,https://www.crunchbase.com/organization/fuze,"Hardware, Information Technology, Internet Services, Messaging and Telecommunications, Software","Boston, Massachusetts, United States","Formerly ThinkingPhones, Fuze is a cloud-based video conferencing solution that connects people and organizations across devices.","2,342","New England, Northeastern United States",Active,2006,,For Profit,https://www.fuze.com,https://www.linkedin.com/company/fuze-inc,https://www.facebook.com/fuze,https://twitter.com/fuze,,,,,,,"Cloud Computing, Collaboration, Enterprise Software, SaaS, Video Conferencing",2,501-1000,7,Late Stage Venture,"May 4, 2017",Series E,"$30,000,000","$30,000,000",Series E,"$330,400,000","$330,400,000",6,9,Made Acquisitions,Private,,,,,sales@fuze.com,1(800)890-1553,162,"2,227"
Clarabridge,https://www.crunchbase.com/organization/clarabridge,"Administrative Services, Data and Analytics, Internet Services, Sales and Marketing, Software","Reston, Virginia, United States",Clarabridge helps business win the hearts and minds of their customers with the industry leading Customer Experience Management platform.,"2,729",Southern United States,Active,2006,,For Profit,http://www.clarabridge.com,http://www.linkedin.com/company/clarabridge,http://www.facebook.com/Clarabridge,http://twitter.com/Clarabridge,,,,,,,"Call Center, Customer Service, Enterprise Software, Social Media Management, Text Analytics",2,251-500,7,,"Sep 23, 2016",Venture - Series Unknown,"$12,485,830","$12,485,830",Venture - Series Unknown,"$118,941,646","$124,941,646",2,7,Made Acquisitions,Private,,,,,info@clarabridge.com,571-299-1800,150,"2,603"
Rocket Fuel,https://www.crunchbase.com/organization/rocket-fuel,"Advertising, Artificial Intelligence, Data and Analytics, Sales and Marketing, Science and Engineering, Software","Redwood City, California, United States",Rocket Fuel is a programmatic media-buying platform developing artificial intelligence to improve marketing ROI in digital media.,"2,732","San Francisco Bay Area, Silicon Valley, Western United States",Active,"Mar 1, 2008",,For Profit,http://rocketfuel.com,http://www.linkedin.com/company/271301,http://www.facebook.com/rocketfuelinc,http://twitter.com/rocketfuelinc,,,,,,,"Ad Targeting, Advertising, Artificial Intelligence, Software",3,1001-5000,6,M&A,"Dec 20, 2012",Undisclosed,"$7,245,085","$7,245,085",Undisclosed,"$83,845,085","$83,845,085",4,11,"Made Acquisitions, Was Acquired",Public,"Sep 20, 2013",,"$116,000,000","$942,319,533",sales@rocketfuel.com,650-595-1300,421,"2,605"
Delphix,https://www.crunchbase.com/organization/delphix,"Consumer Electronics, Data and Analytics, Hardware, Information Technology, Software","Redwood City, California, United States",Delphix's mission is to free companies from data friction and accelerate innovation.,"2,775","San Francisco Bay Area, Silicon Valley, Western United States",Active,"Jun 1, 2008",,For Profit,http://www.delphix.com,http://www.linkedin.com/company/236924,http://www.facebook.com/pages/Delphix/107684552685805,https://twitter.com/delphix,,,,,,,"Application Performance Management, Computer, Database, Virtualization",2,501-1000,4,Late Stage Venture,"Jul 13, 2015",Series D,"$75,000,000","$75,000,000",Series D,"$119,500,000","$119,500,000",4,10,,Private,,,,,Info@delphix.com,6504941676,103,"2,648"
TeleSign,https://www.crunchbase.com/organization/telesign-corporation,"Information Technology, Internet Services, Messaging and Telecommunications, Mobile, Privacy and Security","Marina Del Rey, California, United States","TeleSign is a communications platform as a service (CPaaS) company, founded on security.","2,797",Western United States,Active,2005,,For Profit,http://www.telesign.com,http://www.linkedin.com/company/telesign,http://www.facebook.com/TeleSignCorp,http://twitter.com/TeleSign,,,,,,,"Identity Management, Messaging, Mobile, PaaS, Security",3,251-500,3,M&A,"Jul 3, 2014",Series B,"$9,000,000","$9,000,000",Series B,"$78,000,000","$78,000,000",1,4,"Made Acquisitions, Was Acquired",Private,,,,,marketing@telesign.com,800 850 3485,76,"2,670"
Striim,https://www.crunchbase.com/organization/webaction,"Consumer Electronics, Data and Analytics, Hardware, Software","Palo Alto, California, United States",Striim is an end-to-end streaming data integration and operational intelligence platform. Get to know you,"2,925","San Francisco Bay Area, Silicon Valley, Western United States",Active,"May 17, 2012",,For Profit,http://striim.com,http://www.linkedin.com/company/striim,http://www.facebook.com/striim,http://twitter.com/striimteam,,,1,1,,,"Analytics, Computer, Software",4,11-50,3,Early Stage Venture,"Sep 14, 2015",Series B,"$30,000,000","$30,000,000",Series B,"$42,000,000","$42,000,000",2,8,,Private,,,,,info@striim.com,(650) 241-0680,20,"2,794"
Sharecare,https://www.crunchbase.com/organization/sharecare,"Health Care, Information Technology","Atlanta, Georgia, United States","Sharecare is a health and wellness engagement platform providing consumers with information, programs and resources to improve their health.","3,081",Southern United States,Active,"Oct 7, 2010",,For Profit,https://www.sharecare.com,https://www.linkedin.com/company/sharecare-inc,https://www.facebook.com/sharecare,https://twitter.com/sharecareinc,,,,,,,"Health Care, Information Technology, Wellness",2,1001-5000,9,Private Equity,"May 26, 2017",Private Equity,"$85,000,000","$85,000,000",Private Equity,"$300,000,000","$360,000,000",5,15,Made Acquisitions,Private,,,,,feedback@sharecare.com,4046714002,122,"2,945"
ZALORA Group,https://www.crunchbase.com/organization/zalora,"Clothing and Apparel, Commerce and Shopping, Consumer Goods, Design","Singapore, Central Region, Singapore",ZALORA is an e-commerce platform and website that provides fashion and footwear products. ,"3,101",,Active,"Mar 1, 2012",,For Profit,http://www.zalora.com,http://www.linkedin.com/company/zalora-sea,,http://twitter.com/ZaloraSingapore,,,1,1,,,"E-Commerce, Fashion, Shoes",6,1-10,3,Private Equity,"Dec 3, 2013",Private Equity,"$112,000,000","$112,000,000",Private Equity,"$212,000,000","$212,000,000",2,8,,Private,,,,,customer@zalora.sg,(032) 035-6622,11,"2,964"
Siteimprove,https://www.crunchbase.com/organization/siteimprove,"Data and Analytics, Internet Services, Sales and Marketing","Copenhagen, Hovedstaden, Denmark",Siteimprove helps 1000's of organizations enrich their websites everyday with insightful and intuitive web services,"3,342",,Active,2003,,,http://siteimprove.com/,http://www.linkedin.com/company/siteimprove,http://www.facebook.com/Siteimprove,http://twitter.com/Siteimprove,,,,,,,"Analytics, Internet, SEO",1,51-100,1,,"Dec 22, 2015",Venture - Series Unknown,"$55,000,000","$55,000,000",Venture - Series Unknown,"$55,000,000","$55,000,000",1,1,,Private,,,,,info@sitemprove.co.uk,6125455662,14,"3,198"
AvePoint,https://www.crunchbase.com/organization/avepoint,"Information Technology, Internet Services, Privacy and Security, Professional Services, Software","Jersey City, New Jersey, United States",AvePoint is a technology company providing infrastructure management software solutions for Microsoft SharePoint products and technologies.,"3,430",Northeastern United States,Active,2001,,,http://www.avepoint.com,http://www.linkedin.com/company/avepoint,http://www.facebook.com/AvePointInc,http://twitter.com/avepoint_inc,,,,,,,"Cloud Computing, Compliance, Document Management, SaaS, Security",2,1001-5000,2,Private Equity,"Apr 13, 2014",Private Equity,"$90,000,000","$90,000,000",Private Equity,"$90,000,000","$90,000,000",1,2,,Private,,,,,sales@avepoint.com,800-793-1111,150,"3,283"
Reverb.com,https://www.crunchbase.com/organization/reverb-com,"Commerce and Shopping, Content and Publishing, Media and Entertainment, Music and Audio","Chicago, Illinois, United States","Reverb.com is a marketplace for buying, selling, and learning about music gear. ","3,820","Great Lakes, Midwestern United States",Active,"Nov 15, 2012",,For Profit,http://www.reverb.com,http://www.linkedin.com/company/reverb-music,http://www.facebook.com/reverbmarket,http://twitter.com/reverbdotcom,,,,,,,"E-Commerce, Marketplace, Music, Publishing",1,101-250,5,Late Stage Venture,"Aug 15, 2017",Series C,"$15,000,000","$15,000,000",Series C,"$47,000,000","$47,000,000",1,10,,Private,,,,,david@reverb.com,(312) 620-1433,31,"3,663"
Patsnap,https://www.crunchbase.com/organization/patsnap,"Data and Analytics, Information Technology","Singapore, Central Region, Singapore",PatSnap is the leading IP Analytic and Management platform that empowers even non IP-proficient users to gain crucial insights,"3,866",,Active,2007,,,http://www.patsnap.com,http://www.linkedin.com/company/patsnap,http://www.facebook.com/PatSnap,http://twitter.com/PatSnap,,,,,,,"Analytics, Information Services, Information Technology",1,51-100,3,Late Stage Venture,"Nov 21, 2016",Series C,,,Series C,"$13,602,005","$13,602,005",4,6,,Private,,,,,support@patsnap.com,65 9692 8908,2,"3,709"
ABILITY Network,https://www.crunchbase.com/organization/ability-network,Health Care,"Minneapolis, Minnesota, United States","ABILITY Network offers CMS-approved, secure Medicare and all-payer online access for claims processing and reimbursement.","3,956","Great Lakes, Midwestern United States",Active,2000,,For Profit,http://www.abilitynetwork.com,http://www.linkedin.com/company/ability-network,http://www.facebook.com/ABILITYnetwork,http://twitter.com/ABILITYNtwrk,,,,,,,"Health Care, Hospital, Medical",1,251-500,6,M&A,"Dec 14, 2017",Debt Financing,"$545,000,000","$550,000,000",Private Equity,"$585,450,000","$1,130,450,000",4,6,"Made Acquisitions, Was Acquired",Private,,,,,info@abilitynetwork.com,(877) 340-5610,28,"3,797"
Dafiti,https://www.crunchbase.com/organization/dafiti,"Clothing and Apparel, Commerce and Shopping, Community and Lifestyle, Consumer Goods, Design","São Paulo, Sao Paulo, Brazil","Dafiti is a Brazilian e-commerce website created to promote footwear, fashion, and lifestyle for both men and women.","3,971",,Active,"Nov 1, 2010",,For Profit,http://www.dafiti.com.br,http://www.linkedin.com/company/dafiti,http://www.facebook.com/dafiti,http://twitter.com/dafiti_brasil,,,,,,,"E-Commerce, Fashion, Lifestyle, Shoes",7,1001-5000,6,Private Equity,"Jan 28, 2014",Private Equity,"€15,000,000","€15,000,000",Private Equity,"$250,481,170","$250,481,170",4,8,,Private,,,,,,,169,"3,812"
Arista Networks,https://www.crunchbase.com/organization/arista-networks,"Hardware, Information Technology, Internet Services, Software","Santa Clara, California, United States",Arista Networks is a computer networking firm delivering cloud networking solutions for large data center and computer environments.,"4,238","San Francisco Bay Area, Silicon Valley, Western United States",Active,2004,,For Profit,http://www.arista.com,http://www.linkedin.com/company/arista-networks-inc,http://www.facebook.com/AristaNW,http://twitter.com/AristaNetworks,,,,,,,"Cloud Computing, Data Center Automation, Hardware, Information Technology, Software",3,1001-5000,3,IPO,"Dec 21, 2013",Venture - Series Unknown,"$4,776,000","$4,776,000",Venture - Series Unknown,"$4,776,000","$4,776,000",1,4,,Public,"Jun 6, 2014",,"$225,800,000","$2,427,300,000",info@arista.com,(408) 547-5500,478,"4,074"
MacStadium,https://www.crunchbase.com/organization/macstadium,"Hardware, Information Technology, Internet Services, Software","Atlanta, Georgia, United States","Hosted Mac private clouds, dedicated Mac servers, and Mac colocation for developers and teams worldwide to create macOS/iOS apps and more.","4,580",Southern United States,Active,2012,,For Profit,https://www.macstadium.com,http://www.linkedin.com/company/macstadium,,https://twitter.com/macstadium,,,,,,,"Cloud Computing, IaaS, Virtualization, Web Hosting",1,51-100,4,Private Equity,"Jun 13, 2017",Debt Financing,"$3,000,000","$60,000,000",Private Equity,"$61,000,000","$65,700,000",2,3,Made Acquisitions,Private,,,,,hello@macstadium.com,1(855)288-2260,17,"4,406"
WestWing,https://www.crunchbase.com/organization/westwing,"Commerce and Shopping, Design, Hardware, Real Estate, Software","Munich, Bayern, Germany",Westwing is an online platform and company that provides products and services related to interior designing.,"4,591",,Active,2011,,For Profit,http://www.westwing.de,http://www.linkedin.com/company/westwing-home-&-living,http://www.facebook.com/westwing.de,http://twitter.com/westwing,,,,,,,"E-Commerce, Home Decor, Home Renovation, Interior Design, Retail, Retail Technology",19,1001-5000,6,Private Equity,"Jul 22, 2016",Convertible Note,"€24,000,000","€30,000,000",Private Equity,"$210,816,748","$237,165,762",1,10,,Private,,,,,service@westwing.de,(498) 955-0544,45,"4,417"
Linio,https://www.crunchbase.com/organization/linio,"Commerce and Shopping, Consumer Electronics, Hardware","Mexico City, Distrito Federal, Mexico",Linio is an e-commerce company that offers a wide variety of products online in many categories.,"4,620",,Active,2012,,For Profit,http://www.linio.com.mx,,http://www.facebook.com/LinioMexico,http://twitter.com/LinioMexico,,,,,,,"Consumer Electronics, E-Commerce, Retail",6,1001-5000,6,Private Equity,"Sep 22, 2016",Private Equity,"$55,000,000","$55,000,000",Private Equity,"$230,500,000","$230,500,000",4,10,,Private,,,,,contacto.mx@linio.com,52 55 852 51200,16,"4,445"
 onX,https://www.crunchbase.com/organization/onxmaps,"Apps, Hardware, Information Technology, Mobile, Navigation and Mapping, Software","Missoula, Montana, United States",onX is a Montana-based mobile apps company which provide maps for hunters and other outdoor recreation.,"4,901",Western United States,Active,2009,,For Profit,https://www.onxmaps.com/,https://www.linkedin.com/company/2736516/,https://www.facebook.com/onXmaps/,https://twitter.com/onxhunt,,,,,,,"GPS, Information Services, Information Technology, Mobile Apps",1,51-100,1,Early Stage Venture,"Feb 16, 2018",Series A,"$20,300,000","$20,300,000",Series A,"$20,300,000","$20,300,000",1,5,,Private,,,,,,,2,"4,719"
Market Logic Software,https://www.crunchbase.com/organization/market-logic-software,"Data and Analytics, Design, Software","Berlin, Berlin, Germany","Market Logic Software offers software to plan, execute, and reuse market research in innovation, marketing, and sales decisions.","4,913",,Active,2006,,For Profit,http://www.marketlogicsoftware.com,https://www.linkedin.com/company-beta/994200/,https://www.facebook.com/marketlogicsoftware/,https://twitter.com/market_logic,,,,,,,"Market Research, Software",1,501-1000,4,Seed,"May 30, 2017",Venture - Series Unknown,"€45,000,000","€45,000,000",Venture - Series Unknown,"€46,523,054","€46,523,054",2,4,,Private,,,,,info@marketlogicsoftware.com,4930310181990,,"4,728"
Lazada Indonesia,https://www.crunchbase.com/organization/lazada-indonesia,"Commerce and Shopping, Internet Services","Jakarta, Jakarta Raya, Indonesia",Lazada is a shopping website featuring fashion for men women and children.,"5,016",,Active,"Mar 1, 2012",,,http://www.lazada.co.id,http://www.linkedin.com/company/lazada-indonesia,http://www.facebook.com/LazadaIndonesia,http://twitter.com/LazadaID,,,,,,,"E-Commerce, Internet, Shopping",3,251-500,1,Early Stage Venture,"Nov 11, 2012",Series A,"$40,000,000","$40,000,000",Series A,"$40,000,000","$40,000,000",,2,,Private,,,,,support@lazada.co.id,+62 21 80630200,568,"4,826"
TSheets,https://www.crunchbase.com/organization/tsheets,"Hardware, Mobile, Software","Eagle, Idaho, United States","Tsheets offers online timesheet and drag-and-drop scheduling technology that enables time tracking through a computer, mobile app, and text.","5,032",Western United States,Active,2006,,For Profit,http://www.tsheets.com,http://www.linkedin.com/company/201121,https://www.facebook.com/TSheetscom?ref=ts&fref=ts,http://twitter.com/tsheets,,,,,,,"Data Storage, Mobile, Software",2,101-250,1,M&A,"Oct 5, 2015",Series A,"$15,000,000","$15,000,000",Series A,"$15,000,000","$15,000,000",1,1,Was Acquired,Private,,,,,kelsie@tsheets.com,(888)836-2720,69,"4,841"
Lamoda,https://www.crunchbase.com/organization/lamoda,"Clothing and Apparel, Commerce and Shopping, Consumer Electronics, Design, Hardware","Moscow, Moscow City, Russian Federation","Lamoda is the largest Russian online store of clothes, shoes, accessories and beauty merchandise; offering express delivery.","5,078",,Active,2011,,,http://www.lamoda.ru,,http://www.facebook.com/Lamoda.ru,http://twitter.com/lamoda_rus,,,,,,,"E-Commerce, Fashion, Wearables",4,1001-5000,5,,"Jan 28, 2014",Venture - Series Unknown,"€10,000,000","€10,000,000",Venture - Series Unknown,"$211,654,113","$211,654,113",1,9,,Private,,,,,info@lamoda.ru,7 849 578 57282,120,"4,886"
Namshi,https://www.crunchbase.com/organization/namshi,"Clothing and Apparel, Commerce and Shopping, Community and Lifestyle, Design","Dubai, Dubai, United Arab Emirates","Namshi, based in Dubai, is an online e-commerce site offering footwear and apparel fashion brands.","5,688",,Active,2011,,,http://www.namshi.com,,,http://twitter.com/NamshiDotCom,,,,,,,"E-Commerce, Fashion, Lifestyle",3,501-1000,3,M&A,"May 13, 2013",Series C,"$13,000,000","$13,000,000",Series C,"$33,000,000","$33,000,000",3,6,Was Acquired,Private,,,,,partners@namshi.com,971 800 626 744,104,"5,477"
Wildfire,https://www.crunchbase.com/organization/wildfire-interactive,"Advertising, Internet Services, Media and Entertainment, Sales and Marketing, Software","Redwood City, California, United States",Wildfire is a provider of enterprise social media marketing software.,"5,975","San Francisco Bay Area, Silicon Valley, Western United States",Active,2008,,For Profit,http://www.wildfireapp.com,http://www.linkedin.com/company/wildfire-a-division-of-google,http://www.facebook.com/wildfireinteractive,http://twitter.com/wildfireapp,,,,,,,"Advertising, Enterprise Software, Social Media",2,251-500,5,M&A,"Dec 1, 2011",Series B,"$10,000,000","$10,000,000",Series B,"$14,100,000","$14,100,000",1,8,Was Acquired,Private,,,,,info@wildfireapp.com,,60,"5,757"
Advanced Cell Diagnostics,https://www.crunchbase.com/organization/advanced-cell-diagnostics,"Biotechnology, Health Care, Science and Engineering","Hayward, California, United States",Advanced Cell Diagnostics is a molecular pathology company developing cell- and tissue-based diagnostic tests for personalized medicine.,"6,535","San Francisco Bay Area, Silicon Valley, Western United States",Active,2007,,For Profit,http://www.acdbio.com,https://www.linkedin.com/company/advanced-cell-diagnostics,https://www.facebook.com/Advanced-Cell-Diagnostics-Inc-207947755916438/,http://twitter.com/ACDbio,,,,,,,"Biotechnology, Health Diagnostics, Medical",2,101-250,4,M&A,"Jun 18, 2015",Series C,"$22,000,000","$22,000,000",Series C,"$39,400,000","$40,800,000",3,4,Was Acquired,Private,,,,,info@acdbio.com,(510)576-8800,24,"6,303"
Vestmark,https://www.crunchbase.com/organization/vestmark,"Financial Services, Lending and Investments, Software","Wakefield, Massachusetts, United States","Headquartered in Wakefield, MA, Vestmark has been a leading technology platform provider delivering wealth management and investment","6,859","New England, Northeastern United States",Active,2001,,For Profit,http://www.vestmark.com,http://www.linkedin.com/company/22756,,http://twitter.com/Vestmark,,,,,,,"Enterprise Software, Financial Services, SaaS, Trading Platform",1,101-250,4,,"Sep 9, 2017",Venture - Series Unknown,,,Venture - Series Unknown,"$38,700,000","$38,700,000",1,4,Made Acquisitions,Private,,,,,inquiry@vestmark.com,(781)224-3640,7,"6,618"
Casa Systems,https://www.crunchbase.com/organization/casa-systems,"Internet Services, Media and Entertainment, Video","Andover, Massachusetts, United States",Casa Systems offers network edge devices for the interactive digital video and broadband IP services sectors.,"6,976","New England, Northeastern United States",Active,2003,,,http://casa-systems.com,https://www.linkedin.com/company/136803,https://www.facebook.com/casasystems,https://www.twitter.com/casa_systems,,,,,,,"ISP, Video, Web Hosting",3,501-1000,2,IPO,"May 10, 2010",Series A,"$96,460,318","$96,460,318",Series A,"$99,614,399","$99,614,399",,1,,Public,"Dec 14, 2017",,"$78,000,000",,pr@casa-systems.com,978-688-6706,31,"6,731"
Zenoss,https://www.crunchbase.com/organization/zenoss,"Information Technology, Software","Austin, Texas, United States","Zenoss, the leader in Software-Defined IT Operations™, ensures the the world's largest organization''s IT services & apps are always on.","7,209",Southern United States,Active,2005,,For Profit,http://www.zenoss.com,http://www.linkedin.com/company/zenoss-inc.,https://www.facebook.com/zenoss,http://twitter.com/zenoss,,,,,,,"Enterprise Software, Information Technology, IT Management",2,101-250,4,Late Stage Venture,"Oct 9, 2012",Series C,"$25,000,000","$25,000,000",Series C,"$45,632,042","$45,632,042",3,7,,Private,,,,,info@zenoss.com,888-936-6770,187,"6,953"
LogiAnalytics,https://www.crunchbase.com/organization/logi-analytics,"Data and Analytics, Software","Mclean, Virginia, United States",Logi Analytics offers a web-based reporting and data visualization platform that provides business intelligence solutions.,"7,296",Southern United States,Active,2000,,For Profit,http://www.logianalytics.com,http://www.linkedin.com/company/logixml,http://www.facebook.com/LogiAnalytics,http://twitter.com/logianalytics,,,,,,,"Analytics, Software, Web Development",1,101-250,5,M&A,"Oct 15, 2013",Private Equity,"$27,500,000","$27,500,000",Private Equity,"$47,999,999","$47,999,999",3,4,"Made Acquisitions, Was Acquired",Private,,,,,info@logianalytics.com,(703) 752-9700,7,"7,039"
RELEX Solutions,https://www.crunchbase.com/organization/relex,"Commerce and Shopping, Hardware, Software, Transportation","Helsinki, Southern Finland, Finland",RELEX Solutions provides unified retail planning solutions that deliver impressive results for customers around the world.,"7,936",,Active,"May 1, 2005",,For Profit,http://www.relexsolutions.com/,https://www.linkedin.com/company/relexsolutions/,https://www.facebook.com/relexsolutions,http://twitter.com/RelexSolutions,,,,,,,"Enterprise Software, Retail Technology, Software, Supply Chain Management",3,251-500,3,Private Equity,"Sep 17, 2017",Private Equity,,,Private Equity,"€21,361,325","€21,361,325",1,2,Made Acquisitions,Private,,,,,info@relexsolutions.com,+3580207435730,8,"7,655"
Mozio,https://www.crunchbase.com/organization/mozio,"Internet Services, Mobile, Transportation, Travel and Tourism","San Francisco, California, United States",Mozio is an airport transfer search and booking engine that enables users to find the fastest means of getting to the airport.,"8,384","San Francisco Bay Area, Western United States",Active,2011,,,http://www.mozio.com,http://www.linkedin.com/company/mozio,http://www.facebook.com/letsmozio,http://twitter.com/letsmozio,,,,,,,"Mobile, Public Transportation, Search Engine, Travel",2,11-50,5,Seed,"Jul 27, 2016",Venture - Series Unknown,"$2,500,000","$2,500,000",Venture - Series Unknown,"$3,250,000","$3,250,000",2,16,,Private,,,,,info@mozio.com,+1 (855) 980-5669,25,"8,092"
NetBrain Technologies,https://www.crunchbase.com/organization/netbrain-technologies,"Information Technology, Privacy and Security, Software","Burlington, Massachusetts, United States","Founded in 2004, NetBrain Technologies is the provider of the first map-driven network automation solution.","8,656","New England, Northeastern United States",Active,2004,,For Profit,http://www.netbraintech.com,http://www.linkedin.com/company/netbraintech,http://www.facebook.com/netbraintech,http://twitter.com/NetBrainTechies,,,,,,,"Enterprise Software, Network Security",1,251-500,1,,"Apr 16, 2014",Venture - Series Unknown,"$30,000,000","$30,000,000",Venture - Series Unknown,"$30,000,000","$30,000,000",1,1,,Private,,,,,info@netbraintech.com,(781)221-7199,3,"8,354"
THE ICONIC,https://www.crunchbase.com/organization/the-iconic,"Clothing and Apparel, Commerce and Shopping, Design","Surry Hills, New South Wales, Australia",THE ICONIC is an online marketplace selling fashion products and footwear for men and women.,"9,433",,Active,Sep 2011,,For Profit,http://theiconic.com.au,https://www.linkedin.com/company/the-iconic,http://www.facebook.com/IconicAU,http://twitter.com/THEICONICau,,,,,,,"E-Commerce, Fashion, Marketplace",4,501-1000,1,,"Jul 10, 2013",Venture - Series Unknown,"$26,000,000","$26,000,000",Venture - Series Unknown,"$26,000,000","$26,000,000",1,3,,Private,,,,,info@afterpay.com.au,+61 1300 668 345,48,"9,112"
Bigpoint,https://www.crunchbase.com/organization/bigpoint,Gaming,"Hamburg, Hamburg, Germany",Bigpoint is a browser game portal that offers a collection of free online games of every genre.,"9,677",,Active,2002,,,http://www.bigpoint.com,http://www.linkedin.com/company/bigpoint-gmbh,https://www.facebook.com/bigpointgames,http://twitter.com/Bigpoint,,,5,5,,1,"Casual Games, Gaming, MMO Games",1,251-500,2,M&A,"Apr 26, 2011",Private Equity,"$350,000,000","$350,000,000",Private Equity,"$459,870,791","$459,870,791",,4,"Made Acquisitions, Was Acquired",Private,,,,,info@bigpoint.net,+49(0)40.88 14 13 0,166,"9,347"
Accedian Networks,https://www.crunchbase.com/organization/accedian-networks,"Hardware, Mobile, Software","Montréal, Quebec, Canada","Accedian Networks provides Performance Assured Networking™ for mobile backhaul, business services and cloud connectivity.","10,537",,Active,2004,,,http://www.accedian.com,http://www.linkedin.com/company/accedian-networks,https://www.facebook.com/accedian,http://twitter.com/accedian,,,,,,,"Enterprise Software, Mobile, Telecommunications",1,101-250,3,M&A,"Aug 4, 2010",Series C,"$19,500,000","$19,500,000",Series C,"$31,040,000","$31,040,000",3,4,"Made Acquisitions, Was Acquired",Private,,,,,info@accedian.com,514-331-6181,18,"10,175"
Cloudmark,https://www.crunchbase.com/organization/cloudmark,"Information Technology, Internet Services, Messaging and Telecommunications, Mobile, Privacy and Security","San Francisco, California, United States","Cloudmark provides carrier-grade messaging security and infrastructure solutions for fixed, mobile, and social networks.","11,733","San Francisco Bay Area, Western United States",Active,2001,,,http://www.cloudmark.com,,http://www.facebook.com/Cloudmark,http://twitter.com/Cloudmark,,,,,,,"Infrastructure, Messaging, Mobile, Security, Social Network",3,51-100,4,M&A,"Feb 17, 2010",Venture - Series Unknown,"$23,000,000","$23,000,000",Venture - Series Unknown,"$39,000,000","$39,000,000",2,4,"Made Acquisitions, Was Acquired",Private,,,,,sales@cloudmark.com,14155431233,206,"11,320"
Wellcentive,https://www.crunchbase.com/organization/wellcentive,"Data and Analytics, Health Care, Information Technology","Alpharetta, Georgia, United States",Wellcentive provides cloud-based population health management and data analytics solutions.,"14,038",Southern United States,Active,2005,,For Profit,http://www.wellcentive.com,http://www.linkedin.com/company/1570330,http://www.facebook.com/Wellcentive,http://twitter.com/Wellcentive,,,,,,,"Analytics, Health Care, Information Technology",2,101-250,4,M&A,"Apr 18, 2014",Venture - Series Unknown,"$12,000,000","$12,000,000",Venture - Series Unknown,"$18,479,999","$18,479,999",1,1,Was Acquired,Private,,,,,info@wellcentive.com,(678)710-8060,22,"13,552"
Zando,https://www.crunchbase.com/organization/zando,"Clothing and Apparel, Commerce and Shopping, Consumer Electronics, Design, Hardware","Cape Town, NA - South Africa, South Africa",Zando is an e-commerce retailer offering footwear and fashion brands.,"18,536",,Active,2011,,,http://www.zando.co.za,,http://www.facebook.com/zando.co.za,http://twitter.com/zando_co_za,,,,,,,"E-Commerce, Fashion, Wearables",4,101-250,1,,"Nov 2, 2012",Venture - Series Unknown,"€20,000,000","€20,000,000",Venture - Series Unknown,"€20,000,000","€20,000,000",1,1,,Private,,,,,service@zando.co.za,,45,"17,921"
Advance Health,https://www.crunchbase.com/organization/advance-health,"Health Care, Information Technology","Chantilly, Virginia, United States",Advance Health provides industry leading managed care prospective health solutions,"19,290",Southern United States,Active,"Jan 27, 2015",,For Profit,https://www.advancehlth.com/,https://www.linkedin.com/company/advance-health-llc,https://www.facebook.com/advancehlth,https://twitter.com/AdvanceHealth_,,,,,,,"Health Care, Information Technology, Medical",1,501-1000,2,Private Equity,"Dec 7, 2017",Private Equity,,,Private Equity,"$40,000,000","$40,000,000",2,4,,Private,,,,,info@advancehealth.com,(855) 247-1940,8,"18,651"
M/A-COM,https://www.crunchbase.com/organization/m-a-com,"Consumer Electronics, Hardware, Information Technology, Internet Services, Mobile, Science and Engineering","Lowell, Massachusetts, United States","MACOM is a supplier of high-performance analog RF, microwave, millimeterwave, and photonic semiconductor products.","21,354","New England, Northeastern United States",Active,2009,,,http://www.macomtech.com,http://www.linkedin.com/company/m-a-com-technology-solutions,https://www.facebook.com/macom-242088082612175,http://twitter.com/MACOMtweets,,,,,,,"Electronics, Industrial, Information Technology, Internet, Semiconductor, Technical Support, Wireless",,501-1000,2,M&A,"Jan 12, 2011",Private Equity,,,Private Equity,"$43,751,752","$43,751,752",,1,"Made Acquisitions, Was Acquired",Public,"Mar 15, 2012",,"$114,000,000","$859,933,996",webmaster@macom.com,9786562695,55,"20,653"
COMS Interactive,https://www.crunchbase.com/organization/coms-interactive,"Biotechnology, Health Care, Information Technology, Science and Engineering, Software","Broadview Heights, Ohio, United States","COMS Interactive, Daylight IQ Software as a Service (SaaS) Disease Care Management System.","22,254","Great Lakes, Midwestern United States",Active,2009,,For Profit,http://www.comsinteractive.com,https://www.linkedin.com/company/coms-interactive-llc,,https://twitter.com/comsinteractive,,,,,,,"Biotechnology, Health Care, Hospital, Information Technology, SaaS, Software",2,51-100,4,,"Jun 18, 2013",Venture - Series Unknown,"$21,000,000","$21,000,000",Venture - Series Unknown,"$27,100,501","$27,100,501",1,4,Made Acquisitions,Private,,,,,info@comsinteractive.com,(330)650-9900,3,"21,522"
PeerApp,https://www.crunchbase.com/organization/peerapp,"Content and Publishing, Hardware, Internet Services, Media and Entertainment, Mobile, Software, Video","Newton, Massachusetts, United States",PeerApp's content delivery platform enables operators to cut their costs and accelerate the content delivery while increasing QoE.,"22,895","New England, Northeastern United States",Active,2004,,For Profit,http://peerapp.com,http://www.linkedin.com/company/peerapp,http://www.facebook.com/cachepeerapp,http://twitter.com/PeerApp,,,,,,,"Internet, ISP, Mobile, Peer to Peer, Software, Telecommunications, Video Streaming",1,51-100,4,,"Sep 20, 2011",Venture - Series Unknown,"$8,000,000","$8,000,000",Venture - Series Unknown,"$22,500,000","$22,500,000",3,4,,Private,,,,,info@peerapp.com,1(161)779-50977,25,"22,143"
Ob Hospitalist Group,https://www.crunchbase.com/organization/ob-hospitalist-group,"Administrative Services, Health Care, Travel and Tourism","Mauldin, South Carolina, United States","Ob Hospitalist Group offers obstetric care of expectant mothers by providing in-house, board-certified physicians' services.","24,142",Southern United States,Active,2006,,,http://obhg.com,http://www.linkedin.com/company/ob-hospitalist-group,http://www.facebook.com/Ob-Hospitalist-Group/4433563524512,https://www.twitter.com/obhgcares,,,,,,,"Delivery, Health Care, Hospitality",1,251-500,4,M&A,"Oct 28, 2016",Venture - Series Unknown,"$343,651","$343,651",Venture - Series Unknown,"$58,917,142","$58,917,142",,1,Was Acquired,Private,,,,,marketing@obhg.com,800.967.2289,,"23,353"
NetWitness,https://www.crunchbase.com/organization/netwitness,"Information Technology, Privacy and Security, Software","Herndon, Virginia, United States",NetWitness provides network security monitoring software products for commercial and government organizations internationally.,"31,804",Southern United States,Active,2006,,,http://www.netwitness.com,https://www.linkedin.com/company/rsa-the-security-division-of-emc,https://www.facebook.com/emccorp,http://twitter.com/rsasecurity,,,,,,,"Enterprise Software, Information Technology, Security",2,1-10,2,M&A,"Jan 14, 2010",Series B,"$5,689,647","$5,689,647",Series B,"$15,689,647","$15,689,647",1,2,Was Acquired,Private,,,,,info@netwitness.com,703.889.8950,77,"30,743"
Zapnito,https://www.crunchbase.com/organization/zapnito,Internet Services,"London, England, United Kingdom","Zapnito is a platform enabling organisations to share, promote, and monetize collective expertise.","34,085",,Active,2014,,For Profit,http://www.zapnito.com,https://www.linkedin.com/company/zapnito,https://www.facebook.com/Zapnito-398697173571446/,https://twitter.com/zapnito?lang=en,,,,,,,Internet,2,11-50,1,Seed,"Nov 28, 2016",Seed,"£442,000","£442,000",Seed,"£442,000","£442,000",,2,,Private,,,,,contact@zapnito.com,+447851928684,1,"32,939"
Ubiquiti Networks,https://www.crunchbase.com/organization/ubiquiti-networks,"Internet Services, Media and Entertainment, Video","San Jose, California, United States",Ubiquiti Networks manufactures a variety of high-end wireless products to cater to underserved and emerging markets.,"36,894","San Francisco Bay Area, Silicon Valley, Western United States",Active,2005,,For Profit,http://www.ubnt.com,,http://www.facebook.com/ubiquiti,http://twitter.com/ubnt,,,,,,,"Broadcasting, Web Hosting",2,,1,IPO,"Mar 2, 2010",Private Equity,,,Private Equity,,,,1,,Public,"Oct 14, 2011",,"$105,573,450","$1,346,102,745",info@ubnt.com,,201,"35,656"
PeopleAdmin,https://www.crunchbase.com/organization/peopleadmin,"Education, Software","Austin, Texas, United States",PeopleAdmin is a recognized leader in Talent Management solutions specifically designed for Higher Education and Government.,"37,682",Southern United States,Active,2000,,,http://www.peopleadmin.com,http://www.linkedin.com/company/peopleadmin,http://www.facebook.com/PeopleAdmin,http://twitter.com/peopleadmn,,,,,,,"Education, Software",,51-100,1,M&A,"Sep 8, 2008",Private Equity,,,Private Equity,,,,1,"Made Acquisitions, Was Acquired",Private,,,,,info@peopleadmin.com,877-637-5800,39,"36,417"
Winshuttle,https://www.crunchbase.com/organization/winshuttle,"Consumer Electronics, Hardware, Software","Bothell, Washington, United States",Winshuttle offers software products enabling businesses to work with SAP directly from interfaces that do not require any programming.,"45,221",Western United States,Active,"Oct 1, 2003",,,http://www.winshuttle.com,http://www.linkedin.com/company/winshuttle,http://www.facebook.com/winshuttle,http://twitter.com/winshuttle,,,,,,,"Computer, SaaS, Software",3,101-250,1,,"Sep 14, 2010",Venture - Series Unknown,"$12,000,000","$12,000,000",Venture - Series Unknown,"$12,000,000","$12,000,000",1,1,Made Acquisitions,Private,,,,,info@winshuttle.com,800-711-9798,26,"43,633"
"Solutionreach, Inc.",https://www.crunchbase.com/organization/solutionreach,Software,"Lehi, Utah, United States",Solutionreach is a cloud-based platform offering high-tech tools to help healthcare providers improve patient relationship management. .,"45,942",Western United States,Active,2000,,For Profit,http://www.solutionreach.com,https://www.linkedin.com/company-beta/2326749/,http://www.facebook.com/Solutionreach,http://twitter.com/solutionreach,,,,,,,"SaaS, Software",1,251-500,1,Private Equity,"May 10, 2012",Private Equity,,,Private Equity,,,,1,,Private,,,,,info@solutionreach.com,800-995-8444,19,"44,320"
InfoArmor,https://www.crunchbase.com/organization/infoarmor,"Health Care, Information Technology, Privacy and Security","Scottsdale, Arizona, United States",InfoArmor offers businesses industry-leading employee identity protection and advanced threat intelligence solutions.,"52,070",Western United States,Active,"Sep 1, 2007",,For Profit,https://www.infoarmor.com/,https://www.linkedin.com/company/infoarmor,https://www.facebook.com/infoarmor,https://www.twitter.com/infoarmor,,,,,,,"Cyber Security, Employee Benefits",1,101-250,1,Private Equity,"Jan 31, 2017",Private Equity,,,Private Equity,,,1,1,,Private,,,,,info@infoarmor.com,+1 (480) 302-6701,3,"50,133"
Mi9 Retail,https://www.crunchbase.com/organization/mi9-retail,"Commerce and Shopping, Hardware, Software","Miami, Florida, United States",Mi9 Retail provides enterprise software solutions to retailers.,"52,701",Southern United States,Active,2001,,For Profit,http://www.mi9retail.com,https://www.linkedin.com/company/290484?trk=tyah&trkInfo=clickedVertical%3Acompany%2CclickedEntityId%3A290484%2Cidx%3A1-1-1%2CtarId%3A1445010455747%2Ctas%3Ami9%20ret,https://www.facebook.com/mi9retail?fref=ts,https://twitter.com/Mi9Retail,,,,,,,"Enterprise Software, Retail, Retail Technology, Software",2,501-1000,3,Private Equity,"Jul 6, 2017",Private Equity,,,Private Equity,,,2,3,Made Acquisitions,Private,,,,,pr@mi9retail.com,(786)577-3200,11,"50,732"
Vente-privee.com,https://www.crunchbase.com/organization/vente-privee-com,"Commerce and Shopping, Sales and Marketing","Paris, Ile-de-France, France",Vente-privee.com is a members-only e-commerce company hosting designer brand sales in all product categories.,"56,206",,Active,2001,,,http://vente-privee.com,,,https://www.twitter.com/venteprivee_fr,,,2,2,1,,"E-Commerce, Retail, Sales",1,1001-5000,1,Private Equity,"May 24, 2007",Private Equity,,,Private Equity,,,,1,Made Acquisitions,Private,,,,,,33 1 49 17 21 50,19,"54,030"
Clearwater Analytics,https://www.crunchbase.com/organization/clearwater-analytics,"Data and Analytics, Financial Services, Information Technology, Professional Services, Software","Boise, Idaho, United States",Investment Reporting and Analytics,"63,078",Western United States,Active,2003,,For Profit,http://www.clearwateranalytics.com,http://www.linkedin.com/company/clearwater-analytics,http://www.facebook.com/aboutclearwateranalytics,http://twitter.com/cwanalytics,,,,,,,"Accounting, Analytics, Data Integration, Finance, Insurance, Risk Management, SaaS, Software",3,501-1000,1,Private Equity,"Dec 10, 2010",Private Equity,,,Private Equity,,,,1,,Private,,,,,info@clearwateranalytics.com,+44 131 524 8138,5,"60,427"
MDVIP,https://www.crunchbase.com/organization/mdvip,Health Care,"Boca Raton, Florida, United States",MDVIP was founded as an alternative to a primary healthcare system characterized by long wait times and overextended physicians.,"65,475",Southern United States,Active,2000,,,http://www.mdvip.com/,,http://www.facebook.com/MDVIP,http://twitter.com/MDVIP,,,,,,,"Health Care, Medical",,501-1000,1,M&A,"Dec 23, 2004",Private Equity,,,Private Equity,,,,1,Was Acquired,Private,,,,,,561-886-1486,20,"62,644"
Liquidnet,https://www.crunchbase.com/organization/liquidnet,"Financial Services, Lending and Investments, Professional Services","New York, New York, United States",The global institutional trading network. We connect 770+ of the world’s top asset managers to large scale trading opportunities worldwide.,"65,564","Great Lakes, Northeastern United States",Active,2001,,For Profit,http://www.liquidnet.com,http://www.linkedin.com/company/liquidnet,,http://twitter.com/Liquidnet,,,,,,,"Financial Services, Intellectual Property, Trading Platform",3,251-500,2,Private Equity,"Feb 18, 2005",Private Equity,"$250,000,000","$250,000,000",Private Equity,"$260,000,000","$260,000,000",2,2,Made Acquisitions,Private,,,,,info@liquidnet.com,16466742003,46,"62,727"
Telerik,https://www.crunchbase.com/organization/telerik,"Information Technology, Internet Services, Mobile, Software","Sofia, Grad Sofiya, Bulgaria","More than 1,000,000 developers depend on Telerik to create compelling app experiences across any screen.","67,963",,Active,2002,,,http://www.telerik.com,http://www.linkedin.com/company/telerik,http://www.facebook.com/Telerik,http://twitter.com/Telerik,,,,,,,"Cloud Data Services, Developer Tools, Mobile, Software",3,,1,M&A,"Aug 25, 2008",Private Equity,,,Private Equity,,,,1,"Made Acquisitions, Was Acquired",Private,,,,,sales@telerik.com,888 365 2779,179,"64,933"
Wowza Media Systems,https://www.crunchbase.com/organization/wowza-media,"Internet Services, Media and Entertainment, Mobile, Software","Evergreen, Colorado, United States","Wowza Media Systems offers a customizable, scalable server software solution that powers the streaming of video and audio to any device.","69,107",Western United States,Active,2005,,,http://www.wowza.com,http://www.linkedin.com/company/wowza-media-systems,http://www.facebook.com/Wowza,http://twitter.com/wowzamedia,,,,,,,"Enterprise Software, Mobile, Social Media",2,51-100,1,Private Equity,"Mar 28, 2012",Private Equity,,,Private Equity,,,,1,,Private,,,,,info@wowza.com,720-222-4744,36,"65,994"
Tiny Prints,https://www.crunchbase.com/organization/tiny-prints,"Commerce and Shopping, Education, Financial Services","Sunnyvale, California, United States","Tiny Prints operates two e-commerce brands offering cards, invitations, personalized stationery and photo books.","71,424","San Francisco Bay Area, Silicon Valley, Western United States",Active,2004,,,http://www.tinyprints.com,https://www.linkedin.com/company/203361,https://www.facebook.com/tinyprints/,http://twitter.com/TinyPrints,,,,,,,"E-Commerce, Education, Gift Card",3,101-250,1,M&A,"Apr 23, 2008",Series A,,,Series A,,,2,2,Was Acquired,Private,,,,,info@tinyprints.com,(877) 300-9256,65,"68,113"
Access Information Management,https://www.crunchbase.com/organization/access-information-management,"Information Technology, Software","Livermore, California, United States",Access Information Management provides records management storage and destruction services for hardcopy and electronic records.,"73,005","San Francisco Bay Area, Western United States",Active,2004,,,http://informationprotected.com,http://www.linkedin.com/company/access-information-management,http://www.facebook.com/InformationProtected,https://twitter.com/accesstoday,,,,,,,"Enterprise Software, Information Services, Information Technology",1,1001-5000,2,Private Equity,"Sep 29, 2017",Private Equity,,,Private Equity,,,1,2,Made Acquisitions,Private,,,,,,(925) 461-7402,4,"69,552"
Continuum Managed Services,https://www.crunchbase.com/organization/continuum-managed-services,"Information Technology, Software","Boston, Massachusetts, United States",SaaS-based managed services technology platform,"75,143","New England, Northeastern United States",Active,"Sep 1, 2011",,For Profit,http://www.continuum.net,http://www.linkedin.com/company/continuum-managed-services-llc,http://www.facebook.com/Continuum+Managed+Services/2497267,http://twitter.com/FollowContinuum,,,,,,,"Enterprise Software, Information Technology, SaaS",,501-1000,1,M&A,"Sep 1, 2011",Private Equity,,,Private Equity,,,,1,Was Acquired,Private,,,,,europe@continuum.net,724-720-9000,3,"71,500"
Acturis,https://www.crunchbase.com/organization/acturis,"Financial Services, Software","London, England, United Kingdom","Acturis was established in late 2000 by Theo Duchen and David McDonald, two former McKinsey partners, and the late Sir Brian Pitman, the","78,944",,Active,2000,,,http://acturis.com,,,,,,,,,,"Insurance, SaaS, Software",2,501-1000,1,Private Equity,"Jun 28, 2010",Private Equity,,,Private Equity,,,,1,Made Acquisitions,Private,,,,,info@acturis.com,44 20 7079 4000,,"74,917"
"NameMedia, Inc.",https://www.crunchbase.com/organization/namemedia,"Advertising, Commerce and Shopping, Content and Publishing, Internet Services, Media and Entertainment, Sales and Marketing","North Andover, Massachusetts, United States",NameMedia is a domain monetization platform for advertisers to buy and sell digital space and reach targeted online audiences.,"87,129","New England, Northeastern United States",Active,2005,,,http://www.namemedia.com,,,http://twitter.com/NameMedia,,,1,1,1,,"Advertising, E-Commerce, Internet, Photo Sharing",1,101-250,1,Private Equity,"Feb 23, 2005",Private Equity,,,Private Equity,,,,1,Made Acquisitions,Private,,,,,kconlin@namemedia.com,,28,"82,228"
Tivoli Audio,https://www.crunchbase.com/organization/tivoli-audio,"Consumer Electronics, Hardware, Media and Entertainment, Music and Audio","Boston, Massachusetts, United States","Tivoli Audio offers beautifully designed, simple-to-use, high-quality audio products.","87,298","New England, Northeastern United States",Active,2000,,,http://www.tivoliaudio.com,https://www.linkedin.com/company/tivoli-audio,http://www.facebook.com/TivoliAudio,http://twitter.com/tivoliaudio,,,,,,,"Audio, Electronics",,11-50,2,,"May 13, 2015",Venture - Series Unknown,,,Venture - Series Unknown,,,,2,,Private,,,,,mail@tivoliaudio.com,617-345-0066,40,"82,380"
360T,https://www.crunchbase.com/organization/360t,Financial Services,"Frankfurt, Hessen, Germany",360T is the leading global provider of web-based trading technology.,"95,537",,Active,2000,,,http://www.360t.com,,,,,,,,,,FinTech,,501-1000,1,M&A,"Feb 16, 2012",Private Equity,,,Private Equity,,,,1,Was Acquired,Private,,,,,info@360t.com,212-776-2900,,"89,727"
Hiperos,https://www.crunchbase.com/organization/hiperos,Software,"Southborough, Massachusetts, United States",Hiperos provides an on-demand SaaS solution for managing the extended enterprise of a business.,"96,174","New England, Northeastern United States",Active,2007,,,http://www.hiperos.com,,http://www.facebook.com/Hiperos3PM,http://twitter.com/Hiperos3PM,,,,,,,"Enterprise Software, SaaS, Software",1,51-100,1,M&A,"Dec 31, 2010",Private Equity,,,Private Equity,,,,1,Was Acquired,Private,,,,,info@hiperos.com,908-981-0080,11,"90,306"
Progressive Finance,https://www.crunchbase.com/organization/progressive-finance,Financial Services,"Draper, Utah, United States",Progressive Finance is a provider of web-based lease-to-own financing programs for retailers.,"98,155",Western United States,Active,2000,,,http://www.progfinance.com,,,,,,,,,,"Financial Services, Insurance",1,501-1000,1,M&A,"Jun 15, 2012",Private Equity,,,Private Equity,,,,1,Was Acquired,Private,,,,,customersupport@progleasing.com,801-316-6777,5,"92,080"
Snap Fitness,https://www.crunchbase.com/organization/snap-fitness,"Health Care, Sports","Chanhassen, Minnesota, United States","Snap Fitness, based in the Minneapolis suburb of Chanhassen, MN, is the world's fastest-growing franchisor of compact, state-of-the-art","100,296","Great Lakes, Midwestern United States",Active,"Aug 1, 2003",,For Profit,http://www.snapfitness.com,http://www.linkedin.com/company/snap-fitness-24-7,http://www.facebook.com/SnapFitness247,http://twitter.com/snapfitness,,,,,,,"Fitness, Health Care, Wellness",1,251-500,3,,"Sep 30, 2015",Venture - Series Unknown,,,Venture - Series Unknown,,,1,3,,Private,,,,,inquiries@snapfitness.com,952-474-5422,18,"93,996"
optionsXpress,https://www.crunchbase.com/organization/optionsxpress,Financial Services,"Chicago, Illinois, United States",OptionsXpress is a online brokerage firm owned by Charles Schwab.,"103,213","Great Lakes, Midwestern United States",Active,2000,,For Profit,http://www.optionsxpress.com,http://www.linkedin.com/company/optionsxpress,,http://twitter.com/oxinternational,,,,,,,"Finance, Financial Services, FinTech",1,251-500,1,M&A,"Jan 15, 2004",Private Equity,"$90,000,000","$90,000,000",Private Equity,"$90,000,000","$90,000,000",,1,"Made Acquisitions, Was Acquired",Public,"Jan 27, 2005",,"$198,000,000",,,(888)280-8020,8,"96,606"
Flow Traders,https://www.crunchbase.com/organization/flow-traders,"Financial Services, Lending and Investments","Amsterdam, Noord-Holland, The Netherlands","Flow Traders, named “ETF Market Marker Europe by the Annual Global ETF Awards for the last six consecutive years is an international","105,746",,Active,2004,,,http://www.flowtraders.com/home,http://www.linkedin.com/company/flow-traders,,http://twitter.com/FlowTraders,,,,,,,"Financial Services, Stock Exchanges, Trading Platform",,101-250,1,IPO,"May 29, 2008",Private Equity,,,Private Equity,,,,1,,Public,"Jul 17, 2015",,,,,31207996780,,"98,861"
ApoCell,https://www.crunchbase.com/organization/apocell,Health Care,"Houston, Texas, United States","ApoCell is a privately held molecular biomarker development, services, and diagnostics company headquartered in Houston.","107,772",Southern United States,Active,2004,,,http://www.apocell.com,,,,,,,,,,"Business Development, Health Diagnostics",1,11-50,1,Private Equity,"Sep 16, 2009",Private Equity,,,Private Equity,,,,1,,Private,,,,,,7134406074,20,"100,674"
LifeStance Health,https://www.crunchbase.com/organization/lifestance-health,Health Care,"Bellevue, Washington, United States",LifeStance is a national provider of behavioral healthcare services with operations across the country.,"108,003",Western United States,Active,2017,,For Profit,https://lifestance.com/,,,,,,,,,,Health Care,,,1,Private Equity,"Dec 2, 2015",Private Equity,,,Private Equity,,,,2,,Private,,,,,info@lifestance.com, 425-279-8500,,"100,873"
Aurora Diagnostics,https://www.crunchbase.com/organization/aurora-diagnostics,"Biotechnology, Health Care, Science and Engineering","Palm Beach Gardens, Florida, United States","Aurora Diagnostics is a specialized laboratory company dedicated to providing unsurpassed diagnostic, prognostic, and therapeutic.","109,643",Southern United States,Active,2006,,,http://www.auroradx.com,http://www.linkedin.com/company/aurora-diagnostics,http://www.facebook.com/AuroraDiagnostics,http://twitter.com/aurora_dx,,,,,,,"Biotechnology, Health Care, Hospital",,1001-5000,1,Private Equity,"Jun 2, 2006",Private Equity,,,Private Equity,,,,1,Made Acquisitions,Private,,,,,info@auroradx.com,15616264530,3,"102,330"
NightHawk Radiology Services,https://www.crunchbase.com/organization/nighthawk-radiology-services,Health Care,"Coeur D'alene, Idaho, United States","Nighthawk Radiology Services, LLC provides teleradiology services for hospitals, clinics, and imaging centers in United States.","134,099",Western United States,Active,2001,,,http://www.nighthawkradiology.com/,http://www.linkedin.com/company/76289,http://www.facebook.com/NightHawkRadiology,,,,,,,,"Clinical Trials, Health Care, Hospital, Medical",,51-100,1,IPO,"Apr 7, 2004",Private Equity,"$25,000,000","$25,000,000",Private Equity,"$25,000,000","$25,000,000",1,1,,Public,"Feb 9, 2006",,"$100,000,000",,,9547965866,3,"124,267"
QuietStream Financial,https://www.crunchbase.com/organization/quietstream-financial,Financial Services,"Charlotte, North Carolina, United States","QuietStream Financial provides commercial real estate owners, investors, and borrowers with a portfolio of businesses.","135,641",Southern United States,Active,2000,,,http://quietstreamfinancial.com,,http://www.facebook.com/Quietstream-Financial/687537967942,http://twitter.com/quiet_stream,,,,,,,"Consulting, Financial Services, FinTech",,51-100,1,Private Equity,"Feb 10, 2006",Private Equity,,,Private Equity,,,,1,,Private,,,,,info@qsfllc.com,704-973-7380,5,"125,654"
Peak Well Systems,https://www.crunchbase.com/organization/peak-well-systems,"Design, Hardware, Manufacturing, Science and Engineering","Bayswater, Victoria, Australia","Peak Well Systems designs and manufactures advanced downhole tools that extend well life, restore well integrity and enhance well","147,931",,Active,2002,,,http://www.peakwellsystems.com,https://www.linkedin.com/company/peak-well-systems,,http://twitter.com/PeakWellSystems,,,,,,,"Manufacturing, Product Design, Semiconductor",2,51-100,1,M&A,"May 10, 2013",Private Equity,,,Private Equity,,,,1,Was Acquired,Private,,,,,applications@peakwellsystems.com,61892215233,1,"136,796"
"Freedom Scientific Holdings, LLC",https://www.crunchbase.com/organization/freedom-scientific-holdings-llc,Manufacturing,"St. Petersburg, Florida, United States",Freedom Scientific is the largest worldwide manufacturer of assistive technology products for those who are blind or have low vision.,"150,999",Southern United States,Active,2000,,,http://www.freedomscientific.com/,,http://www.facebook.com/FreedomScientificInc,http://twitter.com/FreedomSci,,,,,,,Manufacturing,,11-50,1,M&A,"Apr 10, 2000",Private Equity,,,Private Equity,,,,1,"Made Acquisitions, Was Acquired",Private,,,,,info@freedomscientific.com,1-800-444-4443,,"139,581"
PSC Info Group,https://www.crunchbase.com/organization/psc-info-group,"Data and Analytics, Hardware, Information Technology, Software","Oaks, Pennsylvania, United States","PSC Info Group is a leader in data management, printing and mailing technology and online solutions that facilitate billing, collection","157,126","Great Lakes, Northeastern United States",Active,2000,,For Profit,http://www.pscinfogroup.com,http://www.linkedin.com/company/psc-info-group,,,,,,,,,"Communication Hardware, Data Integration, Information Technology",,251-500,1,M&A,"Jul 31, 2002",Private Equity,,,Private Equity,,,,1,Was Acquired,Private,,,,,,6106503900,,"145,117"
Innov-X Systems,https://www.crunchbase.com/organization/innov-x-systems,"Data and Analytics, Manufacturing","Woburn, Massachusetts, United States","Innov-X Systems manufactures field portable x-ray-based analytical instruments that provide real-time, non-destructive analytics.","161,894","New England, Northeastern United States",Active,2001,,,http://www.innovx.com,https://www.linkedin.com/company/innov-x-systems,,http://twitter.com/OlympusIMS,,,,,,,"Analytics, Manufacturing, Real Time",,51-100,1,M&A,"Jan 8, 2007",Venture - Series Unknown,"$27,000,000","$27,000,000",Venture - Series Unknown,"$27,000,000","$27,000,000",1,3,Was Acquired,Private,,,,,info@innovxsys.com,1-781-938-5005,,"149,450"
Bartlett Nuclear,https://www.crunchbase.com/organization/bartlett-nuclear,"Energy, Natural Resources","Plymouth, Minnesota, United States","Bartlett Nuclear Inc., a Plymouth, Mass.-based provider of radiological protection services to the U.S. nuclear industry.","165,855","Great Lakes, Midwestern United States",Active,2003,,,http://www.bartlettinc.com,https://www.linkedin.com/company/bhi-energy,https://www.facebook.com/113054793132,,,,,,,,"Energy, Oil and Gas, Project Management",,11-50,1,,"Feb 11, 2004",Venture - Series Unknown,,,Venture - Series Unknown,,,2,2,,Private,,,,,,508-746-6464,,"153,071"
Jamba!,https://www.crunchbase.com/organization/jamba-2,"Hardware, Mobile","Berlin, Berlin, Germany",Jamba! is a content provider to the mobile phone industry. The company sells audio and visual entertainment products and services for,"188,401",,Active,2000,,,http://www.jamba.de,,,,,,,,,,"Telecommunications, Wireless",,,1,M&A,"Sep 4, 2003",Private Equity,,,Private Equity,,,,1,Was Acquired,Private,,,,,,,1,"173,625"
Heart to Heart Hospice,https://www.crunchbase.com/organization/heart-to-heart-hospice,Health Care,"Carrollton, Texas, United States",Heart to Heart Hospice management provides hospice care services to patients with life-limiting illnesses.,"212,621",Southern United States,Active,2003,,,http://www.hearttohearthospice.com,,,http://twitter.com/HtoHHospice,,,,,,,"Health Care, Hospital, Medical Device",,501-1000,1,Private Equity,"Dec 28, 2012",Private Equity,,,Private Equity,,,,1,,Private,,,,,mmcgaw@hearttohearthospice.com,972-715-6300,2,"195,848"
Commnet Wireless,https://www.crunchbase.com/organization/commnet-wireless,Sales and Marketing,"Atlanta, Georgia, United States",Commnet Wireless is a premier wholesale wireless carrier in the United States. Our focus is providing domestic and international wireless,"226,467",Southern United States,Active,2000,,,http://www.commnetwireless.com,,,,,,,,,,Public Relations,,51-100,1,M&A,"Dec 23, 2003",Private Equity,,,Private Equity,,,,1,Was Acquired,Private,,,,,,678-338-5960,4,"208,618"
Bartlett Holdings,https://www.crunchbase.com/organization/bartlett-holdings,"Administrative Services, Government and Military","Plymouth Meeting, Massachusetts, United States","BHI Energy is comprised of six companies providing industry-leading maintenance, technical and professional project and staffing services","358,086","New England, Northeastern United States",Active,2003,,,http://www.bhienergy.com,https://www.linkedin.com/company/bhi-energy,https://www.facebook.com/113054793132,,,,,,,,"Government, Industrial, Staffing Agency",,501-1000,1,M&A,"Jan 20, 2004",Private Equity,,,Private Equity,,,,1,Was Acquired,Private,,,,,,508-746-6464,,"330,853"
Anesthetix Holdings,https://www.crunchbase.com/organization/anesthetix-holdings,Health Care,"Miami, Florida, United States",Anesthetix Holdings provides anesthesiology and pain management services in the United States.,"500,644",Southern United States,Active,2000,,For Profit,,,,,,,,,,,"Health Care, Hospital, Medical Device",,,1,M&A,"Sep 7, 2006",Private Equity,,,Private Equity,,,,1,Was Acquired,Private,,,,,,(561)799-3552,,"462,798"
