Organization Name,Organization Name URL,Category Groups,Headquarters Location,Description,CB Rank (Organization),Headquarters Regions,Operating Status,Founded Date,Closed Date,Company Type,Website,LinkedIn,Facebook,Twitter,Investor Type,Investment Stage,Number of Portfolio Organizations,Number of Investments,Number of Lead Investments,Number of Exits,Categories,Number of Founders,Number of Employees,Number of Funding Rounds,Funding Status,Last Funding Date,Last Funding Type,Last Funding Amount,Last Equity Funding Amount,Last Equity Funding Type,Total Equity Funding Amount,Total Funding Amount,Number of Lead Investors,Number of Investors,Acquisition Status,IPO Status,IPO Date,Delisted Date,Money Raised at IPO,Valuation at IPO,Contact Email,Phone Number,Number of Articles,CB Rank (Company)
Jive Communications,https://www.crunchbase.com/organization/jive-communications,"Hardware, Information Technology, Internet Services, Media and Entertainment, Messaging and Telecommunications, Video","Orem, Utah, United States",Jive Communications provides enterprise-grade Hosted VoIP and Unified Communications services to businesses and organizations worldwide.,"1,090",Western United States,Active,"Aug 1, 2006",,For Profit,http://jive.com,http://www.linkedin.com/company/jive-communications-inc,http://www.facebook.com/jive.communications.inc,http://twitter.com/getjive,,,,,,,"Telecommunications, Video, VoIP",6,501-1000,4,M&A,"Oct 17, 2016",Venture - Series Unknown,"$3,250,002","$3,250,002",Venture - Series Unknown,"$31,340,003","$31,340,003",1,2,"Made Acquisitions, Was Acquired",Private,,,,,info@getjive.com,(866) 768-5429,245,"1,023"
SteelBrick,https://www.crunchbase.com/organization/steelbrick,"Commerce and Shopping, Information Technology, Internet Services, Sales and Marketing, Software","San Mateo, California, United States",SteelBrick provides Next Generation Quote-to-Cash apps that are fast and easy to deploy and built 100% native on the Salesforce Platform.,"3,244","San Francisco Bay Area, Silicon Valley, Western United States",Active,2009,,For Profit,http://steelbrick.com,https://www.linkedin.com/company/steelbrick,https://www.facebook.com/SteelBrick/info?tab=overview,http://twitter.com/steelbrick,,,,,,,"Cloud Computing, CRM, Price Comparison, SaaS, Software",1,101-250,5,M&A,"Oct 13, 2015",Series C,"$48,000,000","$48,000,000",Series C,"$77,500,000","$77,700,000",3,7,"Made Acquisitions, Was Acquired",Private,,,,,info@steelbrick.com,(650) 627-7030,129,"3,106"
quip,https://www.crunchbase.com/organization/quip-2,"Consumer Goods, Health Care","Brooklyn, New York, United States","quip designs and delivers oral care products, advice, and services.","3,646","Great Lakes, Northeastern United States",Active,"Apr 1, 2014",,For Profit,http://www.getquip.com,https://www.linkedin.com/company/quip-,https://www.facebook.com/getquip,https://twitter.com/getquip,,,,,,,"Beauty, Dental, Health Care",2,11-50,6,Early Stage Venture,"Nov 1, 2017",Series A,"$10,000,000","$10,000,000",Series A,"$11,705,000","$12,205,000",2,13,,Private,,,,,info@getquip.com,888 636 7847,12,"3,494"
"MapAnything, Inc.",https://www.crunchbase.com/organization/cloudbilt,"Data and Analytics, Design, Information Technology, Internet Services, Navigation and Mapping, Sales and Marketing, Software","Charlotte, North Carolina, United States",MapAnything provides a suite of “Where” apps and platform services to drive productivity and planning across many business needs.,"3,866",Southern United States,Active,"Aug 28, 2009",,For Profit,http://mapanything.com,https://www.linkedin.com/company/mapanything-inc,https://www.facebook.com/MapAnything/,https://twitter.com/mapanything,,,,,,,"CRM, Data Visualization, Location Based Services, Software",2,101-250,7,Early Stage Venture,"Feb 2, 2017",Series B,"$33,100,000","$33,100,000",Series B,"$40,400,000","$41,600,000",3,9,Made Acquisitions,Private,,,,,results@mapanything.com,866-547-8016,7,"3,709"
Cloud Lending Inc.,https://www.crunchbase.com/organization/cloud-lending,"Financial Services, Internet Services, Software","San Mateo, California, United States","Cloud Lending, Inc. is a company that develops software for the financial lending industry.","4,142","San Francisco Bay Area, Silicon Valley, Western United States",Active,2012,,For Profit,http://www.cloudlendinginc.com,https://www.linkedin.com/company/cloudlendinginc/,http://www.facebook.com/CloudLending,http://twitter.com/cloudlending,,,,,,,"Cloud Computing, Financial Services, Lending, Software",2,101-250,4,Early Stage Venture,"Feb 20, 2017",Series B,"$5,999,995","$5,999,995",Series B,"$13,999,995","$14,149,995",2,6,,Private,,,,,info@cloudlendinginc.com,+116509180499,4,"3,981"
Growbots,https://www.crunchbase.com/organization/growbots,"Information Technology, Sales and Marketing, Software","San Francisco, California, United States",AI for Sales,"5,688","San Francisco Bay Area, Western United States",Active,"Dec 1, 2014",,For Profit,http://growbots.com,https://www.linkedin.com/company/growbots/,http://www.facebook.com/growbots.co,http://twitter.com/growbots_,,,,,,,"B2B, Lead Generation, SaaS, Sales Automation",3,51-100,3,Seed,"Jun 21, 2017",Undisclosed,"$2,500,000","$2,500,000",Undisclosed,"$4,200,000","$4,200,000",,6,,Private,,,,,jobs@growbots.com,,2,"5,477"
Full Circle Insights,https://www.crunchbase.com/organization/full-circle-insights,"Data and Analytics, Sales and Marketing, Software","San Mateo, California, United States",Full Circle Insights products give marketers full response lifecycle management solutions.,"9,296","San Francisco Bay Area, Silicon Valley, Western United States",Active,"Dec 31, 2010",,For Profit,http://fullcircleinsights.com/,https://www.linkedin.com/company/2320544?,https://www.facebook.com/fullcircleinsights?fref=ts,https://twitter.com/fc_insights,,,,,,,"Analytics, Marketing Automation, Software",1,11-50,2,Early Stage Venture,"Dec 17, 2015",Series B,"$4,700,000","$4,700,000",Series B,"$4,700,000","$4,900,000",2,4,,Private,,,,,sales@fullcirclecrm.com,(650) 641-2766,24,"8,980"
AppBuddy,https://www.crunchbase.com/organization/appbuddy,"Internet Services, Software","Millbrae, California, United States",AppBuddy is the leading provider of business process interaction platforms that keep the best interest of our customer in mind.,"9,551","San Francisco Bay Area, Western United States",Active,"Oct 1, 2009",,For Profit,http://www.appbuddy.com,https://www.linkedin.com/company/appbuddy,https://www.facebook.com/AppBuddy-156559734381465/,https://twitter.com/appbuddy,,,,,,,"Cloud Computing, Enterprise Software",2,11-50,3,Early Stage Venture,"Jan 18, 2018",Series A,"$3,000,000","$3,000,000",Series A,"$3,000,000","$4,325,000",2,3,,Private,,,,,info@appbuddy.com,1(877)648-5437,,"9,228"
Nuvolo,https://www.crunchbase.com/organization/nuvolo-technologies,"Financial Services, Information Technology, Internet Services, Software","Paramus, New Jersey, United States","Nuvolo is revolutionizing enterprise asset management by innovating on ServiceNow, the world’s leading enterprise cloud platform.","9,711",Northeastern United States,Active,2013,,For Profit,http://nuvolo.com/,https://www.linkedin.com/company/nuvolo-technologies,https://www.facebook.com/nuvolotechnologies/info/?tab=page_info,https://twitter.com/@nuvolo_tech,,,,,,,"Asset Management, Cloud Computing, Enterprise Software, Information Technology",1,51-100,4,Early Stage Venture,"Jun 22, 2017",Series A,"$10,000,000","$10,000,000",Series A,"$12,000,000","$12,500,000",2,4,,Private,,,,,info@nuvolo.com,(844)468-8656,1,"9,378"
"Waggl, Inc.",https://www.crunchbase.com/organization/waggl,Internet Services,"San Francisco, California, United States",Waggl is a real-time employee feedback platform that delivers actionable insights through employee voice.,"9,789","San Francisco Bay Area, Western United States",Active,"May 1, 2014",,For Profit,http://www.waggl.com/,http://www.linkedin.com/company/waggl,http://www.facebook.com/waggl.it,http://twitter.com/waggl_it,,,,,,,"Crowdsourcing, Internet, Real Time",4,51-100,4,,"Mar 14, 2017",Debt Financing,"$600,000","$1,000,000",Venture - Series Unknown,"$3,450,000","$4,050,000",,7,,Private,,,,,connect@waggl.com,(415) 399-9949,9,"9,456"
Solid Commerce,https://www.crunchbase.com/organization/solid-commerce,"Commerce and Shopping, Community and Lifestyle, Software","Marina Del Rey, California, United States",Robust Multi-channel selling software,"10,304",Western United States,Active,2008,,,http://solidcommerce.com,https://www.linkedin.com/company/solid-commerce,https://www.facebook.com/solidcommerce/,http://twitter.com/solidcommerce,,,,,,,"E-Commerce, Enterprise Software, Lifestyle",1,51-100,4,,"Mar 27, 2018",Debt Financing,,,,,"$1,250,000",3,4,,Private,,,,,contact@solidcommerce.com,800.750.7617,3,"9,954"
RolePoint,https://www.crunchbase.com/organization/rolepoint,Software,"San Francisco, California, United States",Re-imagining talent acquisition for the enterprise. RolePoint are building software that is changing the way talent is sourced.,"10,839","San Francisco Bay Area, Western United States",Active,2011,,For Profit,http://www.rolepoint.com,http://www.linkedin.com/company/rolepoint,https://www.facebook.com/rolepoint,http://twitter.com/RolePoint,,,,,,,Software,1,11-50,4,Seed,"Jul 13, 2017",Debt Financing,"$500,000","$5,000,000",Seed,"$5,000,000","$5,500,000",,27,,Private,,,,,enquires@rolepoint.com,888-571-2851,9,"10,468"
StudySoup,https://www.crunchbase.com/organization/studysoup,"Content and Publishing, Education, Media and Entertainment","San Francisco, California, United States",StudySoup is an exchange where students can upload or download class notes.,"11,178","San Francisco Bay Area, Western United States",Active,"Mar 20, 2012",,For Profit,http://studysoup.com,http://www.linkedin.com/company/2923853,http://www.facebook.com/pages/StudySoup/320745031301502,http://twitter.com/studysoup,,,,,,,"Content, Education, Publishing, Universities",2,1-10,5,Seed,"Jan 31, 2017",Debt Financing,"$106,349","$1,700,000",Seed,"$1,700,000","$2,106,349",1,9,,Private,,,,,StudySoup@StudySoup.com,,11,"10,788"
Sellbrite,https://www.crunchbase.com/organization/sellbrite,"Commerce and Shopping, Software","Pasadena, California, United States",Sellbrite is an online multichannel ecommerce platform.,"11,483",Western United States,Active,2013,,For Profit,http://www.sellbrite.com,https://www.linkedin.com/company/sellbrite,https://www.facebook.com/sellbrite,http://twitter.com/sellbrite,,,,,,,"E-Commerce, SaaS, Software",2,11-50,6,,"Dec 8, 2017",Debt Financing,"$403,819","$919,465",Venture - Series Unknown,"$1,887,465","$2,768,284",1,5,,Private,,,,,info@sellbrite.com,,5,"11,082"
Stylitics,https://www.crunchbase.com/organization/stylitics,"Clothing and Apparel, Data and Analytics, Design","New York, New York, United States",Stylitics is a fashion tech company helping retailers get more value from product catalogs through algorithmic outfitting and data analysis,"11,830","Great Lakes, Northeastern United States",Active,2011,,For Profit,http://www.stylitics.com,http://www.linkedin.com/company/1616816,http://www.facebook.com/stylitics,http://twitter.com/stylitics,,,,,,,"Analytics, Fashion",2,11-50,6,,"Jul 27, 2017",Debt Financing,"$100,000","$1,195,944",Venture - Series Unknown,"$5,605,944","$5,705,944",,2,,Private,,,,,contact@stylitics.com,646-470-0835,7,"11,414"
Speakr,https://www.crunchbase.com/organization/twtmob,"Advertising, Apps, Internet Services, Media and Entertainment, Sales and Marketing, Software","Los Angeles, California, United States",Influencer Marketing and Talent Management Enterprise Platform,"12,072",Western United States,Active,"Apr 16, 2010",,For Profit,http://speakr.com,https://www.linkedin.com/company-beta/253715/,https://www.facebook.com/Speakr.Inc/,https://twitter.com/speakr,,,,,,,"Advertising, Apps, Brand Marketing, Digital Media, Internet, Media and Entertainment, Social Media, Social Media Marketing, Social Network",1,11-50,6,Seed,"Sep 9, 2016",Debt Financing,"$700,000",,Angel,"$3,830,000","$4,530,000",2,12,,Private,,,,,info@speakr.com,,3,"11,650"
Valant Medical Solutions,https://www.crunchbase.com/organization/valant-medical-solutions,"Consumer Electronics, Hardware, Health Care, Internet Services, Software","Seattle, Washington, United States",Valant provides a web-based electronic medical record (EMR) system to psychiatrists and other behavioral health professionals.,"12,605",Western United States,Active,2005,,For Profit,http://www.valant.com,http://www.linkedin.com/company/valant-medical-solutions,http://www.facebook.com/valantmed,http://twitter.com/valant,,,,,,,"Electronics, Internet, Medical, Software",2,101-250,8,,"Dec 19, 2016",Venture - Series Unknown,"$7,500,000","$7,500,000",Venture - Series Unknown,"$14,806,216","$15,091,216",1,4,,Private,,,,,info@valantmed.com,(888) 774-0532,6,"12,171"
Rallyware,https://www.crunchbase.com/organization/rallyware,"Education, Gaming, Internet Services, Media and Entertainment, Software","Mountain View, California, United States",Connecting learning with performance data,"13,318","San Francisco Bay Area, Silicon Valley, Western United States",Active,"May 1, 2012",,For Profit,http://rallyware.com,http://www.linkedin.com/company/rallyware,http://www.facebook.com/rallyware,http://twitter.com/RallywareSF,,,,,,,"Corporate Training, Enterprise Software, Gamification, Human Resources, Project Management, SaaS, Social Media",3,11-50,9,Seed,"Sep 1, 2017",Seed,,,Seed,"$2,138,000","$2,313,000",2,12,,Private,,,,,info@rallyware.com,(877) 858-8857,,"12,855"
BombBomb,https://www.crunchbase.com/organization/bombbomb,"Information Technology, Internet Services, Media and Entertainment, Messaging and Telecommunications, Sales and Marketing, Video","Colorado Springs, Colorado, United States","BombBomb is a marketing platform where users can make, send, and track the results of traditional emails.","13,336",Western United States,Active,"Oct 1, 2006",,,http://www.bombbomb.com,http://www.linkedin.com/company/bombbomb,http://www.facebook.com/bombbomb,http://twitter.com/BombBomb,,,,,,,"Email, Email Marketing, Video",2,11-50,5,,"Jan 25, 2018",Debt Financing,"$479,695","$500,000",Venture - Series Unknown,"$500,000","$2,222,513",2,3,,Private,,,,,support@bombbomb.com,719-203-9332,13,"12,872"
Breezy,https://www.crunchbase.com/organization/breezy,"Apps, Content and Publishing, Media and Entertainment, Mobile, Software","Oakland, California, United States",Breezy is a cloud-based mobile printing solution that makes it easy to print securely from any device to any printer.,"13,625","San Francisco Bay Area, Western United States",Active,2009,,,http://www.breezy.com,http://www.linkedin.com/company/breezy_com,http://www.facebook.com/pages/Breezy/197731996913638,http://twitter.com/Breezy,,,,,,,"Apps, Enterprise Software, Mobile, Printing",1,1-10,3,Seed,"Sep 28, 2017",Debt Financing,"$150,000","$2,000,000",Seed,"$2,750,000","$2,900,000",,10,,Private,,,,,contact@breezy.com,,12,"13,153"
Versium,https://www.crunchbase.com/organization/versium-analytics-inc,"Data and Analytics, Information Technology, Sales and Marketing, Software","Redmond, Washington, United States","Versium Analytics is a data technology company that provides data verification, data enhancement, and predictive analytics for CRM.","13,831",Western United States,Active,2012,,For Profit,http://versium.com,http://www.linkedin.com/company/versium-inc-,http://www.facebook.com/Versium,http://twitter.com/versiumsocial,,,,,,,"Analytics, CRM, Information Technology",2,11-50,6,,"Aug 25, 2017",Debt Financing,"$412,629","$1,325,000",Venture - Series Unknown,"$3,825,000","$4,787,629",1,3,,Private,,,,,sales@versium.com,1(800) 395-0164,14,"13,353"
Chili Piper,https://www.crunchbase.com/organization/chili-piper,"Information Technology, Sales and Marketing, Software","Brooklyn, New York, United States",Reinvent buyer engagement ,"14,563","Great Lakes, Northeastern United States",Active,"Jan 1, 2016",,For Profit,http://www.chilipiper.com,https://www.linkedin.com/company/2687110/,https://www.facebook.com/hotpipeline,https://twitter.com/chilipiperteam,,,,,,,"Enterprise Software, Productivity Tools, SaaS, Sales Automation",3,11-50,2,Seed,"Jan 29, 2018",Debt Financing,"$350,000",,Angel,,"$350,000",1,3,,Private,,,,,support@chilipiper.com,,,"14,059"
Glance Networks,https://www.crunchbase.com/organization/glance,"Commerce and Shopping, Software","Arlington Heights, Massachusetts, United States","Glance improves the way businesses interact with their customers with next generation cobrowse, screen share and agent video technology.","14,659","New England, Northeastern United States",Active,2000,,For Profit,http://www.glance.net,http://www.linkedin.com/company/glance-networks,http://www.facebook.com/GlanceNetworks,http://twitter.com/glancenetworks,,,,,,,"Customer Service, E-Commerce, Enterprise Software",1,11-50,3,,"Jun 6, 2017",Venture - Series Unknown,"$3,999,999","$3,999,999",Venture - Series Unknown,"$3,999,999","$6,152,309",1,1,,Private,,,,,glance@glance.net,1(877) 452-6236,28,"14,155"
MarketFactory,https://www.crunchbase.com/organization/market-factory,"Financial Services, Software","New York, New York, United States","MarketFactory provides traders access to the entire FX market over one API connection, with pre-trade risk controls to 70+ venues globally.","14,885","Great Lakes, Northeastern United States",Active,"Jul 1, 2007",,For Profit,http://www.marketfactory.com,http://www.linkedin.com/company/237506,,http://twitter.com/MarketFactory,,,,,,,"Finance, FinTech, Software",2,11-50,6,,"Jun 23, 2015",Debt Financing,,"$3,927,992",Venture - Series Unknown,"$7,547,977","$7,547,977",1,2,,Private,,,,,info@marketfactory.com,212-625-9988,3,"14,373"
Springboard Retail,https://www.crunchbase.com/organization/springboard-retail-2,"Apps, Commerce and Shopping, Financial Services, Hardware, Internet Services, Mobile, Payments, Software","Boston, Massachusetts, United States","Springboard Retail mobile POS and retail management system designed by retailers, for retailers.","15,912","New England, Northeastern United States",Active,Nov 2013,,For Profit,https://www.springboardretail.com,https://www.linkedin.com/company-beta/3135593/,https://www.facebook.com/SpringboardRetail,https://twitter.com/springboardup,,,,,,,"Cloud Computing, Developer Tools, Mobile Payments, Payments, Retail Technology, Software, Web Apps",3,11-50,4,Seed,"Dec 2, 2017",Debt Financing,"$500,000","$2,000,000",Seed,"$2,000,000","$4,700,000",,2,,Private,,,,,marketing@springboardretail.com,(888)347-2191,,"15,377"
TextUs,https://www.crunchbase.com/organization/textus-biz,"Hardware, Internet Services, Messaging and Telecommunications, Mobile","Boulder, Colorado, United States",Business Class Text Messaging Platform,"16,057",Western United States,Active,Jun 2012,,For Profit,http://textus.com,http://www.linkedin.com/company/textus-biz,http://www.facebook.com/TextUsBizApps,http://twitter.com/TextUsBiz,,,,,,,"B2B, Mobile, SMS, Telecommunications",3,11-50,2,Seed,"Mar 9, 2017",Debt Financing,"$250,000","$1,500,000",Seed,"$1,500,000","$1,750,000",,1,,Private,,,,,ted@textus.com,303-442-3223,6,"15,516"
Refer.com,https://www.crunchbase.com/organization/refer-com,Internet Services,"Boise, Idaho, United States",Refer.com is an online platform that enables users to stay in touch with people who provides them with referrals.,"16,198",Western United States,Active,"Jan 1, 2014",,For Profit,http://www.refer.com,http://www.linkedin.com/company/refer-com,http://www.facebook.com/referdotcom,http://twitter.com/referdotcom,,,,,,,"Internet, Professional Services, Small and Medium Businesses",1,11-50,5,Seed,"Jan 1, 2018",Seed,"$800,000","$800,000",Seed,"$3,190,000","$3,500,000",1,1,Made Acquisitions,Private,,,,,social@refer.com,+1 (855) 228-6824,1,"15,649"
MixRank,https://www.crunchbase.com/organization/mixrank,"Advertising, Data and Analytics, Mobile, Sales and Marketing, Software","San Francisco, California, United States",MixRank combines robust Mobile App & Web Intelligence with a LiveScan Contacts Engine to Automate Lead Generation,"16,323","San Francisco Bay Area, Western United States",Active,2011,,For Profit,https://mixrank.com,https://www.linkedin.com/company/mixrank,https://www.facebook.com/mixrank,https://twitter.com/mixrank,,,,,,,"Advertising, Analytics, B2B, Big Data, Business Intelligence, Enterprise Software, Lead Generation, Marketing Automation, Mobile",2,11-50,3,Seed,"Feb 26, 2016",Debt Financing,"$250,000","$1,500,000",Seed,"$1,500,000","$2,000,000",1,19,,Private,,,,,,,15,"15,767"
BoardBookit,https://www.crunchbase.com/organization/boardbookit,"Information Technology, Internet Services, Software","Pittsburgh, Pennsylvania, United States","BoardBookit is a boardroom empowerment platform that helps companies improve the way they plan, create and manage board meetings.","16,688","Great Lakes, Northeastern United States",Active,2012,,,http://www.boardbookit.com,http://www.linkedin.com/company/boardbookit,http://www.facebook.com/Boardbookit,http://twitter.com/BoardBookit,,,,,,,"Enterprise Software, Information Technology, Online Portals",2,11-50,6,Early Stage Venture,"Mar 5, 2018",Series A,"$1,900,000","$1,900,000",Series A,"$2,375,000","$2,575,000",1,5,,Private,,,,,sales@boardbookit.com,412-436-5180,1,"16,122"
TruClinic,https://www.crunchbase.com/organization/truclinic,"Hardware, Health Care, Information Technology","Salt Lake City, Utah, United States",To make telemedicine available to everyone.,"16,783",Western United States,Active,2010,,For Profit,http://www.truclinic.com,http://www.linkedin.com/company/truclinic,http://www.facebook.com/pages/TruClinic/119737138059663,http://twitter.com/truclinic,,,,,,,"Health Care, Information Technology, Telecommunications",2,11-50,6,M&A,"Apr 1, 2017",Convertible Note,"$625,000",,Venture - Series Unknown,"$476,400","$1,101,400",1,5,"Made Acquisitions, Was Acquired",Private,,,,,info@truclinic.com,(877)340-0410,5,"16,215"
Tidal Labs,https://www.crunchbase.com/organization/tidal,"Content and Publishing, Internet Services, Media and Entertainment","New York, New York, United States",Tidal Labs activates influencer content at scale through our ContentMetric enterprise influencer CRM & CreatorExchange network of 50k+.,"17,587","Great Lakes, Northeastern United States",Active,2009,,For Profit,http://tid.al,http://www.linkedin.com/company/tidal-labs,http://www.facebook.com/tidal.labs,http://twitter.com/tidallabs,,,,,,,"Content, Content Syndication, Publishing, Social Media",2,11-50,4,,"Jun 1, 2015",Venture - Series Unknown,,,Venture - Series Unknown,"$500,000","$650,000",,4,,Private,,,,,matt@tid.al,+1 (917) 284-6401,41,"17,002"
Badger Maps,https://www.crunchbase.com/organization/badger-maps,"Information Technology, Mobile, Sales and Marketing, Software","San Francisco, California, United States",Badger is the first application that bundles all of the 'in-a-perfect-world' capabilities into one field sales tool.,"17,902","San Francisco Bay Area, Western United States",Active,"Mar 26, 2012",,,https://www.badgermapping.com,http://www.linkedin.com/company/badger-mapping-solutions,http://www.facebook.com/BadgerMaps,http://twitter.com/BadgerMaps,,,,,,,"CRM, Field Support, Mobile, Sales, Sales Automation, Software",3,1-10,3,,"May 5, 2017",Venture - Series Unknown,"$337,494","$337,494",Venture - Series Unknown,"$337,494","$462,494",1,3,,Private,,,,,admin@badgermapping.com,415-592-5909,6,"17,305"
Qbox.io,https://www.crunchbase.com/organization/qbox-io,"Commerce and Shopping, Data and Analytics, Internet Services, Software","Fayetteville, Arkansas, United States",Qbox provides Elasticsearch as a service for data exploration and analytics use cases.  Running data infrastructure at scale is hard.,"18,048",Southern United States,Active,"May 1, 2012",,For Profit,http://qbox.io,http://www.linkedin.com/company/3643903,http://www.facebook.com/qboxio,http://twitter.com/qboxio,,,,,,,"Analytics, E-Commerce, Enterprise Software, Search Engine",2,1-10,4,Seed,"Aug 26, 2015",Seed,"$2,400,000","$2,400,000",Seed,"$2,858,333","$2,978,333",,13,,Private,,,,,info@qbox.io,800-489-STACK,16,"17,445"
"Proxio, Inc.",https://www.crunchbase.com/organization/proxio,"Real Estate, Sales and Marketing","Santa Clara, California, United States",Proxio is a collaborative marketing and sales platform for the global real estate industry.,"18,196","San Francisco Bay Area, Silicon Valley, Western United States",Active,"Sep 1, 2008",,For Profit,http://www.proxio.com,https://www.linkedin.com/company-beta/281426/?pathWildcard=281426,http://www.facebook.com/ProxioPro,http://twitter.com/ProxioPro,,,,,,,"Marketing, Property Development, Real Estate",2,11-50,2,Early Stage Venture,"Oct 16, 2015",Debt Financing,"$500,000","$4,000,000",Series A,"$4,000,000","$4,500,000",1,2,Made Acquisitions,Private,,,,,j.case@proxio.com,1(650)515-3405,4,"17,588"
Actively Learn,https://www.crunchbase.com/organization/actively-learn,"Education, Software","Seattle, Washington, United States",Actively Learn is a digital platform that lets students find joy and purpose in reading.,"18,623",Western United States,Active,"Apr 11, 2012",,For Profit,http://www.activelylearn.com,http://www.linkedin.com/company/actively-learn,http://www.facebook.com/activelylearn,http://twitter.com/activelylearn,,,,,,,"E-Learning, EdTech, Education",1,1-10,3,Seed,"Dec 30, 2016",Debt Financing,"$190,392","$1,029,954",Seed,"$1,029,954","$1,310,346",1,1,,Private,,,,,info@activelylearn.com,(855) 862-5505,2,"18,006"
Confiant,https://www.crunchbase.com/organization/confiant,"Advertising, Privacy and Security, Software","New York, New York, United States",Confiant protects digital publisher's reputation and revenue with anti-malware software that keeps them ahead of the bad guys.,"19,674","Great Lakes, Northeastern United States",Active,Sep 2013,,For Profit,http://www.confiant.com,https://www.linkedin.com/company-beta/3319662/,,https://twitter.com/WeAreConfiant,,,,,,,"Advertising Platforms, Security, Software",2,11-50,6,,"Jan 12, 2018",Debt Financing,"$300,000",,,,"$1,965,000",,1,,Private,,,,,contact@confiant.com,(646)397-4198,3,"19,025"
SysCloud,https://www.crunchbase.com/organization/neverfail-backup-software,"Information Technology, Privacy and Security, Software","Red Bank, New Jersey, United States","SysCloud delivers backup and disaster recovery software solutions for home, business and managed service providers.","19,951",Northeastern United States,Active,2013,,For Profit,https://www.syscloud.com/,http://www.linkedin.com/company/syscloudsoft,https://www.facebook.com/268283823200500,http://twitter.com/syscloud,,,,,,,"Cyber Security, Software",1,11-50,3,Early Stage Venture,"Jun 8, 2017",Non-equity Assistance,,"$2,500,000",Series A,"$2,500,000","$2,750,000",1,4,,Private,,,,,support@syscloud.com,(877) 464-2930,5,"19,294"
Sideqik,https://www.crunchbase.com/organization/sideqik,"Advertising, Sales and Marketing, Software","Atlanta, Georgia, United States",Sideqik is the business intelligence platform for influencer marketing.,"20,850",Southern United States,Active,"Jul 1, 2012",,For Profit,https://sideqik.com,http://www.linkedin.com/company/sideqik,http://www.facebook.com/TeamSideqik,http://twitter.com/TeamSideqik,,,,,,,"Brand Marketing, Marketing Automation, Social Media Advertising, Social Media Marketing",3,1-10,2,Seed,"Jan 19, 2018",Debt Financing,"$250,000",,Seed,,"$250,000",,3,,Private,,,,,info@sideqik.com,,7,"20,166"
Geopointe,https://www.crunchbase.com/organization/geopointe,"Data and Analytics, Internet Services, Navigation and Mapping","Irvine, California, United States",Geopointe location-enables Salesforce allowing Customers to gain spatial insights via maps and apply geography to business processes.,"22,046",Western United States,Active,2010,,For Profit,http://www.geopointe.com/,https://www.linkedin.com/company/geopointe,https://www.facebook.com/geopointe,https://twitter.com/geopointe,,,,,,,"Enterprise, Location Based Services, Mapping Services",1,11-50,1,M&A,"Dec 7, 2016",Debt Financing,"$500,000",,,,"$500,000",1,1,Was Acquired,Private,,,,,,7144753837,2,"21,319"
Rock My World Media,https://www.crunchbase.com/organization/rock-my-world,"Apps, Media and Entertainment, Music and Audio, Software, Sports","San Diego, California, United States",Smart Media That Motivates,"22,066",Western United States,Active,Feb 2013,,For Profit,http://rockmyworldmedia.com/,https://www.linkedin.com/company/rock-my-world-inc-/,,https://www.twitter.com/rockmyrun,,,,,,,"Apps, Fitness, Music, Sports",2,11-50,8,,"Aug 29, 2016",Debt Financing,"$450,000","$55,000",Venture - Series Unknown,"$1,130,000","$1,840,000",1,5,,Private,,,,,info@rockmyworldmedia.com,,10,"21,339"
Quick Left,https://www.crunchbase.com/organization/quick-left,"Design, Education, Software","Boulder, Colorado, United States",We craft outstanding web and mobile apps,"22,235",Western United States,Active,2008,,,http://quickleft.com,,http://www.facebook.com/quickleft,http://twitter.com/quickleft,,,,,,,"Software, Training, Web Design, Web Development",3,11-50,2,M&A,"Apr 30, 2015",Debt Financing,"$750,000",,,,"$1,250,000",1,1,Was Acquired,Private,,,,,hello@quickleft.com,,9,"21,503"
Likeable Local,https://www.crunchbase.com/organization/likeable-local,"Advertising, Sales and Marketing, Software","New York, New York, United States","Likeable Local offers integrated software solutions for small businesses to create, enhance, and manage their social media presence.","22,646","Great Lakes, Northeastern United States",Active,2012,,For Profit,http://likeablelocal.com,http://www.linkedin.com/company/likeable-local,http://www.facebook.com/likeablelocal,http://twitter.com/likeablelocal,,,,,,,"Local Advertising, SaaS, Software",1,11-50,7,Seed,"Dec 23, 2016",Debt Financing,"$113,202","$910,000",Seed,"$910,000","$3,266,469",1,2,,Private,,,,,contact@likeablelocal.com,(212) 359-4342,36,"21,903"
RecruitLoop,https://www.crunchbase.com/organization/recruitloop,"Professional Services, Software","San Francisco, California, United States",RecruitLoop is an online curated marketplace for independent recruiters who are available on-demand at hourly rates.,"22,870","San Francisco Bay Area, Western United States",Active,2011,,For Profit,http://recruitloop.com,http://www.linkedin.com/company/recruitloop,http://www.facebook.com/recruitloop,http://twitter.com/recruitloop,,,,,,,"Crowdsourcing, Employment, Enterprise Software, Recruiting",3,11-50,3,Seed,"Jun 28, 2016",Debt Financing,,"$500,000",Seed,"$500,000","$500,000",1,5,Made Acquisitions,Private,,,,,team@recruitloop.com,1(300) 769-796,20,"22,119"
IPfolio,https://www.crunchbase.com/organization/ipfolio,Software,"Berkeley, California, United States",Next-Generation Intellectual Property Management,"22,871","San Francisco Bay Area, Western United States",Active,2012,,,http://www.ipfolio.com,http://www.linkedin.com/company/ipfolio,http://www.facebook.com/IPfolio,http://twitter.com/IPfolio,,,,,,,Software,1,11-50,3,,"Mar 30, 2017",Debt Financing,"$363,000",,,,"$463,000",1,1,,Private,,,,,info@ipfolio.com,510-981-1200,2,"22,120"
Go Nimbly,https://www.crunchbase.com/organization/go-nimbly,,,Go Nimbly,"22,962",,Active,2013,,For Profit,https://gonimbly.com/,https://www.linkedin.com/company/nimbly-llc/,https://www.facebook.com/gonimbly/,https://twitter.com/gonimbly,,,,,,,,,11-50,2,,"Jan 30, 2018",Debt Financing,"$308,877",,,,"$457,046",,1,,Private,,,,,team@gonimbly.com,+1 415-548-1559,,"22,208"
Onehub,https://www.crunchbase.com/organization/onehub,"Information Technology, Software","Seattle, Washington, United States","Securely store, organize, and share files in the cloud. Solutions for file sharing, online collaboration, and virtual data rooms.","23,385",Western United States,Active,"Oct 15, 2007",,For Profit,https://www.onehub.com/home,https://www.linkedin.com/company/onehub,https://www.facebook.com/onehub,http://twitter.com/onehub,,,,,,,"Collaboration, Document Management, Enterprise Software, File Sharing",2,11-50,6,,"Oct 31, 2016",Debt Financing,"$300,000","$750,000",Venture - Series Unknown,"$2,800,000","$3,600,000",2,2,,Private,,,,,info@onehub.com,877-644-7774,13,"22,619"
Spotio,https://www.crunchbase.com/organization/spotio,Software,"Dallas, Texas, United States",Spotio is a mobile sales management platform for field sales teams.,"23,684",Southern United States,Active,2014,,For Profit,http://spotio.com,https://www.linkedin.com/company/spotio,https://www.prod.facebook.com/spotio,https://twitter.com/getspotio,,,,,,,Software,2,11-50,3,,"Jun 29, 2017",Venture - Series Unknown,"$249,462","$249,462",Venture - Series Unknown,"$249,462","$599,462",1,2,,Private,,,,,info@spotio.com,+1 (866) 212-1250,,"22,907"
Arrivalist,https://www.crunchbase.com/organization/arrivalist,"Consumer Electronics, Data and Analytics, Hardware, Internet Services, Mobile, Navigation and Mapping, Software","New York, New York, United States",Arrivalist measures the way people visit places by looking at the changing locations of mobile computing devices after media exposures.,"24,642","Great Lakes, Northeastern United States",Active,2010,,For Profit,http://www.arrivalist.com/,http://www.linkedin.com/company/one-bird,http://www.facebook.com/arrivalist,http://twitter.com/Arrivalist,,,,,,,"Enterprise Software, Location Based Services, Mobile Devices",,11-50,1,,"Aug 4, 2017",Debt Financing,"$500,000",,,,"$500,000",,1,,Private,,,,,cree@arrivalist.com,+1 (646) 964-5221,1,"23,838"
ShopSocially,https://www.crunchbase.com/organization/shopsocially,"Internet Services, Sales and Marketing","Santa Clara, California, United States","Comprehensive social, referral and loyalty marketing platform for businesses","24,717","San Francisco Bay Area, Silicon Valley, Western United States",Active,2009,,For Profit,http://www.shopsocially.com,http://www.linkedin.com/company/shopsocially,http://www.facebook.com/ShopSocially,http://twitter.com/ShopSocially,,,,,,,"Loyalty Programs, Marketing, Social Network",2,1-10,3,Seed,"Aug 25, 2015",Debt Financing,"$400,000","$550,000",Angel,"$1,650,000","$2,050,000",,5,,Private,,,,,info@shopsocially.com,+1 (650) 701-7759,48,"23,912"
MobileForce Software,https://www.crunchbase.com/organization/fonemine,"Data and Analytics, Information Technology, Sales and Marketing, Software","Sunnyvale, California, United States","MobileForce is a transformative, cloud-based customer relationship optimization company.","24,760","San Francisco Bay Area, Silicon Valley, Western United States",Active,2011,,For Profit,http://www.mobileforcesoftware.com,http://www.linkedin.com/company/mobileforcesoftware,http://www.facebook.com/mobileforcesoftware,http://twitter.com/MobileForceSW,,,,,,,"Analytics, CRM, Enterprise Software, SaaS",2,11-50,3,,"Jun 28, 2017",Venture - Series Unknown,"$450,000","$450,000",Venture - Series Unknown,"$13,500,001","$13,500,001",1,2,,Private,,,,,sales@mobileforcesoftware.com,(408) 457-7960,,"23,954"
Frrole,https://www.crunchbase.com/organization/frrole,"Data and Analytics, Internet Services, Media and Entertainment","Bangalore, Karnataka, India",Frrole is a best-in-class AI platform that works at the intersection of social data and consumer intelligence.,"24,764",,Active,2012,,For Profit,https://frrole.ai,http://www.linkedin.com/company/frrole,http://www.facebook.com/frrole,http://twitter.com/frrole,,,,,,,"Analytics, Big Data, Social Media",3,1-10,3,Seed,"Jul 29, 2016",Debt Financing,"$195,000","$245,000",Angel,"$245,000","$440,000",1,11,,Private,,,,,contact@frrole.com,91 96 8686 2350,31,"23,958"
6connex,https://www.crunchbase.com/organization/6connex,Software,"Pleasanton, California, United States",6Connex is a global software and services provider for enterprise online events. ,"24,832","San Francisco Bay Area, Western United States",Active,2011,,For Profit,http://6connex.com,https://www.linkedin.com/company/405960,https://www.facebook.com/pages/6Connex/232235000719,https://twitter.com/6Connex,,,,,,,Software,1,11-50,2,,"Mar 6, 2017",Debt Financing,"$227,000",,,,"$527,000",1,1,,Private,,,,,sales@6Connex.com,1(800) 395-4702,1,"24,022"
OneRooftop,https://www.crunchbase.com/organization/onerooftop,"Real Estate, Software, Travel and Tourism","San Francisco, California, United States",OneRooftop creates vacation rental software that helps managers and owners simplify their lives.,"24,924","San Francisco Bay Area, Western United States",Active,"Mar 18, 2010",,For Profit,http://www.onerooftop.com,http://www.linkedin.com/company/onerooftop,http://www.facebook.com/onerooftop,http://twitter.com/onerooftop,,,,,,,"Software, Travel, Vacation Rental",3,11-50,2,M&A,"Apr 29, 2016",Debt Financing,"$250,000","$275,000",Seed,"$275,000","$525,000",1,1,Was Acquired,Private,,,,,founders@onerooftop.com,855-777-2284,2,"24,114"
Intellect,https://www.crunchbase.com/organization/interneer,"Information Technology, Software","Los Angeles, California, United States","Intellect, is a leader in SaaS BPM software that helps to empower everyone to innovate with Smart Business Apps.","25,077",Western United States,Active,2000,,For Profit,http://www.intellect.com/,https://www.linkedin.com/company/interneer,http://www.facebook.com/pages/Interneer+Business+Process+Management/105808479856,https://twitter.com/IntellectIQ,,,,,,,"Enterprise Software, Information Technology, SaaS",1,11-50,5,Seed,"Jun 17, 2016",Debt Financing,"$200,000","$2,000,000",Angel,"$3,200,000","$3,900,000",1,2,,Private,,,,,,(800)558-6832,,"24,264"
ListReports,https://www.crunchbase.com/organization/listreports,"Real Estate, Sales and Marketing","Orange, California, United States",ListReports is an innovative new startup in the real estate technology industry.,"26,073",Western United States,Active,"Feb 2, 2015",,For Profit,http://welcome.listreports.com,https://www.linkedin.com/company/6388486,https://www.facebook.com/ListReports,https://twitter.com/List_Reports,,,,,,,"Marketing, Property Management, Real Estate",3,1-10,2,,"Jun 30, 2017",Debt Financing,"$247,911",,,,"$870,911",1,1,,Private,,,,,support@ListReports.com,,,"25,237"
Realvolve,https://www.crunchbase.com/organization/realvolve,"Information Technology, Real Estate, Sales and Marketing, Software","Denver, Colorado, United States",Realvolve's all-in-one CRM platform for Real Estate blends elegant design and emerging technologies that will evolve as you do.,"26,171",Western United States,Active,"May 1, 2011",,For Profit,http://www.realvolve.com,http://www.linkedin.com/company/realvolve,http://www.facebook.com/realvolve,http://twitter.com/realvolve,,,,,,,"CRM, Real Estate, SaaS",1,1-10,5,Seed,"Sep 20, 2017",Debt Financing,"$102,446","$250,000",Seed,"$300,000","$711,281",1,1,,Private,,,,,sales@realvolve.com,3038682518,2,"25,332"
Kindling,https://www.crunchbase.com/organization/kindling,"Content and Publishing, Manufacturing, Media and Entertainment, Software","New York, New York, United States","Kindling is social innovation software allowing people to develop their ideas through conversations, iterations and connections.","26,506","Great Lakes, Northeastern United States",Active,2010,,,http://www.kindlingapp.com,http://www.linkedin.com/company/1034442,http://www.facebook.com/kindlingapp,http://twitter.com/kindlingapp,,,,,,,"Manufacturing, Publishing, Software",1,11-50,5,M&A,"Mar 31, 2015",Debt Financing,"$300,000","$2,300,000",Series B,"$5,000,000","$5,500,000",1,3,Was Acquired,Private,,,,,info@kindlingapp.com,212-400-6296,3,"25,656"
Lish,https://www.crunchbase.com/organization/lish,"Commerce and Shopping, Food and Beverage","Seattle, Washington, United States",Office food programs that employees love,"26,622",Western United States,Active,2014,,For Profit,http://www.lishfood.com/,https://www.linkedin.com/company/lish?trk=mini-profile,https://www.facebook.com/lishfood,https://twitter.com/LishFood,,,,,,,"E-Commerce, Food and Beverage, Local, Marketplace",2,11-50,3,Seed,"Nov 21, 2016",Debt Financing,"$150,000",,Venture - Series Unknown,,"$150,000",1,5,,Private,,,,,contact@lishfood.com,603-369-1684,,"25,767"
Design Pickle,https://www.crunchbase.com/organization/design-pickle,Design,"Scottsdale, Arizona, United States",Design Pickle offers unlimited graphic design support for your day-to-day business needs.,"26,716",Western United States,Active,"Jan 1, 2015",,For Profit,http://designpickle.com/,https://www.linkedin.com/company/design-pickle,https://www.facebook.com/designpickle,https://twitter.com/designpickle,,,,,,,Graphic Design,1,1-10,1,,"Nov 23, 2016",Debt Financing,"$249,519",,,,"$249,519",1,1,,Private,,,,,info@designpickle.com,800 JAR 4212,1,"25,860"
Axonom,https://www.crunchbase.com/organization/axonom,Software,"Minneapolis, Minnesota, United States","Axonom is an independent software vendor that develops, designs, and markets Powertrak.","26,870","Great Lakes, Midwestern United States",Active,2002,,For Profit,http://www.axonom.com/,https://www.linkedin.com/company/axonom,https://www.facebook.com/Axonom-132771970118719,https://twitter.com/axonom,,,,,,,Software,1,11-50,2,,"Nov 4, 2016",Debt Financing,"$287,570",,,,"$787,570",1,1,,Private,,,,,marketing@axonom.com,(952)653-0400,6,"26,010"
Taqtile,https://www.crunchbase.com/organization/taqtile,"Apps, Data and Analytics, Hardware, Internet Services, Mobile, Navigation and Mapping, Software","Seattle, Washington, United States","Taqtile provides engaging consumer experiences for mobile, VR, and mixed-reality platforms.","27,365",Western United States,Active,2011,,For Profit,http://taqtile.com/,http://www.linkedin.com/company/taqtile,http://www.facebook.com/taqtile,http://twitter.com/taqtile,,,,,,,"Augmented Reality, Consumer Applications, Enterprise Applications, Location Based Services, Mobile, Virtual Reality",4,51-100,1,,"Dec 23, 2016",Debt Financing,"$500,000",,,,"$500,000",1,1,,Private,,,,,info@taqtile.com,(866)827-8453,13,"26,482"
Zipit Wireless,https://www.crunchbase.com/organization/zipit-wireless,"Hardware, Mobile","Greenville, South Carolina, United States","Zipit Wireless is a communications and M2M solutions company delivering fully connected, wireless solutions.","27,938",Southern United States,Active,2007,,For Profit,http://www.zipitwireless.com,https://www.linkedin.com/company/236533,https://www.facebook.com/ZipitWireless,http://twitter.com/zipitwireless,,,,,,,"Infrastructure, Mobile, Wireless",2,11-50,13,,"Sep 28, 2016",Debt Financing,"$330,000","$1,200,000",Venture - Series Unknown,"$15,550,000","$23,413,151",2,8,,Private,,,,,busdev@zipitwireless.com,+118644515510,15,"27,027"
Back At You Media ,https://www.crunchbase.com/organization/back-at-you,"Internet Services, Media and Entertainment, Real Estate, Software","Los Angeles, California, United States",Automated social media marketing platform to help real estate enterprises and individuals better market themselves and their listings.,"27,940",Western United States,Active,2011,,For Profit,http://www.BackAtYou.com,,http://www.facebook.com/BackAtYou,,,,,,,,"Enterprise Software, Real Estate, SaaS, Social Media",2,11-50,2,Seed,"Nov 25, 2015",Debt Financing,"$500,000",,Seed,,"$500,000",1,3,,Private,,,,,info@backatyou.com,866.200.0676,6,"27,029"
Imprev,https://www.crunchbase.com/organization/imprev,"Advertising, Real Estate, Sales and Marketing, Software","Bellevue, Washington, United States",Imprev is a digital marketing company that helps real estate firms create automated listings.,"28,394",Western United States,Active,2001,,,http://www.imprev.com,http://www.linkedin.com/company/imprev,http://www.facebook.com/imprevinc,http://twitter.com/imprevinc,,,,,,,"Advertising, Marketing, Real Estate, Software",1,11-50,5,,"Apr 28, 2017",Venture - Series Unknown,"$223,770","$223,770",Venture - Series Unknown,"$223,770","$1,591,822",1,1,,Private,,,,,imprev@imprev.com,14254584801,4,"27,464"
Justuno.com,https://www.crunchbase.com/organization/justuno-com,"Commerce and Shopping, Internet Services, Media and Entertainment, Sales and Marketing","San Francisco, California, United States",Justuno is a conversion optimization company that provides on-site and mobile promotion management capabilities.,"28,583","San Francisco Bay Area, Western United States",Active,"Dec 22, 2010",,,http://www.justuno.com,https://www.linkedin.com/company/justuno-com,http://www.facebook.com/justunofans,http://twitter.com/justunosocial,,,,,,,"Coupons, E-Commerce, Email Marketing, Lead Generation, Social Media, Social Media Marketing",2,1-10,1,,"Sep 30, 2015",Debt Financing,"$200,000",,,,"$200,000",,1,,Private,,,,,help@justuno.com,(415) 878-6070,3,"27,646"
CivicConnect,https://www.crunchbase.com/organization/civicconnect,"Apps, Data and Analytics, Government and Military, Hardware, Information Technology, Internet Services, Mobile, Software","Los Angeles, California, United States",Civic Connect develops and distributes cloud-based technology solutions for civic organizations.,"28,825",Western United States,Active,"Nov 1, 2016",,For Profit,http://civicconnect.com,https://www.linkedin.com/company/civicconnect,https://www.facebook.com/,https://twitter.com/civicconnect,,,,,,,"Augmented Reality, Big Data, Cloud Data Services, Government, GovTech, Information Services, Information Technology, Internet of Things, Mobile Apps",2,11-50,2,,"Nov 26, 2016",Debt Financing,"$700,000",,,,"$1,000,000",1,1,Made Acquisitions,Private,,,,,info@civicconnect.com,1(213)225-1170,19,"27,879"
TBX Employee Benefits,https://www.crunchbase.com/organization/tbx-employee-benefits,Software,"Dallas, Texas, United States","TBX Employee Benefits is the company behind The Benefits eXpert, a leading provider of web-based solution.","29,058",Southern United States,Active,2013,,,https://thebenefitsexpert.com/,https://www.linkedin.com/company/tbx-employee-benefits-llc,https://www.facebook.com/tbx-employee-benefits-llc-825300400898834,https://www.twitter.com/tbxemployee,,,,,,,Software,1,11-50,3,,"Jan 26, 2018",Debt Financing,"$499,991","$350,709",Venture - Series Unknown,"$350,709","$1,350,700",1,1,,Private,,,,,,972-248-9030,,"28,100"
Cirrus Identity,https://www.crunchbase.com/organization/cirrus-identity,"Education, Information Technology, Privacy and Security","Oakland, California, United States",Hosted identity solutions to manage user login so businesses can focus on core product and engage customers faster.,"30,567","San Francisco Bay Area, Western United States",Active,Jan 2013,,For Profit,http://cirrusidentity.com/,https://www.linkedin.com/company/cirrus-identity,https://www.facebook.com/cirrusidentity/,https://twitter.com/cirrusidentity,,,,,,,"Education, Identity Management, Security",1,1-10,3,Seed,"Sep 28, 2016",Seed,"$250,000","$250,000",Seed,"$350,000","$400,000",1,5,,Private,,,,,info@cirrusidentity.com,(510)710-1554,2,"29,547"
Good Done Great,https://www.crunchbase.com/organization/good-done-great,"Apps, Education, Software","Charleston, South Carolina, United States",Good Done Great revolutionizes the way corporations and individuals give back to the communities and causes they care about.,"30,747",Southern United States,Active,"Sep 1, 2009",,For Profit,http://gooddonegreat.com,http://www.linkedin.com/company/good-done-great,http://www.facebook.com/gooddonegreat,http://twitter.com/gooddonegreat,,,,,,,"Apps, Education, Non Profit, Software",2,11-50,4,M&A,"Dec 14, 2016",Debt Financing,"$239,825",,,,"$1,039,825",1,1,"Made Acquisitions, Was Acquired",Private,,,,,sales@gooddonegreat.com,(855)364-6635,8,"29,720"
ClearDB,https://www.crunchbase.com/organization/cleardb,"Data and Analytics, Information Technology, Internet Services, Software","Plano, Texas, United States","A powerful, fault tolerant database-as-a-service in the cloud for your MySQL powered applications.","31,244",Southern United States,Active,2010,,For Profit,http://www.cleardb.com/,https://www.linkedin.com/company/cleardb,https://www.facebook.com/cleardb-189051241471363,https://www.twitter.com/cleardb,,,,,,,"Cloud Data Services, Database, Infrastructure",1,11-50,3,,"Sep 29, 2017",Debt Financing,"$251,543",,,,"$2,003,793",1,1,,Private,,,,,,(469) 277-2843,8,"30,202"
Lume Technologies Inc,https://www.crunchbase.com/organization/lume-technologies-inc,"Hardware, Information Technology, Internet Services, Software","Douglasville, Georgia, United States","Lume Technologies Inc. provides Managed Cloud, Disaster Recovery and Data Center Solutions.","32,168",Southern United States,Active,Oct 2012,,For Profit,http://lumecloud.com,https://www.linkedin.com/company/3067981,,https://twitter.com/biglume,,,,,,,"Cloud Infrastructure, Cloud Management, Information Services, Information Technology, Private Cloud",1,11-50,3,Seed,"Aug 31, 2017",Debt Financing,"$156,190","$574,009",Seed,"$574,009","$1,130,199",1,1,,Private,,,,,info@lumecloud.com,678.810.1774,4,"31,087"
Aisle Planner,https://www.crunchbase.com/organization/aisle-planner,"Community and Lifestyle, Events, Media and Entertainment, Software","Cardiff By The Sea, California, United States","Stylish, detail oriented and highly efficient planning platform for the wedding and event industry","32,534",Western United States,Active,"Jan 14, 2013",,For Profit,http://www.aisleplanner.com,http://www.linkedin.com/company/aisle-planner-inc-,http://www.facebook.com/aisleplanner,http://twitter.com/AislePlanner,,,,,,,"Event Management, Events, Project Management, Software, Wedding",4,1-10,2,,"Jun 28, 2017",Debt Financing,"$48,796",,,,"$48,796",1,1,,Private,,,,,info@aisleplanner.com,(760) 530-6111,32,"31,441"
Fileboard,https://www.crunchbase.com/organization/fileboard,"Data and Analytics, Internet Services, Software","San Francisco, California, United States",Fileboard helps manage and optimize communication and delivery of sales collateral— 1. Teams using Fileboard save several hours a week 2.,"32,644","San Francisco Bay Area, Western United States",Active,"Oct 19, 2011",,,http://www.fileboard.com,http://www.linkedin.com/company/fileboard,http://www.facebook.com/fileboard,http://twitter.com/fileboard,,,,,,,"Analytics, Enterprise Software, Online Portals",2,11-50,2,Seed,"Dec 31, 2015",Debt Financing,"$125,000",,Seed,,"$125,000",1,2,,Private,,,,,hello@fileboard.com,1-650-265-4732,15,"31,546"
SaleStream,https://www.crunchbase.com/organization/salestream,"Financial Services, Internet Services, Software","Agoura Hills, California, United States",SaleStream is a web-enabled small-ticket lease and loan provider that offers loans and leases for commercial and consumer borrowers.,"32,826",Western United States,Active,2000,,For Profit,http://salestreamsoft.com,https://www.linkedin.com/company/salestream-software-inc-,https://www.facebook.com/salestreamsoftware,https://www.twitter.com/masterstream_rx,,,,,,,"Financial Services, Internet, Lending, Software",1,11-50,4,M&A,"Jan 31, 2018",Debt Financing,"$251,967","$6,200,000",Series B,"$29,200,000","$29,951,967",1,2,Was Acquired,Private,,,,,support@salestreamsoft.com,877-921-1200,,"31,722"
Veer West,https://www.crunchbase.com/organization/veer-west,"Data and Analytics, Design, Software","Bloomington, Indiana, United States",FormAssembly is a web-based surveying platform that helps businesses create web forms and collect data.,"32,948","Great Lakes, Midwestern United States",Active,"Jun 1, 2006",,For Profit,http://www.veerwest.com,https://www.linkedin.com/company/formassembly-com-by-veer-west-llc-,https://www.facebook.com/formassembly,http://twitter.com/formassembly,,,,,,,"Market Research, SaaS, Software",1,1-10,1,,"Oct 31, 2016",Debt Financing,"$500,000",,,,"$500,000",1,1,,Private,,,,,contact@veerwest.com,+118442932367,,"31,843"
Subscribe Pro,https://www.crunchbase.com/organization/subscribe-pro,"Commerce and Shopping, Payments, Software","Baltimore, Maryland, United States",Subscribe Pro provides subscription management and recurring billing software to e-commerce retailers and merchants.,"33,364",Southern United States,Active,"May 1, 2013",,,http://www.subscribepro.com,http://www.linkedin.com/company/subscribe-pro,http://www.facebook.com/SubscribeProSoftware,http://twitter.com/subscribeprosw,,,,,,,"Billing, E-Commerce, SaaS",1,1-10,4,Seed,"Sep 26, 2017",Debt Financing,"$50,000","$100,000",Seed,"$100,000","$280,000",1,2,,Private,,,,,info@subscribepro.com,888-492-0350,1,"32,244"
Amplify Health,https://www.crunchbase.com/organization/amplify-health,"Health Care, Information Technology","San Francisco, California, United States",Amplify Health provides tools for physicians to track and assess their patients’ activity and wellness.,"33,673","San Francisco Bay Area, Western United States",Active,2011,,For Profit,http://amplifyhealth.com,http://www.linkedin.com/company/amplify-health,,http://twitter.com/AmplifyHealth,,,,,,,"Health Care, Information Technology",1,11-50,4,Seed,"Jan 2, 2015",Debt Financing,"$500,000",,Seed,"$100,000","$800,000",1,2,,Private,,,,,sales@amplifyhealth.com,(415)726-2017,11,"32,543"
Exacter,https://www.crunchbase.com/organization/exacter,"Data and Analytics, Energy, Financial Services","Columbus, Ohio, United States","Exacter, Inc. provides asset sensing, data, and analytics. These show the system weak points, making electric utility systems more reliable.","33,895","Great Lakes, Midwestern United States",Active,2006,,,http://www.exacterinc.com/,http://www.linkedin.com/company/268757,https://www.facebook.com/exacter-predictive-reliability-1034459833283383,,,,,,,,"Analytics, Asset Management, Energy",1,11-50,4,,"Jul 18, 2017",Debt Financing,"$500,000",,Venture - Series Unknown,,"$500,000",,5,,Private,,,,,,6148809382,3,"32,755"
"Clinigence, LLC.",https://www.crunchbase.com/organization/clinigence--llc-,"Health Care, Information Technology, Software","Atlanta, Georgia, United States","Clinigence, a health information technology company, provides SaaS-based transformational clinical business intelligence services.","34,331",Southern United States,Active,2010,,For Profit,http://www.clinigence.com/,https://www.linkedin.com/company/clinigence,https://www.facebook.com/Clinigence,https://twitter.com/clinigence,,,,,,,"Health Care, Information Technology, SaaS",1,11-50,1,,"Jun 29, 2017",Venture - Series Unknown,"$500,000","$500,000",Venture - Series Unknown,"$500,000","$500,000",,1,,Private,,,,,info@clinigence.com,(678) 466-6650,,"33,174"
Arcaris,https://www.crunchbase.com/organization/arcaris,"Hardware, Internet Services, Software","Sunnyvale, California, United States",Arcaris offers a talent management platform for call center outsourcers and enterprises to improve their agents’ performance and motivation.,"34,445","San Francisco Bay Area, Silicon Valley, Western United States",Active,"Apr 17, 2012",,,http://www.arcaris.com,,,http://twitter.com/arcaris,,,,,,,"Cloud Computing, Customer Service, Enterprise Software, Telecommunications",2,11-50,2,Seed,"Jan 31, 2017",Debt Financing,"$200,000","$28,000",Seed,"$28,000","$228,000",,2,,Private,,,,,sales@playvox.com,,2,"33,284"
OpenCounter,https://www.crunchbase.com/organization/opencounter,"Government and Military, Information Technology, Software","San Francisco, California, United States",OpenCounter combines Silicon Valley and public-sector talent to create best-of-class products for modern governments.,"34,531","San Francisco Bay Area, Western United States",Active,2012,,For Profit,http://opencounter.com,https://www.linkedin.com/company/opencounter,,http://twitter.com/opencounter,,,,,,,"Business Development, Enterprise Software, GovTech",2,1-10,3,Seed,"Dec 20, 2016",Debt Financing,"$300,000","$25,000",Seed,"$475,000","$775,000",1,1,,Private,,,,,hello@opencounter.us,415-573-2407,6,"33,365"
Source Audio,https://www.crunchbase.com/organization/source-audio,"Media and Entertainment, Music and Audio, Software","Culver City, California, United States","SourceAudio is a cloud-based platform for music publishers and administrators to manage, search, distribute and monetize their audio assets.","35,066",Western United States,Active,2007,,,http://www.sourceaudio.com,http://www.linkedin.com/company/sourceaudio.com,http://www.facebook.com/pages/Source-Audio/158459084192047,http://twitter.com/sourceaudio,,,,,,,"Music, SaaS",4,11-50,2,Seed,"Sep 29, 2017",Debt Financing,"$300,000","$1,200,000",Seed,"$1,200,000","$1,500,000",1,2,,Private,,,,,info@sourceaudio.com,(800) 401-3093,2,"33,882"
"Influence Technologies, LLC",https://www.crunchbase.com/organization/influence-technologies,"Information Technology, Internet Services, Media and Entertainment, Mobile, Sales and Marketing, Software, Video","Denver, Colorado, United States","Influence Technologies is a growth-stage, technology-enabled services firm based on a proprietary interactive video platform called iVX®.","35,512",Western United States,Active,"Jan 1, 2013",,For Profit,http://influence.tv,https://www.linkedin.com/company/influence-technologies-llc,https://www.facebook.com/wedeliverwow,http://twitter.com/wedeliverwow,,,,,,,"CRM, Email Marketing, Internet, Lead Generation, Mobile, Video",1,11-50,4,Early Stage Venture,"Aug 29, 2016",Debt Financing,"$246,000","$1,020,000",Series A,"$1,020,000","$2,516,000",1,1,,Private,,,,,inquiries@influence.tv,(303) 495-6980,,"34,313"
Bloyal,https://www.crunchbase.com/organization/bloyal,"Commerce and Shopping, Information Technology, Software","Redmond, Washington, United States",Powering customer loyalty across channels and devices to maximize customer lifetime value.,"35,589",Western United States,Active,"Jun 1, 2004",,For Profit,http://www.bloyal.com/,https://www.linkedin.com/company/bloyal,https://www.facebook.com/bloyal-200188930013316,https://www.twitter.com/bloyalinc,,,,,,,"E-Commerce, Information Technology, SaaS",1,11-50,3,,"Aug 30, 2017",Debt Financing,"$250,000",,,,"$631,000",1,1,,Private,,,,,info@bloyal.com,(877)869-1715,,"34,390"
"CellarStone, Inc",https://www.crunchbase.com/organization/cellarstone,"Financial Services, Information Technology, Internet Services, Professional Services, Sales and Marketing, Software","San Mateo, California, United States",CellarStone specializes in sales commissions and incentive compensation software and solutions.,"36,180","San Francisco Bay Area, Silicon Valley, Western United States",Active,"Aug 10, 2000",,For Profit,http://www.cellarstone.com/,https://www.linkedin.com/company/152177?trk=tyah&trkInfo=clickedVertical%3Acompany%2Cidx%3A2-1-2%2CtarId%3A1426897337258%2Ctas%3Acellarstone,https://www.facebook.com/cellarstone/,http://twitter.com/csiweb1,,,,,,,"Accounting, Cloud Computing, CRM, PaaS, Software",2,51-100,2,,"Sep 16, 2016",Debt Financing,"$170,768",,,,"$670,768",1,1,Made Acquisitions,Private,,,,,gopi_mattel@cellarstone.com,16502861703,1,"34,965"
Fusion Labs,https://www.crunchbase.com/organization/fusion-labs,"Information Technology, Software","Dallas, Texas, United States",Fusion Labs was founded by a trio of executives with a history of successfully managing major technology organizations.,"36,834",Southern United States,Active,2000,,For Profit,http://www.fusionlabs.net/,,,https://twitter.com/Fusion_Labs,,,,,,,"Information Technology, Software",2,51-100,5,,"Aug 29, 2016",Debt Financing,"$200,000",,,,"$1,700,000",1,1,,Private,,,,,,(214)739-5454,,"35,599"
Tour de Force,https://www.crunchbase.com/organization/tour-de-force,"Manufacturing, Software","Findlay, Ohio, United States","Tour de Force, Inc. develops, sells, implements, and supports the Tour de Force suite of CRM.","37,687","Great Lakes, Midwestern United States",Active,2001,,For Profit,http://www.tourdeforceinc.com/,https://www.linkedin.com/company/tour-de-force-crm,https://www.facebook.com/TourdeForceCRM,http://twitter.com/tourdeforcecrm,,,,,,,"B2B, Manufacturing, Software",1,51-100,3,Seed,"Apr 26, 2016",Debt Financing,"$300,000",,Angel,,"$800,000",1,2,,Private,,,,,ashley.heath@tourdeforceinc.com,(877) 285-4800,5,"36,420"
"Redspin, Inc.",https://www.crunchbase.com/organization/redspin--inc-,"Information Technology, Privacy and Security, Software","Carpinteria, California, United States",Provider of penetration testing and IT security audits SaaS and professional services,"38,193",Western United States,Active,"Mar 7, 2000",,For Profit,http://www.redspin.com/,https://www.linkedin.com/company/redspin-inc,https://www.facebook.com/redspin.it.sec/,https://twitter.com/RedspinInc,,,,,,,"Information Technology, SaaS, Security",,11-50,2,M&A,"Aug 15, 2014",Debt Financing,"$715,826",,,,"$1,365,826",1,1,Was Acquired,Private,,,,,info@redspin.com,(800) 721-9177,,"36,911"
Vidillion,https://www.crunchbase.com/organization/vidillion,"Advertising, Media and Entertainment, Sales and Marketing, Video","Las Vegas, Nevada, United States",Vidillion enables video content owners to connect TV viewers and advertisers with one another.,"38,365",Western United States,Active,2004,,For Profit,http://vidillion.com/,https://www.linkedin.com/company/vidillion-inc-,https://www.facebook.com/Vidillion,,,,,,,,"Advertising, Marketing, Video",1,11-50,1,,"Mar 23, 2017",Debt Financing,"$500,000",,,,"$500,000",,1,,Private,,,,,Info@Vidillion.com,(855) 665-5665,,"37,079"
Tomoson,https://www.crunchbase.com/organization/tomoson,"Internet Services, Media and Entertainment, Sales and Marketing","Minneapolis, Minnesota, United States",Tomoson is promotion management software that manages and matches influencers with brands.,"39,248","Great Lakes, Midwestern United States",Active,2010,,For Profit,http://tomoson.com,,https://www.facebook.com/Tomosonreviews,https://twitter.com/tomosonreviews,,,,,,,"Marketing, Small and Medium Businesses, Social Media",,11-50,3,,"Sep 21, 2015",Debt Financing,"$225,000",,,,"$425,000",1,1,,Private,,,,,,,,"37,923"
Guard Llama,https://www.crunchbase.com/organization/guard-llama,"Consumer Electronics, Hardware, Privacy and Security","Chicago, Illinois, United States",Guard Llama is a personal emergency response system. Simply press the button on our remote to send your exact location to police,"39,278","Great Lakes, Midwestern United States",Active,2014,,For Profit,http://www.theguardllama.com/,https://www.linkedin.com/company/guard-llama,https://www.facebook.com/theguardllama/,https://twitter.com/theguardllama,,,,,,,"Hardware, Security, Wearables",3,11-50,3,Seed,"Dec 2, 2016",Debt Financing,"$70,000",,Seed,,"$70,000",1,4,,Private,,,,,info@theguardllama.com,(877)836-9530,1,"37,951"
Code SixFour,https://www.crunchbase.com/organization/code-sixfour,"Financial Services, Health Care, Information Technology, Software","Chicago, Illinois, United States",The Code SixFour Benefits Consulting Cloud empowers insurance agents and benefits brokers to deliver better benefits outcomes to employers.,"39,659","Great Lakes, Midwestern United States",Active,2013,,For Profit,https://www.codesixfour.com,https://www.linkedin.com/company/code-sixfour,https://www.facebook.com/codesixfour,https://twitter.com/codesixfour,,,,,,,"Business Information Systems, Employee Benefits, Health Insurance, Information Services, Information Technology, SaaS",1,11-50,2,,"Mar 30, 2017",Debt Financing,"$80,000",,,,"$260,000",1,1,,Private,,,,,support@codesixfour.com,(888)854-4368,,"38,321"
EVO Media Group,https://www.crunchbase.com/organization/evo-media-group,"Content and Publishing, Financial Services, Media and Entertainment","Seattle, Washington, United States","EVO Media Group offers DevHub, a website creation platform employing internet technologies for publishers and designers.","40,263",Western United States,Active,"Oct 1, 2007",,,http://www.evomediagroup.com,,,http://twitter.com/devhub,,,,,,,"Finance, FinTech, Publishing",3,1-10,5,,"Oct 31, 2016",Debt Financing,"$58,323","$1,500,000",Venture - Series Unknown,"$1,500,000","$1,808,323",2,6,,Private,,,,,info@evomediagroup.com,206-411-4399,8,"38,901"
Happy Grasshopper,https://www.crunchbase.com/organization/happy-grasshopper,"Advertising, Internet Services, Sales and Marketing","Safety Harbor, Florida, United States",Happy Grasshopper is a Florida-based company that writes and delivers follow-up emails and campaigns for salespeople.,"40,515",Southern United States,Active,2010,,For Profit,http://happygrasshopper.com,https://www.linkedin.com/company/happy-grasshopper,https://www.facebook.com/happygrasshopper,https://twitter.com/happyghopper,,,,,,,"Email Marketing, Internet, Mobile Advertising",1,11-50,1,,"Apr 11, 2016",Debt Financing,"$505,000",,,,"$505,000",1,1,,Private,,,,,support@happygrasshopper.com,(727) 232-9117,5,"39,142"
EMPATHIQ,https://www.crunchbase.com/organization/empathiq,Software,"San Diego, California, United States",EMPATHIQ is a software company that provides review management and patient experience solutions for health providers and organizations.,"40,581",Western United States,Active,Oct 2012,,For Profit,https://empathiq.io/,https://www.linkedin.com/company/empathiq,https://www.facebook.com/reviewconcierge,https://www.twitter.com/getempathiq,,,,,,,Software,1,11-50,1,,"Aug 9, 2016",Debt Financing,"$200,000",,,,"$200,000",1,1,,Private,,,,,info@empathiq.io,(866)407-6020,,"39,202"
Wellable,https://www.crunchbase.com/organization/wellable,,"Boston, Massachusetts, United States",Consumer technology meets employer wellness,"40,651","New England, Northeastern United States",Active,2013,,,http://wellable.co/,https://www.linkedin.com/company/wellable-inc-,https://www.facebook.com/128991227280981,https://www.twitter.com/getwellable,,,,,,,,,11-50,1,,"Jan 23, 2018",Debt Financing,"$100,000",,,,"$100,000",,1,,Private,,,,,,,,"39,269"
ValGenesis,https://www.crunchbase.com/organization/valgenesis,Software,"Fremont, California, United States",Validation Life-cycle Management system,"40,732","San Francisco Bay Area, Silicon Valley, Western United States",Active,2005,,For Profit,http://www.valgenesis.com,https://www.linkedin.com/company/valgenesis-inc,https://www.facebook.com/valgenesis.inc,http://twitter.com/ValgenesisInc,,,,,,,Software,,11-50,1,,"Jul 28, 2017",Debt Financing,"$400,000",,,,"$400,000",,1,,Private,,,,,sales@valgenesis.com,(510) 248-4629,1,"39,343"
Business Texter,https://www.crunchbase.com/organization/business-texter,Software,"Spokane, Washington, United States",Business Texter offers text marketing software.,"40,768",Western United States,Active,2012,,,http://businesstexter.com,http://www.linkedin.com/company/business-texter,http://www.facebook.com/businesstexter,http://twitter.com/biztexter,,,,,,,Software,2,11-50,2,Early Stage Venture,"Aug 7, 2017",Debt Financing,"$249,000","$602,400",Series A,"$602,400","$851,400",1,2,,Private,,,,,,509-944-5627,,"39,379"
Uncorkd,https://www.crunchbase.com/organization/uncorkd,"Apps, Software","Chicago, Illinois, United States",Uncorkd is a smartphone application that enables restaurants to display their wine and beverage menus.,"40,841","Great Lakes, Midwestern United States",Active,2010,,For Profit,http://uncorkd.biz/,,http://www.facebook.com/Uncorkd,http://twitter.com/uncorkdmenus,,,,,,,Apps,1,11-50,2,,"Dec 9, 2016",Debt Financing,"$44,792",,,,"$124,792",1,1,,Private,,,,,support@uncorkd.biz,(773) 683-1492,1,"39,450"
AGILIRON,https://www.crunchbase.com/organization/agiliron,"Commerce and Shopping, Information Technology, Sales and Marketing, Software","Portland, Oregon, United States",Integrated SaaS Platform for Commerce,"41,281",Western United States,Active,"Mar 28, 2007",,,http://www.agiliron.com,http://www.linkedin.com/company/agiliron,http://www.facebook.com/agiliron,http://twitter.com/agiliron,,,,,,,"CRM, E-Commerce, Email Marketing, Enterprise Software, Retail, SaaS, Small and Medium Businesses, Wholesale",2,11-50,1,,"Mar 31, 2017",Debt Financing,"$175,000",,,,"$175,000",,1,,Private,,,,,info@agiliron.com,(855) AGIL-IRON,,"39,873"
Board on Track,https://www.crunchbase.com/organization/board-on-track,"Education, Software","Concord, Massachusetts, United States","BoardOnTrack provides expertise, training, powerful, web-based tools and a membership community","41,351","New England, Northeastern United States",Active,2010,,For Profit,http://www.boardontrack.com/,https://www.linkedin.com/company/boardontrack,https://www.facebook.com/BoardOnTrack,https://twitter.com/boardontrack,,,,,,,"Developer Tools, SaaS, Training",3,11-50,4,Seed,"Jul 31, 2017",Debt Financing,"$200,000",,Seed,,"$200,000",1,6,,Private,,,,,info@boardontrack.com,(844)268-8326,,"39,940"
Shufflrr,https://www.crunchbase.com/organization/shufflrr,"Sales and Marketing, Software","New York, New York, United States","Shufflrr is the next evolution in presentation management, enabling the creation of new PowerPoint presentations.","41,559","Great Lakes, Northeastern United States",Active,2014,,,http://www.shufflrr.com/,https://www.linkedin.com/company-beta/5094165/?pathWildcard=5094165,https://www.facebook.com/shufflrr,https://www.twitter.com/shufflrr,,,,,,,"Developer Platform, Marketing, Presentation Software",,1-10,2,,"Jun 30, 2017",Debt Financing,"$108,015",,,,"$208,015",1,1,,Private,,,,,facebook@shufflrr.com,(212) 213-1315,,"40,141"
EcoDomus,https://www.crunchbase.com/organization/ecodomus,"Real Estate, Software","San Francisco, California, United States",EcoDomus is a U.S.-based provider of software solutions for the construction industry.,"41,685","San Francisco Bay Area, Western United States",Active,2010,,,http://ecodomus.com,,,,,,,,,,"Construction, Enterprise Software, Real Estate",2,11-50,2,,"Mar 6, 2017",Debt Financing,"$275,000","$500,000",Venture - Series Unknown,"$500,000","$775,000",,1,,Private,,,,,info@ecodomus.com,7033260602,,"40,259"
Eventric,https://www.crunchbase.com/organization/eventric,Software,"Chicago, Illinois, United States","Eventric provides software and online solutions for the entertainment industry, including tour and artist management applications.","41,876","Great Lakes, Midwestern United States",Active,"Jun 1, 2009",,,http://www.eventric.com,,https://www.facebook.com/eventric,http://twitter.com/eventric,,,,,,,Software,,1-10,2,,"Sep 29, 2017",Debt Financing,"$75,493",,,,"$136,378",1,1,,Private,,,,,info@eventric.com,773-862-4246,,"40,444"
Skyepack,https://www.crunchbase.com/organization/skyepack,"Content and Publishing, Education, Media and Entertainment, Mobile, Software","West Lafayette, Indiana, United States",Skyepack operates mobile platforms for publishing interactive learning.,"42,517","Great Lakes, Midwestern United States",Active,2012,,For Profit,http://www.skyepack.com,,,,,,,,,,"E-Learning, Mobile, Publishing",1,11-50,4,,"Jan 26, 2018",Debt Financing,"$150,000","$80,000",Venture - Series Unknown,"$285,000","$435,000",,2,,Private,,,,,support@skyepack.com,(765) 586-0689,,"41,067"
Mage Mojo,https://www.crunchbase.com/organization/mage-mojo,"Commerce and Shopping, Internet Services","Pittsburgh, Pennsylvania, United States",Mage Mojo is an information technology company that manages eCommerce websites for businesses.,"42,638","Great Lakes, Northeastern United States",Active,"Apr 10, 2010",,For Profit,http://magemojo.com,https://www.linkedin.com/company/magemojo-llc,https://www.facebook.com/193105904098275,https://www.twitter.com/magemojo,,,,,,,"E-Commerce, Web Hosting",,11-50,1,,"Jul 28, 2017",Debt Financing,"$500,000",,,,"$500,000",,1,,Private,,,,,sales@magemojo.com,+118662910125,,"41,181"
Biometrica Systems Inc,https://www.crunchbase.com/organization/biometrica-systems-inc,"Information Technology, Privacy and Security, Software","Las Vegas, Nevada, United States",The leading authority on Security and Surveillance software,"42,946",Western United States,Active,"Jan 1, 2000",,For Profit,http://www.biometrica.com,,https://www.facebook.com/biometricasystemsinc,https://www.twitter.com/biometrica_inc,,,,,,,"Enterprise Software, Information Technology, Security",,11-50,2,,"Sep 22, 2017",Debt Financing,"$102,724",,,,"$402,724",1,1,,Private,,,,,info@biometrica.com,866-322-3346,19,"41,471"
Leonid Systems,https://www.crunchbase.com/organization/leonid-systems,"Information Technology, Sales and Marketing, Software","Gaithersburg, Maryland, United States",BroadSoft is a global provider of unified communications and collaboration services to operators worldwide.,"43,254",Southern United States,Active,"May 1, 2007",,For Profit,http://www.leonidsystems.com,,https://www.facebook.com/107969100085,https://www.twitter.com/broadsoftnews,,,,,,,"CRM, Enterprise Software, Software",,51-100,1,M&A,"Oct 23, 2012",Debt Financing,"$250,000",,,,"$250,000",,1,Was Acquired,Private,,,,,info@leonidsystems.com,831-345-8082,,"41,760"
Advizor Solutions,https://www.crunchbase.com/organization/advizor-solutions,"Data and Analytics, Information Technology, Software","Downers Grove, Illinois, United States",Advizor Solutions is today's leading provider of easy-to-use business analysis software.,"43,744","Great Lakes, Midwestern United States",Active,2003,,For Profit,http://www.advizorsolutions.com/,https://www.linkedin.com/company/advizor-solutions,https://www.facebook.com/advizorsolutions,https://twitter.com/AdvizorSolution,,,,,,,"Analytics, Business Information Systems, Software",1,51-100,1,,"May 27, 2016",Debt Financing,"$400,000",,,,"$400,000",1,1,,Private,,,,,support@advizorsolutions.com,+16309715250,2,"42,228"
"Simply Reliable, Inc.",https://www.crunchbase.com/organization/simplyreliable,"Consumer Electronics, Real Estate, Software","St. Petersburg, Florida, United States",Simply Reliable provides cloud based business process software for the $2.5BB Smart Home integration contractor market.,"44,141",Southern United States,Active,"Aug 31, 2012",,For Profit,http://www.simplyreliable.com/,https://www.linkedin.com/company-beta/327175/,https://www.facebook.com/SimplyReliable/,https://www.twitter.com/simplyreliable,,,,,,,"Enterprise Software, SaaS, Smart Home",4,1-10,2,Seed,"Jul 15, 2016",Debt Financing,"$100,000","$305,000",Seed,"$305,000","$405,000",1,3,,Private,,,,,tcoffin@simplyreliable.com,(800) 209 9332,,"42,604"
"BFLOW Solutions, Inc.",https://www.crunchbase.com/organization/bflow-solutions,,"Fresno, California, United States",Bflow is a software as a service (SaaS) for Heathcare Billing and Business Management.,"44,804",Western United States,Active,2012,,For Profit,https://www.bflowsolutions.com/,https://www.linkedin.com/company/bflow-solutions,https://www.facebook.com/bflowsolutions,https://twitter.com/bflowsolutions,,,,,,,,1,11-50,1,,"Sep 27, 2017",Non-equity Assistance,"$120,000",,,,"$120,000",,1,,Private,,,,,sales@bflowsolutions.com,(661)750-8012,2,"43,234"
HireAHelper,https://www.crunchbase.com/organization/hireahelper,"Administrative Services, Internet Services","Oceanside, California, United States",HireAHelper is a moving labor marketplace.,"45,245",Western United States,Active,"May 1, 2006",,,http://www.hireahelper.com/,http://www.linkedin.com/company/hireahelper,http://www.facebook.com/hireahelper,http://twitter.com/hireahelper,,,,,,,"Customer Service, Online Portals, Packaging Services",1,11-50,2,Seed,"Jun 23, 2014",Debt Financing,"$200,000","$150,000",Angel,"$150,000","$350,000",,3,,Private,,,,,support@hireahelper.com,800-995-5003,6,"43,659"
Spot Trender,https://www.crunchbase.com/organization/spot-trender,"Data and Analytics, Design, Media and Entertainment, Video","Mountain View, California, United States",Spot Trender is a powerful cloud-based platform for dynamic pre-testing of commercials to help you make faster insight-driven advertising.,"45,672","San Francisco Bay Area, Silicon Valley, Western United States",Active,2012,,For Profit,http://spottrender.com,https://www.linkedin.com/company/spot-trender,https://www.facebook.com/spottrender,https://twitter.com/spottrender,,,,,,,"Analytics, Market Research, Test and Measurement, Video",2,11-50,1,,"Sep 29, 2017",Debt Financing,"$100,000",,,,"$100,000",,1,,Private,,,,,info@spottrender.com,(800)755-5790,,"44,066"
CoreCommerce,https://www.crunchbase.com/organization/corecommerce,"Commerce and Shopping, Software","Franklin, Tennessee, United States","CoreCommerce is an easy-to-use, affordable, and comprehensive online selling platform used by businesses all over the world.","45,791",Southern United States,Active,2008,,,https://www.corecommerce.com/,http://www.linkedin.com/company/corecommerce,http://www.facebook.com/pages/CoreCommerce/97847857574,http://twitter.com/CoreCommerce,,,,,,,"Customer Service, E-Commerce, Software",1,11-50,1,,"Aug 22, 2014",Debt Financing,"$125,000",,,,"$125,000",,1,,Private,,,,,support@corecommerce.com,615-550-5523,9,"44,178"
Circle Commerce,https://www.crunchbase.com/organization/circle-commerce,Software,"Windsor, Connecticut, United States",Circle Commerce was formed in 2011 to deliver fully-adaptable ERP/Order Management Systems in omni-channel and retail environments.,"47,345","New England, Northeastern United States",Active,2011,,For Profit,http://www.circlecommerce.com/,https://www.linkedin.com/company/1995996,https://www.facebook.com/circlecommerce/,,,,,,,,Software,1,11-50,2,,"Apr 28, 2017",Venture - Series Unknown,"$76,638","$76,638",Venture - Series Unknown,"$76,638","$376,638",1,1,,Private,,,,,sales2016@circlecommerce.com,800-554-CIRCLE,1,"45,664"
EZ-AD TV,https://www.crunchbase.com/organization/ez-ad-tv,"Advertising, Sales and Marketing","Los Angeles, California, United States",In-Store Digital Advertising System,"47,372",Western United States,Active,"Oct 10, 2013",,,https://www.ezadtv.com,http://www.linkedin.com/company/ez-ad-tv,,http://twitter.com/ezadtv,,,,,,,Advertising,1,1-10,1,,"Aug 31, 2015",Debt Financing,"$100,000",,,,"$100,000",,1,,Private,,,,,,(888) 580-5593,,"45,690"
AccountSight,https://www.crunchbase.com/organization/accountsight,,"Cupertino, California, United States","AccountSight develops time tracking and billing software, and has recently released an eSignature service- eSign Genie.","49,042","San Francisco Bay Area, Silicon Valley, Western United States",Active,2012,,For Profit,http://www.accountsight.com,https://www.linkedin.com/company/accountsight,https://www.facebook.com/accountsight,https://www.twitter.com/accountsight,,,,,,,,1,11-50,1,,"Jun 23, 2017",Venture - Series Unknown,"$60,000","$60,000",Venture - Series Unknown,"$60,000","$60,000",,1,,Private,,,,,,(408) 560-3900,,"47,285"
BigContacts,https://www.crunchbase.com/organization/bigcontacts,"Information Technology, Sales and Marketing, Software","Duluth, Georgia, United States",BigContacts is an all-in-one CRM & Email Marketing platform that helps small businesses create more profitable relationships.,"51,141",Southern United States,Active,"Jan 10, 2007",,For Profit,http://www.bigcontacts.com,https://www.linkedin.com/groups/1872140,http://www.facebook.com/pages/BigContacts/114944808597669,http://twitter.com/bigcontactscrm,,,,,,,"CRM, SaaS, Small and Medium Businesses, Software",1,1-10,2,Seed,"May 12, 2014",Debt Financing,"$150,000","$350,000",Seed,"$350,000","$500,000",,1,,Private,,,,,info@bigcontacts.com,(888)286-6578,1,"49,267"
123Compliance,https://www.crunchbase.com/organization/123compliance,"Information Technology, Software","Santa Barbara, California, United States",123Compliance has more than 20 years of experience in the life science industry.,"51,456",Western United States,Active,2012,,For Profit,http://123compliance.com/,,https://www.facebook.com/188658467956433,https://www.twitter.com/123compliance,,,,,,,"Document Management, SaaS, Software",1,11-50,1,M&A,"Apr 10, 2015",Debt Financing,"$150,000",,,,"$150,000",,1,Was Acquired,Private,,,,,,(805)626-8666,1,"49,568"
SurveyLocal,https://www.crunchbase.com/organization/surveylocal,"Commerce and Shopping, Software","Dallas, Texas, United States","SurveyLocal provides the software, incentives, experience, and support to easily collect a large amount of feedback online.","51,471",Southern United States,Active,2013,,For Profit,http://biz.surveylocal.com/,,https://www.facebook.com/surveylocal,https://www.twitter.com/surveylocal,,,,,,,"Customer Service, Online Auctions, Software",1,1-10,1,,"Jan 15, 2016",Debt Financing,"$100,000",,,,"$100,000",1,1,,Private,,,,,,+1 972-853-8263,,"49,582"
Red Funnel Consulting,https://www.crunchbase.com/organization/red-funnel-consulting,"Apps, Mobile, Platforms, Sales and Marketing, Software","San Diego, California, United States",Creating great mobile sales tools is awesome. http://FatStax.com/blog.,"51,699",Western United States,Active,"May 1, 2010",,For Profit,http://fatstax.com,http://www.linkedin.com/company/red-funnel-consulting,http://www.facebook.com/FatStax/135056056544218,http://twitter.com/fatstaxapp,,,,,,,"iOS, Mobile, Mobile Apps, Sales, Software",3,11-50,1,,"Nov 16, 2016",Debt Financing,"$200,000",,,,"$200,000",1,1,,Private,,,,,info@fatstax.com,6195485129,2,"49,794"
OpenVault,https://www.crunchbase.com/organization/openvault,"Internet Services, Software","Wayne, New Jersey, United States",OpenVault provides solutions which help broadband providers manage bandwidth utilization on their networks and optimize the networkâ€™s,"52,115",Northeastern United States,Active,2010,,,http://openvault.com,http://www.linkedin.com/company/1704429,http://www.facebook.com/OpenVault/157550797605141,http://twitter.com/OpenVault,,,,,,,"SaaS, Web Hosting",2,11-50,1,,"Jun 16, 2017",Venture - Series Unknown,"$262,619","$262,619",Venture - Series Unknown,"$262,619","$262,619",,1,,Private,,,,,,201-677-8480,3,"50,176"
etherFAX,https://www.crunchbase.com/organization/etherfax,Hardware,"Bridgewater, New Jersey, United States",etherFAX develops technology solutions that focus on the management of business-critical fax communications.,"53,713",Northeastern United States,Active,2009,,For Profit,http://etherfax.net,http://www.linkedin.com/company/etherfax,http://www.facebook.com/etherfax,http://twitter.com/etherFAX,,,,,,,Telecommunications,2,11-50,1,,"Oct 15, 2014",Debt Financing,"$500,000",,,,"$500,000",,1,,Private,,,,,info@etherfax.net,(877) 384-9866,1,"51,689"
Officework Software,https://www.crunchbase.com/organization/officework-software,Software,"Novato, California, United States","OfficeWork Software, a leader and innovator of workforce planning and visualization solutions since 2005.","53,730","San Francisco Bay Area, Western United States",Active,2005,,For Profit,https://www.officeworksoftware.com/,https://www.linkedin.com/company/806102,https://www.facebook.com/OrganizationalChartingSoftware,https://twitter.com/orgchartpro,,,,,,,"Consulting, Professional Services, Software",2,11-50,2,,"Oct 16, 2015",Debt Financing,"$195,000",,,,"$325,000",1,1,,Private,,,,,sales@officeworksoftware.com,(800)477-1408,,"51,705"
Envisiontel,https://www.crunchbase.com/organization/envisiontel,"Design, Software","Broomfield, Colorado, United States",Software Development & Multimedia Design,"54,130",Western United States,Active,2004,,For Profit,http://www.envisiontel.com/,https://www.linkedin.com/company/envisiontel,https://www.facebook.com/envisiontel.corp,https://twitter.com/envisiontel,,,,,,,"Software, Web Design, Web Development",,11-50,2,,"Dec 5, 2014",Debt Financing,"$300,000",,,,"$450,000",1,1,,Private,,,,,envisiontel@envisiontel.com,(866)441-9123,,"52,078"
Graphium Health,https://www.crunchbase.com/organization/graphium-health,"Health Care, Information Technology","Plano, Texas, United States",Graphium Health provides a surgical EMR and data intelligence platform to help hospitals run more efficiently and safely.,"55,159",Southern United States,Active,"Feb 1, 2010",,For Profit,http://www.graphiumhealth.com,https://www.linkedin.com/company/graphium-health,,https://www.twitter.com/graphiumhealth,,,,,,,"Health Care, Information Technology",,11-50,1,,"May 31, 2017",Venture - Series Unknown,"$275,000","$275,000",Venture - Series Unknown,"$275,000","$275,000",,1,,Private,,,,,info@graphiumhealth.com,(682) 231-2367,,"53,054"
VirtualQube,https://www.crunchbase.com/organization/virtualqube,"Information Technology, Internet Services, Software","Woodinville, Washington, United States",VirtualQube is an information technology company that provides consultation with security and server management.,"56,901",Western United States,Active,2012,,For Profit,http://www.virtualqube.com,http://www.linkedin.com/company/virtualqube,http://www.facebook.com/VirtualQube,http://twitter.com/VirtualQube,,,,,,,"Cloud Computing, Information Technology, Small and Medium Businesses, Web Hosting",1,11-50,1,,"Apr 24, 2014",Debt Financing,"$250,000",,,,"$250,000",,1,,Private,,,,,Info@VirtualQube.com,425-939-2700,2,"54,685"
Hyper Martial Arts,https://www.crunchbase.com/organization/hyper-martial-arts,"Manufacturing, Science and Engineering","Huntington Beach, California, United States",Hyper is a martial arts action lifestyle brand,"58,387",Western United States,Active,2009,,For Profit,http://hypermartialarts.com/,,https://www.facebook.com/hyperma/info?tab=page_info,https://twitter.com/hyperma,,,,,,,Advanced Materials,,11-50,1,,"Sep 1, 2015",Debt Financing,"$400,000",,,,"$400,000",,1,,Private,,,,,info@hypermartialarts.com,,,"56,070"
Launchpad Careers,https://www.crunchbase.com/organization/launchpad-careers,"Internet Services, Mobile, Software","Irvine, California, United States","Transform your community with one amazing platform connecting programs, people, jobs and data.","60,397",Western United States,Active,2011,,For Profit,http://launchpadco.com/,https://www.linkedin.com/company/launchpad-careers-inc.-workforce-2.0,,https://www.twitter.com/abrahamjankans,,,,,,,"Cloud Computing, Mobile, Non Profit, Social",3,11-50,2,,"Apr 29, 2016",Debt Financing,"$50,000",,,,"$215,000",1,1,,Private,,,,,info@launchpadco.com,(949) 253-4106,,"57,946"
Pynwheel,https://www.crunchbase.com/organization/pynwheel,"Advertising, Real Estate, Sales and Marketing, Software","Denver, Colorado, United States","Pynwheel is the creator of Swoop!, the first fully supported multi-touch on-site sales software for multifamily real estate.","63,142",Western United States,Active,2012,,For Profit,http://www.pynwheel.com/,https://www.linkedin.com/company/3180919?,https://www.facebook.com/Pynwheel,https://twitter.com/pynwheel,,,,,,,"Advertising, Real Estate, Software",,11-50,1,,"Apr 28, 2015",Debt Financing,"$90,000",,,,"$90,000",,1,,Private,,,,,info@pynwheel.com,3033858633,,"60,486"
Hubstream,https://www.crunchbase.com/organization/hubstream,"Data and Analytics, Information Technology","Bellevue, Washington, United States",Hubstream Intelligence breaks down the barriers of technical and organizational boundaries to let investigators get the best results.,"63,556",Western United States,Active,2012,,For Profit,http://hubstream.net/,https://www.linkedin.com/company/3313472,https://www.facebook.com/hubstream-414466995410764,https://www.twitter.com/hubstream,,,,,,,"Analytics, Information Technology",,1-10,1,,"May 29, 2015",Debt Financing,"$100,000",,,,"$100,000",,1,,Private,,,,,info@hubstream.net,4256080712,,"60,869"
Wine Management Systems,https://www.crunchbase.com/organization/wine-management-systems,"Food and Beverage, Information Technology, Software","San Rafael, California, United States",They provide Winery Management Software Solutions for winery production management.,"63,737","San Francisco Bay Area, Western United States",Active,2006,,For Profit,http://www.winemanagementsystems.com/,,https://www.facebook.com/WineMSystems,https://twitter.com/WineMSystems,,,,,,,"Information Technology, SaaS, Software, Wine And Spirits",,11-50,1,,"Jan 9, 2015",Debt Financing,"$68,000",,,,"$68,000",,1,,Private,,,,,info@winemanagementsystems.com,(800)656-9521,,"61,043"
YogaDownload.com,https://www.crunchbase.com/organization/yogadownload-com,"Education, Health Care, Sports","Denver, Colorado, United States","Founded by people who love yoga, love music, and experience life as an extension of their practice.","64,820",Western United States,Active,2006,,For Profit,http://www.yogadownload.com/,,https://www.facebook.com/YogaDownload/,https://twitter.com/YogaDownload,,,,,,,"Fitness, Personal Health, Training",,11-50,3,,"Dec 11, 2014",Debt Financing,"$140,000",,,,"$300,000",1,1,,Private,,,,,info@yogadownload.com,+1 (303) 325-5124,,"62,040"
Hivemine,https://www.crunchbase.com/organization/hivemyne,Software,"Seattle, Washington, United States","Hivemine provides social business software products, including AskMe.","67,001",Western United States,Active,2011,,For Profit,http://hivemine.com,http://www.linkedin.com/company/hivemine,https://www.facebook.com/hivemine,http://twitter.com/hivemine,,,,,,,"Collaboration, Knowledge Management, Software",,1-10,1,,"Sep 1, 2011",Debt Financing,"$150,000",,,,"$150,000",,1,Made Acquisitions,Private,,,,,,206.512.1000,3,"64,053"
GPS Heroes,https://www.crunchbase.com/organization/gps-heroes,Internet Services,"Murrieta, California, United States",GPS Heroes operates as a GPS and telematics company serving small and medium-sized businesses.,"67,019",Western United States,Active,2001,,For Profit,http://www.gpsheroes.com/#!/Home,https://www.linkedin.com/company/1815213,https://www.facebook.com/gpsheroesfleet,,,,,,,,Web Hosting,,51-100,1,M&A,"Feb 17, 2015",Debt Financing,"$500,000",,,,"$500,000",,1,Was Acquired,Private,,,,,,(800) 688-0999,,"64,070"
Resident Research,https://www.crunchbase.com/organization/resident-research,Real Estate,"Charlotte, North Carolina, United States","Resident Research LLC, a credit reporting agency, provides resident screening services to the property management industry in the USA.","67,409",Southern United States,Active,"Jun 30, 2011",,,http://residentresearch.com,http://www.linkedin.com/company/resident-research-llc,http://www.facebook.com/residentresearch,http://twitter.com/ResResearch,,,,,,,Real Estate,,11-50,3,,"Dec 26, 2014",Debt Financing,"$122,000",,Equity Crowdfunding,,"$272,000",1,1,,Private,,,,,info@residentresearch.com,18666285355,1,"64,423"
SalesReach Software,https://www.crunchbase.com/organization/salesreach-software,Software,"Ladys Island, South Carolina, United States",SalesReach Software is an outgrowth of an eleven plus year old INC 5000 award winning company in telecommunications services distribution,"70,669",Southern United States,Active,"Dec 1, 2012",,For Profit,http://salesreachsoftware.com,,https://www.facebook.com/salesreach,http://twitter.com/SalesReachSoft,,,,,,,Software,,11-50,1,,"Jan 23, 2014",Debt Financing,"$100,000",,,,"$100,000",,1,,Private,,,,,sales@salesreachsoftware.com,(843)705-8420,,"67,429"
6Qube,https://www.crunchbase.com/organization/6cube,"Information Technology, Internet Services, Sales and Marketing, Software","Cedar Park, Texas, United States",6Qube is a leading provider of internet marketing software and services.,"72,370",Southern United States,Active,2009,,For Profit,http://www.6qube.com/,http://www.linkedin.com/company/6qube,http://www.facebook.com/6qube,http://twitter.com/6qube,,,,,,,"Information Services, Information Technology, Marketing Automation, SEO",,1-10,1,,"Oct 29, 2014",Debt Financing,"$100,000",,,,"$100,000",,1,,Private,,,,,,(800) 570-5055,,"68,984"
Virtual Connect Technologies,https://www.crunchbase.com/organization/virtual-connect-technologies,,"Greenville, Nova Scotia, Canada",Virtual Connect Technologies engages in the development of hosted applications for eliminating spam and viruses.,"74,998",,Active,2000,,For Profit,http://virtualconnect.net/,https://www.linkedin.com/company/virtual-connect-technologies-inc-/,,,,,,,,,,,,1,,"Aug 31, 2017",Debt Financing,"$151,199",,,,"$151,199",,1,,Private,,,,,,+1 864-288-9595,,"71,368"
StyleNet,https://www.crunchbase.com/organization/stylenet,"Design, Internet Services, Sales and Marketing","Franklin, Tennessee, United States",StyleNet specialized in premium web designs tailored to the individual needs of you and your business.,"75,828",Southern United States,Active,2007,,For Profit,http://stylenet.com/,https://www.linkedin.com/company/www.stylenet.com,https://www.facebook.com/StyleNetWebsite,https://twitter.com/stylenet,,,,,,,"Internet, Personal Branding, Web Design",1,51-100,2,,"Jul 18, 2011",Debt Financing,"$50,000",,,,"$150,000",1,1,,Private,,,,,,(888)595-0676,,"72,115"
Amerihub Technologies,https://www.crunchbase.com/organization/amerihub-technologies,"Information Technology, Internet Services, Messaging and Telecommunications","Orland Park, Illinois, United States","Amerihub Technologies is a provider of cloud servers, backup services, and other information technology services.","77,838","Great Lakes, Midwestern United States",Active,2013,,For Profit,https://amerihub.com,https://www.linkedin.com/company/3491103,https://www.facebook.com/amerihub,https://twitter.com/amerihub,,,,,,,"Information Technology, VoIP, Web Hosting",1,11-50,1,,"Jun 30, 2014",Debt Financing,"$60,000",,,,"$60,000",,1,,Private,,,,,info@amerihub.com,(866)202-2884,,"73,916"
Panopta,https://www.crunchbase.com/organization/panopta,Internet Services,"Chicago, Illinois, United States",Advanced Server Monitoring Service,"97,429","Great Lakes, Midwestern United States",Active,"Sep 1, 2007",,For Profit,http://www.panopta.com,https://www.linkedin.com/company/panopta-llc,http://www.facebook.com/Panopta,http://twitter.com/Panopta,,,,,,,Web Hosting,1,11-50,1,,"May 12, 2017",Debt Financing,,,,,,,1,,Private,,,,,sales@panopta.com,(844)726-6782,,"91,441"
BinaryWave,https://www.crunchbase.com/organization/binarywave,Information Technology,"Grapevine, Texas, United States",BinaryWave is a global technology provider specializing in Microsoft SharePoint Products and Technologies.,"97,651",Southern United States,Active,2010,,For Profit,http://www.binarywave.com/Pages/default.aspx,https://www.linkedin.com/company/binarywave,,https://twitter.com/binary_wave,,,,,,,Information Technology,,11-50,1,,"Apr 17, 2012",Debt Financing,"$128,000",,,,"$128,000",,1,,Private,,,,,,(888)387-1197,,"91,640"
Building Energy,https://www.crunchbase.com/organization/building-energy,"Natural Resources, Sustainability","Portland, Oregon, United States","Building Energy, headquartered in Portland, Oregon","201,695",Western United States,Active,2012,,For Profit,http://buildingenergy.com,,,https://www.twitter.com/buildingnrg,,,,,,,"Human Resources, Natural Resources, Sustainability",2,11-50,1,,"Aug 1, 2015",Convertible Note,,,,,,,3,,Private,,,,,info@buildingenergy.com,(503) 505-0574,8,"185,819"
