Organization Name,Organization Name URL,Category Groups,Headquarters Location,Description,CB Rank (Organization),Headquarters Regions,Operating Status,Founded Date,Closed Date,Company Type,Website,LinkedIn,Facebook,Twitter,Investor Type,Investment Stage,Number of Portfolio Organizations,Number of Investments,Number of Lead Investments,Number of Exits,Categories,Number of Founders,Number of Employees,Number of Funding Rounds,Funding Status,Last Funding Date,Last Funding Type,Last Funding Amount,Last Equity Funding Amount,Last Equity Funding Type,Total Equity Funding Amount,Total Funding Amount,Number of Lead Investors,Number of Investors,Acquisition Status,IPO Status,IPO Date,Delisted Date,Money Raised at IPO,Valuation at IPO,Contact Email,Phone Number,Number of Articles,CB Rank (Company)
BetterCloud,https://www.crunchbase.com/organization/bettercloud,"Apps, Information Technology, Privacy and Security, Software","New York, New York, United States","BetterCloud is the first SaaS Operations Management platform, empowering IT to define, remediate, and enforce policies for SaaS applications",535,"Great Lakes, Northeastern United States",Active,"Nov 1, 2011",,For Profit,https://www.bettercloud.com,https://www.linkedin.com/company/bettercloud,http://www.facebook.com/BetterCloud,http://twitter.com/bettercloud,,,,,,,"Apps, Cloud Security, Enterprise Software, SaaS, Software",1,101-250,6,Late Stage Venture,"Apr 5, 2018",Series E,"$60,000,000","$60,000,000",Series E,"$106,850,000","$106,850,000",3,13,,Private,,,,,info@bettercloud.com,(888) 999-0805,85,494
Shine,https://www.crunchbase.com/organization/shine-text,"Apps, Health Care, Information Technology, Internet Services, Messaging and Telecommunications, Mobile, Software","New York, New York, United States","Shine offers Shine Text, a free, daily motivational text message to make your morning better.",675,"Great Lakes, Northeastern United States",Active,Aug 2015,,For Profit,http://www.shinetext.com/,https://www.linkedin.com/company/shine-text/,https://www.facebook.com/ShineText/,https://twitter.com/ShineText,,,,,,,"Messaging, Mobile Apps, SMS, Wellness",2,1-10,3,Early Stage Venture,"Apr 4, 2018",Series A,"$5,000,000","$5,000,000",Series A,"$8,250,000","$8,250,000",4,9,,Private,,,,,help@shinetext.com,,3,629
Valimail,https://www.crunchbase.com/organization/valimail,"Information Technology, Internet Services, Messaging and Telecommunications, Privacy and Security","San Francisco, California, United States",Valimail authenticates legitimate email and blocks phishing attacks.,944,"San Francisco Bay Area, Western United States",Active,"Mar 1, 2015",,For Profit,https://www.valimail.com,https://www.linkedin.com/company/valimail/,,https://twitter.com/valimail,,,,,,,"Cyber Security, Email, Internet",2,11-50,3,Early Stage Venture,"Nov 2, 2016",Series A,"$12,000,000","$12,000,000",Series A,"$14,799,999","$14,799,999",1,4,,Private,,,,,info@valimail.com,,69,887
Splice,https://www.crunchbase.com/organization/splice,"Media and Entertainment, Music and Audio","New York, New York, United States","Splice streamlines the fragmented process of creating and sharing music, allowing musicians to focus on the creative process.","1,128","Great Lakes, Northeastern United States",Active,2013,,For Profit,http://splice.com,http://www.linkedin.com/company/splice-com,http://www.facebook.com/spliceofficial,http://twitter.com/splice,,,,,,,"Collaboration, Media and Entertainment, Music",2,11-50,4,Early Stage Venture,"Dec 14, 2017",Series B,"$35,000,000","$35,000,000",Series B,"$47,249,998","$47,249,998",3,18,Made Acquisitions,Private,,,,,beta@splice.com,,16,"1,058"
MongoDB,https://www.crunchbase.com/organization/mongodb-inc,"Data and Analytics, Internet Services, Software","New York, New York, United States",MongoDB is a next-generation database that helps businesses transform their industries by harnessing the power of data.,"1,348","Great Lakes, Northeastern United States",Active,"Nov 1, 2007",,For Profit,http://www.mongodb.com,http://www.linkedin.com/company/783611,http://www.facebook.com/mongodb,http://twitter.com/mongodb,,,,,,,"Cloud Computing, Database, Open Source, PaaS",3,501-1000,11,IPO,"Mar 6, 2018",Post-IPO Equity,,,Post-IPO Equity,"$311,000,000","$311,000,000",9,15,Made Acquisitions,Public,"Oct 19, 2017",,"$256,000,000","$1,570,000,000",info@mongodb.com,(866) 237-8815,"2,092","1,269"
ZestFinance,https://www.crunchbase.com/organization/zestfinance,"Artificial Intelligence, Data and Analytics, Financial Services, Software","Los Angeles, California, United States","ZestFinance’s credit-decisioning platform helps lenders predict credit risk so they can increase revenues, reduce risk & ensure compliance.","1,808",Western United States,Active,2009,,For Profit,http://zestfinance.com,http://www.linkedin.com/company/1325825,http://www.facebook.com/ZestFinance,http://twitter.com/ZestFinance,,,,,,,"Analytics, Big Data, FinTech, Machine Learning",1,51-100,8,,"Jul 18, 2016",Undisclosed,,,Undisclosed,"$67,000,000","$267,250,000",7,12,,Private,,,,,help@zestfinance.com,323-606-8440,133,"1,710"
Firebase,https://www.crunchbase.com/organization/firebase,"Apps, Hardware, Internet Services, Mobile, Software","San Francisco, California, United States","Firebase is Google's mobile platform. Build and grow your iOS, Android, or Web app with Firebase.","1,891","San Francisco Bay Area, Western United States",Active,"Sep 1, 2011",,For Profit,http://www.firebase.com,http://www.linkedin.com/company/firebase,http://www.facebook.com/Firebase,http://twitter.com/Firebase,,,,,,,"Cloud Infrastructure, Developer APIs, Developer Tools, Enterprise Software, Mobile Apps, Real Time",2,101-250,3,M&A,"Jun 20, 2013",Series A,"$5,600,000","$5,600,000",Series A,"$7,000,000","$7,000,000",2,10,Was Acquired,Private,,,,,info@firebase.com,408-400-3656,102,"1,789"
Jibo,https://www.crunchbase.com/organization/jibo,"Artificial Intelligence, Consumer Electronics, Data and Analytics, Hardware, Science and Engineering, Software","Boston, Massachusetts, United States","Jibo, Inc. is a design-driven company that creates unforgettable experiences through advanced robotics technology.","1,904","New England, Northeastern United States",Active,2012,,For Profit,https://www.jibo.com/,http://www.linkedin.com/company/jibo-inc-,http://www.facebook.com/jiborobot/info,http://twitter.com/JiboRobot,,,,,,,"Artificial Intelligence, Consumer Electronics, Machine Learning, Robotics",2,11-50,6,Early Stage Venture,"Nov 10, 2016",Series B,"$13,099,999","$13,099,999",Series B,"$70,399,999","$72,699,999",2,14,,Private,,,,,support@jibo.com,,114,"1,802"
Omni,https://www.crunchbase.com/organization/omni,"Administrative Services, Apps, Mobile, Software, Transportation","San Francisco, California, United States","All the stuff you need, wherever you need it.","2,134","San Francisco Bay Area, Western United States",Active,"Aug 1, 2014",,For Profit,https://beomni.com,https://www.linkedin.com/company/omni-storage-concierge-sf,https://www.facebook.com/OmniSF,https://twitter.com/BeOmni,,,,,,,"Apps, Delivery, Logistics, Mobile",3,11-50,4,Early Stage Venture,"Jan 16, 2018",Series B,"$25,000,000","$25,000,000",Series B,"$35,000,000","$35,250,000",1,38,,Private,,,,,hello@beomni.com,(415) 569-3882,5,"2,029"
BitSight Technologies,https://www.crunchbase.com/organization/bitsight-technologies,"Information Technology, Privacy and Security","Cambridge, Massachusetts, United States","BitSight Technologies is a platform that rates companies’ security effectiveness on a daily basis using a data-driven, outside-in approach.","2,250","New England, Northeastern United States",Active,2011,,For Profit,http://bitsighttech.com,https://www.linkedin.com/company/bitsight-technologies,https://www.facebook.com/bitsight,http://twitter.com/BitSight,,,,,,,"Cyber Security, Risk Management, Security",2,251-500,4,Late Stage Venture,"Sep 15, 2016",Series C,"$40,000,000","$40,000,000",Series C,"$91,000,000","$91,000,000",2,12,Made Acquisitions,Private,,,,,info@bitsighttech.com,(617) 245-0469,76,"2,138"
NS1,https://www.crunchbase.com/organization/ns1,"Internet Services, Software","New York, New York, United States",NS1 delivers precision control over internet traffic. ,"2,328","Great Lakes, Northeastern United States",Active,"Jun 1, 2013",,For Profit,https://ns1.com/,https://www.linkedin.com/company/3189558/,http://www.facebook.com/nsoneinc,http://twitter.com/ns1,,,,,,,"Internet, Software, Web Hosting",4,51-100,4,,"Sep 7, 2017",Undisclosed,"$20,000,000","$20,000,000",Undisclosed,"$45,350,000","$45,350,000",4,14,,Private,,,,,info@ns1.com,(855) 438-6766,8,"2,213"
Imperfect Produce,https://www.crunchbase.com/organization/imperfect-produce,"Food and Beverage, Transportation","Oakland, California, United States","Imperfect Produce is the leading consumer brand and home delivery service for ugly produce. Based in Emeryville, CA","2,338","San Francisco Bay Area, Western United States",Active,"Jul 1, 2015",,For Profit,http://www.imperfectproduce.com,,https://www.facebook.com/imperfectproduce,https://www.twitter.com/imperfectfruit,,,,,,,"Consumer, Delivery Service, Food and Beverage",3,11-50,4,,"May 15, 2017",Venture - Series Unknown,"$9,000,000","$9,000,000",Venture - Series Unknown,"$21,685,000","$23,685,000",,7,,Private,,,,,imperfectproduce@gmail.com,(510) 595 6683,,"2,223"
Codecademy,https://www.crunchbase.com/organization/codecademy,"Education, Mobile","New York, New York, United States",Codecademy is a free web- and mobile-based platform that teaches employable digital skills to millions of users worldwide.,"2,776","Great Lakes, Northeastern United States",Active,2011,,For Profit,http://www.codecademy.com,http://www.linkedin.com/company/codecademy,http://www.facebook.com/codecademy,http://twitter.com/Codecademy,,,,,,,"Education, Mobile, Training",2,51-100,4,Late Stage Venture,"Jul 12, 2016",Series C,"$30,000,000","$30,000,000",Series C,"$42,500,000","$47,500,000",2,15,,Private,,,,,contact@codecademy.com,,674,"2,649"
Bowery Farming Inc,https://www.crunchbase.com/organization/bowery-farming-inc,"Agriculture and Farming, Food and Beverage, Hardware, Science and Engineering, Software","New York, New York, United States","Bowery Farming uses high-tech approaches such as robotics, LED lightning and data analytics to grow leafy greens indoors","3,161","Great Lakes, Northeastern United States",Active,2015,,For Profit,http://boweryfarming.com/,https://www.linkedin.com/company-beta/11039768/,https://www.facebook.com/boweryfarming/,https://twitter.com/BoweryFarming,,,,,,,"Agriculture, Farming, Food and Beverage, Organic Food, Robotics",3,,3,Early Stage Venture,"Jun 14, 2017",Series A,"$20,000,000","$20,000,000",Series A,"$31,000,003","$31,000,003",3,19,,Private,,,,,CONTACT@BOWERYFARMING.COM,646-493-1322,3,"3,023"
dataxu,https://www.crunchbase.com/organization/dataxu,"Advertising, Data and Analytics, Design, Information Technology, Media and Entertainment, Sales and Marketing, Software","Boston, Massachusetts, United States",dataxu® is a software company that helps marketing professionals use data to improve their advertising.,"3,581","New England, Northeastern United States",Active,2007,,For Profit,http://www.dataxu.com,http://www.linkedin.com/company/dataxu,http://www.facebook.com/DataXu,http://twitter.com/dataxu,,,,,,,"Ad Targeting, Advertising, Analytics, Big Data, Data Visualization, Digital Media",4,251-500,8,,"Oct 10, 2017",Venture - Series Unknown,"$3,500,000","$3,500,000",Venture - Series Unknown,"$87,500,000","$87,500,000",4,11,Made Acquisitions,Private,,,,,marketing@dataxu.com,16170000000,273,"3,430"
Philo,https://www.crunchbase.com/organization/philo,"Information Technology, Media and Entertainment, Software, Video","San Francisco, California, United States","Philo started in the college market, and now offers a new entertainment-focused streaming service nationwide. ","3,785","San Francisco Bay Area, Western United States",Active,2010,,For Profit,http://philo.com,https://www.linkedin.com/company/philo,https://www.facebook.com/philotv,https://twitter.com/philo,,,,,,,"Digital Media, Information Technology, Software, TV",2,11-50,7,Late Stage Venture,"Nov 14, 2017",Corporate Round,"$25,000,000","$22,000,000",Series C,"$39,300,000","$66,833,000",2,18,,Private,,,,,contact@philo.com,,6,"3,630"
Nasuni,https://www.crunchbase.com/organization/nasuni,"Hardware, Information Technology, Internet Services, Mobile, Software","Boston, Massachusetts, United States","Nasuni, a storage services provider, offers IT solutions for primary data storage, offsite disaster recovery, and data backup.","3,838","New England, Northeastern United States",Active,"Apr 1, 2009",,For Profit,http://www.nasuni.com,http://www.linkedin.com/company/nasuni,http://www.facebook.com/Nasuni,http://twitter.com/nasuni,,,,,,,"Cloud Data Services, Data Storage, Enterprise Software, Information Services, Information Technology, Mobile",2,101-250,9,Late Stage Venture,"Sep 12, 2017",Venture - Series Unknown,"$38,000,000","$38,000,000",Venture - Series Unknown,"$113,500,000","$122,000,000",6,7,,Private,,,,,info@nasuni.com,(800)208-3148,147,"3,681"
Plastiq,https://www.crunchbase.com/organization/plastiq,"Commerce and Shopping, Financial Services, Lending and Investments, Payments","San Francisco, California, United States","Plastiq is bill pay with benefits. Use a credit card for practically any expense, even ones like rent that normally require a check.","3,954","San Francisco Bay Area, Western United States",Active,2012,,For Profit,http://www.plastiq.com,https://www.linkedin.com/company/plastiq,http://www.facebook.com/payplastiq,http://twitter.com/payplastiq,,,,,,,"Credit Cards, E-Commerce, Financial Services, FinTech, Payments",2,11-50,5,Early Stage Venture,"Aug 10, 2017",Series B,"$16,000,000","$16,000,000",Series B,"$45,349,996","$45,349,996",4,13,,Private,,,,,info@plastiq.com,,15,"3,795"
Parachute Home,https://www.crunchbase.com/organization/parachute,"Commerce and Shopping, Design, Real Estate","Venice, California, United States",Parachute makes modern Bedding and Bath essentials for a more comfortable home. ,"4,073",Western United States,Active,2013,,For Profit,http://www.parachutehome.com/,https://www.linkedin.com/company/parachute-home,http://www.facebook.com/ParachuteHome,http://twitter.com/parachutehome,,,,,,,"E-Commerce, Home Decor, Interior Design, Retail",1,1-10,5,Early Stage Venture,"Dec 1, 2016",Series A,,,Series A,"$14,835,181","$14,835,181",1,10,,Private,,,,,help@parachutehome.com,(888) 967-8832,2,"3,912"
T2 Biosystems,https://www.crunchbase.com/organization/t2-biosystems,"Biotechnology, Health Care, Science and Engineering","Lexington, Massachusetts, United States",T2 Biosystems develops a medical diagnostic platform that enables rapid and accurate diagnostic tests of all types on a single instrument.,"4,112","New England, Northeastern United States",Active,2006,,,http://www.t2biosystems.com,http://www.linkedin.com/company/520960,https://www.facebook.com/T2Bio,http://twitter.com/T2Bio,,,,,,,"Biotechnology, Health Care, Health Diagnostics",2,51-100,9,IPO,"Mar 8, 2018",Grant,"$2,000,000","$40,000,000",Post-IPO Equity,"$134,300,000","$186,800,000",4,16,,Public,"Aug 7, 2014",,"$57,200,000","$288,000,000",info@t2biosystems.com,7814571216,26,"3,950"
Open English,https://www.crunchbase.com/organization/open-english,"Education, Software","Miami, Florida, United States",Open English is a leading Education Technology company focused on English language learning for the Latin American & U.S. Hispanic markets.,"4,145",Southern United States,Active,"Jul 13, 2006",,For Profit,http://www.openenglish.com,https://www.linkedin.com/company/open-english,http://www.facebook.com/openenglish,http://twitter.com/OpenEnglish,,,,,,,"EdTech, Education, Language Learning",4,1001-5000,5,Late Stage Venture,"Apr 26, 2013",Series D,"$65,000,000","$65,000,000",Series D,"$120,250,000","$120,250,000",3,5,Made Acquisitions,Private,,,,,,877-500-4645,42,"3,983"
Tremor Video,https://www.crunchbase.com/organization/tremor-video,"Advertising, Media and Entertainment, Sales and Marketing","New York, New York, United States",Tremor Video (NYSE: TRMR) is transforming the video advertising experience across all screens for the world’s leading brands.,"4,213","Great Lakes, Northeastern United States",Active,2005,,For Profit,http://tremorvideo.com,http://www.linkedin.com/company/tremor-video,http://www.facebook.com/TremorVideo,http://twitter.com/tremorvideo,,,,,,,"Advertising, Digital Media, Marketing",3,251-500,9,IPO,"Sep 12, 2011",Venture - Series Unknown,"$37,000,000","$37,000,000",Venture - Series Unknown,"$120,207,735","$120,207,735",6,11,Made Acquisitions,Public,"Jun 27, 2013",,"$75,000,000","$494,000,000",Press@TremorVideo.com,(646) 723-5300,191,"4,050"
Redox,https://www.crunchbase.com/organization/100health,"Data and Analytics, Health Care, Information Technology, Software","Madison, Wisconsin, United States",Redox is the modern API for healthcare.,"4,401","Great Lakes, Midwestern United States",Active,"Jul 4, 2014",,For Profit,https://www.redoxengine.com,http://www.linkedin.com/company/5079845,https://www.facebook.com/redoxengine/,https://twitter.com/Redox,,,,,,,"Data Integration, EHR, Health Care, Information Technology",3,11-50,4,Early Stage Venture,"Apr 6, 2017",Grant,"$1,000,000","$10,000,000",Series B,"$14,000,000","$15,000,000",2,9,,Private,,,,,hello@redoxengine.com,(608)620-5746,34,"4,232"
33Across,https://www.crunchbase.com/organization/33across,"Advertising, Content and Publishing, Internet Services, Media and Entertainment","New York, New York, United States","33Across is a publisher monetization and traffic platform, named Best Publisher Technology by Digiday.","5,387","Great Lakes, Northeastern United States",Active,"Sep 1, 2007",,For Profit,http://www.33across.com,http://www.linkedin.com/company/33across-inc.,http://www.facebook.com/33Across,http://twitter.com/33Across,,,,,,,"Advertising Platforms, Content Discovery, Internet, Social Media",2,51-100,6,Late Stage Venture,"Feb 29, 2016",Convertible Note,"$1,543,270","$13,100,000",Series C,"$25,654,560","$27,197,830",3,11,Made Acquisitions,Private,,,,,hello@33across.com,(888) 297-4094,63,"5,186"
Stackdriver,https://www.crunchbase.com/organization/stackdriver,"Apps, Internet Services, Software","Boston, Massachusetts, United States",Stackdriver provides monitoring services for cloud-powered applications.,"5,486","New England, Northeastern United States",Active,"Jun 22, 2012",,,http://www.stackdriver.com,http://www.linkedin.com/company/stackdriver,http://www.facebook.com/stackdriver,http://twitter.com/stackdriver,,,,,,,"Apps, Cloud Computing, Enterprise Software, Infrastructure",2,11-50,2,M&A,"Sep 18, 2013",Series B,"$10,000,000","$10,000,000",Series B,"$15,000,000","$15,000,000",2,2,Was Acquired,Private,,,,,inquiry@stackdriver.com,,132,"5,280"
Bulletin,https://www.crunchbase.com/organization/bulletin,"Commerce and Shopping, Media and Entertainment","New York, New York, United States",WeWork for Retail Space,"5,668","Great Lakes, Northeastern United States",Active,Oct 2015,,For Profit,https://bulletin.co,https://www.linkedin.com/company-beta/10448984,https://www.facebook.com/ReadBulletin,https://twitter.com/bulletin_co,,,,,,,"Content, E-Commerce, Marketplace, Retail, Sharing Economy",2,1-10,2,Seed,"May 24, 2017",Seed,"$2,200,000","$2,200,000",Seed,"$2,200,000","$2,200,000",1,15,,Private,,,,,BTeam@bulletin.co,,5,"5,458"
AppNeta,https://www.crunchbase.com/organization/appneta,"Information Technology, Internet Services, Software","Boston, Massachusetts, United States","AppNeta is the only app performance monitoring company with solutions for apps you develop, SaaS apps you use & networks that deliver them.","5,787","New England, Northeastern United States",Active,2000,,For Profit,http://www.appneta.com,http://www.linkedin.com/company/appneta,http://www.facebook.com/AppNeta,http://twitter.com/Appneta,,,,,,,"Cloud Computing, Information Technology, SaaS",3,101-250,7,Private Equity,"Jan 4, 2018",Private Equity,,,Private Equity,"$63,177,998","$63,177,998",5,11,Made Acquisitions,Private,,,,,kbassett@appneta.com,(781)263-4273,68,"5,574"
Raden,https://www.crunchbase.com/organization/raden-inc,Commerce and Shopping,"New York, New York, United States",Raden is the case for better travel.,"5,988","Great Lakes, Northeastern United States",Closed,Apr 2015,,For Profit,http://www.raden.com/,https://www.linkedin.com/company/raden,https://www.facebook.com/officialraden,https://twitter.com/raden,,,,,,,Retail,1,11-50,3,,"Nov 1, 2016",Venture - Series Unknown,,,Venture - Series Unknown,"$5,596,691","$5,596,691",1,13,,Private,,,,,support@raden.com,+1 (844) 467-2336,4,"5,769"
Digital Lumens,https://www.crunchbase.com/organization/digital-lumens,"Energy, Hardware, Information Technology, Internet Services, Sustainability","Boston, Massachusetts, United States",Driving radical energy efficiency and creating a platform for distributed building intelligence.,"6,091","New England, Northeastern United States",Active,2008,,For Profit,http://www.digitallumens.com,http://www.linkedin.com/company/711026,http://www.facebook.com/DigitalLumens,http://twitter.com/digitallumens,,,,,,,"Energy, Energy Efficiency, Energy Management, Information Technology, Internet of Things, Lighting",2,101-250,8,M&A,"Oct 30, 2014",Series C,"$23,000,000","$23,000,000",Series C,"$54,500,645","$55,250,645",2,6,Was Acquired,Private,,,,,info@digitallumens.com,617-723-1200,108,"5,870"
Sample6,https://www.crunchbase.com/organization/novophage,"Biotechnology, Hardware, Health Care, Science and Engineering","Boston, Massachusetts, United States","Sample6 is a synthetic, biology-based bacteria diagnostic system that is capable of enrichment-free detection.","6,186","New England, Northeastern United States",Active,2009,,For Profit,http://www.sample6.com,http://www.linkedin.com/company/sample6-technologies-inc-,http://www.facebook.com/pages/Sample6/261152230690937,http://twitter.com/Sample6tech,,,,,,,"Biotechnology, Health Diagnostics, Medical, Sensor",4,11-50,5,Late Stage Venture,"Aug 22, 2016",Series C,"$12,700,000","$12,700,000",Series C,"$31,950,000","$31,950,000",3,8,,Private,,,,,info@sample6tech.com,617-393-7600,10,"5,963"
tracx,https://www.crunchbase.com/organization/tracx,"Content and Publishing, Internet Services, Media and Entertainment, Sales and Marketing","New York, New York, United States",Tracx is a cloud-based social media management system providing business analytics solutions through the social web.,"6,460","Great Lakes, Northeastern United States",Active,"Jul 1, 2008",,For Profit,http://www.tracx.com,https://www.linkedin.com/company/tracx,http://www.facebook.com/at.tra.cx,http://twitter.com/tracx,,,,,,,"Brand Marketing, Publishing, Social Media Management",5,101-250,6,Late Stage Venture,"Jan 4, 2017",Series D,"$12,500,000","$12,500,000",Series D,"$38,400,000","$41,103,000",4,6,,Private,,,,,info@tracx.com,(855) 698-7229,7,"6,230"
Apiary,https://www.crunchbase.com/organization/apiary,"Data and Analytics, Information Technology, Software","San Francisco, California, United States","Apiary provides tools that help companies build, test, monitor, and document web APIs.","6,701","San Francisco Bay Area, Western United States",Active,"Apr 27, 2011",,,http://apiary.io,http://www.linkedin.com/company/2222917,http://www.facebook.com/apiary.io,http://twitter.com/apiaryio,,,,,,,"Data Integration, Developer APIs, Infrastructure, Software, Test and Measurement",2,1-10,5,M&A,"Sep 1, 2016",Venture - Series Unknown,,,Venture - Series Unknown,"$14,550,000","$14,550,000",2,8,Was Acquired,Private,,,,,info@apiary.io,,29,"6,463"
Immedia,https://www.crunchbase.com/organization/immedia,"Consumer Electronics, Hardware, Information Technology, Science and Engineering","Andover, Massachusetts, United States",Immedia Semiconductor develops and markets semiconductor based ISP and video compression technology for consumer electronics.,"6,793","New England, Northeastern United States",Active,2009,,For Profit,http://immediasemi.com,https://www.linkedin.com/company/immedia-semiconductor,https://www.facebook.com/blinkforhome,https://www.twitter.com/blinkforhome,,,,,,,"Consumer Electronics, Electronics, Information Technology, Semiconductor",3,11-50,10,M&A,"Jul 27, 2016",Debt Financing,"$1,010,000","$5,800,000",Venture - Series Unknown,"$36,992,857","$38,002,857",1,1,Was Acquired,Private,,,,,sales@immediasemi.com,(781)915-1920,11,"6,553"
SavingStar,https://www.crunchbase.com/organization/savingstar,"Advertising, Commerce and Shopping, Financial Services, Sales and Marketing","Waltham, Massachusetts, United States","SavingStar helps shoppers earn cash back at 58,000 supermarkets and drugstores and 800+ online retailers. There's nothing to clip/print.","7,402","New England, Northeastern United States",Active,"Jun 1, 2010",,For Profit,https://savingstar.com,http://www.linkedin.com/company/1952818,http://www.facebook.com/savingstar,http://twitter.com/SavingStar,,,,,,,"Advertising, E-Commerce, FinTech, Retail, Shopping",2,11-50,8,,"Jul 12, 2017",Venture - Series Unknown,"$1,400,000","$1,400,000",Venture - Series Unknown,"$35,030,925","$40,030,925",4,14,,Private,,,,,questions@savingstar.com,800-618-3893,30,"7,141"
Mattermark,https://www.crunchbase.com/organization/mattermark,"Data and Analytics, Financial Services, Lending and Investments, Software","San Francisco, California, United States",Mattermark is a data platform for venture capital companies to quantify signals of growing and potentially lucrative start-ups.,"8,424","San Francisco Bay Area, Western United States",Closed,2012,"Dec 21, 2017",For Profit,https://mattermark.com,https://www.linkedin.com/company/3182754,https://www.facebook.com/mattermark,https://twitter.com/mattermark,,,,,,,"Big Data, Enterprise Software, Venture Capital",3,11-50,5,M&A,"Mar 20, 2016",Series B,"$7,300,000","$7,300,000",Series B,"$17,200,000","$17,200,000",2,44,Was Acquired,Private,,,,,support@mattermark.com,415-347-8666,772,"8,132"
Restorando,https://www.crunchbase.com/organization/restorando-com,"Events, Food and Beverage, Media and Entertainment","Buenos Aires, Distrito Federal, Argentina",Restorando is the leading online reservation platform for restaurants in Latin America.,"8,448",,Active,2011,,For Profit,http://www.restorando.com,https://www.linkedin.com/company/1838337/,https://www.facebook.com/Restorando/,,,,,,,,"Reservations, Restaurants",2,51-100,4,Late Stage Venture,"Jul 10, 2017",Series C,"$2,000,002","$2,000,002",Series C,"$26,000,005","$26,000,005",2,8,Made Acquisitions,Private,,,,,info@restorando.com,,22,"8,156"
TARIS Biomedical,https://www.crunchbase.com/organization/taris-biomedical,"Biotechnology, Health Care, Science and Engineering","Lexington, Massachusetts, United States",TARIS Biomedical is a pharmaceutical company developing therapies for genitourinary system issues.,"8,504","New England, Northeastern United States",Active,2008,,,http://www.tarisbiomedical.com,https://www.linkedin.com/company/taris-biomedical,,,,,,,,,"Biotechnology, Pharmaceutical, Therapeutics",1,11-50,9,Early Stage Venture,"Dec 21, 2017",Series B,"$25,000,000","$25,000,000",Series B,"$114,183,335","$114,183,335",3,9,,Private,,,,,info@TARISbio.com,781-676-7750,4,"8,210"
Datalogue,https://www.crunchbase.com/organization/datalogue,"Artificial Intelligence, Data and Analytics, Information Technology, Software","New York, New York, United States",Datalogue use Artificial Intelligence to Automate data preparation.,"8,907","Great Lakes, Northeastern United States",Active,2016,,For Profit,https://datalogue.io,https://www.linkedin.com/company/datalogue,,https://twitter.com/your_datalogue,,,,,,,"Information Services, Information Technology, Machine Learning",2,,2,,"Oct 23, 2017",Venture - Series Unknown,"$1,300,000","$1,300,000",Venture - Series Unknown,"$2,800,000","$2,800,000",,3,,Private,,,,,contact@datalogue.io,(607)280-5370,,"8,600"
Analytical Space,https://www.crunchbase.com/organization/analytical-space-inc,"Hardware, Internet Services, Science and Engineering","Cambridge, Massachusetts, United States",Analytical Space is a satellite communications company based out of Boston that is leveraging hybrid RF-laser communications technology.,"9,768","New England, Northeastern United States",Active,"Mar 7, 2016",,For Profit,http://www.analyticalspace.com,https://www.linkedin.com/company/analytical-space,https://www.facebook.com/analyticalspace,https://www.twitter.com/laser_comm,,,,,,,"Aerospace, Hardware, Internet of Things, Satellite Communication, Telecommunications",2,11-50,2,Seed,"Sep 25, 2017",Seed,"$3,500,000","$3,500,000",Seed,"$4,000,000","$4,000,000",2,10,,Private,,,,,inquire@analyticalspace.com,,4,"9,435"
Stormpath,https://www.crunchbase.com/organization/stormpath,"Information Technology, Privacy and Security, Software","San Mateo, California, United States",Authentication & User Management API,"9,862","San Francisco Bay Area, Silicon Valley, Western United States",Active,Jan 2012,,For Profit,https://stormpath.com/,https://www.linkedin.com/company/stormpath,http://www.facebook.com/pages/Stormpath/259202314149649,http://twitter.com/gostormpath,,,,,,,"Cloud Security, Developer APIs, Developer Tools, Enterprise Software, Identity Management",2,11-50,3,M&A,"Sep 28, 2015",Series B,"$15,000,000","$15,000,000",Series B,"$24,700,000","$24,700,000",4,5,Was Acquired,Private,,,,,info@stormpath.com,(888)391-5282,28,"9,527"
Dragon Innovation,https://www.crunchbase.com/organization/dragon-innovation,"Hardware, Software","Cambridge, Massachusetts, United States","We make going from prototype to production feel easy, unlocking scale manufacturing for a new generation of hardware entrepreneurs.","9,970","New England, Northeastern United States",Active,2009,,For Profit,http://www.dragoninnovation.com,http://www.linkedin.com/company/dragon-innovation,http://www.facebook.com/dragoninnovation,http://twitter.com/dragoninnovate,,,,,,,"Hardware, Software",2,11-50,5,M&A,"Jun 25, 2015",Venture - Series Unknown,,,Venture - Series Unknown,"$6,815,600","$6,815,600",2,8,Was Acquired,Private,,,,,,,103,"9,630"
Infracommerce,https://www.crunchbase.com/organization/infracommerce,"Commerce and Shopping, Financial Services, Internet Services, Payments, Transportation","Vila Olímpia, Sao Paulo, Brazil",Infracommerce is the market leader for full service e-Commerce solutions in Brazil and Mexico,"10,039",,Active,2012,,For Profit,http://www.infracommerce.com.br,http://www.linkedin.com/company/infracommerce,http://www.facebook.com/infracommerce,http://twitter.com/Infracommerce,,,,,,,"B2B, B2C, E-Commerce, E-Commerce Platforms, Internet, Logistics, Marketplace, Payments",3,501-1000,11,Late Stage Venture,"Dec 29, 2017",Series D,"$7,000,000","$7,000,000",Series D,"$28,865,000","$33,489,000",,7,Made Acquisitions,Private,,,,,contato@infracommerce.com.br,+551138481301,20,"9,698"
Pitzi,https://www.crunchbase.com/organization/pitzi,"Financial Services, Internet Services, Mobile","São Paulo, Sao Paulo, Brazil",Pitzi is the leading independent provider of phone protection plans in Brazil.,"10,377",,Active,2012,,For Profit,http://www.pitzi.com.br,https://www.linkedin.com/company/pitzi,https://www.facebook.com/PitziBrasil/info?tab=page_info,http://twitter.com/pitzibrasil,,,,,,,"FinTech, InsurTech, Internet, Mobile",1,51-100,3,Late Stage Venture,"Apr 14, 2015",Series C,"$15,749,996","$15,749,996",Series C,"$19,488,821","$19,488,821",2,6,,Private,,,,,ajuda@pitzi.com.br,,6,"10,023"
Fam,https://www.crunchbase.com/organization/smackhigh,"Community and Lifestyle, Content and Publishing, Information Technology, Internet Services, Media and Entertainment, Messaging and Telecommunications, Video","Boston, Massachusetts, United States","Smack, Inc. is a consumer technology software company whose main target demographic is teens and millennials. Fam is Smack's flagship.","10,494","New England, Northeastern United States",Active,"Feb 1, 2015",,For Profit,http://www.fam.live,https://www.linkedin.com/company/smackhigh,https://www.facebook.com/FamAppOfficial/,https://www.twitter.com/famappofficial,,,,,,,"Internet, Messaging, Private Social Networking, Social Media, Social Network, Video Chat, Video Streaming",3,1-10,3,Seed,"Mar 20, 2017",Convertible Note,"$1,800,000","$1,650,000",Seed,"$2,090,000","$3,890,000",3,17,,Private,,,,,hello@fam.live,(617) 663-8623,24,"10,136"
Wethos,https://www.crunchbase.com/organization/hatch-13,"Commerce and Shopping, Community and Lifestyle, Professional Services","New York, New York, United States","Wethos connects highly skilled, socially conscious freelancers with the world changing nonprofit sector.","10,692","Great Lakes, Northeastern United States",Active,"Jul 6, 2016",,For Profit,https://wethos.co,https://www.linkedin.com/company/10674357,https://www.facebook.com/wethosco,https://twitter.com/wethosco,,,,,,,"Freelance, Marketplace, Non Profit, Social Entrepreneurship",3,1-10,2,,"Aug 12, 2017",Undisclosed,"$1,000,000","$1,000,000",Undisclosed,"$1,035,000","$1,035,000",,8,,Private,,,,,wethosco@gmail.com,,3,"10,326"
Predilytics,https://www.crunchbase.com/organization/predilytics,"Data and Analytics, Health Care","Manchester, New Hampshire, United States",Predilytics is an advanced healthcare predictive analytic products and services company examining consumer behavior using big data.,"10,925","New England, Northeastern United States",Active,2011,,For Profit,http://www.predilytics.com,https://www.linkedin.com/company/449778?trk=vsrp_companies_res_name&trkInfo=VSRPsearchId%3A283092761475283649694%2CVSRPtargetId%3A449778%2CVSRPcmpt%3Aprimary,https://www.facebook.com/welltok/?hc_ref=SEARCH&fref=nf,https://twitter.com/Welltok,,,,,,,"Analytics, Big Data, Health Care",,11-50,4,M&A,"Dec 9, 2014",Series C,"$10,000,000","$10,000,000",Series C,"$21,738,009","$21,738,009",3,5,Was Acquired,Private,,,,,info@predilytics.com,781-202-9160,12,"10,546"
FirstBest,https://www.crunchbase.com/organization/firstbest,"Data and Analytics, Financial Services","Bedford, Massachusetts, United States",FirstBest offers insurance software solutions that help insurance companies improve underwriting profitability.,"12,643","New England, Northeastern United States",Active,2006,,For Profit,http://firstbest.com,https://www.linkedin.com/company-beta/404418/?pathWildcard=404418,https://www.facebook.com/guidewiresoftware,https://www.twitter.com/firstbest,,,,,,,"Analytics, Consulting, Insurance",2,51-100,4,M&A,"Jan 16, 2014",Series C,"$7,775,000","$7,775,000",Series C,"$30,775,001","$30,775,001",4,6,Was Acquired,Private,,,,,,781-863-6000,6,"12,206"
Enigma,https://www.crunchbase.com/organization/enigma-2,"Data and Analytics, Information Technology, Internet Services, Privacy and Security","San Francisco, California, United States",Enigma shares and analyzes encrypted data.,"12,775","San Francisco Bay Area, Western United States",Active,"Aug 14, 2015",,For Profit,http://www.enigma.co/,,,https://twitter.com/enigmaMPC,,,,,,,"Big Data, Cloud Data Services, Security",2,5001-10000,1,,"Sep 2, 2016",Convertible Note,"$800,000",,,,"$800,000",,2,,Private,,,,,info@enigma.co,,8,"12,333"
Sentenai,https://www.crunchbase.com/organization/sentenai,"Artificial Intelligence, Data and Analytics, Hardware, Information Technology, Internet Services, Software","Boston, Massachusetts, United States","Sentenai is a cloud-based platform for automating data engineering for machine learning and predictive applications, primarily in IoT.","12,853","New England, Northeastern United States",Active,2015,,For Profit,http://www.sentenai.com/,https://www.linkedin.com/company/sentenai,,https://twitter.com/sentenai,,,,,,,"Cloud Data Services, Cloud Infrastructure, Infrastructure, Machine Learning, Software",2,1-10,2,,"Oct 27, 2017",Venture - Series Unknown,,,Venture - Series Unknown,"$1,800,000","$1,800,000",1,9,,Private,,,,,,,1,"12,410"
Crashlytics,https://www.crunchbase.com/organization/crashlytics,"Mobile, Platforms, Software","Cambridge, Massachusetts, United States",Crashlytics offers a crash-reporting solution for Android and iOS.,"13,043","New England, Northeastern United States",Active,"Feb 1, 2011",,For Profit,http://www.crashlytics.com,http://www.linkedin.com/company/crashlytics,http://www.facebook.com/Crashlytics,http://twitter.com/crashlytics,,,,,,,"Android, iOS, Mobile",2,11-50,2,M&A,"Apr 10, 2012",Series A,"$5,000,000","$5,000,000",Series A,"$6,000,000","$6,000,000",2,12,"Made Acquisitions, Was Acquired",Private,,,,,support@crashlytics.com,(617)500-4499,214,"12,594"
Cartera Commerce,https://www.crunchbase.com/organization/cartera-commerce,"Advertising, Commerce and Shopping, Financial Services, Lending and Investments, Payments, Sales and Marketing","Lexington, Massachusetts, United States","Cartera Commerce delivers a performance-based platform of offers for card issuers, airline frequent flyer programs and merchants.","13,794","New England, Northeastern United States",Active,2005,,For Profit,http://www.cartera.com,http://www.linkedin.com/company/cartera-commerce-inc,http://www.facebook.com/CarteraCommerce,http://twitter.com/CarteraCommerce,,,,,,,"Advertising, Credit Cards, Marketing, Shopping",2,251-500,10,M&A,"Mar 1, 2012",Series D,"$12,200,000","$12,200,000",Series D,"$39,950,000","$40,900,000",3,7,Was Acquired,Private,,,,,info@cartera.com,(781)541-6800,30,"13,315"
VidSys,https://www.crunchbase.com/organization/vidsys,"Administrative Services, Information Technology, Privacy and Security, Software","Vienna, Virginia, United States",VidSys provides physical security information management software that enables organizations to reduce operational costs.,"14,088",Southern United States,Active,2005,,For Profit,http://vidsys.com,http://www.linkedin.com/company/vidsys-inc.,,http://twitter.com/VidSys,,,,,,,"Management Information Systems, Physical Security, Software",1,51-100,15,Private Equity,"Mar 17, 2017",Debt Financing,"$6,325,000","$11,000,000",Private Equity,"$63,149,836","$72,739,204",3,8,,Private,,,,,,5084852920,13,"13,600"
MadeiraMadeira,https://www.crunchbase.com/organization/madeiramadeira,"Commerce and Shopping, Real Estate","Curitiba, Parana, Brazil",MadeiraMadeira is an e-commerce store providing construction and finishing material.,"15,454",,Active,2009,,,http://www.madeiramadeira.com.br,,http://www.facebook.com/lojamadeiramadeira,http://twitter.com/MadeiraMadeira,,,,,,,"Building Material, Construction, E-Commerce",2,51-100,5,Early Stage Venture,"Sep 23, 2016",Convertible Note,"$1,561,914","$4,586,000",Series B,"$8,686,000","$11,522,267",,3,,Private,,,,,sac@madeiramadeira.com.br,0800 727 7755,4,"14,927"
Carnival,https://www.crunchbase.com/organization/carnival,"Apps, Internet Services, Mobile, Sales and Marketing, Software","New York, New York, United States","Carnival is a mobile marketing platform, enabling brands and agencies to run interactive messages and analytics into their mobile apps.","16,718","Great Lakes, Northeastern United States",Active,2008,,,http://carnival.io/,,http://www.facebook.com/carnivalmobile,http://twitter.com/CarnivalMobile,,,,,,,"Apps, Internet, Marketing, Mobile",2,11-50,1,M&A,"Aug 27, 2013",Seed,"$2,400,000","$2,400,000",Seed,"$2,400,000","$2,400,000",2,8,Was Acquired,Private,,,,,support@carnivalmobile.com,,20,"16,150"
Precognitive Inc,https://www.crunchbase.com/organization/precognitive-inc,"Commerce and Shopping, Financial Services, Payments, Privacy and Security, Software","Chicago, Illinois, United States",Precognitive combines device intelligence and behavioral analytics with a real-time decision engine to accurately detect and prevent fraud.,"16,812","Great Lakes, Midwestern United States",Active,"Jan 1, 2016",,For Profit,http://precognitive.io,https://www.linkedin.com/company-beta/10228796/,,https://www.twitter.com/precognitiveinc,,,,,,,"E-Commerce, FinTech, Fraud Detection, SaaS",1,1-10,1,Seed,"May 19, 2017",Seed,"$1,250,000","$1,250,000",Seed,"$1,250,000","$1,250,000",1,4,,Private,,,,,hello@precognitive.io,(312)600-0836,,"16,242"
Valore,https://www.crunchbase.com/organization/valore-3,"Commerce and Shopping, Education, Financial Services, Internet Services, Media and Entertainment","Boston, Massachusetts, United States",Valore offers innovative solutions that eliminate the inefficiencies throughout the textbook industry.,"17,527","New England, Northeastern United States",Active,2006,,For Profit,http://www.valore.com/,https://www.linkedin.com/company/valore-inc-,http://www.facebook.com/simpletuition,https://www.twitter.com/valorebooks,,,,,,,"Digital Media, Education, Finance, Innovation Management, Internet, Marketplace",2,101-250,9,M&A,"Jun 2, 2016",Undisclosed,"$1,100,000","$1,100,000",Undisclosed,"$54,150,000","$59,150,000",3,7,"Made Acquisitions, Was Acquired",Private,,,,,customerservice@simpletuition.com,,28,"16,942"
Lorem Technologies,https://www.crunchbase.com/organization/lorem-technologies,"Design, Professional Services, Sales and Marketing, Software","New York, New York, United States","Lorem Technologies offers expert help on-demand for websites, blogs, or online stores.","17,777","Great Lakes, Northeastern United States",Active,"Apr 1, 2016",,For Profit,http://lorem.tech,https://www.linkedin.com/company/lorem-technologies-inc,https://www.facebook.com/loremtech/,https://twitter.com/Lorem_tech,,,,,,,"Digital Marketing, Freelance, Web Design, Web Development",2,1-10,2,Seed,"Jun 2, 2017",Seed,"$1,100,000","$1,100,000",Seed,"$1,100,000","$1,200,000",1,5,,Private,,,,,team@lorem.tech,,,"17,181"
Predictive Biosciences,https://www.crunchbase.com/organization/predictive-biosciences,"Biotechnology, Health Care, Science and Engineering","Lexington, Massachusetts, United States",Predictive Biosciences is a molecular diagnostics company developing diagnostic products for informed cancer management.,"18,268","New England, Northeastern United States",Closed,2006,"May 30, 2013",For Profit,http://www.predictivebiosci.com,,,,,,,,,,"Biotechnology, Health Diagnostics, Medical Device",2,51-100,6,Early Stage Venture,"Jan 15, 2013",Undisclosed,"$1,345,000","$1,345,000",Undisclosed,"$68,095,000","$68,095,000",4,6,Made Acquisitions,Private,,,,,info@predictivebiosci.com,(781)402-1780,3,"17,659"
Tracelytics,https://www.crunchbase.com/organization/tracelytics,Software,"Providence, Rhode Island, United States",Tracelytics is a SaaS-based application performance solution that understands and traces scalable web architectures.,"19,118","New England, Northeastern United States",Active,"Jul 1, 2010",,,http://www.tracelytics.com,,https://www.facebook.com/appneta,http://twitter.com/tracelytics,,,,,,,"Developer Tools, Enterprise Software",3,51-100,3,M&A,"Mar 22, 2012",Series A,"$5,200,000","$5,200,000",Series A,"$6,400,000","$6,400,000",1,6,Was Acquired,Private,,,,,contact@tracelytics.com,+1 (800) 508-5233,12,"18,481"
Empirical Systems,https://www.crunchbase.com/organization/empirical-systems,,"Cambridge, Massachusetts, United States",Transparent AI for Small Data,"19,437","New England, Northeastern United States",Active,2016,,For Profit,https://empirical.com/,https://www.linkedin.com/company/11124557/,,,,,,,,,,,11-50,2,,"Jul 31, 2017",Undisclosed,,,Undisclosed,"$2,500,000","$2,500,000",,4,,Private,,,,,info@empirical.com,+116177588777,,"18,796"
Calxeda,https://www.crunchbase.com/organization/calxeda,"Energy, Hardware, Information Technology, Software, Sustainability","Austin, Texas, United States","Calxeda offers a software server platform that uses energy-efficient ARM architecture, enabling reduction in capital and operating expenses.","20,236",Southern United States,Closed,2008,"Dec 19, 2013",For Profit,http://www.calxeda.com,,,http://twitter.com/Calxeda,,,,,,,"Data Center, Energy Efficiency, Software",3,51-100,5,Late Stage Venture,"Oct 9, 2012",Series C,"$55,000,000","$55,000,000",Series C,"$99,000,000","$99,750,000",2,9,,Private,,,,,contact@calxeda.com,512-961-3680,197,"19,576"
PolyRemedy,https://www.crunchbase.com/organization/polyremedy,"Health Care, Information Technology","Concord, Massachusetts, United States",PolyRemedy offers integrated wound management systems that extend wound care expertise to the point of care.,"22,012","New England, Northeastern United States",Closed,2004,,For Profit,http://www.polyremedy.com,https://www.linkedin.com/company/polyremedy,https://www.facebook.com/pages/Polyremedy/154164884622108,http://twitter.com/PolyRemedy,,,,,,,"Health Care, Information Technology, Medical Device",1,11-50,9,,"Apr 29, 2016",Undisclosed,"$880,000","$880,000",Undisclosed,"$66,015,776","$66,015,776",4,6,,Private,,,,,prinfo@polyremedy.com,(866)609-3515,2,"21,286"
Wanderset,https://www.crunchbase.com/organization/wanderset,,,Narrative based fashion E-commerce,"24,880",,Active,"Oct 4, 2016",,,http://www.wanderset.com,,https://www.facebook.com/wanderset,https://www.twitter.com/shopwanderset,,,,,,,,,,2,Seed,"Feb 3, 2018",Seed,,,Seed,"$300,000","$300,000",,3,,Private,,,,,contact@wanderset.com,,,"24,070"
Infobright,https://www.crunchbase.com/organization/infobright,"Apps, Data and Analytics, Software","Toronto, Ontario, Canada",Infobright provides an open source analytic database for apps and data marts that analyze large volumes of machine-generated data.,"25,482",Great Lakes,Active,2005,,,http://www.infobright.com,http://www.linkedin.com/company/infobright,,http://twitter.com/Infobright,,,,,,,"Analytics, Apps, Database",4,11-50,4,M&A,"Jul 30, 2010",Series D,"$1,500,000","$1,500,000",Series D,"$22,500,000","$22,500,000",2,4,Was Acquired,Private,,,,,info@infobright.com,800-248-0027,39,"24,659"
Sand 9,https://www.crunchbase.com/organization/sand-2,"Hardware, Mobile","Cambridge, Massachusetts, United States","Sand 9 develops MEMS timing products that serve wireless and wired systems in communications, industrial, military and mobile markets.","26,560","New England, Northeastern United States",Closed,2006,"Aug 27, 2015",For Profit,http://www.sand9.com,http://www.linkedin.com/company/sand-9-inc.,,http://twitter.com/sand9,,,1,1,,1,"Industrial, Mobile, Wireless",1,11-50,10,M&A,"Jul 30, 2014",Convertible Note,"$5,000,000","$3,000,000",Series C,"$57,981,000","$67,396,363",5,8,Was Acquired,Private,,,,,info@sand9.com,617-453-2451,5,"25,710"
oneforty,https://www.crunchbase.com/organization/oneforty,"Apps, Financial Services, Internet Services, Software","Cambridge, Massachusetts, United States",oneforty is a social business hub that provides buyers with guide for businesses.,"27,265","New England, Northeastern United States",Active,"Mar 31, 2009",,For Profit,http://oneforty.com,http://www.linkedin.com/company/oneforty,http://www.facebook.com/oneforty,http://twitter.com/oneforty,,,,,,,"Apps, Enterprise Software, Finance, Internet",1,1-10,4,M&A,"Jan 11, 2010",Series A,"$1,980,000","$1,980,000",Series A,"$2,345,000","$2,345,000",1,20,Was Acquired,Private,,,,,info@oneforty.com,844.225.8528,47,"26,387"
GamerDNA,https://www.crunchbase.com/organization/gamerdna,"Gaming, Internet Services","Cambridge, Massachusetts, United States",GamerDNA is a social network for online gamers and the massively multiplayer online roleplaying games community.,"27,483","New England, Northeastern United States",Active,Oct 2006,,For Profit,http://gamerdna.com,https://www.linkedin.com/company-beta/547341/?pathWildcard=547341,https://www.facebook.com/gamerDNA/,http://twitter.com/GamerDNA,,,,,,,"Online Games, Social, Social Network",1,11-50,3,M&A,"Feb 13, 2009",Convertible Note,"$2,000,000","$3,000,000",Series A,"$3,600,000","$5,600,000",1,2,Was Acquired,Private,,,,,community@gamerdna.com,(973) 777-7288,42,"26,595"
Next U,https://www.crunchbase.com/organization/next-u,"Education, Software","Miami, Florida, United States",The easiest way to learn the digital skills you need for a better job!,"28,277",Southern United States,Active,2013,,For Profit,https://www.nextu.com/,https://www.linkedin.com/company-beta/3538690/,https://www.facebook.com/NextUOficial,https://twitter.com/nextu,,,,,,,E-Learning,2,,1,M&A,"Mar 3, 2014",Convertible Note,"$3,000,000",,,,"$3,000,000",,2,Was Acquired,Private,,,,,,,6,"27,355"
JouleX,https://www.crunchbase.com/organization/joulex,"Energy, Software, Sustainability","Atlanta, Georgia, United States","JouleX offers products for sustainable energy management that enables enterprises to monitor, analyze and control energy consumption.","29,516",Southern United States,Active,2009,,,http://www.joulex.net,https://www.linkedin.com/company/joulex,,http://twitter.com/JouleXnet,,,,,,,"Energy, Enterprise Software, GreenTech",2,10001+,2,M&A,"Jun 10, 2011",Series B,"$17,000,000","$17,000,000",Series B,"$18,700,000","$18,700,000",2,5,Was Acquired,Private,,,,,sales@joulex.net,1-888-568-5396,31,"28,537"
Jingle Networks,https://www.crunchbase.com/organization/jingle-networks,"Advertising, Mobile, Sales and Marketing","New York, New York, United States",Jingle Networks is a provider of advertising and technology solutions for voice and mobile business search.,"29,789","Great Lakes, Northeastern United States",Active,"Sep 1, 2005",,,http://jinglenetworks.com,https://www.linkedin.com/company/marchex,https://www.facebook.com/marchex,http://twitter.com/Marchex,,,,,,,"Advertising, Brand Marketing, Mobile",1,251-500,7,M&A,"Dec 28, 2009",Series A,"$6,751,133","$6,751,133",Series A,"$88,651,133","$88,651,133",3,8,Was Acquired,Private,,,,,pr@jinglenetworks.com,+1 206-331-3300,81,"28,796"
Transpera,https://www.crunchbase.com/organization/transpera,"Advertising, Media and Entertainment, Mobile, Video","San Francisco, California, United States",Transpera is a mobile technology company that provides a comprehensive platform for monetizing videos on mobile phones.,"30,531","San Francisco Bay Area, Western United States",Active,2007,,,http://www.transpera.com,,https://www.facebook.com/tremorvideo,http://twitter.com/Transpera,,,,,,,"Advertising Platforms, Content, Mobile, Video",2,11-50,5,M&A,"Jun 2, 2010",Series C,"$9,000,000","$9,000,000",Series C,"$19,540,002","$20,540,002",1,7,Was Acquired,Private,,,,,info@transpera.com,+1 (646) 723-5300,61,"29,513"
Convoke Systems,https://www.crunchbase.com/organization/convoke-systems,Software,"San Francisco, California, United States",Convoke Systems offers software that enables intercompany exchange of electronic documents and data between multiple financial entities.,"32,639","San Francisco Bay Area, Western United States",Active,2006,,,http://www.convokesystems.com,,,http://twitter.com/ConvokeSystems,,,,,,,Software,1,11-50,1,Early Stage Venture,"Jul 26, 2010",Series B,"$5,500,000","$5,500,000",Series B,"$5,500,000","$5,500,000",1,2,,Private,,,,,info@convokesystems.com,703-842-3472,1,"31,541"
Shoes4you,https://www.crunchbase.com/organization/shoes4you,"Clothing and Apparel, Commerce and Shopping, Consumer Goods, Design","Curitiba, Parana, Brazil",Shoes4you is a subscription-based Brazilian website specialized in offering a range of women’s shoes.,"33,433",,Closed,"Jun 1, 2011",,For Profit,http://www.shoes4you.com.br,,,http://twitter.com/muccashop,,,,,,,"E-Commerce, Fashion, Shoes, Subscription Service",5,11-50,2,Early Stage Venture,"Sep 1, 2011",Series A,"$4,780,000","$4,780,000",Series A,"$4,780,000","$4,780,000",2,5,,Private,,,,,olivier@shoes4you.com.br,,8,"32,310"
Virtual Computer,https://www.crunchbase.com/organization/virtual-computer,"Hardware, Information Technology, Software","Westford, Massachusetts, United States",Virtual Computer provides intelligent desktop virtualization solutions.,"33,873","New England, Northeastern United States",Active,2007,,For Profit,http://www.virtualcomputer.com,https://www.linkedin.com/company-beta/225767/?pathWildcard=225767,https://www.facebook.com/citrix,http://twitter.com/virtualcomputer,,,,,,,"Hardware, Virtual Desktop, Virtualization",2,5001-10000,4,M&A,"Aug 22, 2011",Undisclosed,"$3,000,000","$3,000,000",Undisclosed,"$33,000,000","$33,000,000",2,3,Was Acquired,Private,,,,,info@virtualcomputer.com,978-692-0933,71,"32,735"
Goby,https://www.crunchbase.com/organization/goby,"Internet Services, Travel and Tourism","Boston, Massachusetts, United States",Goby is a travel website that searches selected databases and other web sources for things to do while traveling.,"35,343","New England, Northeastern United States",Active,"Jul 1, 2008",,,http://www.goby.com,,https://www.facebook.com/scoutbytelenav,http://twitter.com/therealgoby,,,,,,,"Search Engine, Travel",4,11-50,2,M&A,"Oct 20, 2010",Series A,"$2,500,000","$2,500,000",Series A,"$7,200,000","$7,200,000",2,2,Was Acquired,Private,,,,,info@goby.com,(617) 423-0322,14,"34,151"
Springleaf Therapeutics,https://www.crunchbase.com/organization/springleaf-therapeutics,"Biotechnology, Health Care, Science and Engineering","Boston, Massachusetts, United States",SpringLeaf Therapeutics develops drug delivery technologies.,"35,354","New England, Northeastern United States",Closed,2007,,,http://www.springleaftx.com,,,,,,,,,,"Biopharma, Biotechnology, Therapeutics",1,11-50,3,Early Stage Venture,"Jul 8, 2011",Series B,"$19,047,501","$19,047,501",Series B,"$34,591,251","$34,591,251",2,4,,Private,,,,,info@springleaftx.com,617-358-4927,,"34,162"
CHiL Semiconductor,https://www.crunchbase.com/organization/chil-semiconductor,"Commerce and Shopping, Design, Software","El Segundo, California, United States","CHiL Semiconductor designs, develops and markets intelligent mixed-signal products using digital power techniques.","35,685",Western United States,Active,2006,,,http://www.chilsemi.com,,https://www.facebook.com/infineon,https://www.twitter.com/infineon,,,,,,,"Developer Tools, Marketplace, Web Design",1,10001+,6,M&A,"Nov 12, 2010",Undisclosed,"$381,651","$381,651",Undisclosed,"$42,148,651","$42,148,651",,5,Was Acquired,Private,,,,,comgvt@infineon.com,+49 89 23425649,1,"34,483"
Blackwave,https://www.crunchbase.com/organization/acinion,"Content and Publishing, Internet Services, Media and Entertainment, Video","Acton, Massachusetts, United States",Blackwave provides an integrated infrastructure platform for the storage and delivery of video over IP.,"39,977","New England, Northeastern United States",Active,2006,,,http://www.blackwave.tv,,,,,,,,,,"Social Media, Video Streaming, Web Hosting",,51-100,5,M&A,"Jul 8, 2010",Undisclosed,"$333,333","$333,333",Undisclosed,"$29,600,578","$29,600,578",1,3,Was Acquired,Private,,,,,info@blackwave.tv,978-215-9998,16,"38,629"
Hyr Inc.,https://www.crunchbase.com/organization/hyr-2,"Commerce and Shopping, Mobile, Professional Services, Software","New York, New York, United States","Hyr is the labor marketplace for today's new economy. Discover the app that elevates your lifestyle, one shift at a time.","43,795","Great Lakes, Northeastern United States",Active,Oct 2015,,For Profit,http://hyr.work/,https://www.linkedin.com/company/10385814,https://www.facebook.com/HyrWork/,https://twitter.com/HyrWork,,,,,,,"Employment, Marketplace, Mobile, Software",3,1-10,2,Seed,"Jan 17, 2018",Seed,"$1,300,000","$1,300,000",Seed,"$2,400,000","$2,400,000",1,6,,Private,,,,,info@hyr.work,,13,"42,275"
BloXroute Labs,https://www.crunchbase.com/organization/bloxroute-labs,Financial Services,"Evanston, Illinois, United States",BloXroute is a blockchain distribution network to help your blockchains scale to thousands of transactions/second on-chain.,"45,918","Great Lakes, Midwestern United States",Active,2017,,For Profit,https://bloxroute.com,https://www.linkedin.com/company/bloxroute-labs,,https://twitter.com/bloXrouteLabs,,,,,,,Financial Services,,1-10,1,Seed,"Feb 22, 2018",Seed,"$1,550,000","$1,550,000",Seed,"$1,550,000","$1,550,000",,1,,Private,,,,,hello@bloxroute.com,,,"44,296"
Eka Systems,https://www.crunchbase.com/organization/eka-systems,"Energy, Hardware, Manufacturing, Mobile","Germantown, Maryland, United States","Eka Systems offers wireless smart networks, smart grid networking and AMI solutions for the energy management and utility operations areas.","51,765",Southern United States,Active,2000,,,http://www.ekasystems.com,,https://www.facebook.com/eatonelectrical,https://www.twitter.com/etn_electrical,,,,,,,"Energy Management, Manufacturing, Wireless",2,51-100,5,M&A,"Jul 1, 2008",Series D,"$18,500,000","$18,500,000",Series D,"$56,100,000","$56,100,000",3,5,Was Acquired,Private,,,,,info@ekasystems.com,301 515-7118,21,"49,854"
Protein Forest,https://www.crunchbase.com/organization/protein-forest,"Biotechnology, Manufacturing, Science and Engineering, Software","Lexington, Massachusetts, United States","Protein Forest, Inc. develops, manufactures and markets instruments, consumables, and software products to scientists for protein","52,185","New England, Northeastern United States",Active,2002,,,http://www.proteinforest.com,,,,,,,,,,"Biotechnology, Enterprise Software, Manufacturing",1,11-50,4,M&A,"Nov 6, 2009",Debt Financing,"$750,000","$19,000,000",Series A,"$19,000,000","$24,010,000",1,4,Was Acquired,Private,,,,,info@proteinforest.com,617-926-4778,2,"50,240"
Badge,https://www.crunchbase.com/organization/badge,"Mobile, Software","New York, New York, United States",Mobile Contacts and Communication for Growing Companies,"57,196","Great Lakes, Northeastern United States",Active,2014,,For Profit,http://badge.co/,http://www.linkedin.com/company/badge-co,,http://twitter.com/BadgeApp,,,,,,,"Developer Tools, Mobile",4,1-10,1,Seed,"Apr 14, 2014",Seed,"$1,100,000","$1,100,000",Seed,"$1,100,000","$1,100,000",,3,,Private,,,,,,,1,"54,956"
Ready Financial Group,https://www.crunchbase.com/organization/ready-financial-group,Financial Services,"Boise, Idaho, United States",Ready Financial Group offers prepaid Visa card products for consumers and businesses.,"57,710",Western United States,Active,2006,,,http://www.readydebit.com,,,,,,,,,,Finance,1,1-10,2,M&A,"Nov 18, 2009",Series B,"$7,000,000","$7,000,000",Series B,"$8,220,000","$8,220,000",1,2,Was Acquired,Private,,,,,contactus@readyfinancial.com,(866) 465-1645,,"55,441"
Mobivox,https://www.crunchbase.com/organization/mobivox,"Hardware, Information Technology, Internet Services, Messaging and Telecommunications, Mobile","Montréal, Quebec, Canada",Mobivox is a service enabling users to have VOIP-style pricing and services via their existing landlines and mobile phones.,"64,568",,Active,"Oct 1, 2007",,,http://www.mobivox.com,,,,,,,,,,"Mobile, Telecommunications, VoIP",1,1-10,1,M&A,"Oct 1, 2007",Series A,"$11,000,000","$11,000,000",Series A,"$11,000,000","$11,000,000",1,5,Was Acquired,Private,,,,,bizpr@mobivox.com,,17,"61,805"
Lighter Living,https://www.crunchbase.com/organization/lighter-living,Health Care,"Cambridge, Massachusetts, United States","Lighter Living is an online health and fitness platform offering tools, products, and information for women to lead a better life.","65,972","New England, Northeastern United States",Closed,2008,,,http://lighterliving.com,,http://www.facebook.com/lighterliving,http://twitter.com/lighterliving,,,,,,,Health Care,,1-10,1,Early Stage Venture,"Nov 20, 2009",Series A,"$3,100,000","$3,100,000",Series A,"$3,100,000","$3,100,000",1,1,,Private,,,,,customerservice@lighterliving.com,617-491-0805,1,"63,104"
digitalArbor,https://www.crunchbase.com/organization/digitalarbor,"Advertising, Media and Entertainment, Sales and Marketing, Software","Cohasset, Massachusetts, United States","Leading digital production company, delivering high quality production services to top agencies and advertisors Nearshore digital productio","73,256","New England, Northeastern United States",Active,2008,,For Profit,http://www.digitalarbor.com,https://www.linkedin.com/company-beta/292422/?pathWildcard=292422,,,,,,,,,"Advertising, Content, Web Development",1,11-50,1,Early Stage Venture,"Nov 17, 2008",Series A,"$5,000,000","$5,000,000",Series A,"$5,000,000","$5,000,000",1,1,,Private,,,,,newbusiness@digitalarbor.com,781-923-1818,2,"69,783"
Reveal Imaging Technologies,https://www.crunchbase.com/organization/reveal-imaging-technologies,"Events, Media and Entertainment, Transportation","Bedford, Massachusetts, United States","Reveal Imaging Technologies provides threat detection products and parcel screening solutions for airports, facilities and public events.","77,170","New England, Northeastern United States",Active,"Oct 1, 2002",,For Profit,http://www.revealimaging.com,https://www.linkedin.com/company/leidos,https://www.facebook.com/leidosinc,https://www.twitter.com/leidosinc,,,1,1,,,"Collaborative Consumption, Events, Transportation",1,10001+,6,M&A,"Mar 28, 2008",Series C,"$20,300,000","$20,300,000",Series C,"$36,350,000","$38,650,000",,4,"Made Acquisitions, Was Acquired",Private,,,,,sales@revealimaging.com,(781)276-8400,4,"73,316"
"BzzAgent, a dunnhumby Company",https://www.crunchbase.com/organization/bzzagent,"Advertising, Internet Services, Media and Entertainment, Sales and Marketing","Boston, Massachusetts, United States",BzzAgent helps the world’s largest brands engage everyday influencers to drive sales.,"85,711","New England, Northeastern United States",Active,2001,,For Profit,http://www.BzzAgent.com,https://www.linkedin.com/company/bzzagent,https://www.facebook.com/bzzagent,http://twitter.com/bzzagent,,,,,,,"Advertising, Brand Marketing, Social Media, Social Media Marketing",1,101-250,3,M&A,"Jan 13, 2006",Series B,"$13,750,000","$13,750,000",Series B,"$14,500,000","$14,500,000",3,3,Was Acquired,Private,,,,,press@bzzagent.com,1-877-BZZAGENT,90,"80,978"
AccountNow,https://www.crunchbase.com/organization/accountnow,"Financial Services, Lending and Investments","San Ramon, California, United States",AccountNow is a financial services company offering MasterCard and Visa prepaid accounts for people who have been turned away by banks.,"87,600","San Francisco Bay Area, Western United States",Active,2003,,For Profit,http://accountnow.com,http://www.linkedin.com/company/accountnow,http://www.facebook.com/accountnow,http://twitter.com/AccountNow,,,,,,,"Credit, Finance, Financial Services, Personal Finance",,51-100,5,M&A,"Feb 1, 2015",Undisclosed,,,Undisclosed,"$34,072,000","$34,072,000",1,10,"Made Acquisitions, Was Acquired",Private,,,,,CustomerService@accountnow.com,(866) 925-2036,4,"82,651"
Sciformix,https://www.crunchbase.com/organization/sciformix,Health Care,"Westborough, Massachusetts, United States","Sciformix is to provide scientific knowledge-based services to bio-pharmaceutical, generic pharmaceutical and healthcare companies.","119,302","New England, Northeastern United States",Active,2006,,,http://www.sciformix.com,https://www.linkedin.com/company/sciformix,,https://www.twitter.com/sciformixcorp,,,,,,,"Health Care, Medical",,501-1000,1,Early Stage Venture,"Nov 29, 2007",Series A,"$3,100,000","$3,100,000",Series A,"$3,100,000","$3,100,000",,1,,Private,,,,,careers@sciformix.com,877-576-5005,,"110,951"
Eager Labs,https://www.crunchbase.com/organization/eager-labs,,,Helping Professionals Achieve Their Potential,"126,956",,Active,Apr 2017,,,http://eagerlabs.com,,,,,,,,,,,2,,1,Seed,"Jun 30, 2017",Seed,,,Seed,,,,1,,Private,,,,,,,,"117,821"
Zing Systems,https://www.crunchbase.com/organization/zing,"Gaming, Internet Services, Media and Entertainment, Music and Audio","Mountain View, California, United States","Zing Systems enables users to discover, collect, manage and share playlists.","135,098","San Francisco Bay Area, Silicon Valley, Western United States",Active,2005,,For Profit,http://zing.net,,,,,,,,,,"Internet, Music, Video Games",1,51-100,1,M&A,"Jan 30, 2007",Series C,"$13,000,000","$13,000,000",Series C,"$13,000,000","$13,000,000",1,4,Was Acquired,Private,,,,,info@zing.net,(650)267-2400,14,"125,159"
Magen BioSciences,https://www.crunchbase.com/organization/magen-biosciences,"Biotechnology, Health Care, Science and Engineering","Waltham, Massachusetts, United States","Magen BioSciences is a Biotechnology company located in 100 Beaver Street, Suite 101, Waltham, MA, United States.","154,172","New England, Northeastern United States",Active,2006,,,http://www.magenbiosciences.com,,,,,,,,,,"Biotechnology, Health Care, Therapeutics",,1-10,1,M&A,"Jan 16, 2008",Series A,"$7,000,000","$7,000,000",Series A,"$7,000,000","$7,000,000",,1,Was Acquired,Private,,,,,info@magenbiosciences.com,(781) 314-2900,2,"142,469"
SupplyScape,https://www.crunchbase.com/organization/supplyscape,"Health Care, Software, Transportation","Woburn, Massachusetts, United States",SupplyScape defined the electronic pedigree solution for the pharmaceutical industry.,"181,222","New England, Northeastern United States",Active,2003,,For Profit,http://www.supplyscape.com,,,,,,,,,,"Enterprise Software, Pharmaceutical, Supply Chain Management",,251-500,4,M&A,"Sep 6, 2007",Series C,"$10,000,000","$10,000,000",Series C,"$29,006,999","$29,006,999",,6,Was Acquired,Private,,,,,marketing@tracelink.com,+117813058085,,"167,085"
mValent,https://www.crunchbase.com/organization/mvalent,"Data and Analytics, Information Technology, Software","Redwood Shores, California, United States",mValent provides their clients with application configuration management solutions.,"198,861","San Francisco Bay Area, Western United States",Active,2001,,For Profit,http://www.mvalent.com,,,,,,,,,,"Application Performance Management, Management Information Systems, Software",,1-10,4,M&A,"Jul 2, 2007",Series B,"$2,208,000","$2,208,000",Series B,"$22,208,000","$22,208,000",1,4,Was Acquired,Private,,,,,,,6,"183,183"
Brontes Technologies,https://www.crunchbase.com/organization/brontes-technologies,"Hardware, Software","Lexington, Massachusetts, United States",Dental Imaging Technology,"219,277","New England, Northeastern United States",Active,2003,,,,,,,,,,,,,"Hardware, Software",2,,1,M&A,"May 5, 2004",Series A,"$7,000,000","$7,000,000",Series A,"$7,000,000","$7,000,000",,1,Was Acquired,Private,,,,,,,17,"201,951"
