Transaction Name,Transaction Name URL,Organization Name,Organization Name URL,Funding Type,Money Raised,Announced Date,Funding Stage,Pre-Money Valuation,Equity Only Funding,Number of Investors,Number of Partner Investors,CB Rank (Funding Round)
Series B - Signavio,https://www.crunchbase.com/funding_round/signavio-series-b--9e878a75,Signavio,https://www.crunchbase.com/organization/signavio,Series B,"€15,500,000","Mar 20, 2018",Early Stage Venture,,Yes,1,1,"1,512"
Series A -  onX,https://www.crunchbase.com/funding_round/onxmaps-series-a--5cc009a3, onX,https://www.crunchbase.com/organization/onxmaps,Series A,"$20,300,000","Feb 16, 2018",Early Stage Venture,,Yes,5,1,"2,422"
Private Equity Round - Elatec RFID Systems,https://www.crunchbase.com/funding_round/elatec-rfid-systems-private-equity--4cbdf3ad,Elatec RFID Systems,https://www.crunchbase.com/organization/elatec-rfid-systems,Private Equity,,"Feb 14, 2018",Private Equity,,Yes,2,1,"6,103"
Private Equity Round - Welltec A/S ,https://www.crunchbase.com/funding_round/welltec-a-s-private-equity--b1ac7db1,Welltec A/S ,https://www.crunchbase.com/organization/welltec-a-s,Private Equity,,"Jul 30, 2007",Private Equity,,Yes,1,,"7,081"
Private Equity Round - Peak Well Systems,https://www.crunchbase.com/funding_round/peak-well-systems-private-equity--0a3ebbe6,Peak Well Systems,https://www.crunchbase.com/organization/peak-well-systems,Private Equity,,"May 10, 2013",Private Equity,,Yes,1,,"7,352"
Private Equity Round - LifeStance Health,https://www.crunchbase.com/funding_round/lifestance-health-private-equity--59420d2b,LifeStance Health,https://www.crunchbase.com/organization/lifestance-health,Private Equity,,"Dec 2, 2015",Private Equity,,Yes,2,2,"9,493"
"Private Equity Round - Advance Medical, Inc.",https://www.crunchbase.com/funding_round/advance-medical-inc-private-equity--e96d103b,"Advance Medical, Inc.",https://www.crunchbase.com/organization/advance-medical-inc,Private Equity,,"Jan 22, 2018",Private Equity,,Yes,1,1,"10,241"
Series A - Philz Coffee,https://www.crunchbase.com/funding_round/philz-coffee-series-a--bb3bbcf0,Philz Coffee,https://www.crunchbase.com/organization/philz-coffee,Series A,"$15,000,000","May 2, 2013",Early Stage Venture,,Yes,23,4,"16,174"
Private Equity Round - RELEX Solutions,https://www.crunchbase.com/funding_round/relex-private-equity--79a35efc,RELEX Solutions,https://www.crunchbase.com/organization/relex,Private Equity,,"Sep 17, 2017",Private Equity,,Yes,1,2,"21,762"
Series D - Darktrace,https://www.crunchbase.com/funding_round/darktrace-series-d--87c25166,Darktrace,https://www.crunchbase.com/organization/darktrace,Series D,"$75,000,000","Jul 11, 2017",Late Stage Venture,"$750,000,000",Yes,4,4,"23,827"
Private Equity Round - MacStadium,https://www.crunchbase.com/funding_round/macstadium-private-equity--1a07c44c,MacStadium,https://www.crunchbase.com/organization/macstadium,Private Equity,"$60,000,000","May 9, 2017",Private Equity,,Yes,2,1,"37,972"
Series B - Philz Coffee,https://www.crunchbase.com/funding_round/philz-coffee-series-b--f2903fb8,Philz Coffee,https://www.crunchbase.com/organization/philz-coffee,Series B,"$15,000,000","Feb 18, 2015",Early Stage Venture,,Yes,16,5,"38,837"
Series C - Jumia Group,https://www.crunchbase.com/funding_round/jumia-group-series-c--bc93846c,Jumia Group,https://www.crunchbase.com/organization/jumia-group,Series C,"$150,000,000","Nov 26, 2014",Late Stage Venture,"$405,000,000",Yes,8,,"39,487"
Venture Round - Jamf,https://www.crunchbase.com/funding_round/jamf-software-series-unknown--5e7db08e,Jamf,https://www.crunchbase.com/organization/jamf-software,Venture - Series Unknown,"$30,000,000","Dec 9, 2013",,,Yes,3,1,"40,666"
Private Equity Round - Bowers & Wilkins,https://www.crunchbase.com/funding_round/bowers-wilkins-2-private-equity--6d484350,Bowers & Wilkins,https://www.crunchbase.com/organization/bowers-wilkins-2,Private Equity,,"Aug 15, 2000",Private Equity,,Yes,1,,"42,741"
Venture Round - Market Logic Software,https://www.crunchbase.com/funding_round/market-logic-software-series-unknown--35bf6e12,Market Logic Software,https://www.crunchbase.com/organization/market-logic-software,Venture - Series Unknown,"€45,000,000","May 30, 2017",,,Yes,3,1,"44,005"
Venture Round - Signavio,https://www.crunchbase.com/funding_round/signavio-series-unknown--5d597df5,Signavio,https://www.crunchbase.com/organization/signavio,Venture - Series Unknown,"€31,000,000","Dec 17, 2015",,,Yes,1,,"44,463"
Series D - Fuze,https://www.crunchbase.com/funding_round/fuze-series-d--3ff46a7c,Fuze,https://www.crunchbase.com/organization/fuze,Series D,"$112,000,000","Feb 1, 2016",Late Stage Venture,,Yes,4,4,"46,169"
Series B - Striim,https://www.crunchbase.com/funding_round/webaction-series-b--a125365d,Striim,https://www.crunchbase.com/organization/webaction,Series B,"$30,000,000","Sep 14, 2015",Early Stage Venture,,Yes,7,4,"47,015"
Series B - Striim,https://www.crunchbase.com/funding_round/webaction-series-b--69b719b9,Striim,https://www.crunchbase.com/organization/webaction,Series B,"$11,000,000","Jul 3, 2013",Early Stage Venture,,Yes,4,2,"46,929"
Private Equity Round - Sharecare,https://www.crunchbase.com/funding_round/sharecare-private-equity--77eb6db6,Sharecare,https://www.crunchbase.com/organization/sharecare,Private Equity,"$85,000,000","May 26, 2017",Private Equity,,Yes,1,,"47,083"
Private Equity Round - Heald College,https://www.crunchbase.com/funding_round/heald-college-portland-private-equity--e6b3bf83,Heald College,https://www.crunchbase.com/organization/heald-college-portland,Private Equity,,"Mar 9, 2009",Private Equity,,Yes,1,,"47,400"
Series A - Podium,https://www.crunchbase.com/funding_round/podium-2-series-a--77d34187,Podium,https://www.crunchbase.com/organization/podium-2,Series A,"$32,000,000","May 9, 2017",Early Stage Venture,,Yes,4,,"51,120"
Venture Round - Arroyo Optics,https://www.crunchbase.com/funding_round/arroyo-optics-series-unknown--e053714e,Arroyo Optics,https://www.crunchbase.com/organization/arroyo-optics,Venture - Series Unknown,"$8,870,000","Jun 1, 2001",,"$108,130,000",Yes,3,,"51,687"
Private Equity Round - Continuum Managed Services,https://www.crunchbase.com/funding_round/continuum-managed-services-private-equity--4b999a65,Continuum Managed Services,https://www.crunchbase.com/organization/continuum-managed-services,Private Equity,,"Sep 1, 2011",Private Equity,,Yes,1,,"155,582"
Private Equity Round - M-Audio,https://www.crunchbase.com/funding_round/m-audio-private-equity--6b8a7790,M-Audio,https://www.crunchbase.com/organization/m-audio,Private Equity,,"Feb 6, 2003",Private Equity,,Yes,1,,"155,729"
Series B - Lazada Group,https://www.crunchbase.com/funding_round/lazada-group-series-b--cfcd3f26,Lazada Group,https://www.crunchbase.com/organization/lazada-group,Series B,"$26,000,000","Dec 6, 2012",Early Stage Venture,,Yes,1,,"155,830"
Venture Round - WebEx,https://www.crunchbase.com/funding_round/webex-series-unknown--8aac48e6,WebEx,https://www.crunchbase.com/organization/webex,Venture - Series Unknown,"$22,000,000","Apr 3, 2000",,,Yes,14,1,"155,986"
Private Equity Round - Globe Wireless,https://www.crunchbase.com/funding_round/globe-wireless-private-equity--92415ef1,Globe Wireless,https://www.crunchbase.com/organization/globe-wireless,Private Equity,,"Feb 28, 2000",Private Equity,,Yes,1,,"157,320"
Private Equity Round - WestWing,https://www.crunchbase.com/funding_round/westwing-private-equity--da7d1c4d,WestWing,https://www.crunchbase.com/organization/westwing,Private Equity,"€25,000,000","Jan 7, 2015",Private Equity,"€424,200,000",Yes,3,,"157,815"
Private Equity Round - HelpSystems,https://www.crunchbase.com/funding_round/help-systems-private-equity--6295bb51,HelpSystems,https://www.crunchbase.com/organization/help-systems,Private Equity,,"Apr 17, 2012",Private Equity,,Yes,1,,"157,945"
Private Equity Round - Curvature,https://www.crunchbase.com/funding_round/systems-maintenance-services-private-equity--464783c3,Curvature,https://www.crunchbase.com/organization/systems-maintenance-services,Private Equity,,"Oct 31, 2013",Private Equity,,Yes,1,,"158,109"
"Private Equity Round - Solutionreach, Inc.",https://www.crunchbase.com/funding_round/solutionreach-private-equity--dc5e9fcf,"Solutionreach, Inc.",https://www.crunchbase.com/organization/solutionreach,Private Equity,,"May 10, 2012",Private Equity,,Yes,1,,"164,802"
Private Equity Round - SeaBright Insurance,https://www.crunchbase.com/funding_round/seabright-insurance-private-equity--81ace078,SeaBright Insurance,https://www.crunchbase.com/organization/seabright-insurance,Private Equity,,"Oct 1, 2003",Private Equity,,Yes,1,,"165,248"
Venture Round - Linio,https://www.crunchbase.com/funding_round/linio-series-unknown--77bcc673,Linio,https://www.crunchbase.com/organization/linio,Venture - Series Unknown,"$26,500,000","Feb 26, 2013",,,Yes,1,,"165,931"
Series B - Wildfire,https://www.crunchbase.com/funding_round/wildfire-interactive-series-b--85b8a54b,Wildfire,https://www.crunchbase.com/organization/wildfire-interactive,Series B,"$10,000,000","Dec 1, 2011",Early Stage Venture,,Yes,1,1,"169,383"
Private Equity Round - Champion Window,https://www.crunchbase.com/funding_round/champion-windows-private-equity--67397866,Champion Window,https://www.crunchbase.com/organization/champion-windows,Private Equity,,"May 10, 2007",Private Equity,,Yes,1,,"170,850"
Private Equity Round - CareCentrix,https://www.crunchbase.com/funding_round/carecentrix-private-equity--94f1d843,CareCentrix,https://www.crunchbase.com/organization/carecentrix,Private Equity,,"Sep 20, 2011",Private Equity,,Yes,1,,"171,718"
Private Equity Round - Trident University,https://www.crunchbase.com/funding_round/trident-university-private-equity--4611698e,Trident University,https://www.crunchbase.com/organization/trident-university,Private Equity,,"Oct 31, 2007",Private Equity,,Yes,1,,"171,856"
Private Equity Round - Web Reservations International,https://www.crunchbase.com/funding_round/about-web-reservations-international-web-reservations-international-private-equity--0ecf029f,Web Reservations International,https://www.crunchbase.com/organization/about-web-reservations-international-web-reservations-international,Private Equity,,"Mar 31, 2004",Private Equity,,Yes,1,,"173,617"
Series A - Tiny Prints,https://www.crunchbase.com/funding_round/tiny-prints-series-a--02cf4bd5,Tiny Prints,https://www.crunchbase.com/organization/tiny-prints,Series A,,"Apr 23, 2008",Early Stage Venture,,Yes,2,,"173,769"
Series B - Darktrace,https://www.crunchbase.com/funding_round/darktrace-series-b--c3a2ab87,Darktrace,https://www.crunchbase.com/organization/darktrace,Series B,"$22,500,000","Jul 22, 2015",Early Stage Venture,"$100,000,000",Yes,1,1,"174,151"
Private Equity Round - NightHawk Radiology Services,https://www.crunchbase.com/funding_round/nighthawk-radiology-services-private-equity--7d8d2507,NightHawk Radiology Services,https://www.crunchbase.com/organization/nighthawk-radiology-services,Private Equity,"$25,000,000","Apr 7, 2004",Private Equity,,Yes,1,1,"174,372"
Private Equity Round - Sparta Systems,https://www.crunchbase.com/funding_round/sparta-systems-private-equity--f46f0c28,Sparta Systems,https://www.crunchbase.com/organization/sparta-systems,Private Equity,,"Apr 11, 2006",Private Equity,,Yes,1,,"174,647"
Series A - B&W Tek,https://www.crunchbase.com/funding_round/b-w-tek-series-a--33303d5e,B&W Tek,https://www.crunchbase.com/organization/b-w-tek,Series A,"$20,000,000","Jan 24, 2005",Early Stage Venture,,Yes,1,1,"179,462"
Private Equity Round - GoldenGate Software,https://www.crunchbase.com/funding_round/goldengate-software-private-equity--ca0c9cc8,GoldenGate Software,https://www.crunchbase.com/organization/goldengate-software,Private Equity,,"Mar 13, 2002",Private Equity,,Yes,1,,"179,492"
Private Equity Round - Clinical Pathology Laboratories,https://www.crunchbase.com/funding_round/clinical-pathology-laboratories-private-equity--2536e2da,Clinical Pathology Laboratories,https://www.crunchbase.com/organization/clinical-pathology-laboratories,Private Equity,,"Apr 11, 2001",Private Equity,,Yes,1,,"179,795"
Private Equity Round - M/A-COM,https://www.crunchbase.com/funding_round/m-a-com-private-equity--d57a0cdf,M/A-COM,https://www.crunchbase.com/organization/m-a-com,Private Equity,,"Jan 12, 2011",Private Equity,,Yes,1,,"180,110"
Venture Round - RELEX Solutions,https://www.crunchbase.com/funding_round/relex-series-unknown--ab3eaf4c,RELEX Solutions,https://www.crunchbase.com/organization/relex,Venture - Series Unknown,"€20,000,000","Sep 9, 2015",,,Yes,1,2,"180,384"
Private Equity Round - Postini,https://www.crunchbase.com/funding_round/postini-private-equity--69dfda3b,Postini,https://www.crunchbase.com/organization/postini,Private Equity,,"Feb 26, 2001",Private Equity,,Yes,1,,"54,988"
Private Equity Round - Nomacorc,https://www.crunchbase.com/funding_round/nomacorc-private-equity--51230e56,Nomacorc,https://www.crunchbase.com/organization/nomacorc,Private Equity,,"Jun 21, 2007",Private Equity,,Yes,1,,"55,169"
Private Equity Round - Tradeware Global,https://www.crunchbase.com/funding_round/tradeware-global-private-equity--e0e72b5c,Tradeware Global,https://www.crunchbase.com/organization/tradeware-global,Private Equity,"$6,000,000","Jul 12, 2004",Private Equity,,Yes,1,,"55,385"
Private Equity Round - e-media,https://www.crunchbase.com/funding_round/e-media-private-equity--4188616e,e-media,https://www.crunchbase.com/organization/e-media,Private Equity,"$27,000,000","May 1, 2000",Private Equity,,Yes,6,,"56,072"
Series C - Alopa Networks,https://www.crunchbase.com/funding_round/alopa-networks-series-c--a7baeb52,Alopa Networks,https://www.crunchbase.com/organization/alopa-networks,Series C,"$12,500,000","Jul 18, 2002",Late Stage Venture,,Yes,4,,"115,448"
Private Equity Round - Liquidnet,https://www.crunchbase.com/funding_round/liquidnet-private-equity--bc5f7dbb,Liquidnet,https://www.crunchbase.com/organization/liquidnet,Private Equity,"$250,000,000","Feb 18, 2005",Private Equity,,Yes,2,,"120,297"
Private Equity Round - Blue Ocean Software,https://www.crunchbase.com/funding_round/blue-ocean-software-private-equity--d8713b26,Blue Ocean Software,https://www.crunchbase.com/organization/blue-ocean-software,Private Equity,,"Apr 10, 2001",Private Equity,,Yes,1,,"120,360"
Private Equity Round - TrelliSoft,https://www.crunchbase.com/funding_round/trellisoft-private-equity--4ac59107,TrelliSoft,https://www.crunchbase.com/organization/trellisoft,Private Equity,,"Mar 11, 2002",Private Equity,,Yes,1,,"120,392"
Private Equity Round - Vente-privee.com,https://www.crunchbase.com/funding_round/vente-privee-com-private-equity--6ac807ba,Vente-privee.com,https://www.crunchbase.com/organization/vente-privee-com,Private Equity,,"May 24, 2007",Private Equity,,Yes,1,,"134,531"
Private Equity Round - Avast,https://www.crunchbase.com/funding_round/avast-private-equity--8b7786da,Avast,https://www.crunchbase.com/organization/avast,Private Equity,"$100,000,000","Aug 23, 2010",Private Equity,,Yes,1,1,"134,961"
Private Equity Round - Physicians Formula,https://www.crunchbase.com/funding_round/physicians-formula-private-equity--8f45d370,Physicians Formula,https://www.crunchbase.com/organization/physicians-formula,Private Equity,,"Nov 3, 2003",Private Equity,,Yes,1,,"134,962"
Venture Round - Cloudmark,https://www.crunchbase.com/funding_round/cloudmark-series-unknown--7dba7517,Cloudmark,https://www.crunchbase.com/organization/cloudmark,Venture - Series Unknown,"$23,000,000","Feb 17, 2010",,,Yes,2,2,"135,240"
Private Equity Round - Flow Traders,https://www.crunchbase.com/funding_round/flow-traders-private-equity--5c715eb4,Flow Traders,https://www.crunchbase.com/organization/flow-traders,Private Equity,,"May 29, 2008",Private Equity,,Yes,1,,"137,245"
Private Equity Round - Fermentas International,https://www.crunchbase.com/funding_round/fermentas-international-private-equity--2479a089,Fermentas International,https://www.crunchbase.com/organization/fermentas-international,Private Equity,,"Oct 25, 2007",Private Equity,,Yes,1,,"138,887"
Private Equity Round - HealthCare Partners,https://www.crunchbase.com/funding_round/healthcare-partners-private-equity--98b6ff37,HealthCare Partners,https://www.crunchbase.com/organization/healthcare-partners,Private Equity,,"Mar 2, 2005",Private Equity,,Yes,1,,"140,803"
Private Equity Round - Empower RF Systems,https://www.crunchbase.com/funding_round/empower-rf-systems-private-equity--50b7481f,Empower RF Systems,https://www.crunchbase.com/organization/empower-rf-systems,Private Equity,,"Nov 29, 2006",Private Equity,,Yes,1,,"142,250"
Private Equity Round - Ogone,https://www.crunchbase.com/funding_round/ogone-private-equity--44a8aed7,Ogone,https://www.crunchbase.com/organization/ogone,Private Equity,,"May 17, 2010",Private Equity,,Yes,1,,"142,807"
Series B - Postini,https://www.crunchbase.com/funding_round/postini-series-b--d401f163,Postini,https://www.crunchbase.com/organization/postini,Series B,"$6,000,000","May 9, 2001",Early Stage Venture,,Yes,3,,"59,121"
Series C - Advanced Cell Diagnostics,https://www.crunchbase.com/funding_round/advanced-cell-diagnostics-series-c--c4005126,Advanced Cell Diagnostics,https://www.crunchbase.com/organization/advanced-cell-diagnostics,Series C,"$22,000,000","Jun 18, 2015",Late Stage Venture,,Yes,4,4,"59,134"
Series E - FleetCor Technologies,https://www.crunchbase.com/funding_round/fleetcor-technologies-series-e--f0652403,FleetCor Technologies,https://www.crunchbase.com/organization/fleetcor-technologies,Series E,"$100,000,000","Apr 8, 2009",Late Stage Venture,,Yes,6,1,"144,158"
Venture Round - Bartlett Nuclear,https://www.crunchbase.com/funding_round/bartlett-nuclear-series-unknown--891fe64b,Bartlett Nuclear,https://www.crunchbase.com/organization/bartlett-nuclear,Venture - Series Unknown,,"Feb 11, 2004",,,Yes,2,,"144,624"
Series D - Uber,https://www.crunchbase.com/funding_round/uber-series-d--7a617d35,Uber,https://www.crunchbase.com/organization/uber,Series D,"$1,400,000,000","Jun 6, 2014",Late Stage Venture,"$17,000,000,000",Yes,9,10,"144,676"
Venture Round - Siteimprove,https://www.crunchbase.com/funding_round/siteimprove-series-unknown--ea7f31b6,Siteimprove,https://www.crunchbase.com/organization/siteimprove,Venture - Series Unknown,"$55,000,000","Dec 22, 2015",,,Yes,1,,"144,918"
Venture Round - Winshuttle,https://www.crunchbase.com/funding_round/winshuttle-series-unknown--32f498ea,Winshuttle,https://www.crunchbase.com/organization/winshuttle,Venture - Series Unknown,"$12,000,000","Sep 14, 2010",,,Yes,1,2,"146,648"
Private Equity Round - MDVIP,https://www.crunchbase.com/funding_round/mdvip-private-equity--ffaa75ab,MDVIP,https://www.crunchbase.com/organization/mdvip,Private Equity,,"Dec 23, 2004",Private Equity,,Yes,1,,"60,462"
Private Equity Round - Diagnostic Hybrids,https://www.crunchbase.com/funding_round/diagnostic-hybrids-private-equity--95a2744e,Diagnostic Hybrids,https://www.crunchbase.com/organization/diagnostic-hybrids,Private Equity,,"Aug 4, 2004",Private Equity,,Yes,1,,"60,531"
Seed Round - Zapnito,https://www.crunchbase.com/funding_round/zapnito-seed--3dcba784,Zapnito,https://www.crunchbase.com/organization/zapnito,Seed,"£442,000","Nov 28, 2016",Seed,,Yes,2,,"87,756"
Private Equity Round - LogiAnalytics,https://www.crunchbase.com/funding_round/logi-analytics-private-equity--91b9886f,LogiAnalytics,https://www.crunchbase.com/organization/logi-analytics,Private Equity,"$10,000,000","Nov 29, 2011",Private Equity,,Yes,2,1,"147,833"
Private Equity Round - Mo Industries Holdings,https://www.crunchbase.com/funding_round/mo-industries-holdings-private-equity--4595dcff,Mo Industries Holdings,https://www.crunchbase.com/organization/mo-industries-holdings,Private Equity,,"May 4, 2006",Private Equity,,Yes,1,,"90,547"
Private Equity Round - Progressive Finance,https://www.crunchbase.com/funding_round/progressive-finance-private-equity--db9a2b03,Progressive Finance,https://www.crunchbase.com/organization/progressive-finance,Private Equity,,"Jun 15, 2012",Private Equity,,Yes,1,,"90,575"
Private Equity Round - Belkin International,https://www.crunchbase.com/funding_round/belkin-international-private-equity--0823ca62,Belkin International,https://www.crunchbase.com/organization/belkin-international,Private Equity,,"Jun 21, 2002",Private Equity,,Yes,1,,"149,110"
Private Equity Round - Hittite Microwave,https://www.crunchbase.com/funding_round/hittite-microwave-private-equity--147a56d8,Hittite Microwave,https://www.crunchbase.com/organization/hittite-microwave,Private Equity,"$15,000,000","Dec 5, 2000",Private Equity,,Yes,1,,"92,486"
Series A - Wildfire,https://www.crunchbase.com/funding_round/wildfire-interactive-series-a--b9d36990,Wildfire,https://www.crunchbase.com/organization/wildfire-interactive,Series A,"$4,000,000","Apr 26, 2010",Early Stage Venture,,Yes,5,4,"61,258"
Series D - Lazada Group,https://www.crunchbase.com/funding_round/lazada-group-series-d--6fb2ac2a,Lazada Group,https://www.crunchbase.com/organization/lazada-group,Series D,"$100,000,000","Jun 19, 2013",Late Stage Venture,,Yes,5,1,"61,322"
Series B - Visier,https://www.crunchbase.com/funding_round/visier-series-b--5516c9e9,Visier,https://www.crunchbase.com/organization/visier,Series B,"$15,000,000","May 30, 2013",Early Stage Venture,,Yes,2,1,"151,131"
Venture Round - Krishidhan Seeds,https://www.crunchbase.com/funding_round/krishidhan-seeds-series-unknown--192de1db,Krishidhan Seeds,https://www.crunchbase.com/organization/krishidhan-seeds,Venture - Series Unknown,"$30,000,000","May 7, 2010",,,Yes,1,,"151,195"
Venture Round - Innov-X Systems,https://www.crunchbase.com/funding_round/innov-x-systems-series-unknown--77b1b8dd,Innov-X Systems,https://www.crunchbase.com/organization/innov-x-systems,Venture - Series Unknown,"$27,000,000","Jan 8, 2007",,,Yes,3,,"151,214"
Venture Round - FleetCor Technologies,https://www.crunchbase.com/funding_round/fleetcor-technologies-series-unknown--739b9d10,FleetCor Technologies,https://www.crunchbase.com/organization/fleetcor-technologies,Venture - Series Unknown,"$45,000,000","Jun 3, 2002",,,Yes,1,1,"92,680"
Venture Round - Meridian Project Systems,https://www.crunchbase.com/funding_round/meridian-project-systems-series-unknown--5b996806,Meridian Project Systems,https://www.crunchbase.com/organization/meridian-project-systems,Venture - Series Unknown,"$13,000,000","Jul 5, 2000",,,Yes,1,,"93,012"
"Series C - MediaQ,Inc",https://www.crunchbase.com/funding_round/mediaq-inc-series-c--c873e6d1,"MediaQ,Inc",https://www.crunchbase.com/organization/mediaq-inc,Series C,"$23,400,000","Aug 4, 2000",Late Stage Venture,,Yes,5,1,"151,859"
Series B - RightNow Technologies,https://www.crunchbase.com/funding_round/rightnow-technologies-series-b--deb5af94,RightNow Technologies,https://www.crunchbase.com/organization/rightnow-technologies,Series B,"$15,000,000","Jan 24, 2001",Early Stage Venture,,Yes,4,2,"81,664"
Private Equity Round - Senior Home Care,https://www.crunchbase.com/funding_round/senior-home-care-private-equity--3fdf3f2e,Senior Home Care,https://www.crunchbase.com/organization/senior-home-care,Private Equity,,"Feb 24, 2003",Private Equity,,Yes,1,,"152,776"
Private Equity Round - Wowza Media Systems,https://www.crunchbase.com/funding_round/wowza-media-private-equity--065b50ce,Wowza Media Systems,https://www.crunchbase.com/organization/wowza-media,Private Equity,,"Mar 28, 2012",Private Equity,,Yes,1,,"86,795"
Private Equity Round - InfoArmor,https://www.crunchbase.com/funding_round/infoarmor-private-equity--0bc42806,InfoArmor,https://www.crunchbase.com/organization/infoarmor,Private Equity,,"Jan 31, 2017",Private Equity,,Yes,1,,"62,631"
Private Equity Round - 360T,https://www.crunchbase.com/funding_round/360t-private-equity--7de73dcb,360T,https://www.crunchbase.com/organization/360t,Private Equity,,"Feb 16, 2012",Private Equity,,Yes,1,,"96,019"
Series C - ZALORA Group,https://www.crunchbase.com/funding_round/zalora-series-c--26b03517,ZALORA Group,https://www.crunchbase.com/organization/zalora,Series C,"$100,000,000","May 22, 2013",Late Stage Venture,,Yes,4,1,"88,578"
Private Equity Round - Mi9 Retail,https://www.crunchbase.com/funding_round/mi9-retail-private-equity--8d06860d,Mi9 Retail,https://www.crunchbase.com/organization/mi9-retail,Private Equity,,"Nov 4, 2015",Private Equity,,Yes,1,,"63,157"
Private Equity Round - Infor,https://www.crunchbase.com/funding_round/infor-private-equity--f8cae723,Infor,https://www.crunchbase.com/organization/infor,Private Equity,,"Apr 5, 2012",Private Equity,,Yes,2,,"90,079"
Private Equity Round - Parts Town,https://www.crunchbase.com/funding_round/parts-town-private-equity--6d0edf68,Parts Town,https://www.crunchbase.com/organization/parts-town,Private Equity,,"Jan 15, 2014",Private Equity,,Yes,1,,"97,443"
Series A - RiskIQ,https://www.crunchbase.com/funding_round/riskiq-series-a--595fb9d1,RiskIQ,https://www.crunchbase.com/organization/riskiq,Series A,"$10,000,000","Jul 18, 2013",Early Stage Venture,,Yes,1,,"64,252"
Private Equity Round - Meridian Systems,https://www.crunchbase.com/funding_round/meridian-systems-private-equity--45463863,Meridian Systems,https://www.crunchbase.com/organization/meridian-systems,Private Equity,,"Jun 27, 2000",Private Equity,,Yes,1,,"93,984"
Private Equity Round - Axis Systems,https://www.crunchbase.com/funding_round/axis-systems-private-equity--5584da3c,Axis Systems,https://www.crunchbase.com/organization/axis-systems,Private Equity,,"Oct 18, 2001",Private Equity,,Yes,1,,"100,725"
Private Equity Round - Ubiquiti Networks,https://www.crunchbase.com/funding_round/ubiquiti-networks-private-equity--5fce23df,Ubiquiti Networks,https://www.crunchbase.com/organization/ubiquiti-networks,Private Equity,,"Mar 2, 2010",Private Equity,,Yes,1,,"100,762"
Series A - Lazada Indonesia,https://www.crunchbase.com/funding_round/lazada-indonesia-series-a--e4c5598c,Lazada Indonesia,https://www.crunchbase.com/organization/lazada-indonesia,Series A,"$40,000,000","Nov 11, 2012",Early Stage Venture,,Yes,2,,"100,872"
Series E - Fuze,https://www.crunchbase.com/funding_round/fuze-series-e--be9cd12c,Fuze,https://www.crunchbase.com/organization/fuze,Series E,"$104,000,000","Feb 8, 2017",Late Stage Venture,,Yes,5,3,"103,400"
Venture Round - COMS Interactive,https://www.crunchbase.com/funding_round/coms-interactive-series-unknown--e84f57b1,COMS Interactive,https://www.crunchbase.com/organization/coms-interactive,Venture - Series Unknown,"$21,000,000","Jun 18, 2013",,,Yes,1,2,"64,893"
Private Equity Round - Aurora Diagnostics,https://www.crunchbase.com/funding_round/aurora-diagnostics-private-equity--405515ec,Aurora Diagnostics,https://www.crunchbase.com/organization/aurora-diagnostics,Private Equity,,"Jun 2, 2006",Private Equity,,Yes,1,,"65,072"
Private Equity Round - The Mutual Fund Store,https://www.crunchbase.com/funding_round/the-mutual-fund-store-private-equity--70754460,The Mutual Fund Store,https://www.crunchbase.com/organization/the-mutual-fund-store,Private Equity,,"Feb 17, 2006",Private Equity,,Yes,1,,"194,031"
Private Equity Round - Vestmark,https://www.crunchbase.com/funding_round/vestmark-private-equity--6e5cdd50,Vestmark,https://www.crunchbase.com/organization/vestmark,Private Equity,"$30,000,000","Apr 12, 2016",Private Equity,,Yes,2,,"194,172"
Series B - Patsnap,https://www.crunchbase.com/funding_round/patsnap-series-b--7f653ed2,Patsnap,https://www.crunchbase.com/organization/patsnap,Series B,"$10,000,000","Dec 17, 2015",Early Stage Venture,,Yes,1,,"106,165"
"Private Equity Round - Freedom Scientific Holdings, LLC",https://www.crunchbase.com/funding_round/freedom-scientific-holdings-llc-private-equity--d9bfe9df,"Freedom Scientific Holdings, LLC",https://www.crunchbase.com/organization/freedom-scientific-holdings-llc,Private Equity,,"Apr 10, 2000",Private Equity,,Yes,1,,"194,674"
Venture Round - Telcobuy.com,https://www.crunchbase.com/funding_round/telcobuy-com-series-unknown--d50f2fb4,Telcobuy.com,https://www.crunchbase.com/organization/telcobuy-com,Venture - Series Unknown,"$25,000,000","Feb 1, 2000",,,Yes,2,,"194,801"
Series B - NetWitness,https://www.crunchbase.com/funding_round/netwitness-series-b--67c6aaab,NetWitness,https://www.crunchbase.com/organization/netwitness,Series B,"$5,689,647","Jan 14, 2010",Early Stage Venture,,Yes,1,,"195,039"
Private Equity Round - Central Security Group,https://www.crunchbase.com/funding_round/central-security-group-private-equity--b8e21caa,Central Security Group,https://www.crunchbase.com/organization/central-security-group,Private Equity,,"Oct 20, 2010",Private Equity,,Yes,1,,"195,424"
Private Equity Round - Hiperos,https://www.crunchbase.com/funding_round/hiperos-private-equity--e025eb46,Hiperos,https://www.crunchbase.com/organization/hiperos,Private Equity,,"Dec 31, 2010",Private Equity,,Yes,1,,"107,310"
Private Equity Round - Heart to Heart Hospice,https://www.crunchbase.com/funding_round/heart-to-heart-hospice-private-equity--b273d90c,Heart to Heart Hospice,https://www.crunchbase.com/organization/heart-to-heart-hospice,Private Equity,,"Dec 28, 2012",Private Equity,,Yes,1,,"108,347"
Private Equity Round - Solid State Equipment Holdings,https://www.crunchbase.com/funding_round/solid-state-equipment-holdings-private-equity--d6f3dbea,Solid State Equipment Holdings,https://www.crunchbase.com/organization/solid-state-equipment-holdings,Private Equity,,"Jun 30, 2011",Private Equity,,Yes,1,,"119,649"
Series C - Modernizing Medicine,https://www.crunchbase.com/funding_round/modernizing-medicine-series-c--83365d2e,Modernizing Medicine,https://www.crunchbase.com/organization/modernizing-medicine,Series C,"$14,000,000","Aug 20, 2013",Late Stage Venture,,Yes,1,1,"196,455"
Series C - Namshi,https://www.crunchbase.com/funding_round/namshi-series-c--6f23fa28,Namshi,https://www.crunchbase.com/organization/namshi,Series C,"$13,000,000","May 13, 2013",Late Stage Venture,,Yes,1,,"196,573"
Venture Round - PeerApp,https://www.crunchbase.com/funding_round/peerapp-series-unknown--1fa872f6,PeerApp,https://www.crunchbase.com/organization/peerapp,Venture - Series Unknown,"$8,000,000","Sep 20, 2011",,,Yes,4,4,"196,585"
Private Equity Round - Multifonds,https://www.crunchbase.com/funding_round/multifonds-private-equity--b6ea5d52,Multifonds,https://www.crunchbase.com/organization/multifonds,Private Equity,,"Jun 2, 2006",Private Equity,,Yes,1,,"108,767"
Series E - Modernizing Medicine,https://www.crunchbase.com/funding_round/modernizing-medicine-series-e--03f828fd,Modernizing Medicine,https://www.crunchbase.com/organization/modernizing-medicine,Series E,"$38,000,000","Sep 21, 2015",Late Stage Venture,,Yes,3,1,"109,051"
Series B - Reverb.com,https://www.crunchbase.com/funding_round/reverb-com-series-b--8e34fa16,Reverb.com,https://www.crunchbase.com/organization/reverb-com,Series B,"$25,000,000","Dec 3, 2015",Early Stage Venture,,Yes,1,,"109,528"
Private Equity Round - IntelliChem,https://www.crunchbase.com/funding_round/intellichem-private-equity--b7f7c7c7,IntelliChem,https://www.crunchbase.com/organization/intellichem,Private Equity,,"Dec 19, 2002",Private Equity,,Yes,1,,"109,785"
Private Equity Round - Clontech Laboratories Inc,https://www.crunchbase.com/funding_round/clontech-laboratories-inc-private-equity--4c0f4ac9,Clontech Laboratories Inc,https://www.crunchbase.com/organization/clontech-laboratories-inc,Private Equity,,"May 10, 2001",Private Equity,,Yes,1,,"110,431"
Private Equity Round - Aramsco,https://www.crunchbase.com/funding_round/aramsco-private-equity--cc822ed2,Aramsco,https://www.crunchbase.com/organization/aramsco,Private Equity,,"Apr 1, 2005",Private Equity,,Yes,1,,"199,060"
Series B - Acacia Communications,https://www.crunchbase.com/funding_round/acacia-communications-series-b--87121281,Acacia Communications,https://www.crunchbase.com/organization/acacia-communications,Series B,"$20,000,000","May 15, 2013",Early Stage Venture,,Yes,4,2,"199,265"
Private Equity Round - Ob Hospitalist Group,https://www.crunchbase.com/funding_round/ob-hospitalist-group-private-equity--beeae08f,Ob Hospitalist Group,https://www.crunchbase.com/organization/ob-hospitalist-group,Private Equity,,"May 11, 2010",Private Equity,,Yes,1,,"111,098"
Venture Round - THE ICONIC,https://www.crunchbase.com/funding_round/the-iconic-series-unknown--3a9aa65e,THE ICONIC,https://www.crunchbase.com/organization/the-iconic,Venture - Series Unknown,"$26,000,000","Jul 10, 2013",,,Yes,3,,"199,449"
"Private Equity Round - NameMedia, Inc.",https://www.crunchbase.com/funding_round/namemedia-private-equity--2d5633b9,"NameMedia, Inc.",https://www.crunchbase.com/organization/namemedia,Private Equity,,"Feb 23, 2005",Private Equity,,Yes,1,,"111,099"
Series C - Delphix,https://www.crunchbase.com/funding_round/delphix-series-c--2d9b6927,Delphix,https://www.crunchbase.com/organization/delphix,Series C,"$25,000,000","Jun 6, 2012",Late Stage Venture,,Yes,7,5,"68,505"
Venture Round - Rocket Fuel,https://www.crunchbase.com/funding_round/rocket-fuel-series-unknown--a054a25e,Rocket Fuel,https://www.crunchbase.com/organization/rocket-fuel,Venture - Series Unknown,"$50,000,000","Jun 28, 2012",,,Yes,6,3,"113,445"
Private Equity Round - Immco Diagnostics,https://www.crunchbase.com/funding_round/immco-diagnostics-private-equity--7b67c200,Immco Diagnostics,https://www.crunchbase.com/organization/immco-diagnostics,Private Equity,,"Dec 4, 2007",Private Equity,,Yes,1,,"113,875"
Series A - TeleSign,https://www.crunchbase.com/funding_round/telesign-corporation-series-a--573afd97,TeleSign,https://www.crunchbase.com/organization/telesign-corporation,Series A,"$29,000,000","May 11, 2012",Early Stage Venture,,Yes,1,,"158,454"
Private Equity Round - Associa,https://www.crunchbase.com/funding_round/associa-private-equity--ab3db6ce,Associa,https://www.crunchbase.com/organization/associa,Private Equity,,"Jun 11, 2008",Private Equity,,Yes,1,,"159,710"
Private Equity Round - Commnet Wireless,https://www.crunchbase.com/funding_round/commnet-wireless-private-equity--b8f9e8ea,Commnet Wireless,https://www.crunchbase.com/organization/commnet-wireless,Private Equity,,"Dec 23, 2003",Private Equity,,Yes,1,,"160,017"
Private Equity Round - Autobase,https://www.crunchbase.com/funding_round/autobase-inc-private-equity--eb1f4318,Autobase,https://www.crunchbase.com/organization/autobase-inc,Private Equity,,"Apr 5, 2004",Private Equity,,Yes,2,,"160,378"
Private Equity Round - optionsXpress,https://www.crunchbase.com/funding_round/optionsxpress-private-equity--5bde149f,optionsXpress,https://www.crunchbase.com/organization/optionsxpress,Private Equity,"$90,000,000","Jan 15, 2004",Private Equity,,Yes,1,,"160,385"
Series A - Alopa Networks,https://www.crunchbase.com/funding_round/alopa-networks-series-a--16d71a48,Alopa Networks,https://www.crunchbase.com/organization/alopa-networks,Series A,"$15,000,000","Oct 18, 2000",Early Stage Venture,,Yes,2,,"160,684"
Private Equity Round - Integrated DNA Technologies,https://www.crunchbase.com/funding_round/integrated-dna-technologies-private-equity--eaf65ca6,Integrated DNA Technologies,https://www.crunchbase.com/organization/integrated-dna-technologies,Private Equity,,"Mar 19, 2014",Private Equity,,Yes,1,,"161,265"
Private Equity Round - National Veterinary Associates,https://www.crunchbase.com/funding_round/national-veterinary-associates-private-equity--4842f008,National Veterinary Associates,https://www.crunchbase.com/organization/national-veterinary-associates,Private Equity,"$128,000,000","May 1, 2007",Private Equity,,Yes,1,1,"162,467"
Private Equity Round - Answers Corporation,https://www.crunchbase.com/funding_round/answers-private-equity--4a1157d9,Answers Corporation,https://www.crunchbase.com/organization/answers,Private Equity,,"Dec 4, 2007",Private Equity,,Yes,1,,"162,485"
Private Equity Round - AmeriPath,https://www.crunchbase.com/funding_round/ameripath-private-equity--d5d4f3d0,AmeriPath,https://www.crunchbase.com/organization/ameripath,Private Equity,,"Dec 10, 2002",Private Equity,,Yes,1,,"164,416"
Private Equity Round - Tivoli Audio,https://www.crunchbase.com/funding_round/tivoli-audio-private-equity--16024f5c,Tivoli Audio,https://www.crunchbase.com/organization/tivoli-audio,Private Equity,,"May 4, 2005",Private Equity,,Yes,1,,"164,478"
Private Equity Round - A10 Networks,https://www.crunchbase.com/funding_round/a10-networks-private-equity--8d1d84e2,A10 Networks,https://www.crunchbase.com/organization/a10-networks,Private Equity,"$80,000,000","Oct 3, 2013",Private Equity,,Yes,1,,"182,110"
Series B - Gainsight,https://www.crunchbase.com/funding_round/gainsight-series-b--61001a5c,Gainsight,https://www.crunchbase.com/organization/gainsight,Series B,"$20,000,000","Nov 6, 2013",Early Stage Venture,,Yes,4,1,"183,208"
Venture Round - Zando,https://www.crunchbase.com/funding_round/zando-series-unknown--6f587384,Zando,https://www.crunchbase.com/organization/zando,Venture - Series Unknown,"€20,000,000","Nov 2, 2012",,,Yes,1,,"74,798"
Private Equity Round - DuPage Medical Group,https://www.crunchbase.com/funding_round/dupage-medical-group-private-equity--84194dfd,DuPage Medical Group,https://www.crunchbase.com/organization/dupage-medical-group,Private Equity,"$250,000,000","Jan 6, 2016",Private Equity,,Yes,1,,"202,894"
Venture Round - Arista Networks,https://www.crunchbase.com/funding_round/arista-networks-series-unknown--dd48a78c,Arista Networks,https://www.crunchbase.com/organization/arista-networks,Venture - Series Unknown,"$4,776,000","Dec 21, 2013",,,Yes,2,,"203,061"
Private Equity Round - Healthline Media,https://www.crunchbase.com/funding_round/healthline-private-equity--172cd390,Healthline Media,https://www.crunchbase.com/organization/healthline,Private Equity,"$95,000,000","Jan 11, 2016",Private Equity,,Yes,1,1,"203,624"
Venture Round - Advance Health,https://www.crunchbase.com/funding_round/advance-health-series-unknown--6df71592,Advance Health,https://www.crunchbase.com/organization/advance-health,Venture - Series Unknown,"$40,000,000","Jan 27, 2015",,,Yes,3,1,"207,541"
Series C - Zenoss,https://www.crunchbase.com/funding_round/zenoss-series-c--0f175217,Zenoss,https://www.crunchbase.com/organization/zenoss,Series C,"$25,000,000","Oct 9, 2012",Late Stage Venture,,Yes,5,3,"208,716"
Private Equity Round - Bartlett Holdings,https://www.crunchbase.com/funding_round/bartlett-holdings-private-equity--0e34abb0,Bartlett Holdings,https://www.crunchbase.com/organization/bartlett-holdings,Private Equity,,"Jan 20, 2004",Private Equity,,Yes,1,,"209,906"
Private Equity Round - My Dentist,https://www.crunchbase.com/funding_round/my-dentist-private-equity--3d53a190,My Dentist,https://www.crunchbase.com/organization/my-dentist,Private Equity,,"Oct 19, 2010",Private Equity,,Yes,1,,"210,090"
Series D - Rapt,https://www.crunchbase.com/funding_round/rapt-series-d--a085508a,Rapt,https://www.crunchbase.com/organization/rapt,Series D,"$11,230,000","Jan 24, 2006",Late Stage Venture,,Yes,3,1,"211,816"
Private Equity Round - Snap Fitness,https://www.crunchbase.com/funding_round/snap-fitness-private-equity--e176f4ce,Snap Fitness,https://www.crunchbase.com/organization/snap-fitness,Private Equity,,"Jun 3, 2008",Private Equity,,Yes,1,,"211,834"
Private Equity Round - RuffaloCODY,https://www.crunchbase.com/funding_round/ruffalocody-private-equity--a1787c98,RuffaloCODY,https://www.crunchbase.com/organization/ruffalocody,Private Equity,,"May 31, 2013",Private Equity,,Yes,1,1,"212,010"
"Series D - MediaQ,Inc",https://www.crunchbase.com/funding_round/mediaq-inc-series-d--39e25e3b,"MediaQ,Inc",https://www.crunchbase.com/organization/mediaq-inc,Series D,"$15,000,000","Jul 29, 2002",Late Stage Venture,,Yes,6,,"189,271"
Private Equity Round - Sybari,https://www.crunchbase.com/funding_round/sybari-private-equity--62ac9479,Sybari,https://www.crunchbase.com/organization/sybari,Private Equity,,"Mar 30, 2001",Private Equity,,Yes,1,,"189,668"
Private Equity Round - Clearwater Analytics,https://www.crunchbase.com/funding_round/clearwater-analytics-private-equity--b59a15fe,Clearwater Analytics,https://www.crunchbase.com/organization/clearwater-analytics,Private Equity,,"Dec 10, 2010",Private Equity,,Yes,1,,"189,680"
Series B - RiskIQ,https://www.crunchbase.com/funding_round/riskiq-series-b--127b3da0,RiskIQ,https://www.crunchbase.com/organization/riskiq,Series B,"$25,000,000","May 29, 2014",Early Stage Venture,,Yes,2,1,"189,910"
Venture Round - Wellcentive,https://www.crunchbase.com/funding_round/wellcentive-series-unknown--7e2ecc19,Wellcentive,https://www.crunchbase.com/organization/wellcentive,Venture - Series Unknown,"$12,000,000","Apr 18, 2014",,,Yes,1,,"190,282"
Series A - RightNow Technologies,https://www.crunchbase.com/funding_round/rightnow-technologies-series-a--867bc0a6,RightNow Technologies,https://www.crunchbase.com/organization/rightnow-technologies,Series A,"$16,200,000","Jan 3, 2000",Early Stage Venture,,Yes,2,,"190,807"
Private Equity Round - Telerik,https://www.crunchbase.com/funding_round/telerik-private-equity--117dc8fc,Telerik,https://www.crunchbase.com/organization/telerik,Private Equity,,"Aug 25, 2008",Private Equity,,Yes,1,,"191,207"
Venture Round - Mozio,https://www.crunchbase.com/funding_round/mozio-series-unknown--29e32dc7,Mozio,https://www.crunchbase.com/organization/mozio,Venture - Series Unknown,"$2,500,000","Jul 27, 2016",,,Yes,8,1,"191,778"
Venture Round - RangeStar Wireless,https://www.crunchbase.com/funding_round/rangestar-wireless-series-unknown--b3d3ceeb,RangeStar Wireless,https://www.crunchbase.com/organization/rangestar-wireless,Venture - Series Unknown,"$25,000,000","May 10, 2000",,,Yes,6,,"192,506"
Series B - TeleSign,https://www.crunchbase.com/funding_round/telesign-corporation-series-b--1e4dd36b,TeleSign,https://www.crunchbase.com/organization/telesign-corporation,Series B,"$40,000,000","Apr 29, 2014",Early Stage Venture,,Yes,3,1,"75,411"
Private Equity Round - Sage Telecom,https://www.crunchbase.com/funding_round/sage-telecom-private-equity--9370c7d5,Sage Telecom,https://www.crunchbase.com/organization/sage-telecom,Private Equity,"$30,000,000","Oct 31, 2002",Private Equity,,Yes,1,1,"75,445"
Series C - RiskIQ,https://www.crunchbase.com/funding_round/riskiq-series-c--a20788d2,RiskIQ,https://www.crunchbase.com/organization/riskiq,Series C,"$30,500,000","Nov 10, 2016",Late Stage Venture,,Yes,4,2,"79,536"
Private Equity Round - Logisticare,https://www.crunchbase.com/funding_round/logisticare-private-equity--920af313,Logisticare,https://www.crunchbase.com/organization/logisticare,Private Equity,,"May 28, 2004",Private Equity,,Yes,1,,"80,476"
Private Equity Round - ABILITY Network,https://www.crunchbase.com/funding_round/ability-network-private-equity--9d34e0f1,ABILITY Network,https://www.crunchbase.com/organization/ability-network,Private Equity,"$550,000,000","Apr 7, 2014",Private Equity,,Yes,1,,"80,627"
Venture Round - MIND C.T.I. Ltd,https://www.crunchbase.com/funding_round/mind-c-t-i-ltd-series-unknown--16e250fb,MIND C.T.I. Ltd,https://www.crunchbase.com/organization/mind-c-t-i-ltd,Venture - Series Unknown,"$15,000,000","Apr 6, 2000",,,Yes,1,,"83,801"
Private Equity Round - PSC Info Group,https://www.crunchbase.com/funding_round/psc-info-group-private-equity--2cdca069,PSC Info Group,https://www.crunchbase.com/organization/psc-info-group,Private Equity,,"Jul 31, 2002",Private Equity,,Yes,1,,"86,238"
Private Equity Round - Access Information Management,https://www.crunchbase.com/funding_round/access-information-management-private-equity--b9e0a9a2,Access Information Management,https://www.crunchbase.com/organization/access-information-management,Private Equity,,"Sep 7, 2011",Private Equity,,Yes,1,,"87,846"
Private Equity Round - LiveOffice,https://www.crunchbase.com/funding_round/liveoffice-private-equity--f00c0745,LiveOffice,https://www.crunchbase.com/organization/liveoffice,Private Equity,,"Jun 12, 2007",Private Equity,,Yes,1,,"88,188"
Private Equity Round - ApoCell,https://www.crunchbase.com/funding_round/apocell-private-equity--4c4d4d8a,ApoCell,https://www.crunchbase.com/organization/apocell,Private Equity,,"Sep 16, 2009",Private Equity,,Yes,1,,"91,707"
Series D - Clarabridge,https://www.crunchbase.com/funding_round/clarabridge-series-d--65493db0,Clarabridge,https://www.crunchbase.com/organization/clarabridge,Series D,"$80,000,000","Sep 10, 2013",Late Stage Venture,,Yes,3,1,"98,544"
Private Equity Round - Bigpoint,https://www.crunchbase.com/funding_round/bigpoint-private-equity--2bbc7816,Bigpoint,https://www.crunchbase.com/organization/bigpoint,Private Equity,"$350,000,000","Apr 26, 2011",Private Equity,"$250,000,000",Yes,2,2,"122,549"
Private Equity Round - Lamoda,https://www.crunchbase.com/funding_round/lamoda-private-equity--bc06fb3d,Lamoda,https://www.crunchbase.com/organization/lamoda,Private Equity,"$130,000,000","Jun 10, 2013",Private Equity,,Yes,3,,"99,753"
Private Equity Round - SafeBoot,https://www.crunchbase.com/funding_round/safeboot-private-equity--332a718d,SafeBoot,https://www.crunchbase.com/organization/safeboot,Private Equity,,"Oct 31, 2005",Private Equity,,Yes,1,,"99,937"
Series C - Rapt,https://www.crunchbase.com/funding_round/rapt-series-c--2ed3c79e,Rapt,https://www.crunchbase.com/organization/rapt,Series C,"$9,000,000","Jul 30, 2002",Late Stage Venture,,Yes,4,,"100,114"
Series C - Accedian Networks,https://www.crunchbase.com/funding_round/accedian-networks-series-c--2a4d8b67,Accedian Networks,https://www.crunchbase.com/organization/accedian-networks,Series C,"$19,500,000","Aug 4, 2010",Late Stage Venture,,Yes,3,2,"100,232"
Private Equity Round - AvePoint,https://www.crunchbase.com/funding_round/avepoint-private-equity--16f17b8b,AvePoint,https://www.crunchbase.com/organization/avepoint,Private Equity,,"Nov 8, 2006",Private Equity,,Yes,1,,"102,239"
Private Equity Round - PeopleAdmin,https://www.crunchbase.com/funding_round/peopleadmin-private-equity--8a704364,PeopleAdmin,https://www.crunchbase.com/organization/peopleadmin,Private Equity,,"Sep 8, 2008",Private Equity,,Yes,1,,"104,745"
Private Equity Round - Burst Media,https://www.crunchbase.com/funding_round/burstmedia-private-equity--5cd92d6c,Burst Media,https://www.crunchbase.com/organization/burstmedia,Private Equity,"$15,000,000","Feb 1, 2000",Private Equity,,Yes,1,,"123,197"
Series A - Casa Systems,https://www.crunchbase.com/funding_round/casa-systems-series-a--62194fe2,Casa Systems,https://www.crunchbase.com/organization/casa-systems,Series A,"$96,460,318","May 10, 2010",Early Stage Venture,,Yes,1,2,"114,861"
Private Equity Round - PowerSmart,https://www.crunchbase.com/funding_round/powersmart-private-equity--b0fc1766,PowerSmart,https://www.crunchbase.com/organization/powersmart,Private Equity,,"Oct 18, 2000",Private Equity,,Yes,3,,"115,903"
Series D - Visier,https://www.crunchbase.com/funding_round/visier-series-d--1711a0d2,Visier,https://www.crunchbase.com/organization/visier,Series D,"$45,000,000","Mar 15, 2017",Late Stage Venture,,Yes,5,3,"116,354"
Series C - Darktrace,https://www.crunchbase.com/funding_round/darktrace-series-c--0b54e0c4,Darktrace,https://www.crunchbase.com/organization/darktrace,Series C,"$64,000,000","Jul 5, 2016",Late Stage Venture,"$336,000,000",Yes,5,4,"116,456"
Private Equity Round - Jamba!,https://www.crunchbase.com/funding_round/jamba-2-private-equity--8d5b1b73,Jamba!,https://www.crunchbase.com/organization/jamba-2,Private Equity,,"Sep 4, 2003",Private Equity,,Yes,1,,"116,801"
Venture Round - Ascentis,https://www.crunchbase.com/funding_round/ascentis-series-unknown--da9fc7c2,Ascentis,https://www.crunchbase.com/organization/ascentis,Venture - Series Unknown,,"Mar 22, 2017",,,Yes,1,,"124,011"
Private Equity Round - Acturis,https://www.crunchbase.com/funding_round/acturis-private-equity--1ebba703,Acturis,https://www.crunchbase.com/organization/acturis,Private Equity,,"Jun 28, 2010",Private Equity,,Yes,1,,"116,927"
Series C - Visier,https://www.crunchbase.com/funding_round/visier-series-c--d4e54a6f,Visier,https://www.crunchbase.com/organization/visier,Series C,"$25,500,000","Jun 10, 2014",Late Stage Venture,,Yes,3,2,"130,360"
Private Equity Round - Welltec International,https://www.crunchbase.com/funding_round/welltec-international-private-equity--6e4a4eb6,Welltec International,https://www.crunchbase.com/organization/welltec-international,Private Equity,,"Jul 27, 2007",Private Equity,,Yes,1,,"117,854"
Private Equity Round - Anesthetix Holdings,https://www.crunchbase.com/funding_round/anesthetix-holdings-private-equity--9d8ceeb2,Anesthetix Holdings,https://www.crunchbase.com/organization/anesthetix-holdings,Private Equity,,"Sep 7, 2006",Private Equity,,Yes,1,,"118,815"
Private Equity Round - WestWing,https://www.crunchbase.com/funding_round/westwing-private-equity--60875b20,WestWing,https://www.crunchbase.com/organization/westwing,Private Equity,"$50,000,000","Jun 8, 2012",Private Equity,,Yes,5,1,"132,391"
Private Equity Round - Tippmann Sports,https://www.crunchbase.com/funding_round/tippmann-sports-private-equity--519eff0a,Tippmann Sports,https://www.crunchbase.com/organization/tippmann-sports,Private Equity,,"Jun 24, 2004",Private Equity,,Yes,1,,"72,203"
Venture Round - NetBrain Technologies,https://www.crunchbase.com/funding_round/netbrain-technologies-series-unknown--c0e8620e,NetBrain Technologies,https://www.crunchbase.com/organization/netbrain-technologies,Venture - Series Unknown,"$30,000,000","Apr 16, 2014",,,Yes,1,1,"125,292"
Private Equity Round - Fortegra Financial,https://www.crunchbase.com/funding_round/fortegra-financial-private-equity--88b41b25,Fortegra Financial,https://www.crunchbase.com/organization/fortegra-financial,Private Equity,,"Jun 20, 2007",Private Equity,,Yes,1,,"73,439"
Venture Round - ProClarity,https://www.crunchbase.com/funding_round/proclarity-series-unknown--7a3f06c3,ProClarity,https://www.crunchbase.com/organization/proclarity,Venture - Series Unknown,"$7,750,000","Jul 9, 2002",,,Yes,1,1,"127,304"
Series D - Modernizing Medicine,https://www.crunchbase.com/funding_round/modernizing-medicine-series-d--1f1f744a,Modernizing Medicine,https://www.crunchbase.com/organization/modernizing-medicine,Series D,"$15,000,000","Nov 11, 2014",Late Stage Venture,,Yes,2,1,"128,461"
Series A - TSheets,https://www.crunchbase.com/funding_round/tsheets-series-a--17e1945d,TSheets,https://www.crunchbase.com/organization/tsheets,Series A,"$15,000,000","Oct 5, 2015",Early Stage Venture,,Yes,1,,"129,383"
Private Equity Round - Answers Corporation,https://www.crunchbase.com/funding_round/answers-private-equity--7fa4caea,Answers Corporation,https://www.crunchbase.com/organization/answers,Private Equity,"$300,000,000","Dec 23, 2013",Private Equity,,Yes,3,1,"147,265"
Private Equity Round - QuietStream Financial,https://www.crunchbase.com/funding_round/quietstream-financial-private-equity--cde958d6,QuietStream Financial,https://www.crunchbase.com/organization/quietstream-financial,Private Equity,,"Feb 10, 2006",Private Equity,,Yes,1,,"147,657"
Series C - Dafiti,https://www.crunchbase.com/funding_round/dafiti-series-c--591a89dd,Dafiti,https://www.crunchbase.com/organization/dafiti,Series C,"$65,000,000","Dec 10, 2012",Late Stage Venture,,Yes,3,,"149,875"
Private Equity Round - Linio,https://www.crunchbase.com/funding_round/linio-private-equity--b8d76a1d,Linio,https://www.crunchbase.com/organization/linio,Private Equity,"$50,000,000","Nov 5, 2013",Private Equity,,Yes,6,1,"153,261"
