Transaction Name,Transaction Name URL,Organization Name,Organization Name URL,Funding Type,Money Raised,Announced Date,Funding Stage,Pre-Money Valuation,Equity Only Funding,Number of Investors,Number of Partner Investors,CB Rank (Funding Round)
Series C - Doctor On Demand,https://www.crunchbase.com/funding_round/doctor-on-demand-series-c--74dc7611,Doctor On Demand,https://www.crunchbase.com/organization/doctor-on-demand,Series C,"$74,000,000","Apr 25, 2018",Late Stage Venture,,Yes,11,,60
Series A - Suplari,https://www.crunchbase.com/funding_round/suplari-series-a--ddf97767,Suplari,https://www.crunchbase.com/organization/suplari,Series A,"$10,300,000","Apr 5, 2018",Early Stage Venture,,Yes,5,1,137
Series D - Turo,https://www.crunchbase.com/funding_round/turo-series-d--9ed29d47,Turo,https://www.crunchbase.com/organization/turo,Series D,"$104,000,000","Sep 6, 2017",Late Stage Venture,,Yes,12,4,551
Series A - Atrium LTS,https://www.crunchbase.com/funding_round/atrium-lts-series-a--8f3868a1,Atrium LTS,https://www.crunchbase.com/organization/atrium-lts,Series A,"$10,500,000","Jun 15, 2017",Early Stage Venture,,Yes,91,6,841
Seed Round - Umuse,https://www.crunchbase.com/funding_round/umuse-seed--a7520a9c,Umuse,https://www.crunchbase.com/organization/umuse,Seed,"$5,000,000","Mar 21, 2018",Seed,,Yes,3,,869
Series B - Fetch Robotics,https://www.crunchbase.com/funding_round/fetch-robotics-series-b--44acfee5,Fetch Robotics,https://www.crunchbase.com/organization/fetch-robotics,Series B,"$25,000,000","Dec 6, 2017",Early Stage Venture,,Yes,4,1,"1,129"
Series A - Skilljar,https://www.crunchbase.com/funding_round/skilljar-series-a--bd9acc4b,Skilljar,https://www.crunchbase.com/organization/skilljar,Series A,"$16,400,000","Mar 14, 2018",Early Stage Venture,,Yes,3,1,"1,433"
Series A - Airspace Systems Inc.,https://www.crunchbase.com/funding_round/defense-labs-series-a--470fb836,Airspace Systems Inc.,https://www.crunchbase.com/organization/defense-labs,Series A,"$20,000,000","Mar 12, 2018",Early Stage Venture,,Yes,5,1,"1,442"
Seed Round - Camera IQ,https://www.crunchbase.com/funding_round/camera-iq-seed--56727e73,Camera IQ,https://www.crunchbase.com/organization/camera-iq,Seed,"$2,000,000","Mar 6, 2018",Seed,,Yes,8,1,"1,950"
Series A - Starsky Robotics,https://www.crunchbase.com/funding_round/starsky-robotics-series-a--e1f730c7,Starsky Robotics,https://www.crunchbase.com/organization/starsky-robotics,Series A,"$16,500,000","Mar 8, 2018",Early Stage Venture,,Yes,1,1,"2,750"
Series A - 8th Wall,https://www.crunchbase.com/funding_round/8th-wall-series-a--259bc288,8th Wall,https://www.crunchbase.com/organization/8th-wall,Series A,"$8,000,000","Feb 6, 2018",Early Stage Venture,,Yes,4,1,"2,943"
Seed Round - Elroy Air,https://www.crunchbase.com/funding_round/elroy-air-seed--13f311e0,Elroy Air,https://www.crunchbase.com/organization/elroy-air,Seed,"$4,600,000","Dec 22, 2017",Seed,,Yes,7,,"3,064"
Seed Round - Analytical Space,https://www.crunchbase.com/funding_round/analytical-space-inc-seed--0e18c57e,Analytical Space,https://www.crunchbase.com/organization/analytical-space-inc,Seed,"$3,500,000","Sep 25, 2017",Seed,,Yes,9,3,"3,140"
Seed Round - Cover,https://www.crunchbase.com/funding_round/cover-5-seed--5d190423,Cover,https://www.crunchbase.com/organization/cover-5,Seed,"$3,000,000","Mar 1, 2016",Seed,,Yes,13,1,"3,405"
Series A - SendBird,https://www.crunchbase.com/funding_round/sendbird-series-a--37031b6b,SendBird,https://www.crunchbase.com/organization/sendbird,Series A,"$16,000,000","Dec 19, 2017",Early Stage Venture,,Yes,4,3,"3,572"
Series D - Leanplum,https://www.crunchbase.com/funding_round/leanplum-series-d--dcf824b6,Leanplum,https://www.crunchbase.com/organization/leanplum,Series D,"$47,000,000","Nov 8, 2017",Late Stage Venture,,Yes,4,1,"3,747"
Series A - Scalyr,https://www.crunchbase.com/funding_round/scalyr-series-a--5b14ef99,Scalyr,https://www.crunchbase.com/organization/scalyr,Series A,"$20,000,000","Nov 20, 2017",Early Stage Venture,"$8,000,000",Yes,4,1,"3,807"
Seed Round - Macrometa,https://www.crunchbase.com/funding_round/macrometa-seed--8d78a040,Macrometa,https://www.crunchbase.com/organization/macrometa,Seed,"$850,000","Dec 1, 2017",Seed,,Yes,5,3,"4,261"
Seed Round - Canva,https://www.crunchbase.com/funding_round/canva-seed--1bed1152,Canva,https://www.crunchbase.com/organization/canva,Seed,"$6,600,000","Mar 19, 2013",Seed,,Yes,14,5,"4,312"
Seed Round - RosieReality,https://www.crunchbase.com/funding_round/rosiereality-seed--382c5a54,RosieReality,https://www.crunchbase.com/organization/rosiereality,Seed,"$700,000","Jan 8, 2018",Seed,,Yes,4,,"4,436"
Seed Round - Second Measure,https://www.crunchbase.com/funding_round/second-measure-seed--656617c8,Second Measure,https://www.crunchbase.com/organization/second-measure,Seed,"$5,400,000","Apr 5, 2016",Seed,,Yes,26,2,"4,511"
Series D - Glint,https://www.crunchbase.com/funding_round/glint-series-d--e3f7d52a,Glint,https://www.crunchbase.com/organization/glint,Series D,"$20,000,000","Nov 2, 2017",Late Stage Venture,,Yes,4,1,"6,401"
Series B - Frame.io,https://www.crunchbase.com/funding_round/frame-io-series-b--e03038cd,Frame.io,https://www.crunchbase.com/organization/frame-io,Series B,"$20,000,000","Oct 2, 2017",Early Stage Venture,,Yes,4,1,"6,535"
Seed Round - Camera IQ,https://www.crunchbase.com/funding_round/camera-iq-seed--66f9cf52,Camera IQ,https://www.crunchbase.com/organization/camera-iq,Seed,"$2,300,000","Sep 12, 2017",Seed,"$1,000,000",Yes,5,2,"6,746"
Seed Round - PolySync Technologies,https://www.crunchbase.com/funding_round/polysync-technologies-seed--509d20b2,PolySync Technologies,https://www.crunchbase.com/organization/polysync-technologies,Seed,,"Sep 1, 2016",Seed,,Yes,7,2,"8,244"
Series A - Stealth Security,https://www.crunchbase.com/funding_round/stealth-security-series-a--e68e6718,Stealth Security,https://www.crunchbase.com/organization/stealth-security,Series A,"$8,000,000","Feb 14, 2018",Early Stage Venture,"$4,500,000",Yes,1,,"9,325"
Series A - People.ai,https://www.crunchbase.com/funding_round/people-ai-series-a--7a4dabbe,People.ai,https://www.crunchbase.com/organization/people-ai,Series A,"$7,000,000","May 30, 2017",Early Stage Venture,,Yes,8,2,"9,619"
Series D - Lightbend,https://www.crunchbase.com/funding_round/typesafe-series-d--8cca5ecd,Lightbend,https://www.crunchbase.com/organization/typesafe,Series D,"$15,000,000","Jul 12, 2017",Late Stage Venture,,Yes,7,3,"10,903"
Series A - Vector Space,https://www.crunchbase.com/funding_round/vector-space-series-a--bd0e71b9,Vector Space,https://www.crunchbase.com/organization/vector-space,Series A,"$21,000,000","Jun 29, 2017",Early Stage Venture,,Yes,4,1,"18,824"
Seed Round - SnapStrat Inc.,https://www.crunchbase.com/funding_round/snapstrat-inc-seed--22e45073,SnapStrat Inc.,https://www.crunchbase.com/organization/snapstrat-inc,Seed,,"Feb 1, 2018",Seed,,Yes,1,,"19,286"
Series F - Zuora,https://www.crunchbase.com/funding_round/zuora-series-f--fd20960c,Zuora,https://www.crunchbase.com/organization/zuora,Series F,"$115,000,000","Mar 11, 2015",Late Stage Venture,"$1,085,000,000",Yes,14,7,"22,018"
Series B - data.world,https://www.crunchbase.com/funding_round/data-world-series-b--e8d3ac63,data.world,https://www.crunchbase.com/organization/data-world,Series B,"$18,700,000","Feb 21, 2017",Early Stage Venture,,Yes,8,1,"24,787"
Series B - Lightbend,https://www.crunchbase.com/funding_round/typesafe-series-b--3d87d2b9,Lightbend,https://www.crunchbase.com/organization/typesafe,Series B,"$14,000,000","Aug 22, 2012",Early Stage Venture,,Yes,5,1,"25,606"
Series A - Mint,https://www.crunchbase.com/funding_round/haveamint-series-a--9c77e884,Mint,https://www.crunchbase.com/organization/haveamint,Series A,"$4,700,000","Oct 16, 2007",Early Stage Venture,,Yes,8,4,"26,287"
Series B - Gowalla,https://www.crunchbase.com/funding_round/gowalla-series-b--61068145,Gowalla,https://www.crunchbase.com/organization/gowalla,Series B,"$8,294,999","Dec 9, 2009",Early Stage Venture,,Yes,9,3,"26,396"
Series F - Mocana,https://www.crunchbase.com/funding_round/mocana-series-f--a051d002,Mocana,https://www.crunchbase.com/organization/mocana,Series F,"$11,000,000","May 16, 2017",Late Stage Venture,,Yes,4,5,"28,033"
Series B - Zuora,https://www.crunchbase.com/funding_round/zuora-series-b--caca3a1c,Zuora,https://www.crunchbase.com/organization/zuora,Series B,"$15,000,000","Oct 28, 2008",Early Stage Venture,,Yes,4,2,"30,349"
Series A - Nextdoor,https://www.crunchbase.com/funding_round/nextdoor-series-a--08941de9,Nextdoor,https://www.crunchbase.com/organization/nextdoor,Series A,"$18,600,000","Jul 24, 2012",Early Stage Venture,,Yes,7,3,"30,691"
Series D - Nextdoor,https://www.crunchbase.com/funding_round/nextdoor-series-d--6df06c7a,Nextdoor,https://www.crunchbase.com/organization/nextdoor,Series D,"$110,000,000","Mar 3, 2015",Late Stage Venture,"$1,000,000,000",Yes,13,11,"30,684"
Series D - Stance,https://www.crunchbase.com/funding_round/stance-series-d--54c6c6c2,Stance,https://www.crunchbase.com/organization/stance,Series D,"$30,000,000","Apr 28, 2016",Late Stage Venture,,Yes,7,7,"31,143"
Series B - Highspot,https://www.crunchbase.com/funding_round/highspot-2-series-b--bad3b745,Highspot,https://www.crunchbase.com/organization/highspot-2,Series B,"$15,000,000","Jun 15, 2017",Early Stage Venture,,Yes,3,1,"31,377"
Series B - Anaplan,https://www.crunchbase.com/funding_round/anaplan-series-b--09941b72,Anaplan,https://www.crunchbase.com/organization/anaplan,Series B,"$11,400,000","Jan 19, 2012",Early Stage Venture,,Yes,3,2,"32,981"
Series A - Beautiful.AI,https://www.crunchbase.com/funding_round/beautiful-ai-series-a--c1b38292,Beautiful.AI,https://www.crunchbase.com/organization/beautiful-ai,Series A,"$5,000,000","Feb 6, 2018",Early Stage Venture,,Yes,2,,"34,163"
Series C - Entelo,https://www.crunchbase.com/funding_round/entelo-series-c--fc00e2ab,Entelo,https://www.crunchbase.com/organization/entelo,Series C,"$20,000,000","Jun 15, 2017",Late Stage Venture,,Yes,4,1,"34,537"
Series A - Marketcetera,https://www.crunchbase.com/funding_round/marketcetera-series-a--8ccf48f8,Marketcetera,https://www.crunchbase.com/organization/marketcetera,Series A,"$4,000,000","Jun 5, 2008",Early Stage Venture,,Yes,2,1,"38,124"
Series A - Neumob,https://www.crunchbase.com/funding_round/neumob-series-a--116e7d17,Neumob,https://www.crunchbase.com/organization/neumob,Series A,"$8,500,000","Oct 1, 2015",Early Stage Venture,,Yes,7,8,"38,697"
Series B - ZEFR,https://www.crunchbase.com/funding_round/zefr-series-b--70c6a5a5,ZEFR,https://www.crunchbase.com/organization/zefr,Series B,"$7,000,000","Jul 9, 2011",Early Stage Venture,,Yes,9,5,"38,771"
Series A - ZEFR,https://www.crunchbase.com/funding_round/zefr-series-a--e8d3888e,ZEFR,https://www.crunchbase.com/organization/zefr,Series A,"$3,000,000","Nov 9, 2010",Early Stage Venture,,Yes,7,4,"38,895"
Seed Round - Spire,https://www.crunchbase.com/funding_round/spire-seed--2fa9f7f2,Spire,https://www.crunchbase.com/organization/spire,Seed,"$1,200,000","Feb 7, 2013",Seed,,Yes,5,,"38,951"
Series B - Path,https://www.crunchbase.com/funding_round/path-series-b--e5ecaa9c,Path,https://www.crunchbase.com/organization/path,Series B,"$30,000,000","Apr 16, 2012",Early Stage Venture,"$220,000,000",Yes,8,5,"39,222"
Series C - Lithium Technologies,https://www.crunchbase.com/funding_round/lithiumtechnologies-series-c--11db28f4,Lithium Technologies,https://www.crunchbase.com/organization/lithiumtechnologies,Series C,"$27,250,012","Dec 1, 2009",Late Stage Venture,,Yes,6,4,"39,592"
Venture Round - Canva,https://www.crunchbase.com/funding_round/canva-series-unknown--856b4940,Canva,https://www.crunchbase.com/organization/canva,Venture - Series Unknown,"$6,000,000","Apr 3, 2015",,,Yes,5,3,"42,052"
Series A - The Farmer's Dog,https://www.crunchbase.com/funding_round/the-farmer-s-dog-series-a--5e902851,The Farmer's Dog,https://www.crunchbase.com/organization/the-farmer-s-dog,Series A,"$8,100,000","May 18, 2017",Early Stage Venture,,Yes,4,2,"46,333"
Series A - Turo,https://www.crunchbase.com/funding_round/turo-series-a--74096623,Turo,https://www.crunchbase.com/organization/turo,Series A,"$1,250,000","Jun 7, 2011",Early Stage Venture,,Yes,4,2,"47,212"
Series B - eero,https://www.crunchbase.com/funding_round/eero-series-b--b3147cd7,eero,https://www.crunchbase.com/organization/eero,Series B,"$50,000,000","May 25, 2016",Early Stage Venture,,Yes,8,4,"49,075"
Series H - Smule,https://www.crunchbase.com/funding_round/smule-series-h--891272a7,Smule,https://www.crunchbase.com/organization/smule,Series H,"$54,000,000","May 8, 2017",Late Stage Venture,"$550,000,000",Yes,6,3,"49,240"
Series C - TigerText,https://www.crunchbase.com/funding_round/tigertext-series-c--a04fa801,TigerText,https://www.crunchbase.com/organization/tigertext,Series C,"$50,000,000","Nov 12, 2015",Late Stage Venture,,Yes,7,2,"49,668"
Seed Round - Plethora,https://www.crunchbase.com/funding_round/plethora-2-seed--e962782b,Plethora,https://www.crunchbase.com/organization/plethora-2,Seed,"$1,600,000","Oct 13, 2013",Seed,,Yes,13,,"50,835"
Series C - ShareThis,https://www.crunchbase.com/funding_round/sharethis-series-c--e8329bb4,ShareThis,https://www.crunchbase.com/organization/sharethis,Series C,"$23,000,000","Mar 20, 2013",Late Stage Venture,,Yes,12,4,"51,866"
Seed Round - Airspace Systems Inc.,https://www.crunchbase.com/funding_round/defense-labs-seed--84b5b808,Airspace Systems Inc.,https://www.crunchbase.com/organization/defense-labs,Seed,"$5,000,000","Nov 18, 2016",Seed,,Yes,6,1,"51,971"
Series A - Deep Sentinel,https://www.crunchbase.com/funding_round/deep-sentinel-series-a--61f5edbf,Deep Sentinel,https://www.crunchbase.com/organization/deep-sentinel,Series A,"$7,400,000","Apr 28, 2017",Early Stage Venture,,Yes,4,1,"52,288"
Seed Round - Starship Technologies,https://www.crunchbase.com/funding_round/starship-technologies-seed--f17a2414,Starship Technologies,https://www.crunchbase.com/organization/starship-technologies,Seed,"$17,200,000","Jan 12, 2017",Seed,,Yes,8,2,"54,239"
Series C - ZEFR,https://www.crunchbase.com/funding_round/zefr-series-c--cf1564f9,ZEFR,https://www.crunchbase.com/organization/zefr,Series C,"$18,500,000","Aug 15, 2012",Late Stage Venture,,Yes,6,7,"154,665"
Series A - LeanData,https://www.crunchbase.com/funding_round/leandata-series-a--1fa6e38d,LeanData,https://www.crunchbase.com/organization/leandata,Series A,"$5,100,000","Mar 19, 2014",Early Stage Venture,,Yes,4,3,"155,184"
Series A - Tally Technologies,https://www.crunchbase.com/funding_round/tally-technologies-series-a--7a82da8a,Tally Technologies,https://www.crunchbase.com/organization/tally-technologies,Series A,"$15,000,000","May 19, 2016",Early Stage Venture,,Yes,4,4,"155,611"
Convertible Note - HubLogix,https://www.crunchbase.com/funding_round/hublogix-convertible-note--bfffb704,HubLogix,https://www.crunchbase.com/organization/hublogix,Convertible Note,,"Dec 24, 2014",,,No,7,,"156,406"
Series C - ShareThis,https://www.crunchbase.com/funding_round/sharethis-series-c--1582f39b,ShareThis,https://www.crunchbase.com/organization/sharethis,Series C,"$9,000,000","Sep 29, 2014",Late Stage Venture,,Yes,8,3,"156,575"
Series C - Poppin,https://www.crunchbase.com/funding_round/poppin-series-c--244ff0e8,Poppin,https://www.crunchbase.com/organization/poppin,Series C,,"May 21, 2015",Late Stage Venture,,Yes,2,1,"157,953"
Series B - CloudPassage,https://www.crunchbase.com/funding_round/cloudpassage-series-b--1905ee12,CloudPassage,https://www.crunchbase.com/organization/cloudpassage,Series B,"$7,000,000","Feb 25, 2013",Early Stage Venture,,Yes,1,1,"164,614"
Series D - Flock,https://www.crunchbase.com/funding_round/flock-series-d--2c3d3e8d,Flock,https://www.crunchbase.com/organization/flock,Series D,"$15,000,000","May 22, 2008",Late Stage Venture,,Yes,4,,"165,460"
Series C - Survios,https://www.crunchbase.com/funding_round/survios-series-c--1dff3fdd,Survios,https://www.crunchbase.com/organization/survios,Series C,"$50,000,000","Dec 13, 2016",Late Stage Venture,,Yes,8,5,"165,918"
Series A - LearnUp,https://www.crunchbase.com/funding_round/learnup-series-a--f0df3656,LearnUp,https://www.crunchbase.com/organization/learnup,Series A,"$8,000,000","Sep 16, 2015",Early Stage Venture,,Yes,5,1,"166,998"
Series C - TaskRabbit,https://www.crunchbase.com/funding_round/taskrabbit-series-c--3c4df85a,TaskRabbit,https://www.crunchbase.com/organization/taskrabbit,Series C,"$13,000,000","Jul 23, 2012",Late Stage Venture,,Yes,6,4,"168,041"
Series B - Adometry By Google,https://www.crunchbase.com/funding_round/adometry-series-b--83a52a38,Adometry By Google,https://www.crunchbase.com/organization/adometry,Series B,"$10,025,000","Mar 7, 2008",Early Stage Venture,,Yes,3,2,"170,262"
Series E - Zuora,https://www.crunchbase.com/funding_round/zuora-series-e--c723553b,Zuora,https://www.crunchbase.com/organization/zuora,Series E,"$50,000,000","Sep 5, 2013",Late Stage Venture,,Yes,10,7,"170,838"
Series D - Lucidworks,https://www.crunchbase.com/funding_round/lucidworks-series-d--b5beeb1b,Lucidworks,https://www.crunchbase.com/organization/lucidworks,Series D,"$21,000,000","Nov 18, 2015",Late Stage Venture,,Yes,3,2,"174,750"
Private Equity Round - Lucidworks,https://www.crunchbase.com/funding_round/lucidworks-private-equity--610eb761,Lucidworks,https://www.crunchbase.com/organization/lucidworks,Private Equity,"$5,999,999","Feb 3, 2012",Private Equity,,Yes,3,2,"175,442"
Series B - SpiderCloud Wireless,https://www.crunchbase.com/funding_round/spidercloud-wireless-series-b--75b6dc54,SpiderCloud Wireless,https://www.crunchbase.com/organization/spidercloud-wireless,Series B,"$24,999,998","Feb 1, 2010",Early Stage Venture,,Yes,4,3,"175,558"
Series B - Luminate,https://www.crunchbase.com/funding_round/luminate-series-b--8bac3e58,Luminate,https://www.crunchbase.com/organization/luminate,Series B,"$12,000,000","Jul 18, 2010",Early Stage Venture,,Yes,4,2,"176,377"
Series A - Turo,https://www.crunchbase.com/funding_round/turo-series-a--5f5857b8,Turo,https://www.crunchbase.com/organization/turo,Series A,,"Jan 23, 2013",Early Stage Venture,,Yes,4,2,"176,857"
Series D - Spiceworks,https://www.crunchbase.com/funding_round/spiceworks-series-d--bc87a486,Spiceworks,https://www.crunchbase.com/organization/spiceworks,Series D,"$25,000,000","Apr 28, 2011",Late Stage Venture,,Yes,5,4,"176,906"
Series A - VoloMetrix,https://www.crunchbase.com/funding_round/volometrix-series-a--4fb1cefb,VoloMetrix,https://www.crunchbase.com/organization/volometrix,Series A,"$3,300,000","Apr 24, 2013",Early Stage Venture,,Yes,2,1,"176,941"
Series A - Arch Rock Corporation,https://www.crunchbase.com/funding_round/arch-rock-corporationarch-rock-corporation-series-a--fb233aa2,Arch Rock Corporation,https://www.crunchbase.com/organization/arch-rock-corporationarch-rock-corporation,Series A,"$5,000,000","Oct 1, 2005",Early Stage Venture,,Yes,3,1,"177,225"
Series B - Boomerang Commerce,https://www.crunchbase.com/funding_round/boomerang-commerce-series-b--88c41d27,Boomerang Commerce,https://www.crunchbase.com/organization/boomerang-commerce,Series B,"$12,000,000","Jan 14, 2016",Early Stage Venture,,Yes,3,3,"177,432"
Series A - Pearl,https://www.crunchbase.com/funding_round/pearl-7-series-a--ca8dfa2e,Pearl,https://www.crunchbase.com/organization/pearl-7,Series A,"$50,000,000","Jun 21, 2016",Early Stage Venture,,Yes,4,2,"178,762"
Series A - Resilinc,https://www.crunchbase.com/funding_round/resilinc-series-a--e015f70a,Resilinc,https://www.crunchbase.com/organization/resilinc,Series A,"$8,000,000","Feb 2, 2014",Early Stage Venture,,Yes,3,3,"179,034"
Series A - Uptake,https://www.crunchbase.com/funding_round/uptake-series-a--b768b76a,Uptake,https://www.crunchbase.com/organization/uptake,Series A,"$3,000,000","Dec 18, 2007",Early Stage Venture,,Yes,2,,"179,710"
Series B - Logoworks,https://www.crunchbase.com/funding_round/logoworks-series-b--5fd866c6,Logoworks,https://www.crunchbase.com/organization/logoworks,Series B,"$9,300,000","Jun 20, 2005",Early Stage Venture,,Yes,2,2,"179,780"
Series B - Doctor On Demand,https://www.crunchbase.com/funding_round/doctor-on-demand-series-b--f3e0bb0e,Doctor On Demand,https://www.crunchbase.com/organization/doctor-on-demand,Series B,"$62,749,919","Jul 20, 2015",Early Stage Venture,,Yes,12,8,"180,026"
Series B - Needle,https://www.crunchbase.com/funding_round/needle-series-b--2f0f2c4d,Needle,https://www.crunchbase.com/organization/needle,Series B,"$10,500,000","Jul 2, 2012",Early Stage Venture,,Yes,3,2,"55,651"
Series A - SlamData,https://www.crunchbase.com/funding_round/slamdata-series-a--762beca4,SlamData,https://www.crunchbase.com/organization/slamdata,Series A,"$6,700,000","Feb 22, 2017",Early Stage Venture,,Yes,6,2,"56,015"
Series A - WonderHill,https://www.crunchbase.com/funding_round/wonderhill-series-a--9fc6d44a,WonderHill,https://www.crunchbase.com/organization/wonderhill,Series A,"$7,000,000","May 6, 2009",Early Stage Venture,,Yes,3,1,"114,454"
Series A - TaskRabbit,https://www.crunchbase.com/funding_round/taskrabbit-series-a--c4f64249,TaskRabbit,https://www.crunchbase.com/organization/taskrabbit,Series A,"$5,000,000","May 4, 2011",Early Stage Venture,,Yes,7,3,"115,337"
Series A - Doctor On Demand,https://www.crunchbase.com/funding_round/doctor-on-demand-series-a--39ca117d,Doctor On Demand,https://www.crunchbase.com/organization/doctor-on-demand,Series A,"$21,000,000","Aug 6, 2014",Early Stage Venture,,Yes,4,4,"115,680"
Series A - Fetch Robotics,https://www.crunchbase.com/funding_round/fetch-robotics-series-a--e4acdcd2,Fetch Robotics,https://www.crunchbase.com/organization/fetch-robotics,Series A,"$20,000,000","Jun 17, 2015",Early Stage Venture,,Yes,3,3,"126,550"
Venture Round - Digital Air Strike,https://www.crunchbase.com/funding_round/digital-air-strike-series-unknown--48fd6808,Digital Air Strike,https://www.crunchbase.com/organization/digital-air-strike,Venture - Series Unknown,"$5,600,000","Oct 26, 2009",,,Yes,4,2,"126,717"
Series C - Turn,https://www.crunchbase.com/funding_round/turn-series-c--562b3f83,Turn,https://www.crunchbase.com/organization/turn,Series C,"$15,000,000","Aug 22, 2008",Late Stage Venture,,Yes,4,3,"127,529"
Series A - TeeBeeDee,https://www.crunchbase.com/funding_round/teebeedee-series-a--02a62ac8,TeeBeeDee,https://www.crunchbase.com/organization/teebeedee,Series A,"$4,800,000","Aug 1, 2007",Early Stage Venture,,Yes,2,,"127,787"
Series D - Eye-Fi,https://www.crunchbase.com/funding_round/eye-fi-series-d--df6dd025,Eye-Fi,https://www.crunchbase.com/organization/eye-fi,Series D,"$20,000,000","Feb 29, 2012",Late Stage Venture,,Yes,4,4,"128,848"
Series A - Plays.tv,https://www.crunchbase.com/funding_round/plays-tv-series-a--8ebcbc20,Plays.tv,https://www.crunchbase.com/organization/plays-tv,Series A,"$15,000,000","Feb 16, 2017",Early Stage Venture,,Yes,7,1,"134,893"
Series A - Bloc,https://www.crunchbase.com/funding_round/bloc-2-series-a--563c8f9f,Bloc,https://www.crunchbase.com/organization/bloc-2,Series A,"$6,000,000","Nov 18, 2014",Early Stage Venture,,Yes,5,2,"138,986"
Series B - Leanplum,https://www.crunchbase.com/funding_round/leanplum-series-b--fd22b825,Leanplum,https://www.crunchbase.com/organization/leanplum,Series B,"$11,600,000","Aug 5, 2015",Early Stage Venture,,Yes,3,1,"139,099"
Series E - Apptio,https://www.crunchbase.com/funding_round/apptio-series-e--6e9f0142,Apptio,https://www.crunchbase.com/organization/apptio,Series E,"$45,000,000","May 15, 2013",Late Stage Venture,,Yes,7,5,"140,529"
Series B - Mochi Media,https://www.crunchbase.com/funding_round/mochimedia-series-b--d794d53c,Mochi Media,https://www.crunchbase.com/organization/mochimedia,Series B,"$10,000,000","Jun 18, 2008",Early Stage Venture,,Yes,3,2,"142,325"
Series B - Nest Labs,https://www.crunchbase.com/funding_round/nest-labs-series-b--16bf70ee,Nest Labs,https://www.crunchbase.com/organization/nest-labs,Series B,,"Aug 1, 2011",Early Stage Venture,,Yes,6,1,"142,544"
Series C - Nextdoor,https://www.crunchbase.com/funding_round/nextdoor-series-c--9623b3b2,Nextdoor,https://www.crunchbase.com/organization/nextdoor,Series C,"$60,000,000","Oct 29, 2013",Late Stage Venture,"$540,000,000",Yes,7,8,"142,547"
Series D - Apptio,https://www.crunchbase.com/funding_round/apptio-series-d--d9de95e4,Apptio,https://www.crunchbase.com/organization/apptio,Series D,"$50,000,000","Mar 15, 2012",Late Stage Venture,,Yes,5,5,"58,293"
Venture Round - WatchDox,https://www.crunchbase.com/funding_round/watchdox-series-unknown--2c6138dc,WatchDox,https://www.crunchbase.com/organization/watchdox,Venture - Series Unknown,"$12,000,000","Jan 29, 2013",,,Yes,4,4,"58,436"
Series C - Flywheel Software,https://www.crunchbase.com/funding_round/flywheel-software-series-c--9d3bfecf,Flywheel Software,https://www.crunchbase.com/organization/flywheel-software,Series C,"$12,000,000","Nov 20, 2014",Late Stage Venture,,Yes,3,2,"142,787"
Series D - CloudPassage,https://www.crunchbase.com/funding_round/cloudpassage-series-d--549389d8,CloudPassage,https://www.crunchbase.com/organization/cloudpassage,Series D,"$35,900,000","Aug 11, 2015",Late Stage Venture,,Yes,7,5,"143,012"
Series C - Whisper,https://www.crunchbase.com/funding_round/whisper-series-c--e3c91c8f,Whisper,https://www.crunchbase.com/organization/whisper,Series C,"$36,000,000","May 19, 2014",Late Stage Venture,,Yes,6,3,"143,187"
Seed Round - Doctor On Demand,https://www.crunchbase.com/funding_round/doctor-on-demand-seed--4f25f3cf,Doctor On Demand,https://www.crunchbase.com/organization/doctor-on-demand,Seed,"$3,000,000","Dec 10, 2013",Seed,,Yes,11,3,"60,101"
Seed Round - SlamData,https://www.crunchbase.com/funding_round/slamdata-seed--36fa9444,SlamData,https://www.crunchbase.com/organization/slamdata,Seed,"$3,633,838","Jul 30, 2015",Seed,,Yes,8,2,"145,398"
Series C - Adometry By Google,https://www.crunchbase.com/funding_round/adometry-series-c--271d0c72,Adometry By Google,https://www.crunchbase.com/organization/adometry,Series C,"$6,000,000","Jun 30, 2010",Late Stage Venture,,Yes,4,2,"146,506"
Series B - Roost,https://www.crunchbase.com/funding_round/roost-series-b--0d5bcd48,Roost,https://www.crunchbase.com/organization/roost,Series B,"$8,000,000","Dec 9, 2008",Early Stage Venture,,Yes,4,2,"146,631"
Series B - Timehop,https://www.crunchbase.com/funding_round/timehop-series-b--3716bf36,Timehop,https://www.crunchbase.com/organization/timehop,Series B,"$10,000,000","Jul 22, 2014",Early Stage Venture,,Yes,5,3,"60,347"
Series D - Mocana,https://www.crunchbase.com/funding_round/mocana-series-d--9578fe71,Mocana,https://www.crunchbase.com/organization/mocana,Series D,"$25,000,000","Aug 23, 2012",Late Stage Venture,,Yes,6,3,"87,766"
"Series B - Aviso, Inc.",https://www.crunchbase.com/funding_round/aviso-inc-series-b--813c61aa,"Aviso, Inc.",https://www.crunchbase.com/organization/aviso-inc,Series B,"$8,000,000","Feb 17, 2017",Early Stage Venture,,Yes,3,3,"148,415"
Venture Round - Zenprise,https://www.crunchbase.com/funding_round/zenprise-series-unknown--fc4ba180,Zenprise,https://www.crunchbase.com/organization/zenprise,Venture - Series Unknown,"$10,000,000","Mar 2, 2009",,,Yes,4,3,"148,603"
Seed Round - Outright,https://www.crunchbase.com/funding_round/outright-seed--bd0b1b8e,Outright,https://www.crunchbase.com/organization/outright,Seed,"$2,000,000","Nov 1, 2008",Seed,,Yes,6,2,"148,953"
Series B - Gainspeed,https://www.crunchbase.com/funding_round/gainspeed-series-b--eb14dd3d,Gainspeed,https://www.crunchbase.com/organization/gainspeed,Series B,"$10,000,000","Jan 22, 2014",Early Stage Venture,,Yes,4,3,"149,558"
Series B - Entelo,https://www.crunchbase.com/funding_round/entelo-series-b--7ce97e4b,Entelo,https://www.crunchbase.com/organization/entelo,Series B,"$12,000,000","May 24, 2016",Early Stage Venture,,Yes,2,1,"92,176"
Series B - Tumri,https://www.crunchbase.com/funding_round/tumri-series-b--ed11110f,Tumri,https://www.crunchbase.com/organization/tumri,Series B,"$10,000,000","Jun 1, 2007",Early Stage Venture,,Yes,3,1,"151,198"
Series A - Demdex,https://www.crunchbase.com/funding_round/demdex-series-a--740246ac,Demdex,https://www.crunchbase.com/organization/demdex,Series A,"$6,000,000","May 10, 2010",Early Stage Venture,,Yes,3,3,"92,833"
Seed Round - Dollar Shave Club,https://www.crunchbase.com/funding_round/dollar-shave-club-seed--9c5887e6,Dollar Shave Club,https://www.crunchbase.com/organization/dollar-shave-club,Seed,"$1,000,000","Mar 6, 2012",Seed,,Yes,9,4,"152,241"
Series B - Mocana,https://www.crunchbase.com/funding_round/mocana-series-b--0851227f,Mocana,https://www.crunchbase.com/organization/mocana,Series B,"$7,000,000","May 15, 2008",Early Stage Venture,,Yes,3,2,"152,434"
Series C - Right90,https://www.crunchbase.com/funding_round/right90-series-c--bb434f59,Right90,https://www.crunchbase.com/organization/right90,Series C,"$10,000,000","Sep 23, 2008",Late Stage Venture,,Yes,4,2,"81,702"
Series A - Recurve,https://www.crunchbase.com/funding_round/recurve-series-a--f641332e,Recurve,https://www.crunchbase.com/organization/recurve,Series A,"$6,000,000","Sep 23, 2008",Early Stage Venture,,Yes,2,1,"94,326"
Series C - Stance,https://www.crunchbase.com/funding_round/stance-series-c--5faac467,Stance,https://www.crunchbase.com/organization/stance,Series C,"$50,000,000","Mar 5, 2015",Late Stage Venture,,Yes,7,7,"94,351"
Series C - Poppin,https://www.crunchbase.com/funding_round/poppin-series-c--632ae939,Poppin,https://www.crunchbase.com/organization/poppin,Series C,"$17,000,000","Aug 18, 2014",Late Stage Venture,,Yes,5,1,"84,535"
"Series B - Aviso, Inc.",https://www.crunchbase.com/funding_round/aviso-inc-series-b--8a3a62bf,"Aviso, Inc.",https://www.crunchbase.com/organization/aviso-inc,Series B,"$15,000,000","Apr 9, 2015",Early Stage Venture,,Yes,6,4,"62,124"
Series A - Gainspeed,https://www.crunchbase.com/funding_round/gainspeed-series-a--59028a8e,Gainspeed,https://www.crunchbase.com/organization/gainspeed,Series A,"$23,272,000","Jan 14, 2013",Early Stage Venture,,Yes,3,2,"85,078"
Series B - Plastic Jungle,https://www.crunchbase.com/funding_round/plastic-jungle-series-b--e54c8855,Plastic Jungle,https://www.crunchbase.com/organization/plastic-jungle,Series B,"$7,400,000","Mar 18, 2010",Early Stage Venture,,Yes,4,1,"95,297"
Series E - Anaplan,https://www.crunchbase.com/funding_round/anaplan-series-e--59d07cbd,Anaplan,https://www.crunchbase.com/organization/anaplan,Series E,"$90,000,000","Jan 16, 2016",Late Stage Venture,"$1,000,000,000",Yes,12,6,"181,318"
Seed Round - StrongLoop,https://www.crunchbase.com/funding_round/strongloop-seed--6705e047,StrongLoop,https://www.crunchbase.com/organization/strongloop,Seed,"$1,000,000","Mar 4, 2013",Seed,,Yes,1,1,"96,014"
Series B - Flywheel Software,https://www.crunchbase.com/funding_round/flywheel-software-series-b--790e008c,Flywheel Software,https://www.crunchbase.com/organization/flywheel-software,Series B,"$14,800,000","Jul 31, 2013",Early Stage Venture,,Yes,3,1,"96,229"
Series F - Bill.com,https://www.crunchbase.com/funding_round/bill-com-series-f--20c4bfc9,Bill.com,https://www.crunchbase.com/organization/bill-com,Series F,,"Feb 11, 2014",Late Stage Venture,,Yes,4,,"88,425"
Series B - Lucidworks,https://www.crunchbase.com/funding_round/lucidworks-series-b--d83553a9,Lucidworks,https://www.crunchbase.com/organization/lucidworks,Series B,"$10,000,000","Mar 10, 2010",Early Stage Venture,,Yes,3,3,"88,844"
Series A - Doostang,https://www.crunchbase.com/funding_round/doostang-series-a--24f85fb6,Doostang,https://www.crunchbase.com/organization/doostang,Series A,"$3,500,000","Oct 22, 2007",Early Stage Venture,,Yes,2,,"89,832"
Series A - Leanplum,https://www.crunchbase.com/funding_round/leanplum-series-a--b1b9ebfc,Leanplum,https://www.crunchbase.com/organization/leanplum,Series A,"$4,800,000","Jul 28, 2014",Early Stage Venture,,Yes,1,2,"96,343"
Series B - LeanData,https://www.crunchbase.com/funding_round/leandata-series-b--ee76834d,LeanData,https://www.crunchbase.com/organization/leandata,Series B,"$10,000,000","Dec 20, 2016",Early Stage Venture,,Yes,3,2,"96,887"
Series D - Anaplan,https://www.crunchbase.com/funding_round/anaplan-series-d--1766b91d,Anaplan,https://www.crunchbase.com/organization/anaplan,Series D,"$100,000,000","May 13, 2014",Late Stage Venture,,Yes,8,5,"97,211"
Series B - Finsphere,https://www.crunchbase.com/funding_round/finsphere-series-b--5c17f2ec,Finsphere,https://www.crunchbase.com/organization/finsphere,Series B,"$9,000,000","Jul 21, 2009",Early Stage Venture,,Yes,4,2,"90,220"
Series B - Turn,https://www.crunchbase.com/funding_round/turn-series-b--462dc668,Turn,https://www.crunchbase.com/organization/turn,Series B,"$8,000,000","Sep 24, 2007",Early Stage Venture,,Yes,3,2,"90,232"
Series C - Apptio,https://www.crunchbase.com/funding_round/apptio-series-c--062fbcac,Apptio,https://www.crunchbase.com/organization/apptio,Series C,"$20,000,000","Aug 31, 2010",Late Stage Venture,,Yes,5,5,"97,712"
Series B - Right90,https://www.crunchbase.com/funding_round/right90-series-b--ebb206ce,Right90,https://www.crunchbase.com/organization/right90,Series B,"$12,000,000","Jul 29, 2007",Early Stage Venture,,Yes,3,2,"97,725"
Series B - Uptake,https://www.crunchbase.com/funding_round/uptake-series-b--d9a033bc,Uptake,https://www.crunchbase.com/organization/uptake,Series B,"$10,000,000","Sep 18, 2008",Early Stage Venture,,Yes,2,,"95,151"
Series A - Frame.io,https://www.crunchbase.com/funding_round/frame-io-series-a--128c6fc1,Frame.io,https://www.crunchbase.com/organization/frame-io,Series A,"$10,000,000","Sep 14, 2016",Early Stage Venture,,Yes,9,3,"97,944"
Series A - Hobo Labs,https://www.crunchbase.com/funding_round/hobo-labs-series-a--6c41326a,Hobo Labs,https://www.crunchbase.com/organization/hobo-labs,Series A,"$4,000,000","Sep 2, 2014",Early Stage Venture,,Yes,3,1,"97,973"
Series A - Finsphere,https://www.crunchbase.com/funding_round/finsphere-series-a--7701ac89,Finsphere,https://www.crunchbase.com/organization/finsphere,Series A,"$9,900,000","Jun 6, 2008",Early Stage Venture,,Yes,4,1,"100,904"
"Series A - Aviso, Inc.",https://www.crunchbase.com/funding_round/aviso-inc-series-a--1a7593fb,"Aviso, Inc.",https://www.crunchbase.com/organization/aviso-inc,Series A,"$8,000,000","Apr 30, 2014",Early Stage Venture,,Yes,4,1,"193,895"
Series F - Smule,https://www.crunchbase.com/funding_round/smule-series-f--28f24de3,Smule,https://www.crunchbase.com/organization/smule,Series F,"$26,000,000","Apr 23, 2015",Late Stage Venture,,Yes,4,3,"64,603"
Series A - data.world,https://www.crunchbase.com/funding_round/data-world-series-a--c1e1d29c,data.world,https://www.crunchbase.com/organization/data-world,Series A,"$14,000,000","Jul 11, 2016",Early Stage Venture,,Yes,10,1,"103,504"
Series A - Uptake,https://www.crunchbase.com/funding_round/uptake-series-a--5f467154,Uptake,https://www.crunchbase.com/organization/uptake,Series A,"$3,000,000","Nov 21, 2006",Early Stage Venture,,Yes,1,,"154,303"
Series C - Extole,https://www.crunchbase.com/funding_round/extole-series-c--a9aef6c3,Extole,https://www.crunchbase.com/organization/extole,Series C,"$14,000,000","Nov 8, 2014",Late Stage Venture,,Yes,5,5,"154,338"
Series B - Ludi labs,https://www.crunchbase.com/funding_round/ludi-labs-series-b--a80737ae,Ludi labs,https://www.crunchbase.com/organization/ludi-labs,Series B,,"Oct 19, 2005",Early Stage Venture,,Yes,1,,"154,569"
Series A - Hinge,https://www.crunchbase.com/funding_round/hinge-series-a--285de35d,Hinge,https://www.crunchbase.com/organization/hinge,Series A,"$12,000,000","Dec 11, 2014",Early Stage Venture,,Yes,10,10,"104,312"
Series G - Smule,https://www.crunchbase.com/funding_round/smule-series-g--da923e42,Smule,https://www.crunchbase.com/organization/smule,Series G,"$22,000,000","Jun 16, 2016",Late Stage Venture,,Yes,6,4,"65,163"
Series B - Skycure,https://www.crunchbase.com/funding_round/skycure-series-b--e9147958,Skycure,https://www.crunchbase.com/organization/skycure,Series B,"$16,500,000","Jul 19, 2016",Early Stage Venture,,Yes,7,2,"65,206"
Series A - Wild Needle,https://www.crunchbase.com/funding_round/wild-needle-series-a--e2f596d3,Wild Needle,https://www.crunchbase.com/organization/wild-needle,Series A,"$2,500,000","Dec 29, 2010",Early Stage Venture,,Yes,2,,"103,748"
Series E - Spiceworks,https://www.crunchbase.com/funding_round/spiceworks-series-e--2150652a,Spiceworks,https://www.crunchbase.com/organization/spiceworks,Series E,"$57,000,000","Feb 4, 2014",Late Stage Venture,,Yes,5,4,"105,382"
Venture Round - Zenprise,https://www.crunchbase.com/funding_round/zenprise-series-unknown--cd461b1e,Zenprise,https://www.crunchbase.com/organization/zenprise,Venture - Series Unknown,"$9,000,000","Jun 30, 2010",,,Yes,5,3,"105,733"
Series C - Leanplum,https://www.crunchbase.com/funding_round/leanplum-series-c--26733d2d,Leanplum,https://www.crunchbase.com/organization/leanplum,Series C,"$29,000,000","Oct 18, 2016",Late Stage Venture,,Yes,3,2,"194,123"
Series C - Lucidworks,https://www.crunchbase.com/funding_round/lucidworks-series-c--29005b8b,Lucidworks,https://www.crunchbase.com/organization/lucidworks,Series C,"$10,000,000","May 13, 2013",Late Stage Venture,,Yes,3,3,"194,476"
Series C - Glint,https://www.crunchbase.com/funding_round/glint-series-c--14fd90d5,Glint,https://www.crunchbase.com/organization/glint,Series C,"$27,000,000","Aug 30, 2016",Late Stage Venture,,Yes,4,4,"119,193"
Series A - Plethora,https://www.crunchbase.com/funding_round/plethora-2-series-a--f2641b9a,Plethora,https://www.crunchbase.com/organization/plethora-2,Series A,"$5,000,000","Oct 31, 2014",Early Stage Venture,,Yes,8,1,"106,132"
Series D - Smule,https://www.crunchbase.com/funding_round/smule-series-d--4264b162,Smule,https://www.crunchbase.com/organization/smule,Series D,"$12,000,000","Oct 31, 2011",Late Stage Venture,,Yes,3,4,"107,344"
Series A - Brandcast,https://www.crunchbase.com/funding_round/brandcast-series-a--8f1bfd9f,Brandcast,https://www.crunchbase.com/organization/brandcast,Series A,"$13,900,000","Jul 20, 2016",Early Stage Venture,,Yes,3,1,"107,995"
Series A - Socratic,https://www.crunchbase.com/funding_round/socratic-series-a--69f11921,Socratic,https://www.crunchbase.com/organization/socratic,Series A,"$6,000,000","Mar 25, 2015",Early Stage Venture,,Yes,4,2,"196,211"
Series A - Kango.com,https://www.crunchbase.com/funding_round/kango-com-series-a--9c47f4b9,Kango.com,https://www.crunchbase.com/organization/kango-com,Series A,"$3,950,000","Jul 2, 2008",Early Stage Venture,,Yes,1,1,"66,553"
Series A - Lore,https://www.crunchbase.com/funding_round/lore-series-a--a8f7d4bb,Lore,https://www.crunchbase.com/organization/lore,Series A,"$1,000,000","Jun 27, 2011",Early Stage Venture,,Yes,10,2,"66,883"
Series C - Plastic Jungle,https://www.crunchbase.com/funding_round/plastic-jungle-series-c--ba05de37,Plastic Jungle,https://www.crunchbase.com/organization/plastic-jungle,Series C,"$10,000,000","Nov 18, 2010",Late Stage Venture,,Yes,5,1,"196,902"
Series A - Cherry,https://www.crunchbase.com/funding_round/cherry-series-a--ce3215f4,Cherry,https://www.crunchbase.com/organization/cherry,Series A,"$4,500,000","Apr 17, 2012",Early Stage Venture,,Yes,5,1,"67,180"
Series A - Valimail,https://www.crunchbase.com/funding_round/valimail-series-a--059aeb21,Valimail,https://www.crunchbase.com/organization/valimail,Series A,"$12,000,000","Nov 2, 2016",Early Stage Venture,,Yes,3,3,"110,106"
Series C - Mint,https://www.crunchbase.com/funding_round/haveamint-series-c--2b2a23c0,Mint,https://www.crunchbase.com/organization/haveamint,Series C,"$14,000,000","Aug 12, 2009",Late Stage Venture,,Yes,6,2,"198,265"
Series A - Chartcube,https://www.crunchbase.com/funding_round/chartcube-series-a--1ca9cba0,Chartcube,https://www.crunchbase.com/organization/chartcube,Series A,"$4,000,000","Nov 6, 2014",Early Stage Venture,,Yes,1,1,"67,535"
Series D - ZEFR,https://www.crunchbase.com/funding_round/zefr-series-d--cca6c687,ZEFR,https://www.crunchbase.com/organization/zefr,Series D,"$30,000,000","Feb 26, 2014",Late Stage Venture,,Yes,5,4,"67,690"
Series B - Lithium Technologies,https://www.crunchbase.com/funding_round/lithiumtechnologies-series-b--14aa1bad,Lithium Technologies,https://www.crunchbase.com/organization/lithiumtechnologies,Series B,"$12,000,000","Jun 1, 2008",Early Stage Venture,,Yes,3,4,"199,624"
Series A - Outright,https://www.crunchbase.com/funding_round/outright-series-a--fe66dda4,Outright,https://www.crunchbase.com/organization/outright,Series A,"$5,500,000","Nov 18, 2009",Early Stage Venture,,Yes,5,3,"111,697"
Series B - Caring.com,https://www.crunchbase.com/funding_round/caring-com-series-b--ce2723f1,Caring.com,https://www.crunchbase.com/organization/caring-com,Series B,"$10,000,000","Nov 12, 2009",Early Stage Venture,,Yes,3,3,"68,950"
Series C - Smule,https://www.crunchbase.com/funding_round/smule-series-c--6d475d50,Smule,https://www.crunchbase.com/organization/smule,Series C,"$8,000,000","Dec 16, 2009",Late Stage Venture,,Yes,4,5,"120,582"
Series C - Zuora,https://www.crunchbase.com/funding_round/zuora-series-c--9939ed11,Zuora,https://www.crunchbase.com/organization/zuora,Series C,"$20,000,000","Nov 9, 2010",Late Stage Venture,,Yes,6,3,"112,647"
Series C - CloudPassage,https://www.crunchbase.com/funding_round/cloudpassage-series-c--5285c459,CloudPassage,https://www.crunchbase.com/organization/cloudpassage,Series C,"$25,500,000","Feb 13, 2014",Late Stage Venture,,Yes,6,4,"113,358"
Series A - Eye-Fi,https://www.crunchbase.com/funding_round/eye-fi-series-a--30b6b5ac,Eye-Fi,https://www.crunchbase.com/organization/eye-fi,Series A,"$5,500,000","Jun 11, 2007",Early Stage Venture,,Yes,2,2,"201,711"
Seed Round - Airware,https://www.crunchbase.com/funding_round/airware-seed--35674d2a,Airware,https://www.crunchbase.com/organization/airware,Seed,"$3,000,000","Mar 31, 2013",Seed,,Yes,7,3,"201,969"
Series B - Nextdoor,https://www.crunchbase.com/funding_round/nextdoor-series-b--630e530e,Nextdoor,https://www.crunchbase.com/organization/nextdoor,Series B,"$21,600,000","Feb 12, 2013",Early Stage Venture,,Yes,8,4,"202,220"
Series A - PopJax,https://www.crunchbase.com/funding_round/popjax-series-a--cc917b82,PopJax,https://www.crunchbase.com/organization/popjax,Series A,"$4,700,000","Mar 1, 2008",Early Stage Venture,,Yes,3,,"158,387"
Seed Round - Neumob,https://www.crunchbase.com/funding_round/neumob-seed--daaf2382,Neumob,https://www.crunchbase.com/organization/neumob,Seed,"$2,400,000","May 13, 2015",Seed,,Yes,10,9,"159,888"
Series B - Geodelic Systems,https://www.crunchbase.com/funding_round/geodelic-systems-series-b--0a919322,Geodelic Systems,https://www.crunchbase.com/organization/geodelic-systems,Series B,"$7,000,000","Jun 28, 2010",Early Stage Venture,,Yes,3,2,"160,850"
Series B - Zenprise,https://www.crunchbase.com/funding_round/zenprise-series-b--aaac9300,Zenprise,https://www.crunchbase.com/organization/zenprise,Series B,"$11,000,000","Jun 6, 2005",Early Stage Venture,,Yes,3,2,"160,860"
Seed Round - NodeFly,https://www.crunchbase.com/funding_round/nodefly-seed--f34a3d2b,NodeFly,https://www.crunchbase.com/organization/nodefly,Seed,"$800,000","Nov 7, 2012",Seed,,Yes,1,1,"161,622"
Series B - Apptio,https://www.crunchbase.com/funding_round/apptio-series-b--36955f18,Apptio,https://www.crunchbase.com/organization/apptio,Series B,"$14,000,000","Aug 18, 2009",Early Stage Venture,,Yes,4,5,"162,141"
Series C - LiquidSpace,https://www.crunchbase.com/funding_round/liquidspace-series-c--57976dcd,LiquidSpace,https://www.crunchbase.com/organization/liquidspace,Series C,"$14,000,000","Oct 30, 2014",Late Stage Venture,,Yes,8,1,"162,502"
Series A - Fetch Robotics,https://www.crunchbase.com/funding_round/fetch-robotics-series-a--2e6222c4,Fetch Robotics,https://www.crunchbase.com/organization/fetch-robotics,Series A,"$3,000,000","Feb 9, 2015",Early Stage Venture,,Yes,2,2,"163,017"
Series A - Apptio,https://www.crunchbase.com/funding_round/apptio-series-a--81e59c67,Apptio,https://www.crunchbase.com/organization/apptio,Series A,"$7,000,000","Nov 15, 2007",Early Stage Venture,,Yes,3,3,"163,548"
Series A - StrongLoop,https://www.crunchbase.com/funding_round/strongloop-series-a--bfdefeea,StrongLoop,https://www.crunchbase.com/organization/strongloop,Series A,"$8,000,000","Sep 18, 2013",Early Stage Venture,,Yes,2,2,"182,272"
Series C - Lightbend,https://www.crunchbase.com/funding_round/typesafe-series-c--4c1aa472,Lightbend,https://www.crunchbase.com/organization/typesafe,Series C,"$20,000,000","May 26, 2016",Late Stage Venture,,Yes,5,2,"182,513"
Series B - Arch Rock Corporation,https://www.crunchbase.com/funding_round/arch-rock-corporationarch-rock-corporation-series-b--58bafe00,Arch Rock Corporation,https://www.crunchbase.com/organization/arch-rock-corporationarch-rock-corporation,Series B,"$10,000,000","May 15, 2007",Early Stage Venture,,Yes,3,1,"182,748"
Series C - Upserve,https://www.crunchbase.com/funding_round/swipely-series-c--7bf48c7f,Upserve,https://www.crunchbase.com/organization/swipely,Series C,"$20,000,000","May 29, 2014",Late Stage Venture,,Yes,5,3,"183,146"
Series A - Glint,https://www.crunchbase.com/funding_round/glint-series-a--bda7b6e7,Glint,https://www.crunchbase.com/organization/glint,Series A,"$6,500,000","Oct 29, 2013",Early Stage Venture,,Yes,3,2,"184,453"
Series B - Cirtas Systems,https://www.crunchbase.com/funding_round/cirtas-series-b--a3127381,Cirtas Systems,https://www.crunchbase.com/organization/cirtas,Series B,"$22,500,000","Jan 25, 2011",Early Stage Venture,,Yes,4,2,"74,748"
Series A - Zwift,https://www.crunchbase.com/funding_round/zwift-series-a--3646752c,Zwift,https://www.crunchbase.com/organization/zwift,Series A,"$27,150,000","Nov 16, 2016",Early Stage Venture,,Yes,5,1,"202,620"
Series A - Apteligent,https://www.crunchbase.com/funding_round/crittercism-series-a--47b0e750,Apteligent,https://www.crunchbase.com/organization/crittercism,Series A,"$5,500,000","Jun 1, 2012",Early Stage Venture,,Yes,3,3,"203,776"
Series C - Spiceworks,https://www.crunchbase.com/funding_round/spiceworks-series-c--d14bc2dd,Spiceworks,https://www.crunchbase.com/organization/spiceworks,Series C,"$16,000,000","Jan 11, 2010",Late Stage Venture,,Yes,3,3,"204,117"
Series C - SpiderCloud Wireless,https://www.crunchbase.com/funding_round/spidercloud-wireless-series-c--34d34369,SpiderCloud Wireless,https://www.crunchbase.com/organization/spidercloud-wireless,Series C,"$35,000,000","Apr 4, 2012",Late Stage Venture,"$165,000,000",Yes,4,4,"204,228"
Seed Round - TapToLearn,https://www.crunchbase.com/funding_round/taptolearn-seed--63aac714,TapToLearn,https://www.crunchbase.com/organization/taptolearn,Seed,,"Jan 1, 2011",Seed,,Yes,4,4,"205,838"
Series A - OUYA,https://www.crunchbase.com/funding_round/ouya-series-a--3622dbfa,OUYA,https://www.crunchbase.com/organization/ouya,Series A,"$15,000,000","May 10, 2013",Early Stage Venture,,Yes,6,1,"205,853"
Series A - Mamapedia,https://www.crunchbase.com/funding_round/mamapedia-series-a--8d4c1b28,Mamapedia,https://www.crunchbase.com/organization/mamapedia,Series A,"$4,600,000","Dec 1, 2005",Early Stage Venture,,Yes,2,,"206,459"
Series A - Threadflip,https://www.crunchbase.com/funding_round/threadflip-series-a--e64d2f8d,Threadflip,https://www.crunchbase.com/organization/threadflip,Series A,"$6,500,000","Jun 5, 2012",Early Stage Venture,,Yes,6,2,"207,336"
Series A - Nest Labs,https://www.crunchbase.com/funding_round/nest-labs-series-a--a9a46e90,Nest Labs,https://www.crunchbase.com/organization/nest-labs,Series A,,"Sep 21, 2010",Early Stage Venture,,Yes,2,1,"208,155"
Series B - Simple,https://www.crunchbase.com/funding_round/banksimple-series-b--b828e97e,Simple,https://www.crunchbase.com/organization/banksimple,Series B,"$10,000,000","Aug 10, 2011",Early Stage Venture,,Yes,4,4,"209,168"
Series A - Geodelic Systems,https://www.crunchbase.com/funding_round/geodelic-systems-series-a--cd944152,Geodelic Systems,https://www.crunchbase.com/organization/geodelic-systems,Series A,"$3,500,000","Dec 1, 2008",Early Stage Venture,,Yes,2,1,"211,087"
Series D - Adometry By Google,https://www.crunchbase.com/funding_round/adometry-series-d--5bc613ba,Adometry By Google,https://www.crunchbase.com/organization/adometry,Series D,"$8,100,000","Dec 28, 2012",Late Stage Venture,,Yes,3,2,"211,769"
Series A - Akoonu,https://www.crunchbase.com/funding_round/akoonu-series-a--dea20d73,Akoonu,https://www.crunchbase.com/organization/akoonu,Series A,"$8,000,000","Apr 13, 2017",Early Stage Venture,,Yes,1,1,"185,565"
Series B - TigerText,https://www.crunchbase.com/funding_round/tigertext-series-b--afd68bbc,TigerText,https://www.crunchbase.com/organization/tigertext,Series B,"$21,000,000","Jan 27, 2014",Early Stage Venture,,Yes,7,6,"186,121"
Series A - VoloMetrix,https://www.crunchbase.com/funding_round/volometrix-series-a--6d6ed344,VoloMetrix,https://www.crunchbase.com/organization/volometrix,Series A,"$1,600,000","Apr 20, 2012",Early Stage Venture,,Yes,2,1,"186,410"
Series C - Apteligent,https://www.crunchbase.com/funding_round/crittercism-series-c--aa26c890,Apteligent,https://www.crunchbase.com/organization/crittercism,Series C,"$30,000,000","May 4, 2014",Late Stage Venture,,Yes,6,4,"186,973"
Series B - H.BLOOM,https://www.crunchbase.com/funding_round/h-bloom-series-b--d88d2fb8,H.BLOOM,https://www.crunchbase.com/organization/h-bloom,Series B,"$10,000,000","Apr 11, 2012",Early Stage Venture,,Yes,2,2,"188,533"
Seed Round - Apteligent,https://www.crunchbase.com/funding_round/crittercism-seed--8eac9367,Apteligent,https://www.crunchbase.com/organization/crittercism,Seed,"$1,200,000","Jul 14, 2011",Seed,,Yes,6,6,"188,598"
Series E - Turn,https://www.crunchbase.com/funding_round/turn-series-e--20b673aa,Turn,https://www.crunchbase.com/organization/turn,Series E,"$80,000,000","Jan 13, 2014",Late Stage Venture,,Yes,10,3,"189,096"
Venture Round - Turn,https://www.crunchbase.com/funding_round/turn-series-unknown--e4e7d21a,Turn,https://www.crunchbase.com/organization/turn,Venture - Series Unknown,"$18,000,000","Nov 8, 2006",,,Yes,3,2,"189,919"
Series B - Jack Erwin,https://www.crunchbase.com/funding_round/jack-erwin-series-b--954cd798,Jack Erwin,https://www.crunchbase.com/organization/jack-erwin,Series B,"$9,000,000","Sep 18, 2014",Early Stage Venture,,Yes,4,1,"189,923"
Series A - SayNow,https://www.crunchbase.com/funding_round/saynow-series-a--1ec620fb,SayNow,https://www.crunchbase.com/organization/saynow,Series A,"$7,500,000","Aug 29, 2007",Early Stage Venture,,Yes,3,1,"190,104"
Series A - VideoJax,https://www.crunchbase.com/funding_round/videojax-series-a--dd654c12,VideoJax,https://www.crunchbase.com/organization/videojax,Series A,,"Jun 15, 2007",Early Stage Venture,,Yes,1,,"190,420"
Series A - ClassDojo,https://www.crunchbase.com/funding_round/classdojo-series-a--26164045,ClassDojo,https://www.crunchbase.com/organization/classdojo,Series A,"$8,500,000","Apr 2, 2013",Early Stage Venture,,Yes,7,6,"190,904"
Series B - iConclude,https://www.crunchbase.com/funding_round/iconclude-series-b--66ab1424,iConclude,https://www.crunchbase.com/organization/iconclude,Series B,"$9,000,000","Apr 10, 2006",Early Stage Venture,,Yes,3,4,"191,127"
Series B - Stance,https://www.crunchbase.com/funding_round/stance-series-b--0c74e237,Stance,https://www.crunchbase.com/organization/stance,Series B,"$30,000,000","Apr 21, 2014",Early Stage Venture,,Yes,5,6,"191,470"
Series A - Tumri,https://www.crunchbase.com/funding_round/tumri-series-a--fda1d72e,Tumri,https://www.crunchbase.com/organization/tumri,Series A,"$6,000,000","Jan 1, 2005",Early Stage Venture,,Yes,2,1,"192,262"
Series B - TaskRabbit,https://www.crunchbase.com/funding_round/taskrabbit-series-b--78fef548,TaskRabbit,https://www.crunchbase.com/organization/taskrabbit,Series B,"$17,800,000","Dec 13, 2011",Early Stage Venture,,Yes,8,3,"192,403"
Series A - Jack Erwin,https://www.crunchbase.com/funding_round/jack-erwin-series-a--f65e84e5,Jack Erwin,https://www.crunchbase.com/organization/jack-erwin,Series A,"$2,000,000","Feb 6, 2014",Early Stage Venture,,Yes,4,2,"75,738"
Series C - Flock,https://www.crunchbase.com/funding_round/flock-series-c--06d6441f,Flock,https://www.crunchbase.com/organization/flock,Series C,"$10,000,000","Jun 1, 2006",Late Stage Venture,,Yes,1,,"76,799"
Series A - Mocana,https://www.crunchbase.com/funding_round/mocana-series-a--e542316e,Mocana,https://www.crunchbase.com/organization/mocana,Series A,"$3,500,000","Sep 14, 2006",Early Stage Venture,,Yes,2,1,"77,056"
Series A - Poppin,https://www.crunchbase.com/funding_round/poppin-series-a--4c378634,Poppin,https://www.crunchbase.com/organization/poppin,Series A,"$6,000,000","Feb 27, 2012",Early Stage Venture,,Yes,2,1,"77,173"
Series C - SteelBrick,https://www.crunchbase.com/funding_round/steelbrick-series-c--74fb6148,SteelBrick,https://www.crunchbase.com/organization/steelbrick,Series C,"$48,000,000","Oct 13, 2015",Late Stage Venture,,Yes,4,4,"79,220"
Series D - Turn,https://www.crunchbase.com/funding_round/turn-series-d--41b1ba95,Turn,https://www.crunchbase.com/organization/turn,Series D,"$20,000,000","Jan 5, 2011",Late Stage Venture,,Yes,5,3,"79,378"
Series B - Mint,https://www.crunchbase.com/funding_round/haveamint-series-b--a56dbea0,Mint,https://www.crunchbase.com/organization/haveamint,Series B,"$12,000,000","Mar 5, 2008",Early Stage Venture,,Yes,6,3,"80,854"
Series A - eero,https://www.crunchbase.com/funding_round/eero-series-a--1d5e2780,eero,https://www.crunchbase.com/organization/eero,Series A,"$35,000,000","Nov 3, 2015",Early Stage Venture,,Yes,3,2,"83,130"
Seed Round - Makara,https://www.crunchbase.com/funding_round/makara-seed--c1938840,Makara,https://www.crunchbase.com/organization/makara,Seed,,"Feb 26, 2008",Seed,,Yes,1,1,"83,333"
Series B - Threadflip,https://www.crunchbase.com/funding_round/threadflip-series-b--3ac212aa,Threadflip,https://www.crunchbase.com/organization/threadflip,Series B,"$13,000,000","Jul 18, 2014",Early Stage Venture,,Yes,4,2,"84,115"
Series A - Lithium Technologies,https://www.crunchbase.com/funding_round/lithiumtechnologies-series-a--5908a0bc,Lithium Technologies,https://www.crunchbase.com/organization/lithiumtechnologies,Series A,"$9,000,000","Apr 17, 2007",Early Stage Venture,"$23,000,000",Yes,2,2,"85,352"
Series D - Zuora,https://www.crunchbase.com/funding_round/zuora-series-d--0edaa816,Zuora,https://www.crunchbase.com/organization/zuora,Series D,"$36,000,000","Nov 16, 2011",Late Stage Venture,,Yes,8,5,"91,542"
Series A - Red Robot Labs,https://www.crunchbase.com/funding_round/red-robot-labs-series-a--8fad313d,Red Robot Labs,https://www.crunchbase.com/organization/red-robot-labs,Series A,"$8,500,000","Sep 14, 2011",Early Stage Venture,,Yes,3,1,"98,505"
Venture Round - Mocana,https://www.crunchbase.com/funding_round/mocana-series-unknown--7e0c18b3,Mocana,https://www.crunchbase.com/organization/mocana,Venture - Series Unknown,"$15,000,000","Dec 12, 2013",,,Yes,4,5,"98,850"
Series A - Right90,https://www.crunchbase.com/funding_round/right90-series-a--f6b26c7d,Right90,https://www.crunchbase.com/organization/right90,Series A,,"Feb 28, 2005",Early Stage Venture,,Yes,1,,"99,578"
Series B - LiveIntent,https://www.crunchbase.com/funding_round/liveintent-series-b--183872c9,LiveIntent,https://www.crunchbase.com/organization/liveintent,Series B,"$8,000,000","Sep 15, 2011",Early Stage Venture,,Yes,4,3,"99,630"
Series B - Turn,https://www.crunchbase.com/funding_round/turn-series-b--342dcfda,Turn,https://www.crunchbase.com/organization/turn,Series B,"$15,000,000","Mar 1, 2008",Early Stage Venture,,Yes,3,3,"102,112"
Venture Round - WatchDox,https://www.crunchbase.com/funding_round/watchdox-series-unknown--746106f9,WatchDox,https://www.crunchbase.com/organization/watchdox,Venture - Series Unknown,"$9,000,000","Mar 1, 2012",,,Yes,4,4,"123,379"
Series D - LiveIntent,https://www.crunchbase.com/funding_round/liveintent-series-d--59620df2,LiveIntent,https://www.crunchbase.com/organization/liveintent,Series D,"$32,500,000","Jun 17, 2015",Late Stage Venture,,Yes,4,4,"115,976"
Series B - VoloMetrix,https://www.crunchbase.com/funding_round/volometrix-series-b--87f7077f,VoloMetrix,https://www.crunchbase.com/organization/volometrix,Series B,"$12,000,000","Oct 13, 2014",Early Stage Venture,,Yes,2,2,"116,570"
Series B - Spiceworks,https://www.crunchbase.com/funding_round/spiceworks-series-b--c5654599,Spiceworks,https://www.crunchbase.com/organization/spiceworks,Series B,"$8,000,000","Aug 28, 2007",Early Stage Venture,,Yes,2,2,"123,773"
Series B - Glint,https://www.crunchbase.com/funding_round/glint-series-b--40c3b955,Glint,https://www.crunchbase.com/organization/glint,Series B,"$16,000,000","Feb 18, 2015",Early Stage Venture,,Yes,2,2,"117,036"
Venture Round - Finsphere,https://www.crunchbase.com/funding_round/finsphere-series-unknown--175b78bd,Finsphere,https://www.crunchbase.com/organization/finsphere,Venture - Series Unknown,"$12,300,000","Jan 5, 2012",,,Yes,4,2,"130,579"
Convertible Note - SlamData,https://www.crunchbase.com/funding_round/slamdata-convertible-note--7856df11,SlamData,https://www.crunchbase.com/organization/slamdata,Convertible Note,"$345,000","Sep 11, 2014",,,No,6,2,"131,731"
Series C - Clickability,https://www.crunchbase.com/funding_round/clickability-series-c--8c4f22a2,Clickability,https://www.crunchbase.com/organization/clickability,Series C,"$8,000,000","Feb 4, 2008",Late Stage Venture,,Yes,2,1,"132,072"
Venture Round - Extole,https://www.crunchbase.com/funding_round/extole-series-unknown--c4f534f0,Extole,https://www.crunchbase.com/organization/extole,Venture - Series Unknown,"$5,000,000","Nov 26, 2013",,,Yes,4,2,"118,662"
Series C - Anaplan,https://www.crunchbase.com/funding_round/anaplan-series-c--baec4fee,Anaplan,https://www.crunchbase.com/organization/anaplan,Series C,"$33,000,000","Mar 5, 2013",Late Stage Venture,,Yes,4,4,"132,173"
Series B - Eye-Fi,https://www.crunchbase.com/funding_round/eye-fi-series-b--bf633a27,Eye-Fi,https://www.crunchbase.com/organization/eye-fi,Series B,"$11,000,000","Aug 6, 2008",Early Stage Venture,,Yes,4,4,"132,243"
Series C - Luminate,https://www.crunchbase.com/funding_round/luminate-series-c--dccd4f1d,Luminate,https://www.crunchbase.com/organization/luminate,Series C,"$10,700,000","Feb 23, 2012",Late Stage Venture,,Yes,6,3,"132,736"
Venture Round - Tumri,https://www.crunchbase.com/funding_round/tumri-series-unknown--c67e0c65,Tumri,https://www.crunchbase.com/organization/tumri,Venture - Series Unknown,"$10,000,000","Jun 22, 2009",,,Yes,4,1,"133,557"
Series B - LiquidSpace,https://www.crunchbase.com/funding_round/liquidspace-series-b--25b37684,LiquidSpace,https://www.crunchbase.com/organization/liquidspace,Series B,"$6,000,000","Jan 15, 2013",Early Stage Venture,,Yes,4,,"133,586"
Series B - WatchDox,https://www.crunchbase.com/funding_round/watchdox-series-b--18d15a0e,WatchDox,https://www.crunchbase.com/organization/watchdox,Series B,"$9,250,000","Jan 11, 2011",Early Stage Venture,,Yes,3,4,"69,425"
Series A - Tumri,https://www.crunchbase.com/funding_round/tumri-series-a--726c1d0f,Tumri,https://www.crunchbase.com/organization/tumri,Series A,,"Jul 11, 2006",Early Stage Venture,,Yes,1,1,"70,551"
Series A - Accion Systems,https://www.crunchbase.com/funding_round/accion-systems-series-a--77dec243,Accion Systems,https://www.crunchbase.com/organization/accion-systems,Series A,"$7,500,000","May 12, 2016",Early Stage Venture,,Yes,7,2,"70,679"
Series A - Plastic Jungle,https://www.crunchbase.com/funding_round/plastic-jungle-series-a--2bdd8134,Plastic Jungle,https://www.crunchbase.com/organization/plastic-jungle,Series A,"$4,800,000","May 26, 2009",Early Stage Venture,,Yes,5,1,"71,009"
Series A - Survios,https://www.crunchbase.com/funding_round/survios-series-a--1e46c993,Survios,https://www.crunchbase.com/organization/survios,Series A,"$4,200,000","May 19, 2014",Early Stage Venture,,Yes,6,3,"71,448"
Series C - Zenprise,https://www.crunchbase.com/funding_round/zenprise-series-c--cef3175e,Zenprise,https://www.crunchbase.com/organization/zenprise,Series C,"$4,500,000","May 1, 2007",Late Stage Venture,,Yes,3,2,"72,764"
Series A - Skycure,https://www.crunchbase.com/funding_round/skycure-series-a--b96d56fb,Skycure,https://www.crunchbase.com/organization/skycure,Series A,"$8,000,000","Mar 24, 2015",Early Stage Venture,,Yes,3,2,"125,334"
Series B - Trubates,https://www.crunchbase.com/funding_round/trubates-series-b--31955015,Trubates,https://www.crunchbase.com/organization/trubates,Series B,,"May 14, 2008",Early Stage Venture,,Yes,1,,"125,409"
Series A - GameLayers,https://www.crunchbase.com/funding_round/gamelayers-series-a--869ec970,GameLayers,https://www.crunchbase.com/organization/gamelayers,Series A,"$1,500,000","Jun 1, 2008",Early Stage Venture,,Yes,2,,"73,932"
Series A - LiquidSpace,https://www.crunchbase.com/funding_round/liquidspace-series-a--34e2bc65,LiquidSpace,https://www.crunchbase.com/organization/liquidspace,Series A,"$3,600,000","May 10, 2011",Early Stage Venture,,Yes,2,,"74,205"
Series B - Apteligent,https://www.crunchbase.com/funding_round/crittercism-series-b--f2db9c05,Apteligent,https://www.crunchbase.com/organization/crittercism,Series B,"$12,000,000","Mar 12, 2013",Early Stage Venture,,Yes,3,4,"127,339"
Series B - SteelBrick,https://www.crunchbase.com/funding_round/steelbrick-series-b--a7ed61f5,SteelBrick,https://www.crunchbase.com/organization/steelbrick,Series B,"$18,000,000","Feb 5, 2015",Early Stage Venture,,Yes,3,3,"128,412"
Series B - Poppin,https://www.crunchbase.com/funding_round/poppin-series-b--5a4de187,Poppin,https://www.crunchbase.com/organization/poppin,Series B,"$11,100,000","May 2, 2013",Early Stage Venture,,Yes,7,4,"139,806"
Series A - Adometry By Google,https://www.crunchbase.com/funding_round/adometry-series-a--b984473d,Adometry By Google,https://www.crunchbase.com/organization/adometry,Series A,"$5,000,000","Feb 7, 2007",Early Stage Venture,,Yes,2,2,"129,510"
Series A - Digital Air Strike,https://www.crunchbase.com/funding_round/digital-air-strike-series-a--f912f6d1,Digital Air Strike,https://www.crunchbase.com/organization/digital-air-strike,Series A,"$8,000,000","Jan 23, 2008",Early Stage Venture,,Yes,3,2,"143,833"
Series B - Upserve,https://www.crunchbase.com/funding_round/swipely-series-b--a5673af1,Upserve,https://www.crunchbase.com/organization/swipely,Series B,"$12,000,000","May 21, 2013",Early Stage Venture,,Yes,5,4,"143,912"
Series E - Zenprise,https://www.crunchbase.com/funding_round/zenprise-series-e--ab1edc8e,Zenprise,https://www.crunchbase.com/organization/zenprise,Series E,"$30,000,000","Oct 11, 2011",Late Stage Venture,,Yes,7,5,"149,876"
