Transaction Name,Transaction Name URL,Organization Name,Organization Name URL,Funding Type,Money Raised,Announced Date,Funding Stage,Pre-Money Valuation,Equity Only Funding,Number of Investors,Number of Partner Investors,CB Rank (Funding Round)
Seed Round - Flipside Crypto,https://www.crunchbase.com/funding_round/flipside-crypto-seed--09189e28,Flipside Crypto,https://www.crunchbase.com/organization/flipside-crypto,Seed,"$3,400,000","Mar 28, 2018",Seed,,Yes,6,1,96
Series B - Glowforge,https://www.crunchbase.com/funding_round/glowforge-series-b--b130c47f,Glowforge,https://www.crunchbase.com/organization/glowforge,Series B,"$10,000,000","Apr 23, 2018",Early Stage Venture,,Yes,2,,216
Series B - Directly,https://www.crunchbase.com/funding_round/directly-series-b--37ec3ac6,Directly,https://www.crunchbase.com/organization/directly,Series B,"$20,000,000","Apr 10, 2018",Early Stage Venture,,Yes,4,,301
Seed Round - Wefarm,https://www.crunchbase.com/funding_round/we-farm-seed--70c18032,Wefarm,https://www.crunchbase.com/organization/we-farm,Seed,"$5,000,000","Mar 13, 2018",Seed,,Yes,7,1,373
Venture Round - Fragments,https://www.crunchbase.com/funding_round/fragments-a7cb-series-unknown--ddda5d8f,Fragments,https://www.crunchbase.com/organization/fragments-a7cb,Venture - Series Unknown,"$3,000,000","Mar 19, 2018",,,Yes,6,,"1,466"
Series B - Pioneer Square Labs,https://www.crunchbase.com/funding_round/pioneer-square-labs-series-b--f6671a3f,Pioneer Square Labs,https://www.crunchbase.com/organization/pioneer-square-labs,Series B,"$15,000,000","Jan 18, 2018",Early Stage Venture,,Yes,18,1,"1,487"
Series D - Duo Security,https://www.crunchbase.com/funding_round/duo-security-series-d--7efc4d00,Duo Security,https://www.crunchbase.com/organization/duo-security,Series D,"$70,000,000","Oct 18, 2017",Late Stage Venture,"$1,100,000,000",Yes,7,1,"1,780"
Series B - Nexar,https://www.crunchbase.com/funding_round/nexar-2-series-b--cf586211,Nexar,https://www.crunchbase.com/organization/nexar-2,Series B,"$30,000,000","Jan 24, 2018",Early Stage Venture,,Yes,8,2,"2,217"
Series D - Fractyl Laboratories,https://www.crunchbase.com/funding_round/fractyl-laboratories-series-d--ead1fe7d,Fractyl Laboratories,https://www.crunchbase.com/organization/fractyl-laboratories,Series D,"$44,000,000","Nov 30, 2017",Late Stage Venture,,Yes,9,1,"2,615"
"Series B - Blue Bottle Coffee, Inc.",https://www.crunchbase.com/funding_round/blue-bottle-coffee-series-b--44f27b00,"Blue Bottle Coffee, Inc.",https://www.crunchbase.com/organization/blue-bottle-coffee,Series B,"$25,000,000","Feb 8, 2014",Early Stage Venture,,Yes,4,2,"2,816"
"Series A - Baffle, Inc.",https://www.crunchbase.com/funding_round/baffle-series-a--8c19df22,"Baffle, Inc.",https://www.crunchbase.com/organization/baffle,Series A,"$6,000,000","Jan 17, 2018",Early Stage Venture,,Yes,6,1,"2,852"
"Series A - Seurat Technologies, Inc.",https://www.crunchbase.com/funding_round/seurat-series-a--2f396941,"Seurat Technologies, Inc.",https://www.crunchbase.com/organization/seurat,Series A,"$13,500,000","Jan 17, 2018",Early Stage Venture,,Yes,5,,"3,638"
Series B - Splice,https://www.crunchbase.com/funding_round/splice-series-b--da454359,Splice,https://www.crunchbase.com/organization/splice,Series B,"$35,000,000","Dec 14, 2017",Early Stage Venture,,Yes,4,2,"3,937"
"Series C - Madison Reed, Inc.",https://www.crunchbase.com/funding_round/madison-reed-inc-series-c--8ff99be4,"Madison Reed, Inc.",https://www.crunchbase.com/organization/madison-reed-inc,Series C,"$25,000,000","Oct 20, 2017",Late Stage Venture,,Yes,5,1,"4,139"
Series A - MyVR,https://www.crunchbase.com/funding_round/myvr-series-a--bbed16ed,MyVR,https://www.crunchbase.com/organization/myvr,Series A,"$6,100,000","Dec 5, 2017",Early Stage Venture,,Yes,4,1,"4,362"
Series A - Piavita ,https://www.crunchbase.com/funding_round/piavita-ag-series-a--02f6cc4a,Piavita ,https://www.crunchbase.com/organization/piavita-ag,Series A,"$5,500,000","Feb 28, 2018",Early Stage Venture,,Yes,3,,"4,410"
Seed Round - Diligent Robotics,https://www.crunchbase.com/funding_round/diligent-robotics-seed--dd2f8aa9,Diligent Robotics,https://www.crunchbase.com/organization/diligent-robotics,Seed,"$2,100,000","Jan 10, 2018",Seed,,Yes,4,4,"5,483"
Seed Round - OutboundWorks,https://www.crunchbase.com/funding_round/outboundworks-seed--1a1656bb,OutboundWorks,https://www.crunchbase.com/organization/outboundworks,Seed,"$2,250,000","Dec 19, 2017",Seed,"$9,000,000",Yes,2,1,"5,561"
Series C - HashiCorp,https://www.crunchbase.com/funding_round/hashicorp-series-c--6457d915,HashiCorp,https://www.crunchbase.com/organization/hashicorp,Series C,"$40,000,000","Oct 24, 2017",Late Stage Venture,,Yes,4,2,"5,670"
Series A - Solvvy,https://www.crunchbase.com/funding_round/solvvy-inc-series-a--e033a877,Solvvy,https://www.crunchbase.com/organization/solvvy-inc,Series A,"$12,000,000","Oct 23, 2017",Early Stage Venture,,Yes,4,1,"5,708"
Venture Round - Iceye,https://www.crunchbase.com/funding_round/iceye-series-unknown--e3d00a2a,Iceye,https://www.crunchbase.com/organization/iceye,Venture - Series Unknown,"$13,000,000","Aug 23, 2017",,,Yes,6,1,"5,801"
Series A - Bigscreen,https://www.crunchbase.com/funding_round/bigscreen-series-a--6e82ef4c,Bigscreen,https://www.crunchbase.com/organization/bigscreen,Series A,"$11,000,000","Oct 10, 2017",Early Stage Venture,,Yes,2,1,"7,534"
"Series C - Blue Bottle Coffee, Inc.",https://www.crunchbase.com/funding_round/blue-bottle-coffee-series-c--733cf697,"Blue Bottle Coffee, Inc.",https://www.crunchbase.com/organization/blue-bottle-coffee,Series C,"$72,000,000","Jun 4, 2015",Late Stage Venture,,Yes,6,2,"7,803"
Series A - Opendoor,https://www.crunchbase.com/funding_round/opendoor-2-series-a--ba42cc33,Opendoor,https://www.crunchbase.com/organization/opendoor-2,Series A,"$9,950,000","Jul 7, 2014",Early Stage Venture,,Yes,38,9,"9,316"
Series A - Gigaom,https://www.crunchbase.com/funding_round/gigaom-series-a--88351a6e,Gigaom,https://www.crunchbase.com/organization/gigaom,Series A,,"Jun 1, 2006",Early Stage Venture,,Yes,2,,"9,598"
"Series B - Lumity, Inc.",https://www.crunchbase.com/funding_round/lumity-inc-series-b--63d9d07b,"Lumity, Inc.",https://www.crunchbase.com/organization/lumity-inc,Series B,"$19,000,000","Aug 23, 2017",Early Stage Venture,,Yes,4,1,"10,131"
Seed Round - Prellis Biologics,https://www.crunchbase.com/funding_round/prellis-biologics-seed--f074baa4,Prellis Biologics,https://www.crunchbase.com/organization/prellis-biologics,Seed,"$1,800,000","Sep 13, 2017",Seed,,Yes,4,1,"10,923"
Series A - Deep Genomics,https://www.crunchbase.com/funding_round/deep-genomics-series-a--6fce726d,Deep Genomics,https://www.crunchbase.com/organization/deep-genomics,Series A,"$13,000,000","Sep 25, 2017",Early Stage Venture,,Yes,2,2,"11,138"
Series A - Callstats.io,https://www.crunchbase.com/funding_round/callstats-io-series-a--e07c6e9e,Callstats.io,https://www.crunchbase.com/organization/callstats-io,Series A,"$3,000,000","Sep 6, 2016",Early Stage Venture,,Yes,2,,"17,992"
Seed Round - Allume,https://www.crunchbase.com/funding_round/allume-seed--3450da51,Allume,https://www.crunchbase.com/organization/allume,Seed,"$3,000,000","Oct 11, 2017",Seed,,Yes,1,1,"24,449"
Seed Round - Directly,https://www.crunchbase.com/funding_round/directly-seed--9eb16aa5,Directly,https://www.crunchbase.com/organization/directly,Seed,"$2,750,000","Aug 11, 2013",Seed,,Yes,14,2,"25,979"
Series A - RescueTime,https://www.crunchbase.com/funding_round/rescuetime-series-a--9b0edcbf,RescueTime,https://www.crunchbase.com/organization/rescuetime,Series A,"$900,000","Sep 1, 2008",Early Stage Venture,,Yes,6,1,"26,152"
Series A - Pioneer Square Labs,https://www.crunchbase.com/funding_round/pioneer-square-labs-series-a--1897c15c,Pioneer Square Labs,https://www.crunchbase.com/organization/pioneer-square-labs,Series A,"$12,500,000","Oct 1, 2015",Early Stage Venture,,Yes,19,4,"26,334"
Series B - ProsperWorks,https://www.crunchbase.com/funding_round/prosperworks-series-b--56c447d6,ProsperWorks,https://www.crunchbase.com/organization/prosperworks,Series B,"$24,000,000","Sep 27, 2016",Early Stage Venture,,Yes,8,2,"26,394"
Series A - MoviePass,https://www.crunchbase.com/funding_round/moviepass-series-a--24336438,MoviePass,https://www.crunchbase.com/organization/moviepass,Series A,"$2,200,000","Sep 26, 2014",Early Stage Venture,,Yes,18,2,"27,436"
Series A - LiveStories,https://www.crunchbase.com/funding_round/livestories-series-a--492dfc9a,LiveStories,https://www.crunchbase.com/organization/livestories,Series A,"$10,000,000","Jul 19, 2017",Early Stage Venture,,Yes,3,3,"27,603"
Venture Round - Renovo Auto,https://www.crunchbase.com/funding_round/renovo-auto-series-unknown--232e5985,Renovo Auto,https://www.crunchbase.com/organization/renovo-auto,Venture - Series Unknown,"$10,000,000","May 1, 2017",,,Yes,5,1,"28,323"
Series A - Caspida,https://www.crunchbase.com/funding_round/caspida-series-a--64d71813,Caspida,https://www.crunchbase.com/organization/caspida,Series A,"$9,524,995","Mar 3, 2014",Early Stage Venture,,Yes,3,,"29,587"
"Series A - Blue Bottle Coffee, Inc.",https://www.crunchbase.com/funding_round/blue-bottle-coffee-series-a--bb368293,"Blue Bottle Coffee, Inc.",https://www.crunchbase.com/organization/blue-bottle-coffee,Series A,"$20,000,000","Oct 1, 2012",Early Stage Venture,,Yes,3,2,"30,196"
Series A - PullString,https://www.crunchbase.com/funding_round/toytalk-series-a--cb887a43,PullString,https://www.crunchbase.com/organization/toytalk,Series A,"$4,200,000","Oct 21, 2011",Early Stage Venture,,Yes,6,1,"30,676"
Angel Round - Milk,https://www.crunchbase.com/funding_round/milk-angel--7b7daa8e,Milk,https://www.crunchbase.com/organization/milk,Angel,"$1,500,000","Apr 1, 2011",Seed,,Yes,26,1,"30,641"
Seed Round - NewCo,https://www.crunchbase.com/funding_round/newco-3-seed--cd4c5c2b,NewCo,https://www.crunchbase.com/organization/newco-3,Seed,"$6,054,645","Mar 9, 2016",Seed,,Yes,6,2,"30,659"
Series B - 3D Robotics,https://www.crunchbase.com/funding_round/3d-robotics-series-b--d6221c11,3D Robotics,https://www.crunchbase.com/organization/3d-robotics,Series B,"$30,000,000","Sep 12, 2013",Early Stage Venture,,Yes,7,1,"30,807"
Seed Round - Pared,https://www.crunchbase.com/funding_round/pared-seed--1ede5cb2,Pared,https://www.crunchbase.com/organization/pared,Seed,"$3,000,000","Feb 28, 2017",Seed,,Yes,7,1,"31,624"
Series C - Evident.io,https://www.crunchbase.com/funding_round/evident-io-series-c--d24900f6,Evident.io,https://www.crunchbase.com/organization/evident-io,Series C,"$22,000,000","Feb 9, 2017",Late Stage Venture,,Yes,4,1,"33,979"
Series E - Peloton,https://www.crunchbase.com/funding_round/peloton-interactive-series-e--d8c17fde,Peloton,https://www.crunchbase.com/organization/peloton-interactive,Series E,"$325,000,000","May 24, 2017",Late Stage Venture,"$925,000,000",Yes,8,2,"34,649"
Series A - Betable,https://www.crunchbase.com/funding_round/betable-series-a--42615730,Betable,https://www.crunchbase.com/organization/betable,Series A,"$18,500,000","Nov 5, 2013",Early Stage Venture,,Yes,17,4,"34,884"
Seed Round - Petasense,https://www.crunchbase.com/funding_round/petasense-seed--bc413ea9,Petasense,https://www.crunchbase.com/organization/petasense,Seed,"$1,800,000","Jun 22, 2017",Seed,,Yes,3,1,"34,926"
Series A - TripleLift,https://www.crunchbase.com/funding_round/triple-lift-series-a--c820c933,TripleLift,https://www.crunchbase.com/organization/triple-lift,Series A,"$4,000,000","Mar 5, 2014",Early Stage Venture,,Yes,9,5,"35,458"
Series A - Syncplicity,https://www.crunchbase.com/funding_round/syncplicity-series-a--fbfdd5d4,Syncplicity,https://www.crunchbase.com/organization/syncplicity,Series A,"$2,350,000","Oct 31, 2008",Early Stage Venture,,Yes,2,1,"38,858"
Series C - Metamarkets,https://www.crunchbase.com/funding_round/metamarkets-series-c--dcf40611,Metamarkets,https://www.crunchbase.com/organization/metamarkets,Series C,"$15,000,000","Feb 24, 2015",Late Stage Venture,,Yes,8,6,"38,808"
Series A - Message Bus,https://www.crunchbase.com/funding_round/message-bus-series-a--47dc2c32,Message Bus,https://www.crunchbase.com/organization/message-bus,Series A,"$3,350,000","Mar 29, 2011",Early Stage Venture,,Yes,11,2,"39,063"
Series B - Bloomspot,https://www.crunchbase.com/funding_round/bloomspot-com-series-b--bfbca7b2,Bloomspot,https://www.crunchbase.com/organization/bloomspot-com,Series B,"$35,000,000","Aug 1, 2011",Early Stage Venture,,Yes,9,4,"38,961"
Series A - Hatch Baby,https://www.crunchbase.com/funding_round/hatch-baby-series-a--e290ee69,Hatch Baby,https://www.crunchbase.com/organization/hatch-baby,Series A,"$7,000,000","Oct 15, 2015",Early Stage Venture,,Yes,6,1,"39,066"
Venture Round - Crossfader,https://www.crunchbase.com/funding_round/crossfader-series-unknown--7f160508,Crossfader,https://www.crunchbase.com/organization/crossfader,Venture - Series Unknown,"$1,000,000","Sep 1, 2012",,,Yes,10,1,"38,954"
Series B - Athos,https://www.crunchbase.com/funding_round/athos-series-b--03ff5cf7,Athos,https://www.crunchbase.com/organization/athos,Series B,"$12,200,000","Aug 12, 2014",Early Stage Venture,,Yes,5,1,"39,229"
Series C - Athos,https://www.crunchbase.com/funding_round/athos-series-c--2618ce70,Athos,https://www.crunchbase.com/organization/athos,Series C,"$35,000,000","Nov 18, 2015",Late Stage Venture,,Yes,7,2,"39,216"
Series A - Handshake,https://www.crunchbase.com/funding_round/handshake-2-series-a--7a4633de,Handshake,https://www.crunchbase.com/organization/handshake-2,Series A,"$10,500,000","Feb 3, 2016",Early Stage Venture,,Yes,8,4,"39,619"
Series A - BrightRoll,https://www.crunchbase.com/funding_round/brightroll-series-a--1d4122c6,BrightRoll,https://www.crunchbase.com/organization/brightroll,Series A,"$1,000,000","Nov 3, 2006",Early Stage Venture,,Yes,6,2,"39,559"
Seed Round - Bigscreen,https://www.crunchbase.com/funding_round/bigscreen-seed--bd8dc7aa,Bigscreen,https://www.crunchbase.com/organization/bigscreen,Seed,"$3,000,000","Feb 24, 2017",Seed,,Yes,6,,"42,002"
Convertible Note - Betable,https://www.crunchbase.com/funding_round/betable-convertible-note--29d94982,Betable,https://www.crunchbase.com/organization/betable,Convertible Note,,"Jul 9, 2012",,,No,15,2,"42,050"
Series A - Submittable,https://www.crunchbase.com/funding_round/submishmash-series-a--a2b01d74,Submittable,https://www.crunchbase.com/organization/submishmash,Series A,"$5,000,000","Jun 13, 2017",Early Stage Venture,,Yes,1,,"42,236"
Angel Round - Findery,https://www.crunchbase.com/funding_round/findery-angel--53075a61,Findery,https://www.crunchbase.com/organization/findery,Angel,"$2,000,000","Feb 16, 2011",Seed,,Yes,8,1,"42,571"
Series A - HashiCorp,https://www.crunchbase.com/funding_round/hashicorp-series-a--258d2fcd,HashiCorp,https://www.crunchbase.com/organization/hashicorp,Series A,"$10,175,000","Dec 10, 2014",Early Stage Venture,,Yes,5,1,"46,401"
Series C - Hedvig,https://www.crunchbase.com/funding_round/hedvig-series-c--67023764,Hedvig,https://www.crunchbase.com/organization/hedvig,Series C,"$21,500,000","Mar 2, 2017",Late Stage Venture,,Yes,6,2,"47,723"
Seed Round - Tinkercad,https://www.crunchbase.com/funding_round/tinkercad-seed--1da520ee,Tinkercad,https://www.crunchbase.com/organization/tinkercad,Seed,"$1,000,000","Nov 8, 2011",Seed,,Yes,5,,"48,150"
Series C - Duo Security,https://www.crunchbase.com/funding_round/duo-security-series-c--24b57452,Duo Security,https://www.crunchbase.com/organization/duo-security,Series C,"$30,000,000","Apr 14, 2015",Late Stage Venture,,Yes,6,4,"50,765"
Seed Round - Understory,https://www.crunchbase.com/funding_round/understory-seed--3d2b6083,Understory,https://www.crunchbase.com/organization/understory,Seed,"$1,900,000","Apr 30, 2014",Seed,,Yes,5,1,"51,145"
Seed Round - Petasense,https://www.crunchbase.com/funding_round/petasense-seed--43a0d694,Petasense,https://www.crunchbase.com/organization/petasense,Seed,,"Jun 30, 2015",Seed,,Yes,11,1,"51,278"
Seed Round - Renovo Auto,https://www.crunchbase.com/funding_round/renovo-auto-seed--c986ae8d,Renovo Auto,https://www.crunchbase.com/organization/renovo-auto,Seed,"$4,500,000","Sep 7, 2014",Seed,,Yes,2,,"53,277"
Series A - Iceye,https://www.crunchbase.com/funding_round/iceye-series-a--dac37705,Iceye,https://www.crunchbase.com/organization/iceye,Series A,"$2,800,000","Nov 12, 2015",Early Stage Venture,,Yes,4,,"53,678"
Series A - Glowforge,https://www.crunchbase.com/funding_round/glowforge-series-a--a73e2578,Glowforge,https://www.crunchbase.com/organization/glowforge,Series A,"$9,000,000","May 20, 2015",Early Stage Venture,,Yes,5,,"53,710"
Series A - littleBits Electronics,https://www.crunchbase.com/funding_round/littlebits-electronics-series-a--6faa58bb,littleBits Electronics,https://www.crunchbase.com/organization/littlebits-electronics,Series A,"$3,650,000","Jul 18, 2012",Early Stage Venture,,Yes,4,1,"154,699"
Series B - Sifteo,https://www.crunchbase.com/funding_round/sifteo-series-b--ec18b2f0,Sifteo,https://www.crunchbase.com/organization/sifteo,Series B,"$12,000,000","May 1, 2010",Early Stage Venture,,Yes,2,2,"155,076"
Series F - Gigaom,https://www.crunchbase.com/funding_round/gigaom-series-f--50504e8e,Gigaom,https://www.crunchbase.com/organization/gigaom,Series F,"$8,000,000","Feb 20, 2014",Late Stage Venture,,Yes,4,5,"155,081"
Series A - tray.io,https://www.crunchbase.com/funding_round/tray-series-a--a2c89f63,tray.io,https://www.crunchbase.com/organization/tray,Series A,"$5,000,000","Nov 17, 2016",Early Stage Venture,,Yes,2,2,"155,360"
Series A - Applauze,https://www.crunchbase.com/funding_round/955-dreams-series-a--d6d2b387,Applauze,https://www.crunchbase.com/organization/955-dreams,Series A,"$7,200,000","Oct 23, 2013",Early Stage Venture,,Yes,6,1,"155,664"
Series B - Namely,https://www.crunchbase.com/funding_round/namely-series-b--b81d38a5,Namely,https://www.crunchbase.com/organization/namely,Series B,"$12,000,000","Nov 4, 2014",Early Stage Venture,,Yes,4,2,"155,722"
Seed Round - Handshake,https://www.crunchbase.com/funding_round/handshake-2-seed--6ee1f718,Handshake,https://www.crunchbase.com/organization/handshake-2,Seed,"$3,500,000","Mar 15, 2015",Seed,,Yes,6,,"156,049"
Venture Round - MobileSpan,https://www.crunchbase.com/funding_round/mobilespan-series-unknown--521c1193,MobileSpan,https://www.crunchbase.com/organization/mobilespan,Venture - Series Unknown,"$2,300,000","Jan 17, 2013",,,Yes,2,1,"156,414"
Seed Round - MoviePass,https://www.crunchbase.com/funding_round/moviepass-seed--b2510f42,MoviePass,https://www.crunchbase.com/organization/moviepass,Seed,"$1,500,000","Feb 23, 2011",Seed,,Yes,11,1,"157,055"
Seed Round - just.me Inc,https://www.crunchbase.com/funding_round/justme-seed--50c8b757,just.me Inc,https://www.crunchbase.com/organization/justme,Seed,"$500,000","Jul 30, 2011",Seed,,Yes,8,1,"157,436"
Series A - FREEjit,https://www.crunchbase.com/funding_round/freejit-series-a--482e9232,FREEjit,https://www.crunchbase.com/organization/freejit,Series A,,"Oct 10, 2010",Early Stage Venture,,Yes,5,,"164,940"
Convertible Note - Three Rings,https://www.crunchbase.com/funding_round/three-rings-convertible-note--1ecb0de7,Three Rings,https://www.crunchbase.com/organization/three-rings,Convertible Note,"$1,000,000","Dec 3, 2008",,,No,1,,"166,834"
Series B - VoxPop Network Corporation,https://www.crunchbase.com/funding_round/voxpop-series-b--eca4e6e4,VoxPop Network Corporation,https://www.crunchbase.com/organization/voxpop,Series B,"$1,500,000","May 1, 2009",Early Stage Venture,,Yes,3,1,"167,160"
Venture Round - High Fidelity,https://www.crunchbase.com/funding_round/high-fidelity-series-unknown--54842e3f,High Fidelity,https://www.crunchbase.com/organization/high-fidelity,Venture - Series Unknown,"$2,500,000","Mar 26, 2014",,,Yes,1,1,"167,490"
Seed Round - Orchestrate,https://www.crunchbase.com/funding_round/orchestrate-io-seed--3b1e6380,Orchestrate,https://www.crunchbase.com/organization/orchestrate-io,Seed,"$3,000,000","May 21, 2013",Seed,,Yes,3,1,"167,773"
Seed Round - Gradle,https://www.crunchbase.com/funding_round/gradle-seed--08acf446,Gradle,https://www.crunchbase.com/organization/gradle,Seed,"$4,200,000","Dec 10, 2015",Seed,,Yes,2,,"168,345"
Series B - Automattic,https://www.crunchbase.com/funding_round/automattic-series-b--79ccce12,Automattic,https://www.crunchbase.com/organization/automattic,Series B,"$29,500,000","Jan 1, 2008",Early Stage Venture,,Yes,4,2,"168,442"
Venture Round - Namely,https://www.crunchbase.com/funding_round/namely-series-unknown--84b2fb9e,Namely,https://www.crunchbase.com/organization/namely,Venture - Series Unknown,"$11,000,000","Mar 5, 2015",,,Yes,5,2,"168,786"
Series B - HashiCorp,https://www.crunchbase.com/funding_round/hashicorp-series-b--17e68d3e,HashiCorp,https://www.crunchbase.com/organization/hashicorp,Series B,"$24,000,000","Sep 7, 2016",Early Stage Venture,,Yes,4,2,"169,981"
Venture Round - Loggly,https://www.crunchbase.com/funding_round/loggly-series-unknown--79a60d13,Loggly,https://www.crunchbase.com/organization/loggly,Venture - Series Unknown,"$5,700,000","Jul 17, 2012",,,Yes,3,1,"171,095"
Series B - Spectrum Bridge,https://www.crunchbase.com/funding_round/spectrum-bridge-series-b--f5fda450,Spectrum Bridge,https://www.crunchbase.com/organization/spectrum-bridge,Series B,"$8,800,000","Sep 13, 2011",Early Stage Venture,,Yes,3,1,"171,194"
Seed Round - LiveStories,https://www.crunchbase.com/funding_round/livestories-seed--8b15567e,LiveStories,https://www.crunchbase.com/organization/livestories,Seed,"$3,000,000","Sep 9, 2016",Seed,,Yes,5,3,"171,762"
Series C - Peloton,https://www.crunchbase.com/funding_round/peloton-interactive-series-c--3a293606,Peloton,https://www.crunchbase.com/organization/peloton-interactive,Series C,"$30,000,000","Apr 16, 2015",Late Stage Venture,,Yes,3,2,"172,223"
Series A - Filtrbox,https://www.crunchbase.com/funding_round/filtrbox-series-a--c428f3b1,Filtrbox,https://www.crunchbase.com/organization/filtrbox,Series A,"$1,400,000","Feb 17, 2009",Early Stage Venture,,Yes,2,,"172,242"
"Series A - Lumity, Inc.",https://www.crunchbase.com/funding_round/lumity-inc-series-a--60db9f3c,"Lumity, Inc.",https://www.crunchbase.com/organization/lumity-inc,Series A,"$14,000,000","Sep 15, 2015",Early Stage Venture,,Yes,3,,"172,285"
Seed Round - Operable,https://www.crunchbase.com/funding_round/operable-seed--28cdca9c,Operable,https://www.crunchbase.com/organization/operable,Seed,"$2,700,000","Mar 13, 2015",Seed,,Yes,2,,"172,575"
Venture Round - Qualaroo,https://www.crunchbase.com/funding_round/qualaroo-series-unknown--1ca87b15,Qualaroo,https://www.crunchbase.com/organization/qualaroo,Venture - Series Unknown,"$2,200,000","Sep 19, 2014",,,Yes,3,2,"172,950"
Series A - Evident.io,https://www.crunchbase.com/funding_round/evident-io-series-a--af0dd1f7,Evident.io,https://www.crunchbase.com/organization/evident-io,Series A,"$9,900,000","Nov 11, 2014",Early Stage Venture,,Yes,2,1,"174,603"
Series D - Streetline,https://www.crunchbase.com/funding_round/streetline-series-d--c2d7d0fa,Streetline,https://www.crunchbase.com/organization/streetline,Series D,"$10,000,000","Jul 1, 2014",Late Stage Venture,,Yes,6,3,"174,608"
Series B - Gigaom,https://www.crunchbase.com/funding_round/gigaom-series-b--b7bd318e,Gigaom,https://www.crunchbase.com/organization/gigaom,Series B,"$1,000,000","Nov 14, 2007",Early Stage Venture,,Yes,4,3,"175,317"
Series A - Kurtosys,https://www.crunchbase.com/funding_round/kurtosys-series-a--cac40692,Kurtosys,https://www.crunchbase.com/organization/kurtosys,Series A,"$5,150,000","Jan 1, 2006",Early Stage Venture,,Yes,1,,"175,497"
Seed Round - Howdy,https://www.crunchbase.com/funding_round/howdy-3-seed--952b4e39,Howdy,https://www.crunchbase.com/organization/howdy-3,Seed,"$1,500,000","Oct 20, 2015",Seed,,Yes,3,2,"175,749"
Series A - Space Pencil,https://www.crunchbase.com/funding_round/space-pencil-series-a--18f7a26e,Space Pencil,https://www.crunchbase.com/organization/space-pencil,Series A,"$1,000,000","Jun 30, 2009",Early Stage Venture,,Yes,4,1,"176,042"
Series A - MessageMe,https://www.crunchbase.com/funding_round/messageme-series-a--460f3069,MessageMe,https://www.crunchbase.com/organization/messageme,Series A,"$10,000,000","May 16, 2013",Early Stage Venture,,Yes,8,2,"176,506"
Series A - Quarterly,https://www.crunchbase.com/funding_round/quarterly-series-a--6c34a965,Quarterly,https://www.crunchbase.com/organization/quarterly,Series A,"$1,250,000","Feb 24, 2014",Early Stage Venture,,Yes,6,3,"177,079"
Series B - Handshake,https://www.crunchbase.com/funding_round/handshake-2-series-b--e4f1ad79,Handshake,https://www.crunchbase.com/organization/handshake-2,Series B,"$20,000,000","Nov 17, 2016",Early Stage Venture,,Yes,5,4,"177,218"
Series A - Collecta,https://www.crunchbase.com/funding_round/collecta-series-a--f29023eb,Collecta,https://www.crunchbase.com/organization/collecta,Series A,"$1,850,000","Mar 1, 2009",Early Stage Venture,,Yes,2,,"177,264"
Angel Round - Maya's Mom,https://www.crunchbase.com/funding_round/mayasmom-angel--9c56bcd0,Maya's Mom,https://www.crunchbase.com/organization/mayasmom,Angel,"$1,000,000","Oct 27, 2006",Seed,,Yes,7,,"177,970"
Series A - Smarterer,https://www.crunchbase.com/funding_round/smarterer-series-a--5d02560a,Smarterer,https://www.crunchbase.com/organization/smarterer,Series A,"$1,750,000","Jun 5, 2012",Early Stage Venture,,Yes,3,4,"178,606"
Series A - Tello Applications,https://www.crunchbase.com/funding_round/tello-series-a--6971674e,Tello Applications,https://www.crunchbase.com/organization/tello,Series A,"$2,700,000","Feb 28, 2012",Early Stage Venture,,Yes,2,,"178,946"
Series A - Sifteo,https://www.crunchbase.com/funding_round/sifteo-series-a--138d6a95,Sifteo,https://www.crunchbase.com/organization/sifteo,Series A,"$1,000,000","Jul 1, 2009",Early Stage Venture,,Yes,1,,"180,083"
Series A - 3D Robotics,https://www.crunchbase.com/funding_round/3d-robotics-series-a--27855957,3D Robotics,https://www.crunchbase.com/organization/3d-robotics,Series A,"$5,075,000","Nov 5, 2012",Early Stage Venture,,Yes,4,1,"181,049"
Series A - Namely,https://www.crunchbase.com/funding_round/namely-series-a--d74f8c97,Namely,https://www.crunchbase.com/organization/namely,Series A,"$3,350,000","Jun 11, 2013",Early Stage Venture,,Yes,4,1,"181,144"
Series A - TastemakerX,https://www.crunchbase.com/funding_round/tastemakerx-series-a--494bba97,TastemakerX,https://www.crunchbase.com/organization/tastemakerx,Series A,"$1,800,000","Feb 8, 2012",Early Stage Venture,,Yes,5,2,"54,644"
Debt Financing - Kurtosys,https://www.crunchbase.com/funding_round/kurtosys-debt-financing--5d3a91f7,Kurtosys,https://www.crunchbase.com/organization/kurtosys,Debt Financing,"$1,000,000","Jul 25, 2013",,,No,1,1,"54,733"
Series B - Socialcast,https://www.crunchbase.com/funding_round/socialcast-series-b--90749f60,Socialcast,https://www.crunchbase.com/organization/socialcast,Series B,"$8,000,000","Mar 31, 2010",Early Stage Venture,,Yes,2,2,"55,395"
Seed Round - Smarterer,https://www.crunchbase.com/funding_round/smarterer-seed--efbff4fb,Smarterer,https://www.crunchbase.com/organization/smarterer,Seed,"$1,250,000","Jun 13, 2011",Seed,,Yes,8,1,"55,750"
Series C - Flint,https://www.crunchbase.com/funding_round/flint-series-c--9de9f638,Flint,https://www.crunchbase.com/organization/flint,Series C,"$9,400,000","Oct 22, 2014",Late Stage Venture,,Yes,5,1,"55,833"
Series A - SlamData,https://www.crunchbase.com/funding_round/slamdata-series-a--762beca4,SlamData,https://www.crunchbase.com/organization/slamdata,Series A,"$6,700,000","Feb 22, 2017",Early Stage Venture,,Yes,6,2,"56,015"
Seed Round - Technical Machine,https://www.crunchbase.com/funding_round/technical-machine-seed--674e8bd9,Technical Machine,https://www.crunchbase.com/organization/technical-machine,Seed,"$1,000,000","Nov 27, 2013",Seed,,Yes,5,,"114,377"
Venture Round - PayNearMe,https://www.crunchbase.com/funding_round/paynearme-series-unknown--c774f9fd,PayNearMe,https://www.crunchbase.com/organization/paynearme,Venture - Series Unknown,"$2,100,000","Apr 1, 2013",,,Yes,2,2,"114,552"
Series C - Namely,https://www.crunchbase.com/funding_round/namely-series-c--ab9c558b,Namely,https://www.crunchbase.com/organization/namely,Series C,"$45,000,000","Jun 18, 2015",Late Stage Venture,,Yes,5,3,"115,698"
Series B - Stitch Labs,https://www.crunchbase.com/funding_round/stitch-labs-series-b--aecc57c2,Stitch Labs,https://www.crunchbase.com/organization/stitch-labs,Series B,"$15,000,000","Oct 20, 2015",Early Stage Venture,,Yes,3,1,"118,138"
Seed Round - Projector,https://www.crunchbase.com/funding_round/projector-seed--f8db596e,Projector,https://www.crunchbase.com/organization/projector,Seed,"$4,500,000","Apr 6, 2016",Seed,,Yes,9,1,"121,564"
Series B - Evident.io,https://www.crunchbase.com/funding_round/evident-io-series-b--ecdfbbe2,Evident.io,https://www.crunchbase.com/organization/evident-io,Series B,"$15,700,000","Apr 28, 2016",Early Stage Venture,,Yes,3,1,"121,816"
Series B - Helpshift,https://www.crunchbase.com/funding_round/helpshift-inc-series-b--a29ca43a,Helpshift,https://www.crunchbase.com/organization/helpshift-inc,Series B,"$23,000,000","Jun 7, 2016",Early Stage Venture,"$100,000,000",Yes,6,4,"121,917"
Series D - Fitbit,https://www.crunchbase.com/funding_round/fitbit-series-d--32b72aea,Fitbit,https://www.crunchbase.com/organization/fitbit,Series D,"$43,000,000","Aug 13, 2013",Late Stage Venture,,Yes,5,2,"126,413"
Seed Round - Stitch Labs,https://www.crunchbase.com/funding_round/stitch-labs-seed--a7e62166,Stitch Labs,https://www.crunchbase.com/organization/stitch-labs,Seed,"$1,000,000","Feb 16, 2012",Seed,,Yes,5,,"126,586"
Seed Round - SocialPandas,https://www.crunchbase.com/funding_round/socialpandas-seed--aa7f5b04,SocialPandas,https://www.crunchbase.com/organization/socialpandas,Seed,"$1,500,000","Aug 15, 2012",Seed,,Yes,2,,"127,689"
Seed Round - Worldly Developments,https://www.crunchbase.com/funding_round/worldly-developments-seed--8648236d,Worldly Developments,https://www.crunchbase.com/organization/worldly-developments,Seed,"$800,000","Mar 5, 2010",Seed,,Yes,14,2,"128,643"
Series A - Health Gorilla,https://www.crunchbase.com/funding_round/informedika-series-a--81af7f31,Health Gorilla,https://www.crunchbase.com/organization/informedika,Series A,"$2,405,915","May 7, 2015",Early Stage Venture,,Yes,6,,"136,005"
Series A - ProsperWorks,https://www.crunchbase.com/funding_round/prosperworks-series-a--c8effaea,ProsperWorks,https://www.crunchbase.com/organization/prosperworks,Series A,"$7,500,000","Mar 31, 2015",Early Stage Venture,,Yes,2,1,"136,211"
Seed Round - Adku,https://www.crunchbase.com/funding_round/adku-seed--a3869553,Adku,https://www.crunchbase.com/organization/adku,Seed,"$1,500,000","Dec 9, 2010",Seed,,Yes,5,3,"136,351"
Series B - Loggly,https://www.crunchbase.com/funding_round/loggly-series-b--16428a93,Loggly,https://www.crunchbase.com/organization/loggly,Series B,"$10,500,000","Sep 3, 2013",Early Stage Venture,,Yes,5,1,"136,570"
Series A - 20x200,https://www.crunchbase.com/funding_round/20x200-series-a--4fdee2e1,20x200,https://www.crunchbase.com/organization/20x200,Series A,"$2,000,000","Aug 1, 2010",Early Stage Venture,,Yes,8,2,"136,929"
Debt Financing - Molio Inc.,https://www.crunchbase.com/funding_round/molio-debt-financing--40198b01,Molio Inc.,https://www.crunchbase.com/organization/molio,Debt Financing,"$1,000,000","Sep 30, 2015",,,No,6,2,"137,011"
Series A - Understory,https://www.crunchbase.com/funding_round/understory-series-a--137290c5,Understory,https://www.crunchbase.com/organization/understory,Series A,"$7,498,498","Feb 2, 2016",Early Stage Venture,,Yes,6,3,"137,100"
Series C - Valencell,https://www.crunchbase.com/funding_round/valencell-series-c--b26a4d32,Valencell,https://www.crunchbase.com/organization/valencell,Series C,"$7,000,000","Jun 16, 2014",Late Stage Venture,,Yes,4,1,"137,160"
Seed Round - StockTwits,https://www.crunchbase.com/funding_round/stocktwits-seed--7b4af7e6,StockTwits,https://www.crunchbase.com/organization/stocktwits,Seed,"$800,000","May 18, 2009",Seed,,Yes,1,,"137,280"
Venture Round - MakerBot,https://www.crunchbase.com/funding_round/makerbot-series-unknown--2fa513d4,MakerBot,https://www.crunchbase.com/organization/makerbot,Venture - Series Unknown,"$10,000,000","Aug 23, 2011",,,Yes,7,4,"57,869"
Seed Round - MessageMe,https://www.crunchbase.com/funding_round/messageme-seed--271b641d,MessageMe,https://www.crunchbase.com/organization/messageme,Seed,,"Jul 1, 2012",Seed,,Yes,2,,"57,981"
Seed Round - Always Prepped,https://www.crunchbase.com/funding_round/always-prepped-seed--8940058a,Always Prepped,https://www.crunchbase.com/organization/always-prepped,Seed,"$650,000","Nov 15, 2012",Seed,,Yes,4,,"140,171"
Seed Round - SaveUp,https://www.crunchbase.com/funding_round/saveup-seed--b8ed84d1,SaveUp,https://www.crunchbase.com/organization/saveup,Seed,"$2,000,000","Sep 15, 2011",Seed,,Yes,2,2,"141,963"
Seed Round - Cloverpop,https://www.crunchbase.com/funding_round/cloverpop-seed--93c3520e,Cloverpop,https://www.crunchbase.com/organization/cloverpop,Seed,"$1,800,000","Oct 6, 2015",Seed,,Yes,4,,"142,112"
Series C - Gigaom,https://www.crunchbase.com/funding_round/gigaom-series-c--8abb484d,Gigaom,https://www.crunchbase.com/organization/gigaom,Series C,"$4,500,000","Oct 6, 2008",Late Stage Venture,,Yes,2,3,"58,100"
Series B - Fitbit,https://www.crunchbase.com/funding_round/fitbit-series-b--e43270dc,Fitbit,https://www.crunchbase.com/organization/fitbit,Series B,"$9,000,000","Sep 10, 2010",Early Stage Venture,,Yes,4,4,"58,577"
"Series A - First Opinion, Inc.",https://www.crunchbase.com/funding_round/first-opinion-series-a--44613e90,"First Opinion, Inc.",https://www.crunchbase.com/organization/first-opinion,Series A,"$6,000,000","Dec 18, 2014",Early Stage Venture,,Yes,5,3,"59,176"
Series A - VoxPop Network Corporation,https://www.crunchbase.com/funding_round/voxpop-series-a--1f93999a,VoxPop Network Corporation,https://www.crunchbase.com/organization/voxpop,Series A,"$2,000,000","May 1, 2007",Early Stage Venture,,Yes,3,1,"59,580"
Series A - GigaLogix,https://www.crunchbase.com/funding_round/gigalogix-series-a--7eaa006a,GigaLogix,https://www.crunchbase.com/organization/gigalogix,Series A,"$1,400,000","Feb 1, 2007",Early Stage Venture,,Yes,2,,"144,505"
Venture Round - Space Pencil,https://www.crunchbase.com/funding_round/space-pencil-series-unknown--56a1d08c,Space Pencil,https://www.crunchbase.com/organization/space-pencil,Venture - Series Unknown,"$200,000","Apr 1, 2013",,,Yes,1,,"144,758"
Seed Round - TerraEchos,https://www.crunchbase.com/funding_round/terraechos-seed--9545401e,TerraEchos,https://www.crunchbase.com/organization/terraechos,Seed,,"May 9, 2012",Seed,,Yes,1,,"59,636"
Seed Round - North Technologies,https://www.crunchbase.com/funding_round/north-technologies-seed--36b01a06,North Technologies,https://www.crunchbase.com/organization/north-technologies,Seed,"$5,000,000","Jan 15, 2015",Seed,,Yes,6,1,"59,989"
Seed Round - SlamData,https://www.crunchbase.com/funding_round/slamdata-seed--36fa9444,SlamData,https://www.crunchbase.com/organization/slamdata,Seed,"$3,633,838","Jul 30, 2015",Seed,,Yes,8,2,"145,398"
Seed Round - Ditto,https://www.crunchbase.com/funding_round/ditto-seed--b4dc2d12,Ditto,https://www.crunchbase.com/organization/ditto,Seed,"$775,000","Sep 6, 2010",Seed,,Yes,2,1,"146,723"
Series B - Message Bus,https://www.crunchbase.com/funding_round/message-bus-series-b--0d1d2bad,Message Bus,https://www.crunchbase.com/organization/message-bus,Series B,"$11,000,000","Oct 15, 2012",Early Stage Venture,,Yes,6,3,"60,505"
Series A - 410 Labs,https://www.crunchbase.com/funding_round/410-labs-series-a--e458ed19,410 Labs,https://www.crunchbase.com/organization/410-labs,Series A,"$750,000","Jul 11, 2011",Early Stage Venture,,Yes,4,,"146,761"
Venture Round - High Fidelity,https://www.crunchbase.com/funding_round/high-fidelity-series-unknown--018ac11f,High Fidelity,https://www.crunchbase.com/organization/high-fidelity,Venture - Series Unknown,"$2,400,000","Apr 4, 2013",,,Yes,4,1,"146,850"
Series A - Puppet,https://www.crunchbase.com/funding_round/puppet-labs-series-a--7ece28e6,Puppet,https://www.crunchbase.com/organization/puppet-labs,Series A,"$2,000,000","Jun 23, 2009",Early Stage Venture,,Yes,3,1,"90,583"
Series C - Kurtosys,https://www.crunchbase.com/funding_round/kurtosys-series-c--0856d07c,Kurtosys,https://www.crunchbase.com/organization/kurtosys,Series C,"$8,000,000","Dec 19, 2013",Late Stage Venture,,Yes,2,2,"60,727"
Series A - Apcera,https://www.crunchbase.com/funding_round/apcera-series-a--d17dcc3c,Apcera,https://www.crunchbase.com/organization/apcera,Series A,"$5,000,000","Jul 8, 2013",Early Stage Venture,,Yes,3,,"61,159"
Series A - Datos IO,https://www.crunchbase.com/funding_round/datos-io-series-a--f9432069,Datos IO,https://www.crunchbase.com/organization/datos-io,Series A,"$12,500,000","Sep 15, 2015",Early Stage Venture,,Yes,3,2,"150,429"
Series B - Narrative,https://www.crunchbase.com/funding_round/narrative-series-b--babe2668,Narrative,https://www.crunchbase.com/organization/narrative,Series B,"$8,000,000","Sep 4, 2014",Early Stage Venture,,Yes,4,4,"150,716"
Seed Round - One Inc.,https://www.crunchbase.com/funding_round/1-seed--e82464f2,One Inc.,https://www.crunchbase.com/organization/1,Seed,"$1,000,050","Jul 20, 2011",Seed,,Yes,8,,"92,094"
Seed Round - Sponge,https://www.crunchbase.com/funding_round/sponge-seed--46d16e18,Sponge,https://www.crunchbase.com/organization/sponge,Seed,"$400,000","Apr 19, 2010",Seed,,Yes,1,,"92,106"
Series C - Automattic,https://www.crunchbase.com/funding_round/automattic-series-c--c97841e1,Automattic,https://www.crunchbase.com/organization/automattic,Series C,"$160,000,000","May 5, 2014",Late Stage Venture,"$1,000,000,000",Yes,5,4,"92,179"
Series A - Brava Home,https://www.crunchbase.com/funding_round/brava-home-series-a--cd57f493,Brava Home,https://www.crunchbase.com/organization/brava-home,Series A,"$12,000,000","Sep 20, 2016",Early Stage Venture,,Yes,5,1,"92,251"
Series A - Bandcamp,https://www.crunchbase.com/funding_round/bandcamp-series-a--782ca38e,Bandcamp,https://www.crunchbase.com/organization/bandcamp,Series A,,"Dec 1, 2010",Early Stage Venture,,Yes,2,,"92,288"
Series B - Hedvig,https://www.crunchbase.com/funding_round/hedvig-series-b--9a5aa493,Hedvig,https://www.crunchbase.com/organization/hedvig,Series B,"$18,000,000","Jun 1, 2015",Early Stage Venture,"$70,000,000",Yes,5,2,"61,423"
Series C - Fitbit,https://www.crunchbase.com/funding_round/fitbit-series-c--2dec566b,Fitbit,https://www.crunchbase.com/organization/fitbit,Series C,"$12,000,000","Jan 24, 2012",Late Stage Venture,,Yes,4,4,"150,908"
Series E - Puppet,https://www.crunchbase.com/funding_round/puppet-labs-series-e--817d3f4f,Puppet,https://www.crunchbase.com/organization/puppet-labs,Series E,"$40,000,000","Jun 19, 2014",Late Stage Venture,,Yes,5,3,"151,032"
Series A - Storehouse,https://www.crunchbase.com/funding_round/storehouse-series-a--79cfdc1a,Storehouse,https://www.crunchbase.com/organization/storehouse,Series A,"$7,000,000","May 22, 2014",Early Stage Venture,,Yes,5,2,"151,065"
Seed Round - Splice,https://www.crunchbase.com/funding_round/splice-seed--5055c36d,Splice,https://www.crunchbase.com/organization/splice,Seed,"$2,750,000","Oct 9, 2013",Seed,,Yes,10,4,"151,318"
Series A - Kairos AR,https://www.crunchbase.com/funding_round/kairos-ar-series-a--b09e48f0,Kairos AR,https://www.crunchbase.com/organization/kairos-ar,Series A,"$1,200,000","Feb 25, 2014",Early Stage Venture,,Yes,4,1,"92,795"
Series A - Duo Security,https://www.crunchbase.com/funding_round/duo-security-series-a--dbdc4669,Duo Security,https://www.crunchbase.com/organization/duo-security,Series A,"$6,000,000","Feb 28, 2012",Early Stage Venture,,Yes,4,2,"151,671"
Series B - Loggly,https://www.crunchbase.com/funding_round/loggly-series-b--336abf21,Loggly,https://www.crunchbase.com/organization/loggly,Series B,"$4,200,000","May 19, 2010",Early Stage Venture,,Yes,2,1,"151,714"
Seed Round - Lexity,https://www.crunchbase.com/funding_round/lexity-seed--3991baa3,Lexity,https://www.crunchbase.com/organization/lexity,Seed,"$1,200,000","Sep 1, 2009",Seed,,Yes,5,,"151,868"
Series B - Glowforge,https://www.crunchbase.com/funding_round/glowforge-series-b--32d9b936,Glowforge,https://www.crunchbase.com/organization/glowforge,Series B,"$22,000,000","Aug 1, 2016",Early Stage Venture,,Yes,2,,"81,167"
Series A - Orreco,https://www.crunchbase.com/funding_round/orreco-series-a--249795e5,Orreco,https://www.crunchbase.com/organization/orreco,Series A,"$2,000,000","Feb 15, 2017",Early Stage Venture,,Yes,3,,"152,303"
"Series A - Madison Reed, Inc.",https://www.crunchbase.com/funding_round/madison-reed-inc-series-a--0e504305,"Madison Reed, Inc.",https://www.crunchbase.com/organization/madison-reed-inc,Series A,"$4,000,000","Apr 29, 2013",Early Stage Venture,,Yes,3,3,"152,479"
Seed Round - Runscope,https://www.crunchbase.com/funding_round/runscope-seed--6b0205df,Runscope,https://www.crunchbase.com/organization/runscope,Seed,"$1,100,000","May 22, 2013",Seed,,Yes,7,,"152,679"
Series A - PayNearMe,https://www.crunchbase.com/funding_round/paynearme-series-a--1face3fa,PayNearMe,https://www.crunchbase.com/organization/paynearme,Series A,"$3,000,000","May 1, 2009",Early Stage Venture,,Yes,5,1,"82,648"
Series B - Madefire,https://www.crunchbase.com/funding_round/madefire-series-b--4c4df38c,Madefire,https://www.crunchbase.com/organization/madefire,Series B,"$6,500,000","Oct 5, 2016",Early Stage Venture,,Yes,7,,"82,768"
Series C - Puppet,https://www.crunchbase.com/funding_round/puppet-labs-series-c--6b47b247,Puppet,https://www.crunchbase.com/organization/puppet-labs,Series C,"$8,500,000","Nov 29, 2011",Late Stage Venture,,Yes,6,3,"83,068"
Series A - Twin Prime,https://www.crunchbase.com/funding_round/twin-prime-inc-series-a--2ce192d0,Twin Prime,https://www.crunchbase.com/organization/twin-prime-inc,Series A,"$9,500,000","Mar 18, 2015",Early Stage Venture,,Yes,4,5,"61,983"
Seed Round - Yousician,https://www.crunchbase.com/funding_round/ovelin-seed--a403e835,Yousician,https://www.crunchbase.com/organization/ovelin,Seed,"$1,400,000","Feb 8, 2012",Seed,,Yes,1,,"62,048"
Series B - Appconomy,https://www.crunchbase.com/funding_round/appconomy-series-b--fb0c10d1,Appconomy,https://www.crunchbase.com/organization/appconomy,Series B,"$10,000,000","Dec 19, 2011",Early Stage Venture,,Yes,4,1,"84,941"
Venture Round - Acai Solutions,https://www.crunchbase.com/funding_round/acai-solutions-series-unknown--f94ee9e0,Acai Solutions,https://www.crunchbase.com/organization/acai-solutions,Venture - Series Unknown,,"May 16, 2007",,,Yes,1,,"86,502"
Venture Round - scanR,https://www.crunchbase.com/funding_round/scanr-series-unknown--1772434d,scanR,https://www.crunchbase.com/organization/scanr,Venture - Series Unknown,"$6,200,000","Apr 23, 2009",,,Yes,2,,"87,043"
Seed Round - Spectrum Bridge,https://www.crunchbase.com/funding_round/spectrum-bridge-seed--4fa743de,Spectrum Bridge,https://www.crunchbase.com/organization/spectrum-bridge,Seed,"$2,000,000","Sep 5, 2008",Seed,,Yes,3,,"87,058"
Seed Round - Forge,https://www.crunchbase.com/funding_round/forge-3-seed--bd8399a2,Forge,https://www.crunchbase.com/organization/forge-3,Seed,"$4,500,000","Mar 15, 2016",Seed,,Yes,4,,"181,345"
Seed Round - WeGame,https://www.crunchbase.com/funding_round/wegame-seed--5ca91524,WeGame,https://www.crunchbase.com/organization/wegame,Seed,"$500,000","Oct 8, 2007",Seed,,Yes,2,,"95,862"
Series A - StockTwits,https://www.crunchbase.com/funding_round/stocktwits-series-a--49164784,StockTwits,https://www.crunchbase.com/organization/stocktwits,Series A,"$3,000,000","Dec 1, 2009",Early Stage Venture,,Yes,2,2,"95,877"
Seed Round - strongDM,https://www.crunchbase.com/funding_round/strongdm-seed--f4dd8db9,strongDM,https://www.crunchbase.com/organization/strongdm,Seed,"$3,000,000","Dec 5, 2016",Seed,,Yes,6,2,"89,580"
Venture Round - StockTwits,https://www.crunchbase.com/funding_round/stocktwits-series-unknown--3982c1a0,StockTwits,https://www.crunchbase.com/organization/stocktwits,Venture - Series Unknown,"$4,000,000","Oct 19, 2010",,,Yes,2,2,"89,606"
Series A - Singly,https://www.crunchbase.com/funding_round/singly-series-a--c96836a3,Singly,https://www.crunchbase.com/organization/singly,Series A,"$7,000,000","Apr 23, 2012",Early Stage Venture,,Yes,8,3,"96,302"
Series B - TripleLift,https://www.crunchbase.com/funding_round/triple-lift-series-b--31ca25e3,TripleLift,https://www.crunchbase.com/organization/triple-lift,Series B,"$10,500,000","Jun 11, 2015",Early Stage Venture,"$38,000,000",Yes,5,4,"96,783"
Series B - PullString,https://www.crunchbase.com/funding_round/toytalk-series-b--b1e7a6ce,PullString,https://www.crunchbase.com/organization/toytalk,Series B,"$12,000,000","Nov 9, 2012",Early Stage Venture,,Yes,5,3,"96,988"
Seed Round - Mylestone,https://www.crunchbase.com/funding_round/mylestone-seed--50d599ae,Mylestone,https://www.crunchbase.com/organization/mylestone,Seed,"$2,500,000","Feb 16, 2017",Seed,,Yes,5,,"63,229"
Seed Round - Apcera,https://www.crunchbase.com/funding_round/apcera-seed--8d70386b,Apcera,https://www.crunchbase.com/organization/apcera,Seed,"$2,200,000","May 8, 2012",Seed,,Yes,4,,"63,463"
Series A - Nodeable,https://www.crunchbase.com/funding_round/nodeable-series-a--ee4d2050,Nodeable,https://www.crunchbase.com/organization/nodeable,Series A,"$2,000,000","Jul 26, 2011",Early Stage Venture,,Yes,1,,"97,583"
Series B - Duo Security,https://www.crunchbase.com/funding_round/duo-security-series-b--fa8a2f8c,Duo Security,https://www.crunchbase.com/organization/duo-security,Series B,"$12,000,000","Sep 22, 2014",Early Stage Venture,,Yes,4,3,"93,256"
Seed Round - B-Stock Solutions,https://www.crunchbase.com/funding_round/bstock-solutions-seed--9cf6ed45,B-Stock Solutions,https://www.crunchbase.com/organization/bstock-solutions,Seed,"$1,200,000","Feb 1, 2009",Seed,,Yes,2,1,"93,438"
Series A - Bloomspot,https://www.crunchbase.com/funding_round/bloomspot-com-series-a--21e0a652,Bloomspot,https://www.crunchbase.com/organization/bloomspot-com,Series A,"$9,000,000","Sep 16, 2010",Early Stage Venture,,Yes,3,2,"64,038"
Seed Round - Atipica,https://www.crunchbase.com/funding_round/atipica-seed--8b1c5c22,Atipica,https://www.crunchbase.com/organization/atipica,Seed,"$2,000,000","Oct 9, 2016",Seed,,Yes,7,,"97,869"
Seed Round - Chameleon,https://www.crunchbase.com/funding_round/chameleon-2-seed--05aa651c,Chameleon,https://www.crunchbase.com/organization/chameleon-2,Seed,"$1,900,000","Apr 21, 2016",Seed,,Yes,15,,"98,130"
Venture Round - Pose.com,https://www.crunchbase.com/funding_round/pose-com-series-unknown--98093001,Pose.com,https://www.crunchbase.com/organization/pose-com,Venture - Series Unknown,"$1,600,000","Jan 11, 2011",,,Yes,3,2,"100,995"
Series D - Gigaom,https://www.crunchbase.com/funding_round/gigaom-series-d--dab40cf2,Gigaom,https://www.crunchbase.com/organization/gigaom,Series D,"$2,500,000","Oct 22, 2010",Late Stage Venture,,Yes,2,2,"193,888"
Series A - WeGame,https://www.crunchbase.com/funding_round/wegame-series-a--242b5438,WeGame,https://www.crunchbase.com/organization/wegame,Series A,"$3,000,000","Mar 1, 2008",Early Stage Venture,,Yes,7,2,"101,608"
Series B - BrightRoll,https://www.crunchbase.com/funding_round/brightroll-series-b--b4c05b82,BrightRoll,https://www.crunchbase.com/organization/brightroll,Series B,"$5,000,000","Oct 22, 2007",Early Stage Venture,,Yes,2,2,"101,787"
Series A - TextDigger,https://www.crunchbase.com/funding_round/textdigger-series-a--98754eb7,TextDigger,https://www.crunchbase.com/organization/textdigger,Series A,"$4,300,000","Feb 3, 2009",Early Stage Venture,,Yes,3,1,"101,937"
Series D - BrightRoll,https://www.crunchbase.com/funding_round/brightroll-series-d--f427516a,BrightRoll,https://www.crunchbase.com/organization/brightroll,Series D,"$20,000,000","Nov 15, 2011",Late Stage Venture,,Yes,6,5,"101,157"
Seed Round - Duo Security,https://www.crunchbase.com/funding_round/duo-security-seed--fff9f693,Duo Security,https://www.crunchbase.com/organization/duo-security,Seed,"$1,000,000","Aug 17, 2010",Seed,,Yes,2,,"154,185"
Series B - TastemakerX,https://www.crunchbase.com/funding_round/tastemakerx-series-b--c88a1051,TastemakerX,https://www.crunchbase.com/organization/tastemakerx,Series B,"$1,250,000","Mar 7, 2013",Early Stage Venture,,Yes,5,1,"154,212"
Series A - Helpshift,https://www.crunchbase.com/funding_round/helpshift-inc-series-a--e5b34c4d,Helpshift,https://www.crunchbase.com/organization/helpshift-inc,Series A,"$10,000,000","Jun 24, 2014",Early Stage Venture,,Yes,4,4,"64,924"
Seed Round - Dinamundo,https://www.crunchbase.com/funding_round/dinamundo-seed--a1333168,Dinamundo,https://www.crunchbase.com/organization/dinamundo,Seed,"$552,000","Apr 1, 2012",Seed,,Yes,1,,"105,435"
Seed Round - Sano,https://www.crunchbase.com/funding_round/sano-intelligence-seed--f442c69f,Sano,https://www.crunchbase.com/organization/sano-intelligence,Seed,"$10,500,000","Jun 19, 2015",Seed,,Yes,13,3,"105,611"
Venture Round - Trippy,https://www.crunchbase.com/funding_round/trippy-series-unknown--d984591e,Trippy,https://www.crunchbase.com/organization/trippy,Venture - Series Unknown,"$1,750,000","Nov 15, 2011",,,Yes,4,1,"105,652"
Seed Round - The Extraordinaries,https://www.crunchbase.com/funding_round/the-extraordinaries-seed--b166582c,The Extraordinaries,https://www.crunchbase.com/organization/the-extraordinaries,Seed,"$1,100,000","May 4, 2010",Seed,,Yes,7,1,"65,367"
Series A - Nexar,https://www.crunchbase.com/funding_round/nexar-2-series-a--e1d0177a,Nexar,https://www.crunchbase.com/organization/nexar-2,Series A,"$10,500,000","Jun 15, 2016",Early Stage Venture,,Yes,6,3,"194,252"
"Series B - Driven, Inc.",https://www.crunchbase.com/funding_round/concurrent-inc-series-b--019304fd,"Driven, Inc.",https://www.crunchbase.com/organization/concurrent-inc,Series B,"$10,000,000","Jun 2, 2014",Early Stage Venture,,Yes,3,2,"118,996"
Seed Round - Tend.ai,https://www.crunchbase.com/funding_round/tend-ai-seed--a5c15cc0,Tend.ai,https://www.crunchbase.com/organization/tend-ai,Seed,"$2,000,000","Nov 8, 2016",Seed,,Yes,1,1,"194,500"
Series A - Academia.edu,https://www.crunchbase.com/funding_round/academia-edu-series-a--537798a2,Academia.edu,https://www.crunchbase.com/organization/academia-edu,Series A,"$4,500,000","Nov 30, 2011",Early Stage Venture,,Yes,2,1,"194,850"
"Series A - Piston Cloud Computing, Inc.",https://www.crunchbase.com/funding_round/piston-cloud-computing-series-a--cad82bdc,"Piston Cloud Computing, Inc.",https://www.crunchbase.com/organization/piston-cloud-computing,Series A,"$4,500,000","Jun 21, 2011",Early Stage Venture,,Yes,4,2,"194,857"
"Seed Round - Vital Labs, Inc.",https://www.crunchbase.com/funding_round/vital-labs-inc-seed--61ad941b,"Vital Labs, Inc.",https://www.crunchbase.com/organization/vital-labs-inc,Seed,"$3,380,000","Jun 30, 2015",Seed,,Yes,4,,"195,131"
Series C - PullString,https://www.crunchbase.com/funding_round/toytalk-series-c--8f3d701f,PullString,https://www.crunchbase.com/organization/toytalk,Series C,"$15,000,000","Dec 9, 2014",Late Stage Venture,,Yes,5,5,"195,418"
Series A - appssavvy,https://www.crunchbase.com/funding_round/appssavvy-series-a--57ad1fa4,appssavvy,https://www.crunchbase.com/organization/appssavvy,Series A,"$3,100,000","Oct 7, 2008",Early Stage Venture,,Yes,3,1,"107,072"
Venture Round - Namely,https://www.crunchbase.com/funding_round/namely-series-unknown--16124324,Namely,https://www.crunchbase.com/organization/namely,Venture - Series Unknown,"$30,000,000","Feb 23, 2016",,,Yes,5,3,"66,063"
Venture Round - Xplenty,https://www.crunchbase.com/funding_round/xplenty-series-unknown--48089c4f,Xplenty,https://www.crunchbase.com/organization/xplenty,Venture - Series Unknown,"$4,000,000","Dec 22, 2016",,,Yes,5,1,"66,130"
Series B - Metamarkets,https://www.crunchbase.com/funding_round/metamarkets-series-b--1e9eced7,Metamarkets,https://www.crunchbase.com/organization/metamarkets,Series B,"$15,000,000","Apr 26, 2012",Early Stage Venture,,Yes,7,5,"66,322"
Series A - gdgt,https://www.crunchbase.com/funding_round/gdgt-series-a--b65871ed,gdgt,https://www.crunchbase.com/organization/gdgt,Series A,"$3,165,000","Apr 7, 2010",Early Stage Venture,,Yes,6,4,"66,397"
Venture Round - Access Privacy Systems & Controls,https://www.crunchbase.com/funding_round/access-systems-series-unknown--eb22026b,Access Privacy Systems & Controls,https://www.crunchbase.com/organization/access-systems,Venture - Series Unknown,"$1,300,000","Apr 1, 2012",,,Yes,1,,"119,507"
Series A - Fitbit,https://www.crunchbase.com/funding_round/fitbit-series-a--2fcd42f7,Fitbit,https://www.crunchbase.com/organization/fitbit,Series A,"$2,000,000","Oct 10, 2008",Early Stage Venture,,Yes,2,2,"66,898"
Series C - Urban Airship,https://www.crunchbase.com/funding_round/urban-airship-series-c--88906f4a,Urban Airship,https://www.crunchbase.com/organization/urban-airship,Series C,"$15,100,000","Nov 7, 2011",Late Stage Venture,,Yes,5,2,"108,869"
Series A - SaveUp,https://www.crunchbase.com/funding_round/saveup-series-a--d6765a20,SaveUp,https://www.crunchbase.com/organization/saveup,Series A,"$5,000,000","Jul 24, 2012",Early Stage Venture,,Yes,3,4,"196,701"
Series A - HeadCase Humanufacturing,https://www.crunchbase.com/funding_round/headcase-humanufacturing-series-a--ce5e9da4,HeadCase Humanufacturing,https://www.crunchbase.com/organization/headcase-humanufacturing,Series A,"$900,000","Aug 28, 2006",Early Stage Venture,,Yes,1,,"196,805"
Venture Round - Message Bus,https://www.crunchbase.com/funding_round/message-bus-series-unknown--907a42a9,Message Bus,https://www.crunchbase.com/organization/message-bus,Venture - Series Unknown,"$4,000,000","May 28, 2014",,,Yes,3,3,"197,017"
Series B - Connectifier,https://www.crunchbase.com/funding_round/connectifier-series-b--3d8fc148,Connectifier,https://www.crunchbase.com/organization/connectifier,Series B,"$6,000,000","Oct 27, 2015",Early Stage Venture,,Yes,3,2,"197,023"
Series D - PullString,https://www.crunchbase.com/funding_round/toytalk-series-d--317db902,PullString,https://www.crunchbase.com/organization/toytalk,Series D,"$13,573,246","Apr 14, 2016",Late Stage Venture,,Yes,4,4,"67,202"
Series B - Spectrum Bridge,https://www.crunchbase.com/funding_round/spectrum-bridge-series-b--d600eef9,Spectrum Bridge,https://www.crunchbase.com/organization/spectrum-bridge,Series B,"$8,100,000","Dec 2, 2008",Early Stage Venture,,Yes,4,1,"109,349"
Series A - TuneIn Twitter Dashboard,https://www.crunchbase.com/funding_round/tunein-twitter-dashboard-series-a--05f3cc33,TuneIn Twitter Dashboard,https://www.crunchbase.com/organization/tunein-twitter-dashboard,Series A,"$500,000","Jul 1, 2009",Early Stage Venture,,Yes,2,,"109,709"
Venture Round - Orabrush,https://www.crunchbase.com/funding_round/orabrush-series-unknown--02b28514,Orabrush,https://www.crunchbase.com/organization/orabrush,Venture - Series Unknown,"$2,500,000","Feb 14, 2011",,,Yes,1,,"109,749"
Seed Round - Smarterer,https://www.crunchbase.com/funding_round/smarterer-seed--7c4ee5c7,Smarterer,https://www.crunchbase.com/organization/smarterer,Seed,"$1,600,000","Feb 28, 2014",Seed,,Yes,4,4,"109,753"
Series B - Desk.com,https://www.crunchbase.com/funding_round/assistly-series-b--f76c2fc0,Desk.com,https://www.crunchbase.com/organization/assistly,Series B,"$4,000,000","Jan 4, 2011",Early Stage Venture,,Yes,6,3,"109,885"
Venture Round - Threefold Photos,https://www.crunchbase.com/funding_round/threefold-photos-series-unknown--e54a1a7c,Threefold Photos,https://www.crunchbase.com/organization/threefold-photos,Venture - Series Unknown,"$3,000,000","Apr 1, 2012",,,Yes,1,,"110,037"
Seed Round - tray.io,https://www.crunchbase.com/funding_round/tray-seed--c9a4ff2f,tray.io,https://www.crunchbase.com/organization/tray,Seed,"$2,200,000","Apr 16, 2015",Seed,,Yes,3,3,"197,949"
Series A - Trippy,https://www.crunchbase.com/funding_round/trippy-series-a--0906e8d8,Trippy,https://www.crunchbase.com/organization/trippy,Series A,"$3,500,000","Apr 29, 2014",Early Stage Venture,,Yes,3,1,"110,368"
Series A - Desk.com,https://www.crunchbase.com/funding_round/assistly-series-a--461c06ad,Desk.com,https://www.crunchbase.com/organization/assistly,Series A,"$1,700,000","Apr 15, 2010",Early Stage Venture,,Yes,2,2,"198,389"
Series A - Narrative,https://www.crunchbase.com/funding_round/narrative-series-a--33e81dbc,Narrative,https://www.crunchbase.com/organization/narrative,Series A,"$3,000,000","Oct 3, 2013",Early Stage Venture,,Yes,3,2,"199,477"
Series D - Namely,https://www.crunchbase.com/funding_round/namely-series-d--a6a0f38d,Namely,https://www.crunchbase.com/organization/namely,Series D,"$50,000,000","Jan 5, 2017",Late Stage Venture,,Yes,7,5,"111,230"
Seed Round - Helpshift,https://www.crunchbase.com/funding_round/helpshift-inc-seed--ad42c883,Helpshift,https://www.crunchbase.com/organization/helpshift-inc,Seed,"$3,530,000","Oct 30, 2012",Seed,,Yes,2,2,"111,399"
Series A - Ring,https://www.crunchbase.com/funding_round/ring-series-a--24d69241,Ring,https://www.crunchbase.com/organization/ring,Series A,"$5,500,000","Mar 1, 2015",Early Stage Venture,"$15,500,000",Yes,5,1,"111,550"
Series C - 3D Robotics,https://www.crunchbase.com/funding_round/3d-robotics-series-c--ff3c1d1a,3D Robotics,https://www.crunchbase.com/organization/3d-robotics,Series C,"$50,000,000","Feb 25, 2015",Late Stage Venture,,Yes,11,3,"200,062"
Series B - Ginger.io,https://www.crunchbase.com/funding_round/ginger-io-series-b--5723b859,Ginger.io,https://www.crunchbase.com/organization/ginger-io,Series B,"$20,000,000","Dec 23, 2014",Early Stage Venture,,Yes,3,1,"200,631"
Seed Round - Schematic Labs,https://www.crunchbase.com/funding_round/schematic-labs-seed--e886657e,Schematic Labs,https://www.crunchbase.com/organization/schematic-labs,Seed,,"Aug 1, 2010",Seed,,Yes,8,1,"200,701"
Series B - Veniam,https://www.crunchbase.com/funding_round/veniam-series-b--032d11e8,Veniam,https://www.crunchbase.com/organization/veniam,Series B,"$22,000,000","Feb 11, 2016",Early Stage Venture,,Yes,8,2,"200,766"
Series A - Zymergen,https://www.crunchbase.com/funding_round/zymergen-series-a--0f14ff05,Zymergen,https://www.crunchbase.com/organization/zymergen,Series A,"$42,140,000","Jun 16, 2015",Early Stage Venture,,Yes,10,1,"112,495"
Series A - Directly,https://www.crunchbase.com/funding_round/directly-series-a--f5b43dc3,Directly,https://www.crunchbase.com/organization/directly,Series A,"$10,000,000","May 19, 2015",Early Stage Venture,,Yes,2,3,"68,894"
Series C - Streetline,https://www.crunchbase.com/funding_round/streetline-series-c--a84dcf55,Streetline,https://www.crunchbase.com/organization/streetline,Series C,"$25,000,000","Jan 10, 2013",Late Stage Venture,,Yes,5,3,"69,042"
Seed Round - Filtrbox,https://www.crunchbase.com/funding_round/filtrbox-seed--3bdb1f55,Filtrbox,https://www.crunchbase.com/organization/filtrbox,Seed,"$500,000","Feb 28, 2008",Seed,,Yes,3,,"120,615"
Venture Round - Meebo,https://www.crunchbase.com/funding_round/meebo-series-unknown--bd2c7e45,Meebo,https://www.crunchbase.com/organization/meebo,Venture - Series Unknown,"$5,000,000","Oct 1, 2005",,,Yes,1,1,"201,142"
Series A - just.me Inc,https://www.crunchbase.com/funding_round/justme-series-a--d2d0a769,just.me Inc,https://www.crunchbase.com/organization/justme,Series A,"$2,200,000","Dec 31, 2011",Early Stage Venture,,Yes,2,,"201,250"
Series B - Kiip,https://www.crunchbase.com/funding_round/kiip-series-b--c4a341f5,Kiip,https://www.crunchbase.com/organization/kiip,Series B,"$4,284,993","Apr 7, 2014",Early Stage Venture,,Yes,4,2,"112,981"
Seed Round - BackType,https://www.crunchbase.com/funding_round/backtype-seed--ca3b5dbc,BackType,https://www.crunchbase.com/organization/backtype,Seed,"$300,000","Jan 1, 2009",Seed,,Yes,1,,"113,051"
Series A - MURJ,https://www.crunchbase.com/funding_round/murj-inc-series-a--b1447197,MURJ,https://www.crunchbase.com/organization/murj-inc,Series A,"$4,500,000","Apr 8, 2017",Early Stage Venture,,Yes,1,,"113,547"
Venture Round - Namely,https://www.crunchbase.com/funding_round/namely-series-unknown--9e4e561f,Namely,https://www.crunchbase.com/organization/namely,Venture - Series Unknown,"$4,700,000","Jun 18, 2014",,,Yes,4,1,"113,969"
Seed Round - Bloomspot,https://www.crunchbase.com/funding_round/bloomspot-com-seed--604e04e8,Bloomspot,https://www.crunchbase.com/organization/bloomspot-com,Seed,"$2,050,000","Jan 1, 2009",Seed,,Yes,5,1,"202,276"
"Series B - Piston Cloud Computing, Inc.",https://www.crunchbase.com/funding_round/piston-cloud-computing-series-b--9b20a741,"Piston Cloud Computing, Inc.",https://www.crunchbase.com/organization/piston-cloud-computing,Series B,"$6,400,000","Jan 30, 2014",Early Stage Venture,,Yes,6,3,"202,336"
Series A - SingleFeed,https://www.crunchbase.com/funding_round/singlefeed-series-a--b8a657b0,SingleFeed,https://www.crunchbase.com/organization/singlefeed,Series A,,"Apr 5, 2007",Early Stage Venture,,Yes,2,,"158,503"
Series A - Urban Airship,https://www.crunchbase.com/funding_round/urban-airship-series-a--4c002c8b,Urban Airship,https://www.crunchbase.com/organization/urban-airship,Series A,"$1,100,000","Feb 16, 2010",Early Stage Venture,,Yes,6,3,"158,546"
Seed Round - Typekit,https://www.crunchbase.com/funding_round/typekit-seed--d782e51d,Typekit,https://www.crunchbase.com/organization/typekit,Seed,,"Jun 24, 2009",Seed,,Yes,8,,"159,015"
Series A - Veniam,https://www.crunchbase.com/funding_round/veniam-series-a--e5e41890,Veniam,https://www.crunchbase.com/organization/veniam,Series A,"$4,900,000","Dec 2, 2014",Early Stage Venture,,Yes,3,,"159,785"
Series A - Meebo,https://www.crunchbase.com/funding_round/meebo-series-a--44bcef4d,Meebo,https://www.crunchbase.com/organization/meebo,Series A,"$3,500,000","Dec 1, 2005",Early Stage Venture,,Yes,3,2,"160,320"
Series A - Madefire,https://www.crunchbase.com/funding_round/madefire-series-a--432eb301,Madefire,https://www.crunchbase.com/organization/madefire,Series A,"$5,218,168","Oct 2, 2013",Early Stage Venture,,Yes,9,,"160,394"
Seed Round - MessageMe,https://www.crunchbase.com/funding_round/messageme-seed--9a772d3c,MessageMe,https://www.crunchbase.com/organization/messageme,Seed,"$1,900,000","Mar 19, 2013",Seed,,Yes,9,2,"161,050"
Series A - Neon Labs,https://www.crunchbase.com/funding_round/neon-labs-series-a--ee0b79c6,Neon Labs,https://www.crunchbase.com/organization/neon-labs,Series A,"$4,099,999","Jul 15, 2014",Early Stage Venture,,Yes,3,1,"161,487"
Seed Round - Evident.io,https://www.crunchbase.com/funding_round/evident-io-seed--0355dd9c,Evident.io,https://www.crunchbase.com/organization/evident-io,Seed,"$1,500,000","Sep 4, 2013",Seed,,Yes,1,,"161,768"
Series B - littleBits Electronics,https://www.crunchbase.com/funding_round/littlebits-electronics-series-b--62e41833,littleBits Electronics,https://www.crunchbase.com/organization/littlebits-electronics,Series B,"$46,744,476","Jul 28, 2015",Early Stage Venture,,Yes,10,3,"161,972"
"Series A - Driven, Inc.",https://www.crunchbase.com/funding_round/concurrent-inc-series-a--edab4a86,"Driven, Inc.",https://www.crunchbase.com/organization/concurrent-inc,Series A,"$4,000,000","Mar 20, 2013",Early Stage Venture,,Yes,3,1,"162,096"
Seed Round - Glider,https://www.crunchbase.com/funding_round/glider-seed--c77f8aa1,Glider,https://www.crunchbase.com/organization/glider,Seed,"$350,000","Jul 1, 2012",Seed,,Yes,1,,"162,598"
Series C - PayNearMe,https://www.crunchbase.com/funding_round/paynearme-series-c--a6a3ac6f,PayNearMe,https://www.crunchbase.com/organization/paynearme,Series C,"$16,000,000","Nov 16, 2010",Late Stage Venture,,Yes,4,2,"163,403"
Venture Round - Stitch Labs,https://www.crunchbase.com/funding_round/stitch-labs-series-unknown--13d5899a,Stitch Labs,https://www.crunchbase.com/organization/stitch-labs,Venture - Series Unknown,"$3,500,000","Aug 20, 2014",,,Yes,2,,"163,582"
Series B - Puppet,https://www.crunchbase.com/funding_round/puppet-labs-series-b--52f0d571,Puppet,https://www.crunchbase.com/organization/puppet-labs,Series B,"$5,000,000","Jul 19, 2010",Early Stage Venture,,Yes,3,2,"164,098"
Series A - Loggly,https://www.crunchbase.com/funding_round/loggly-series-a--26bae7a9,Loggly,https://www.crunchbase.com/organization/loggly,Series A,"$500,000","Feb 19, 2010",Early Stage Venture,,Yes,1,,"164,190"
Series B - B-Stock Solutions,https://www.crunchbase.com/funding_round/bstock-solutions-series-b--e76d9b11,B-Stock Solutions,https://www.crunchbase.com/organization/bstock-solutions,Series B,"$7,000,000","Aug 13, 2014",Early Stage Venture,,Yes,2,3,"181,986"
Seed Round - Ginger.io,https://www.crunchbase.com/funding_round/ginger-io-seed--854261cd,Ginger.io,https://www.crunchbase.com/organization/ginger-io,Seed,"$1,700,000","Oct 1, 2011",Seed,,Yes,10,5,"182,127"
Series B - SendMe,https://www.crunchbase.com/funding_round/sendme-series-b--f792885d,SendMe,https://www.crunchbase.com/organization/sendme,Series B,"$6,000,000","Dec 1, 2006",Early Stage Venture,,Yes,3,1,"182,346"
Series A - Connectifier,https://www.crunchbase.com/funding_round/connectifier-series-a--06b61cd1,Connectifier,https://www.crunchbase.com/organization/connectifier,Series A,"$4,099,999","Jun 16, 2015",Early Stage Venture,,Yes,8,3,"182,954"
Series B - Kiip,https://www.crunchbase.com/funding_round/kiip-series-b--95f7be00,Kiip,https://www.crunchbase.com/organization/kiip,Series B,"$11,000,000","Jul 17, 2012",Early Stage Venture,,Yes,5,2,"183,009"
Series B - Urban Airship,https://www.crunchbase.com/funding_round/urban-airship-series-b--c44d5964,Urban Airship,https://www.crunchbase.com/organization/urban-airship,Series B,"$5,400,000","Nov 2, 2010",Early Stage Venture,,Yes,3,3,"183,123"
Seed Round - gdgt,https://www.crunchbase.com/funding_round/gdgt-seed--cff5c40b,gdgt,https://www.crunchbase.com/organization/gdgt,Seed,"$550,000","Jul 1, 2009",Seed,,Yes,7,2,"183,157"
Seed Round - 1000 Markets,https://www.crunchbase.com/funding_round/1000-markets-seed--ce6749b6,1000 Markets,https://www.crunchbase.com/organization/1000-markets,Seed,"$500,000","May 15, 2009",Seed,,Yes,3,,"183,504"
Venture Round - Apply Financial,https://www.crunchbase.com/funding_round/apply-financial-series-unknown--adbfc654,Apply Financial,https://www.crunchbase.com/organization/apply-financial,Venture - Series Unknown,"$1,000,000","Jul 1, 2012",,,Yes,1,,"183,631"
Series A - Socialcast,https://www.crunchbase.com/funding_round/socialcast-series-a--5a67c2a4,Socialcast,https://www.crunchbase.com/organization/socialcast,Series A,"$1,000,000","Apr 6, 2009",Early Stage Venture,,Yes,1,,"183,658"
Seed Round - Hedvig,https://www.crunchbase.com/funding_round/hedvig-seed--9602c8da,Hedvig,https://www.crunchbase.com/organization/hedvig,Seed,"$2,500,000","Jun 7, 2012",Seed,,Yes,2,,"184,383"
Series B - PayNearMe,https://www.crunchbase.com/funding_round/paynearme-series-b--accdf9d9,PayNearMe,https://www.crunchbase.com/organization/paynearme,Series B,"$3,300,000","Mar 3, 2010",Early Stage Venture,,Yes,5,2,"74,706"
Series A - 20x200,https://www.crunchbase.com/funding_round/20x200-series-a--95e06cec,20x200,https://www.crunchbase.com/organization/20x200,Series A,"$800,000","Oct 1, 2009",Early Stage Venture,,Yes,9,,"75,151"
Series A - Surphace,https://www.crunchbase.com/funding_round/sphere-series-a--ad46f52c,Surphace,https://www.crunchbase.com/organization/sphere,Series A,"$500,000","Apr 1, 2005",Early Stage Venture,,Yes,8,1,"202,681"
Series E - Gigaom,https://www.crunchbase.com/funding_round/gigaom-series-e--6e5689be,Gigaom,https://www.crunchbase.com/organization/gigaom,Series E,"$6,000,000","May 25, 2011",Late Stage Venture,,Yes,3,4,"203,060"
Venture Round - Collecta,https://www.crunchbase.com/funding_round/collecta-series-unknown--243eade6,Collecta,https://www.crunchbase.com/organization/collecta,Venture - Series Unknown,"$4,730,000","Jun 10, 2010",,,Yes,2,1,"203,699"
Seed Round - Datos IO,https://www.crunchbase.com/funding_round/datos-io-seed--a22f97ff,Datos IO,https://www.crunchbase.com/organization/datos-io,Seed,"$2,750,000","Jul 1, 2014",Seed,,Yes,3,2,"203,759"
Venture Round - EdgeConneX,https://www.crunchbase.com/funding_round/edgeconnex-series-unknown--ec7e5807,EdgeConneX,https://www.crunchbase.com/organization/edgeconnex,Venture - Series Unknown,"$25,000,000","Jul 1, 2014",,,Yes,1,,"204,606"
"Series B - Piston Cloud Computing, Inc.",https://www.crunchbase.com/funding_round/piston-cloud-computing-series-b--f331708f,"Piston Cloud Computing, Inc.",https://www.crunchbase.com/organization/piston-cloud-computing,Series B,"$8,000,000","Feb 4, 2013",Early Stage Venture,,Yes,6,4,"205,456"
Seed Round - Health Gorilla,https://www.crunchbase.com/funding_round/informedika-seed--1272d364,Health Gorilla,https://www.crunchbase.com/organization/informedika,Seed,"$1,500,000","Aug 20, 2014",Seed,,Yes,1,,"205,647"
Series B - Space Pencil,https://www.crunchbase.com/funding_round/space-pencil-series-b--bc623c20,Space Pencil,https://www.crunchbase.com/organization/space-pencil,Series B,"$7,000,000","Jul 18, 2013",Early Stage Venture,,Yes,6,4,"205,680"
Series A - Spree Commerce,https://www.crunchbase.com/funding_round/spree-commerce-series-a--2ec63cf0,Spree Commerce,https://www.crunchbase.com/organization/spree-commerce,Series A,"$5,000,000","Feb 25, 2014",Early Stage Venture,,Yes,5,1,"205,804"
Series D - Urban Airship,https://www.crunchbase.com/funding_round/urban-airship-series-d--b5e95473,Urban Airship,https://www.crunchbase.com/organization/urban-airship,Series D,"$21,000,000","Mar 4, 2015",Late Stage Venture,,Yes,3,3,"206,125"
Seed Round - Metamarkets,https://www.crunchbase.com/funding_round/metamarkets-seed--ae14d9f0,Metamarkets,https://www.crunchbase.com/organization/metamarkets,Seed,"$2,500,000","Jun 1, 2010",Seed,,Yes,14,3,"206,576"
Seed Round - Storehouse,https://www.crunchbase.com/funding_round/storehouse-seed--d56cd95e,Storehouse,https://www.crunchbase.com/organization/storehouse,Seed,"$1,500,000","Jan 16, 2014",Seed,,Yes,4,,"206,672"
Series A - AccessPay,https://www.crunchbase.com/funding_round/accesspay-series-a--d44ab39b,AccessPay,https://www.crunchbase.com/organization/accesspay,Series A,,"May 1, 2014",Early Stage Venture,,Yes,2,2,"206,949"
Series A - Hedvig,https://www.crunchbase.com/funding_round/hedvig-series-a--00cdb27a,Hedvig,https://www.crunchbase.com/organization/hedvig,Series A,"$10,000,000","Jun 24, 2013",Early Stage Venture,,Yes,3,1,"207,287"
Series A - Metamarkets,https://www.crunchbase.com/funding_round/metamarkets-series-a--c1078dfa,Metamarkets,https://www.crunchbase.com/organization/metamarkets,Series A,"$6,000,000","May 31, 2011",Early Stage Venture,,Yes,6,3,"207,437"
Series A - Valencell,https://www.crunchbase.com/funding_round/valencell-series-a--c29d74d1,Valencell,https://www.crunchbase.com/organization/valencell,Series A,"$1,000,000","Jan 1, 2010",Early Stage Venture,,Yes,2,,"207,684"
"Seed Round - Driven, Inc.",https://www.crunchbase.com/funding_round/concurrent-inc-seed--3bb8c87d,"Driven, Inc.",https://www.crunchbase.com/organization/concurrent-inc,Seed,"$900,000","Apr 10, 2011",Seed,,Yes,2,1,"209,407"
Series D - SendMe,https://www.crunchbase.com/funding_round/sendme-series-d--f0602c58,SendMe,https://www.crunchbase.com/organization/sendme,Series D,"$12,000,000","Mar 5, 2009",Late Stage Venture,,Yes,5,2,"209,745"
Seed Round - KryptonCloud,https://www.crunchbase.com/funding_round/kryptoncloud-seed--fc05ffa7,KryptonCloud,https://www.crunchbase.com/organization/kryptoncloud,Seed,"$2,700,000","Jun 5, 2015",Seed,,Yes,4,,"209,861"
Series A - Inventables,https://www.crunchbase.com/funding_round/inventables-series-a--04424508,Inventables,https://www.crunchbase.com/organization/inventables,Series A,"$2,000,000","Jan 27, 2010",Early Stage Venture,,Yes,1,,"210,324"
Series A - about.me,https://www.crunchbase.com/funding_round/aboutme-series-a--43add857,about.me,https://www.crunchbase.com/organization/aboutme,Series A,"$5,675,000","Feb 5, 2013",Early Stage Venture,,Yes,4,3,"210,499"
Seed Round - Kicksend,https://www.crunchbase.com/funding_round/kicksend-seed--6ace2d86,Kicksend,https://www.crunchbase.com/organization/kicksend,Seed,"$1,000,000","Apr 13, 2013",Seed,,Yes,7,,"210,549"
Venture Round - EdgeConneX,https://www.crunchbase.com/funding_round/edgeconnex-series-unknown--bb4e27bb,EdgeConneX,https://www.crunchbase.com/organization/edgeconnex,Venture - Series Unknown,"$50,000,000","Dec 1, 2014",,,Yes,2,,"211,011"
Series A - Qualaroo,https://www.crunchbase.com/funding_round/qualaroo-series-a--93e8f1e7,Qualaroo,https://www.crunchbase.com/organization/qualaroo,Series A,"$5,000,000","Jun 17, 2014",Early Stage Venture,,Yes,4,2,"211,398"
Seed Round - Sano,https://www.crunchbase.com/funding_round/sano-intelligence-seed--5fa08a1c,Sano,https://www.crunchbase.com/organization/sano-intelligence,Seed,"$4,150,000","Jan 7, 2013",Seed,,Yes,7,3,"211,596"
Seed Round - Socrative,https://www.crunchbase.com/funding_round/socrative-seed--84a10d4d,Socrative,https://www.crunchbase.com/organization/socrative,Seed,"$750,000","Aug 1, 2013",Seed,,Yes,6,,"184,910"
Seed Round - Neon Labs,https://www.crunchbase.com/funding_round/neon-labs-seed--4cdaff0d,Neon Labs,https://www.crunchbase.com/organization/neon-labs,Seed,"$625,000","Apr 3, 2013",Seed,,Yes,4,1,"185,008"
Series C - Loggly,https://www.crunchbase.com/funding_round/loggly-series-c--d783f582,Loggly,https://www.crunchbase.com/organization/loggly,Series C,"$15,000,000","Oct 14, 2014",Late Stage Venture,,Yes,6,1,"185,372"
Venture Round - StockTwits,https://www.crunchbase.com/funding_round/stocktwits-series-unknown--6a1c3b4a,StockTwits,https://www.crunchbase.com/organization/stocktwits,Venture - Series Unknown,"$1,250,000","Jul 6, 2016",,,Yes,2,2,"186,428"
Series A - Kiip,https://www.crunchbase.com/funding_round/kiip-series-a--b7ba7d3e,Kiip,https://www.crunchbase.com/organization/kiip,Series A,"$4,074,969","Apr 6, 2011",Early Stage Venture,,Yes,6,2,"186,681"
Seed Round - Solvvy,https://www.crunchbase.com/funding_round/solvvy-inc-seed--78a77d9e,Solvvy,https://www.crunchbase.com/organization/solvvy-inc,Seed,"$4,500,000","Dec 12, 2016",Seed,,Yes,6,1,"188,767"
Series D - Urban Airship,https://www.crunchbase.com/funding_round/urban-airship-series-d--0e3b6de2,Urban Airship,https://www.crunchbase.com/organization/urban-airship,Series D,"$25,000,000","Feb 6, 2013",Late Stage Venture,,Yes,5,3,"189,083"
Venture Round - Airstone,https://www.crunchbase.com/funding_round/airstone-labs-series-unknown--19981182,Airstone,https://www.crunchbase.com/organization/airstone-labs,Venture - Series Unknown,"$2,511,000","Jan 1, 2013",,,Yes,3,,"189,109"
Series A - Milo,https://www.crunchbase.com/funding_round/milo-series-a--b77484e4,Milo,https://www.crunchbase.com/organization/milo,Series A,"$4,000,000","Nov 24, 2009",Early Stage Venture,,Yes,17,5,"189,518"
Series A - Splice,https://www.crunchbase.com/funding_round/splice-series-a--99d5b022,Splice,https://www.crunchbase.com/organization/splice,Series A,"$4,500,000","Sep 17, 2014",Early Stage Venture,,Yes,8,2,"191,837"
Seed Round - Spree Commerce,https://www.crunchbase.com/funding_round/spree-commerce-seed--ba255c34,Spree Commerce,https://www.crunchbase.com/organization/spree-commerce,Seed,"$1,500,000","Oct 10, 2011",Seed,,Yes,3,1,"191,888"
Series B - Keep Holdings,https://www.crunchbase.com/funding_round/keep-holdings-series-b--f5f03ce8,Keep Holdings,https://www.crunchbase.com/organization/keep-holdings,Series B,"$35,000,000","Jan 1, 2011",Early Stage Venture,,Yes,5,1,"192,441"
Seed Round - Yobongo,https://www.crunchbase.com/funding_round/yobongo-seed--e0020c41,Yobongo,https://www.crunchbase.com/organization/yobongo,Seed,"$1,350,000","Mar 23, 2011",Seed,,Yes,10,,"193,148"
Series B - Flint,https://www.crunchbase.com/funding_round/flint-series-b--a4fcb89e,Flint,https://www.crunchbase.com/organization/flint,Series B,"$6,000,000","Oct 25, 2013",Early Stage Venture,,Yes,4,1,"75,399"
Seed Round - TripleLift,https://www.crunchbase.com/funding_round/triple-lift-seed--e71e4424,TripleLift,https://www.crunchbase.com/organization/triple-lift,Seed,"$2,100,000","Jun 1, 2012",Seed,,Yes,7,4,"77,122"
Series D - Loggly,https://www.crunchbase.com/funding_round/loggly-series-d--c5df0a2e,Loggly,https://www.crunchbase.com/organization/loggly,Series D,"$11,500,000","Jun 14, 2016",Late Stage Venture,,Yes,5,1,"77,190"
Seed Round - BackType,https://www.crunchbase.com/funding_round/backtype-seed--d1df5b91,BackType,https://www.crunchbase.com/organization/backtype,Seed,"$1,000,000","Mar 10, 2011",Seed,,Yes,9,1,"77,345"
Debt Financing - Kurtosys,https://www.crunchbase.com/funding_round/kurtosys-debt-financing--ca4a181a,Kurtosys,https://www.crunchbase.com/organization/kurtosys,Debt Financing,"$250,000","Nov 6, 2013",,,No,1,1,"77,459"
Venture Round - Quake Labs,https://www.crunchbase.com/funding_round/quake-labs-series-unknown--d1dc1659,Quake Labs,https://www.crunchbase.com/organization/quake-labs,Venture - Series Unknown,"$1,000,000","Jan 1, 2012",,,Yes,1,,"77,601"
Seed Round - Infectious,https://www.crunchbase.com/funding_round/infectious-seed--b5c7a45f,Infectious,https://www.crunchbase.com/organization/infectious,Seed,"$750,000","Jan 1, 2007",Seed,,Yes,2,,"77,812"
Series B - Kurtosys,https://www.crunchbase.com/funding_round/kurtosys-series-b--270a8561,Kurtosys,https://www.crunchbase.com/organization/kurtosys,Series B,"$8,500,000","Aug 5, 2008",Early Stage Venture,,Yes,1,1,"79,003"
Series E - AOptix Technologies,https://www.crunchbase.com/funding_round/aoptix-technologies-series-e--bb273b42,AOptix Technologies,https://www.crunchbase.com/organization/aoptix-technologies,Series E,"$42,000,000","Aug 23, 2012",Late Stage Venture,,Yes,6,,"79,592"
Series D - 3D Robotics,https://www.crunchbase.com/funding_round/3d-robotics-series-d--33f6586a,3D Robotics,https://www.crunchbase.com/organization/3d-robotics,Series D,"$53,000,000","Apr 27, 2017",Late Stage Venture,,Yes,5,2,"80,104"
Series A - Stitch Labs,https://www.crunchbase.com/funding_round/stitch-labs-series-a--d25103f5,Stitch Labs,https://www.crunchbase.com/organization/stitch-labs,Series A,"$3,500,000","Sep 17, 2013",Early Stage Venture,,Yes,4,,"80,979"
Series A - XPD Media,https://www.crunchbase.com/funding_round/xpd-media-series-a--24b57cc6,XPD Media,https://www.crunchbase.com/organization/xpd-media,Series A,"$2,000,000","Jul 2, 2008",Early Stage Venture,,Yes,2,,"82,399"
Seed Round - Connectifier,https://www.crunchbase.com/funding_round/connectifier-seed--92d3a588,Connectifier,https://www.crunchbase.com/organization/connectifier,Seed,"$1,600,000","Aug 20, 2012",Seed,,Yes,4,2,"83,138"
Seed Round - Stryking Entertainment,https://www.crunchbase.com/funding_round/stryking-entertainment-seed--bc1a55b0,Stryking Entertainment,https://www.crunchbase.com/organization/stryking-entertainment,Seed,,"Jun 18, 2013",Seed,,Yes,1,,"83,154"
Seed Round - npm,https://www.crunchbase.com/funding_round/npm-seed--73ede60a,npm,https://www.crunchbase.com/organization/npm,Seed,"$2,600,000","Feb 11, 2014",Seed,,Yes,6,1,"83,506"
Series B - Valencell,https://www.crunchbase.com/funding_round/valencell-series-b--30dbdb2f,Valencell,https://www.crunchbase.com/organization/valencell,Series B,"$5,500,000","Jun 20, 2011",Early Stage Venture,,Yes,2,1,"83,659"
Series C - SendMe,https://www.crunchbase.com/funding_round/sendme-series-c--60114dc0,SendMe,https://www.crunchbase.com/organization/sendme,Series C,"$15,000,000","Mar 18, 2008",Late Stage Venture,,Yes,4,2,"83,848"
Series B - about.me,https://www.crunchbase.com/funding_round/aboutme-series-b--42d1fa6c,about.me,https://www.crunchbase.com/organization/aboutme,Series B,"$11,000,000","Jun 10, 2014",Early Stage Venture,,Yes,5,3,"85,671"
Series A - Runscope,https://www.crunchbase.com/funding_round/runscope-series-a--380589de,Runscope,https://www.crunchbase.com/organization/runscope,Series A,"$6,000,000","Apr 10, 2014",Early Stage Venture,,Yes,4,2,"86,051"
Series A - Molio Inc.,https://www.crunchbase.com/funding_round/molio-series-a--9633d8df,Molio Inc.,https://www.crunchbase.com/organization/molio,Series A,"$3,000,000","Feb 3, 2015",Early Stage Venture,,Yes,6,2,"86,122"
Series A - MindBites,https://www.crunchbase.com/funding_round/mindbites-series-a--f9cc30aa,MindBites,https://www.crunchbase.com/organization/mindbites,Series A,"$1,000,000","Mar 20, 2008",Early Stage Venture,,Yes,1,,"89,258"
"Series C - Madison Reed, Inc.",https://www.crunchbase.com/funding_round/madison-reed-inc-series-c--4ad19139,"Madison Reed, Inc.",https://www.crunchbase.com/organization/madison-reed-inc,Series C,"$16,100,000","Sep 28, 2015",Late Stage Venture,,Yes,5,2,"98,396"
Series A - Lexity,https://www.crunchbase.com/funding_round/lexity-series-a--61866b61,Lexity,https://www.crunchbase.com/organization/lexity,Series A,"$4,500,000","Mar 3, 2011",Early Stage Venture,,Yes,3,1,"98,879"
Venture Round - Schematic Labs,https://www.crunchbase.com/funding_round/schematic-labs-series-unknown--20ab0c30,Schematic Labs,https://www.crunchbase.com/organization/schematic-labs,Venture - Series Unknown,"$925,000","Apr 1, 2013",,,Yes,2,,"98,895"
Series A - LoopFuse,https://www.crunchbase.com/funding_round/loopfuse-series-a--64d5fb4f,LoopFuse,https://www.crunchbase.com/organization/loopfuse,Series A,"$1,400,000","Feb 12, 2009",Early Stage Venture,,Yes,1,,"122,203"
Series C - BrightRoll,https://www.crunchbase.com/funding_round/brightroll-series-c--755c8ecb,BrightRoll,https://www.crunchbase.com/organization/brightroll,Series C,"$10,000,000","Feb 1, 2010",Late Stage Venture,,Yes,3,3,"99,906"
Seed Round - Neighborland,https://www.crunchbase.com/funding_round/neighborland-seed--c5d1da64,Neighborland,https://www.crunchbase.com/organization/neighborland,Seed,,"Apr 19, 2012",Seed,,Yes,5,,"100,231"
Seed Round - AdRoll,https://www.crunchbase.com/funding_round/adroll-semantic-sugar-inc-seed--7ede2c20,AdRoll,https://www.crunchbase.com/organization/adroll-semantic-sugar-inc,Seed,"$605,000","Mar 1, 2006",Seed,,Yes,1,,"102,705"
Seed Round - Glider,https://www.crunchbase.com/funding_round/glider-seed--ba271655,Glider,https://www.crunchbase.com/organization/glider,Seed,,"Mar 7, 2012",Seed,,Yes,4,,"104,823"
Seed Round - Girihlet,https://www.crunchbase.com/funding_round/girihlet-seed--d329d83b,Girihlet,https://www.crunchbase.com/organization/girihlet,Seed,,"Aug 10, 2016",Seed,,Yes,2,1,"123,448"
Series B - Space Pencil,https://www.crunchbase.com/funding_round/space-pencil-series-b--78da83b8,Space Pencil,https://www.crunchbase.com/organization/space-pencil,Series B,"$3,000,000","Jun 5, 2015",Early Stage Venture,,Yes,3,2,"123,484"
Seed Round - OpenROV,https://www.crunchbase.com/funding_round/openrov-seed--fe5f5e6e,OpenROV,https://www.crunchbase.com/organization/openrov,Seed,"$1,300,000","Sep 11, 2013",Seed,,Yes,2,,"123,494"
Series A - Cloverpop,https://www.crunchbase.com/funding_round/cloverpop-series-a--15e0c8ed,Cloverpop,https://www.crunchbase.com/organization/cloverpop,Series A,"$6,200,000","Oct 25, 2016",Early Stage Venture,,Yes,3,,"129,809"
Series A - Forge,https://www.crunchbase.com/funding_round/forge-3-series-a--b0ec8102,Forge,https://www.crunchbase.com/organization/forge-3,Series A,"$4,500,000","Jun 9, 2016",Early Stage Venture,,Yes,5,,"129,877"
Series A - NoRedInk,https://www.crunchbase.com/funding_round/noredink-series-a--e7f58eb8,NoRedInk,https://www.crunchbase.com/organization/noredink,Series A,"$6,000,000","Feb 18, 2015",Early Stage Venture,,Yes,9,3,"129,894"
Seed Round - Crossfader,https://www.crunchbase.com/funding_round/crossfader-seed--012edc6a,Crossfader,https://www.crunchbase.com/organization/crossfader,Seed,"$2,000,000","Feb 1, 2013",Seed,,Yes,6,,"130,011"
"Venture Round - Baffle, Inc.",https://www.crunchbase.com/funding_round/baffle-series-unknown--b99c4af2,"Baffle, Inc.",https://www.crunchbase.com/organization/baffle,Venture - Series Unknown,"$3,000,000","Oct 25, 2016",,,Yes,3,1,"130,089"
Venture Round - Madefire,https://www.crunchbase.com/funding_round/madefire-series-unknown--b39b471e,Madefire,https://www.crunchbase.com/organization/madefire,Venture - Series Unknown,"$3,500,000","Apr 1, 2013",,,Yes,4,1,"130,193"
Venture Round - Everywear Games,https://www.crunchbase.com/funding_round/everywear-games-series-unknown--ccf7fcc4,Everywear Games,https://www.crunchbase.com/organization/everywear-games,Venture - Series Unknown,"$2,250,000","Aug 31, 2015",,,Yes,3,2,"130,738"
"Series A - Remixation, Inc.",https://www.crunchbase.com/funding_round/remixation-series-a--dffc8a84,"Remixation, Inc.",https://www.crunchbase.com/organization/remixation,Series A,"$1,000,000","Jul 1, 2007",Early Stage Venture,,Yes,1,,"131,078"
Convertible Note - SlamData,https://www.crunchbase.com/funding_round/slamdata-convertible-note--7856df11,SlamData,https://www.crunchbase.com/organization/slamdata,Convertible Note,"$345,000","Sep 11, 2014",,,No,6,2,"131,731"
Series A - Appconomy,https://www.crunchbase.com/funding_round/appconomy-series-a--7ae1b676,Appconomy,https://www.crunchbase.com/organization/appconomy,Series A,"$1,500,000","Dec 30, 2010",Early Stage Venture,,Yes,1,,"118,767"
Series A - Turnsmith,https://www.crunchbase.com/funding_round/datacraft-solutions-series-a--7d1fcc4f,Turnsmith,https://www.crunchbase.com/organization/datacraft-solutions,Series A,"$4,000,000","May 14, 2007",Early Stage Venture,,Yes,1,,"132,189"
Series A - SendMe,https://www.crunchbase.com/funding_round/sendme-series-a--d65f36a4,SendMe,https://www.crunchbase.com/organization/sendme,Series A,"$1,500,000","Jun 1, 2006",Early Stage Venture,,Yes,3,,"132,790"
Series B - Three Rings,https://www.crunchbase.com/funding_round/three-rings-series-b--c60c3f30,Three Rings,https://www.crunchbase.com/organization/three-rings,Series B,"$3,500,000","Aug 1, 2007",Early Stage Venture,,Yes,4,1,"132,822"
Series A - Ginger.io,https://www.crunchbase.com/funding_round/ginger-io-series-a--1afc18b9,Ginger.io,https://www.crunchbase.com/organization/ginger-io,Series A,"$6,500,000","Nov 28, 2012",Early Stage Venture,,Yes,3,1,"133,652"
Series E - PayNearMe,https://www.crunchbase.com/funding_round/paynearme-series-e--b612005c,PayNearMe,https://www.crunchbase.com/organization/paynearme,Series E,"$20,000,000","Feb 6, 2014",Late Stage Venture,,Yes,5,3,"135,436"
Series B - Soundhawk Corporation,https://www.crunchbase.com/funding_round/soundhawk-corporation-series-b--11b34e34,Soundhawk Corporation,https://www.crunchbase.com/organization/soundhawk-corporation,Series B,"$5,500,000","Jun 24, 2014",Early Stage Venture,,Yes,2,1,"124,310"
Series A - Schematic Labs,https://www.crunchbase.com/funding_round/schematic-labs-series-a--373c6bc2,Schematic Labs,https://www.crunchbase.com/organization/schematic-labs,Series A,"$4,750,000","Nov 8, 2011",Early Stage Venture,,Yes,3,,"69,764"
Seed Round - ONtheAIR,https://www.crunchbase.com/funding_round/ontheair-seed--62f4a30f,ONtheAIR,https://www.crunchbase.com/organization/ontheair,Seed,"$880,000","Feb 27, 2012",Seed,,Yes,2,,"70,285"
Series B - Academia.edu,https://www.crunchbase.com/funding_round/academia-edu-series-b--9c6aa8ce,Academia.edu,https://www.crunchbase.com/organization/academia-edu,Series B,"$11,100,000","Sep 26, 2013",Early Stage Venture,,Yes,3,2,"70,518"
Series A - littleBits Electronics,https://www.crunchbase.com/funding_round/littlebits-electronics-series-a--cc13175e,littleBits Electronics,https://www.crunchbase.com/organization/littlebits-electronics,Series A,"$11,100,000","Nov 20, 2013",Early Stage Venture,,Yes,12,3,"70,659"
"Venture Round - Remixation, Inc.",https://www.crunchbase.com/funding_round/remixation-series-unknown--abe8ba27,"Remixation, Inc.",https://www.crunchbase.com/organization/remixation,Venture - Series Unknown,"$4,580,000","Jul 1, 2012",,,Yes,1,1,"71,696"
Seed Round - Tello Applications,https://www.crunchbase.com/funding_round/tello-seed--32cd6c19,Tello Applications,https://www.crunchbase.com/organization/tello,Seed,"$1,000,000","Jul 31, 2010",Seed,,Yes,12,,"71,979"
Series B - Inventables,https://www.crunchbase.com/funding_round/inventables-series-b--ae2b2add,Inventables,https://www.crunchbase.com/organization/inventables,Series B,"$3,000,000","Jun 16, 2013",Early Stage Venture,,Yes,6,2,"72,698"
Series B - tenXer,https://www.crunchbase.com/funding_round/tenxer-series-b--7728fe82,tenXer,https://www.crunchbase.com/organization/tenxer,Series B,"$3,000,000","Aug 28, 2012",Early Stage Venture,,Yes,4,1,"73,113"
Series A - Flint,https://www.crunchbase.com/funding_round/flint-series-a--04e6e700,Flint,https://www.crunchbase.com/organization/flint,Series A,"$3,000,000","May 9, 2012",Early Stage Venture,,Yes,3,2,"73,134"
Series A - npm,https://www.crunchbase.com/funding_round/npm-series-a--380d06a2,npm,https://www.crunchbase.com/organization/npm,Series A,"$8,000,000","Apr 1, 2015",Early Stage Venture,,Yes,2,2,"73,299"
Seed Round - Deep Genomics,https://www.crunchbase.com/funding_round/deep-genomics-seed--6f7acd42,Deep Genomics,https://www.crunchbase.com/organization/deep-genomics,Seed,"$3,700,000","Nov 18, 2015",Seed,,Yes,3,1,"126,000"
Series A - Soundhawk Corporation,https://www.crunchbase.com/funding_round/soundhawk-corporation-series-a--9f2242b5,Soundhawk Corporation,https://www.crunchbase.com/organization/soundhawk-corporation,Series A,"$5,700,000","Dec 12, 2013",Early Stage Venture,,Yes,1,1,"126,278"
"Seed Round - First Opinion, Inc.",https://www.crunchbase.com/funding_round/first-opinion-seed--3f9d7a11,"First Opinion, Inc.",https://www.crunchbase.com/organization/first-opinion,Seed,"$1,400,000","May 16, 2014",Seed,,Yes,2,1,"73,908"
Venture Round - High Fidelity,https://www.crunchbase.com/funding_round/high-fidelity-series-unknown--ce16506c,High Fidelity,https://www.crunchbase.com/organization/high-fidelity,Venture - Series Unknown,"$11,000,000","Feb 25, 2015",,,Yes,2,1,"73,935"
Series A - CatchFree,https://www.crunchbase.com/funding_round/catchfree-series-a--1835322c,CatchFree,https://www.crunchbase.com/organization/catchfree,Series A,"$5,500,000","Jan 6, 2011",Early Stage Venture,,Yes,6,,"74,113"
Series A - Teamable,https://www.crunchbase.com/funding_round/teamable-series-a--fe5f3d8e,Teamable,https://www.crunchbase.com/organization/teamable,Series A,"$5,000,000","Apr 12, 2017",Early Stage Venture,,Yes,2,,"74,405"
"Series B - Madison Reed, Inc.",https://www.crunchbase.com/funding_round/madison-reed-inc-series-b--074b096e,"Madison Reed, Inc.",https://www.crunchbase.com/organization/madison-reed-inc,Series B,"$12,000,000","Jan 28, 2014",Early Stage Venture,,Yes,3,3,"127,437"
Series D - PayNearMe,https://www.crunchbase.com/funding_round/paynearme-series-d--38315369,PayNearMe,https://www.crunchbase.com/organization/paynearme,Series D,"$12,100,000","Feb 8, 2013",Late Stage Venture,,Yes,4,3,"128,476"
Series A - Goodreads,https://www.crunchbase.com/funding_round/goodreads-series-a--3fbd7236,Goodreads,https://www.crunchbase.com/organization/goodreads,Series A,"$2,000,000","Dec 9, 2009",Early Stage Venture,,Yes,2,,"138,070"
Venture Round - Typekit,https://www.crunchbase.com/funding_round/typekit-series-unknown--0bae7517,Typekit,https://www.crunchbase.com/organization/typekit,Venture - Series Unknown,"$3,200,000","Oct 4, 2010",,,Yes,1,1,"138,232"
Angel Round - Kiip,https://www.crunchbase.com/funding_round/kiip-angel--21c9f1d1,Kiip,https://www.crunchbase.com/organization/kiip,Angel,"$300,000","Oct 28, 2010",Seed,,Yes,5,,"139,750"
Series A - UXPin,https://www.crunchbase.com/funding_round/uxpin-series-a--7115f418,UXPin,https://www.crunchbase.com/organization/uxpin,Series A,"$5,000,000","Jul 23, 2015",Early Stage Venture,,Yes,1,,"143,949"
Seed Round - Glider,https://www.crunchbase.com/funding_round/glider-seed--99e12fe5,Glider,https://www.crunchbase.com/organization/glider,Seed,"$1,000,000","Apr 9, 2013",Seed,,Yes,4,,"149,999"
Series A - Pose.com,https://www.crunchbase.com/funding_round/pose-com-series-a--b078e58b,Pose.com,https://www.crunchbase.com/organization/pose-com,Series A,"$3,000,000","Oct 21, 2011",Early Stage Venture,,Yes,3,2,"150,091"
Seed Round - Kicksend,https://www.crunchbase.com/funding_round/kicksend-seed--a47cb6db,Kicksend,https://www.crunchbase.com/organization/kicksend,Seed,"$1,800,000","Nov 3, 2011",Seed,,Yes,8,,"153,458"
