Transaction Name,Transaction Name URL,Organization Name,Organization Name URL,Funding Type,Money Raised,Announced Date,Funding Stage,Pre-Money Valuation,Equity Only Funding,Number of Investors,Number of Partner Investors,CB Rank (Funding Round)
Seed Round - SafKan - Ear Care,https://www.crunchbase.com/funding_round/safkan-ear-care-seed--49444abe,SafKan - Ear Care,https://www.crunchbase.com/organization/safkan-ear-care,Seed,"$1,030,000","Apr 9, 2018",Seed,,Yes,1,,"1,643"
Series A - Tissue Analytics,https://www.crunchbase.com/funding_round/tissue-analytics-series-a--5cd6ada6,Tissue Analytics,https://www.crunchbase.com/organization/tissue-analytics,Series A,"$5,000,000","Jan 16, 2018",Early Stage Venture,,Yes,6,1,"2,583"
Series A - Eko Devices,https://www.crunchbase.com/funding_round/eko-devices-series-a--ffdc13c5,Eko Devices,https://www.crunchbase.com/organization/eko-devices,Series A,"$5,000,000","Mar 1, 2018",Early Stage Venture,,Yes,5,,"2,766"
Series B - Parsely,https://www.crunchbase.com/funding_round/parsely-series-b--7f3a7902,Parsely,https://www.crunchbase.com/organization/parsely,Series B,"$6,800,000","Aug 9, 2017",Early Stage Venture,,Yes,7,4,"4,054"
Seed Round - Addicaid,https://www.crunchbase.com/funding_round/addicaid-seed--678514ee,Addicaid,https://www.crunchbase.com/organization/addicaid,Seed,"$290,000","Oct 5, 2017",Seed,"$3,000,000",Yes,4,,"4,370"
Angel Round - MedStack,https://www.crunchbase.com/funding_round/medstack-inc-angel--be8a2c48,MedStack,https://www.crunchbase.com/organization/medstack-inc,Angel,"$450,000","May 8, 2017",Seed,,Yes,5,,"6,016"
Venture Round - Cylera,https://www.crunchbase.com/funding_round/cylera-series-unknown--d07a0f42,Cylera,https://www.crunchbase.com/organization/cylera,Venture - Series Unknown,"$1,249,998","Jul 26, 2017",,,Yes,5,2,"6,219"
Seed Round - Raxar Technology Corporation,https://www.crunchbase.com/funding_round/raxar-technology-corporation-seed--3465ae24,Raxar Technology Corporation,https://www.crunchbase.com/organization/raxar-technology-corporation,Seed,"$1,500,000","Apr 15, 2018",Seed,,Yes,2,,"6,798"
Angel Round - Yosi,https://www.crunchbase.com/funding_round/yosi-angel--4b0eda32,Yosi,https://www.crunchbase.com/organization/yosi,Angel,"$650,000","Sep 15, 2016",Seed,,Yes,9,,"8,300"
Seed Round - ConveyIQ,https://www.crunchbase.com/funding_round/conveyiq-seed--36a84b20,ConveyIQ,https://www.crunchbase.com/organization/conveyiq,Seed,,"Aug 10, 2011",Seed,,Yes,2,,"20,255"
Seed Round - Voiceitt,https://www.crunchbase.com/funding_round/voiceitt-seed--55bc684e,Voiceitt,https://www.crunchbase.com/organization/voiceitt,Seed,"$2,000,000","Jun 1, 2017",Seed,,Yes,7,,"25,728"
Seed Round - University Beyond,https://www.crunchbase.com/funding_round/university-beyond-seed--296b8579,University Beyond,https://www.crunchbase.com/organization/university-beyond,Seed,,"Mar 15, 2016",Seed,,Yes,4,,"27,464"
Seed Round - Quantified Care,https://www.crunchbase.com/funding_round/quantified-care-seed--37438a43,Quantified Care,https://www.crunchbase.com/organization/quantified-care,Seed,"$1,120,000","Nov 7, 2016",Seed,,Yes,6,,"28,979"
Angel Round - Balloonr,https://www.crunchbase.com/funding_round/balloonr-angel--d9193c4b,Balloonr,https://www.crunchbase.com/organization/balloonr,Angel,"$55,000","Sep 4, 2014",Seed,,Yes,1,,"29,663"
Seed Round - Bluedrop Medical,https://www.crunchbase.com/funding_round/bluedrop-medical-seed--f3ffdbb5,Bluedrop Medical,https://www.crunchbase.com/organization/bluedrop-medical,Seed,"€600,000","Aug 28, 2016",Seed,,Yes,2,1,"33,404"
Seed Round - Octane Lending,https://www.crunchbase.com/funding_round/octane-lending-seed--0f05ac74,Octane Lending,https://www.crunchbase.com/organization/octane-lending,Seed,"$850,000","Dec 4, 2014",Seed,,Yes,3,,"34,320"
Seed Round - Osmosis,https://www.crunchbase.com/funding_round/osmosis-2-seed--36fcd54d,Osmosis,https://www.crunchbase.com/organization/osmosis-2,Seed,,"Apr 4, 2013",Seed,,Yes,1,,"34,370"
Series A - TrendKite,https://www.crunchbase.com/funding_round/trendkite-series-a--bdd08e0c,TrendKite,https://www.crunchbase.com/organization/trendkite,Series A,"$1,000,000","Aug 21, 2013",Early Stage Venture,,Yes,6,2,"38,822"
Seed Round - Kaizen Health,https://www.crunchbase.com/funding_round/kaizen-health-seed--55806fd8,Kaizen Health,https://www.crunchbase.com/organization/kaizen-health,Seed,,"Jan 3, 2017",Seed,,Yes,3,,"43,672"
Seed Round - Quantified Care,https://www.crunchbase.com/funding_round/quantified-care-seed--24d2ec30,Quantified Care,https://www.crunchbase.com/organization/quantified-care,Seed,"$50,000","Jan 10, 2014",Seed,,Yes,3,,"45,151"
Series A - MPOWER Financing,https://www.crunchbase.com/funding_round/mpower-financing-series-a--a661513e,MPOWER Financing,https://www.crunchbase.com/organization/mpower-financing,Series A,"$6,000,000","Oct 26, 2016",Early Stage Venture,,Yes,8,,"45,649"
Seed Round - Wellth,https://www.crunchbase.com/funding_round/wellth-seed--d633a3ae,Wellth,https://www.crunchbase.com/organization/wellth,Seed,"$2,000,000","May 25, 2016",Seed,,Yes,7,,"45,703"
Seed Round - Study Abroad Apartments,https://www.crunchbase.com/funding_round/study-abroad-apartments-2-seed--9c484e0c,Study Abroad Apartments,https://www.crunchbase.com/organization/study-abroad-apartments-2,Seed,,"Mar 15, 2016",Seed,,Yes,2,,"47,195"
Grant - Redox,https://www.crunchbase.com/funding_round/100health-grant--ec748c2b,Redox,https://www.crunchbase.com/organization/100health,Grant,"$1,000,000","Apr 6, 2017",,,No,6,3,"47,746"
Convertible Note - Cloudamize,https://www.crunchbase.com/funding_round/cloudamize-convertible-note--21114c9c,Cloudamize,https://www.crunchbase.com/organization/cloudamize,Convertible Note,"$1,210,000","Jun 6, 2013",,,No,2,,"47,876"
Seed Round - Tine Health,https://www.crunchbase.com/funding_round/tine-seed--07eb3f33,Tine Health,https://www.crunchbase.com/organization/tine,Seed,,"Aug 1, 2017",Seed,,Yes,1,,"48,639"
Seed Round - Citus Health,https://www.crunchbase.com/funding_round/citus-health-seed--25b72f39,Citus Health,https://www.crunchbase.com/organization/citus-health,Seed,,"Aug 1, 2017",Seed,,Yes,1,,"48,581"
Seed Round - Group K Diagnostics,https://www.crunchbase.com/funding_round/group-k-diagnostics-seed--667cf570,Group K Diagnostics,https://www.crunchbase.com/organization/group-k-diagnostics,Seed,,"Aug 1, 2017",Seed,,Yes,1,,"48,558"
Seed Round - Marmo Health,https://www.crunchbase.com/funding_round/marmo-health-seed--8d31823b,Marmo Health,https://www.crunchbase.com/organization/marmo-health,Seed,"$50,000","Aug 1, 2017",Seed,,Yes,1,,"48,627"
Series B - Redox,https://www.crunchbase.com/funding_round/100health-series-b--2e6239a7,Redox,https://www.crunchbase.com/organization/100health,Series B,"$10,000,000","Jan 24, 2017",Early Stage Venture,,Yes,6,3,"50,856"
Series A - Redox,https://www.crunchbase.com/funding_round/100health-series-a--502f558b,Redox,https://www.crunchbase.com/organization/100health,Series A,"$3,530,000","Oct 20, 2015",Early Stage Venture,,Yes,4,1,"50,827"
Seed Round - Keriton,https://www.crunchbase.com/funding_round/keriton-seed--232ce2bb,Keriton,https://www.crunchbase.com/organization/keriton,Seed,"$1,000,000","Feb 16, 2017",Seed,,Yes,10,,"51,315"
Seed Round - Decisive Health,https://www.crunchbase.com/funding_round/decisive-health-seed--0cd9e81c,Decisive Health,https://www.crunchbase.com/organization/decisive-health,Seed,"$50,000","May 15, 2015",Seed,,Yes,2,,"53,421"
Seed Round - Redox,https://www.crunchbase.com/funding_round/100health-seed--441cefff,Redox,https://www.crunchbase.com/organization/100health,Seed,"$470,000","Nov 26, 2014",Seed,,Yes,3,,"155,588"
Seed Round - Knack Inc.,https://www.crunchbase.com/funding_round/knack-inc-seed--ca59fb25,Knack Inc.,https://www.crunchbase.com/organization/knack-inc,Seed,,"Aug 11, 2010",Seed,,Yes,1,,"156,892"
Seed Round - WeDidIt,https://www.crunchbase.com/funding_round/wedidit-seed--15898f71,WeDidIt,https://www.crunchbase.com/organization/wedidit,Seed,,"May 10, 2013",Seed,,Yes,1,,"157,232"
Seed Round - Notorious,https://www.crunchbase.com/funding_round/notorious-seed--adbd3f52,Notorious,https://www.crunchbase.com/organization/notorious,Seed,,"Jan 10, 2014",Seed,,Yes,2,,"157,834"
Venture Round - Keriton,https://www.crunchbase.com/funding_round/keriton-series-unknown--95be0ab4,Keriton,https://www.crunchbase.com/organization/keriton,Venture - Series Unknown,,"Apr 1, 2016",,,Yes,2,,"165,866"
Venture Round - Drop ’til You Shop,https://www.crunchbase.com/funding_round/drop-til-you-shop-series-unknown--0ecce4db,Drop ’til You Shop,https://www.crunchbase.com/organization/drop-til-you-shop,Venture - Series Unknown,"$1,250,000","Nov 10, 2013",,,Yes,2,,"167,478"
Seed Round - Reactor Labs,https://www.crunchbase.com/funding_round/reactor-inc-seed--1c24e531,Reactor Labs,https://www.crunchbase.com/organization/reactor-inc,Seed,"$1,100,000","Jul 1, 2013",Seed,,Yes,6,4,"168,025"
Venture Round - Learnmetrics,https://www.crunchbase.com/funding_round/learnmetrics-series-unknown--0f7a49ab,Learnmetrics,https://www.crunchbase.com/organization/learnmetrics,Venture - Series Unknown,,"Sep 9, 2016",,,Yes,1,,"168,150"
Seed Round - Respi,https://www.crunchbase.com/funding_round/respi-seed--d0356c8e,Respi,https://www.crunchbase.com/organization/respi,Seed,"$50,000","May 14, 2014",Seed,,Yes,1,,"168,434"
Seed Round - Vizy,https://www.crunchbase.com/funding_round/vizy-seed--127f48d8,Vizy,https://www.crunchbase.com/organization/vizy,Seed,,"Dec 5, 2012",Seed,,Yes,1,,"169,823"
Seed Round - DNA Simple,https://www.crunchbase.com/funding_round/dna-simple-seed--79661595,DNA Simple,https://www.crunchbase.com/organization/dna-simple,Seed,,"Mar 15, 2016",Seed,,Yes,1,,"170,074"
Seed Round - Spruceling,https://www.crunchbase.com/funding_round/spruceling-seed--a2aca266,Spruceling,https://www.crunchbase.com/organization/spruceling,Seed,,"Dec 5, 2012",Seed,,Yes,1,,"170,083"
Seed Round - Brideside,https://www.crunchbase.com/funding_round/brideside-seed--ed21c601,Brideside,https://www.crunchbase.com/organization/brideside,Seed,"$1,500,000","Aug 1, 2015",Seed,,Yes,1,,"170,549"
Seed Round - Houseparty,https://www.crunchbase.com/funding_round/life-on-air-seed--43a1acb2,Houseparty,https://www.crunchbase.com/organization/life-on-air,Seed,"$200,000","Apr 1, 2013",Seed,,Yes,2,1,"170,916"
Seed Round - picsell,https://www.crunchbase.com/funding_round/picsell-seed--4f62204a,picsell,https://www.crunchbase.com/organization/picsell,Seed,,"Aug 1, 2014",Seed,,Yes,1,,"172,869"
Seed Round - ClrTouch,https://www.crunchbase.com/funding_round/clrtouch-seed--5d083b75,ClrTouch,https://www.crunchbase.com/organization/clrtouch,Seed,"$20,000","Sep 1, 2011",Seed,,Yes,1,,"173,566"
Seed Round - Igloohome,https://www.crunchbase.com/funding_round/igloohome-seed--9b614bbb,Igloohome,https://www.crunchbase.com/organization/igloohome,Seed,"$1,250,000","Dec 16, 2015",Seed,,Yes,3,,"174,130"
Seed Round - Patient Feed,https://www.crunchbase.com/funding_round/patient-feed-seed--06138894,Patient Feed,https://www.crunchbase.com/organization/patient-feed,Seed,,"Jan 10, 2014",Seed,,Yes,1,,"174,267"
Seed Round - TapInko,https://www.crunchbase.com/funding_round/tapinko-seed--eb2b2a80,TapInko,https://www.crunchbase.com/organization/tapinko,Seed,,"Sep 1, 2008",Seed,,Yes,1,,"174,349"
Seed Round - Bar & Club Stats,https://www.crunchbase.com/funding_round/bar-club-stats-seed--6767d3af,Bar & Club Stats,https://www.crunchbase.com/organization/bar-club-stats,Seed,,"Aug 1, 2014",Seed,,Yes,1,,"176,330"
Seed Round - SecondMic,https://www.crunchbase.com/funding_round/secondmic-seed--630eecad,SecondMic,https://www.crunchbase.com/organization/secondmic,Seed,"$18,000","Jan 10, 2014",Seed,,Yes,1,,"176,914"
Seed Round - Zenkars,https://www.crunchbase.com/funding_round/zenkars-seed--51391f2b,Zenkars,https://www.crunchbase.com/organization/zenkars,Seed,,"Dec 5, 2012",Seed,,Yes,1,,"177,087"
Seed Round - GiveLoop,https://www.crunchbase.com/funding_round/giveloop-seed--32895bd8,GiveLoop,https://www.crunchbase.com/organization/giveloop,Seed,,"Aug 15, 2010",Seed,,Yes,1,,"177,180"
"Seed Round - Nomful, Inc.",https://www.crunchbase.com/funding_round/on-demand-dietitian-seed--91ad232c,"Nomful, Inc.",https://www.crunchbase.com/organization/on-demand-dietitian,Seed,"$50,000","Jan 16, 2015",Seed,,Yes,1,,"178,370"
Seed Round - Cnverg,https://www.crunchbase.com/funding_round/cnverg-seed--5e6cca17,Cnverg,https://www.crunchbase.com/organization/cnverg,Seed,"$25,000","Sep 5, 2014",Seed,,Yes,1,,"178,555"
Seed Round - Indiewalls,https://www.crunchbase.com/funding_round/indiewalls-seed--eca3c21b,Indiewalls,https://www.crunchbase.com/organization/indiewalls,Seed,,"Aug 8, 2012",Seed,,Yes,1,,"179,779"
Seed Round - Prevnos,https://www.crunchbase.com/funding_round/prevnos-seed--0ac24313,Prevnos,https://www.crunchbase.com/organization/prevnos,Seed,,"Mar 15, 2016",Seed,,Yes,1,,"180,369"
Seed Round - Phrazit,https://www.crunchbase.com/funding_round/phrazit-seed--3265e0fc,Phrazit,https://www.crunchbase.com/organization/phrazit,Seed,,"Sep 1, 2008",Seed,,Yes,1,,"180,391"
Seed Round - NewsCastic,https://www.crunchbase.com/funding_round/newscastic-seed--fa694e58,NewsCastic,https://www.crunchbase.com/organization/newscastic,Seed,,"Apr 1, 2013",Seed,,Yes,1,,"180,497"
Seed Round - Seratis,https://www.crunchbase.com/funding_round/seratis-seed--aeb82fa7,Seratis,https://www.crunchbase.com/organization/seratis,Seed,,"Apr 4, 2013",Seed,,Yes,1,,"180,837"
Seed Round - Cubiez,https://www.crunchbase.com/funding_round/cubiez-seed--d4dc32c8,Cubiez,https://www.crunchbase.com/organization/cubiez,Seed,,"Aug 8, 2012",Seed,,Yes,1,,"181,115"
Seed Round - InquisitHealth,https://www.crunchbase.com/funding_round/inquisithealth-seed--f33dbc91,InquisitHealth,https://www.crunchbase.com/organization/inquisithealth,Seed,,"Mar 15, 2016",Seed,,Yes,1,,"55,075"
Seed Round - Admitly,https://www.crunchbase.com/funding_round/admitly-seed--f1f247d1,Admitly,https://www.crunchbase.com/organization/admitly,Seed,,"Aug 15, 2011",Seed,,Yes,1,,"117,911"
Seed Round - KeepIdeas,https://www.crunchbase.com/funding_round/keepideas-seed--9eb59b36,KeepIdeas,https://www.crunchbase.com/organization/keepideas,Seed,,"Aug 10, 2011",Seed,,Yes,1,,"118,182"
Convertible Note - Slidebean,https://www.crunchbase.com/funding_round/slidebean-convertible-note--e25dd8c5,Slidebean,https://www.crunchbase.com/organization/slidebean,Convertible Note,"$250,000","Jan 15, 2015",,"$2,500,000",No,3,1,"56,954"
Seed Round - Saborstudio,https://www.crunchbase.com/funding_round/saborstudio-seed--4e4361cc,Saborstudio,https://www.crunchbase.com/organization/saborstudio,Seed,,"Aug 8, 2012",Seed,,Yes,1,,"128,647"
Seed Round - Cheggin,https://www.crunchbase.com/funding_round/cheggin-seed--373affe8,Cheggin,https://www.crunchbase.com/organization/cheggin,Seed,,"Jan 1, 2014",Seed,,Yes,1,,"128,658"
Seed Round - Campus Sponsorship,https://www.crunchbase.com/funding_round/campus-sponsorship-seed--7af72e75,Campus Sponsorship,https://www.crunchbase.com/organization/campus-sponsorship,Seed,,"Aug 11, 2010",Seed,,Yes,1,,"128,752"
Seed Round - Stylr,https://www.crunchbase.com/funding_round/stylr-seed--499f9f0f,Stylr,https://www.crunchbase.com/organization/stylr,Seed,,"May 10, 2013",Seed,,Yes,1,,"128,770"
Seed Round - CallGrader,https://www.crunchbase.com/funding_round/callgrader-seed--730426bb,CallGrader,https://www.crunchbase.com/organization/callgrader,Seed,"$25,000","Sep 1, 2012",Seed,,Yes,1,,"128,858"
Convertible Note - Cloudamize,https://www.crunchbase.com/funding_round/cloudamize-convertible-note--3e50b74f,Cloudamize,https://www.crunchbase.com/organization/cloudamize,Convertible Note,"$1,000,000","Apr 4, 2016",,,No,2,2,"131,256"
Seed Round - Tripl,https://www.crunchbase.com/funding_round/tripl-seed--b59c21ff,Tripl,https://www.crunchbase.com/organization/tripl,Seed,,"Aug 8, 2012",Seed,,Yes,1,,"134,222"
Seed Round - Yunno,https://www.crunchbase.com/funding_round/yunno-seed--cbfc95c7,Yunno,https://www.crunchbase.com/organization/yunno,Seed,"$15,000","May 1, 2010",Seed,,Yes,1,,"57,126"
Seed Round - Avhana Health,https://www.crunchbase.com/funding_round/avhana-seed--4c87e63f,Avhana Health,https://www.crunchbase.com/organization/avhana,Seed,"$750,000","Dec 22, 2014",Seed,,Yes,5,,"57,242"
Seed Round - Browsy,https://www.crunchbase.com/funding_round/browsy-seed--f0bd694f,Browsy,https://www.crunchbase.com/organization/browsy,Seed,,"Aug 1, 2014",Seed,,Yes,1,,"135,999"
Seed Round - Dejamor,https://www.crunchbase.com/funding_round/dejamor-seed--39192a0b,Dejamor,https://www.crunchbase.com/organization/dejamor,Seed,,"Aug 8, 2012",Seed,,Yes,1,,"137,420"
Seed Round - eyeQ,https://www.crunchbase.com/funding_round/eyeq-seed--e0c99bfc,eyeQ,https://www.crunchbase.com/organization/eyeq,Seed,"$1,200,000","Mar 27, 2015",Seed,,Yes,4,,"137,678"
Seed Round - Tidal Labs,https://www.crunchbase.com/funding_round/tidal-seed--027bb235,Tidal Labs,https://www.crunchbase.com/organization/tidal,Seed,,"Jan 1, 2009",Seed,,Yes,1,,"138,603"
Seed Round - Mor.sl,https://www.crunchbase.com/funding_round/mor-sl-seed--8562cdd4,Mor.sl,https://www.crunchbase.com/organization/mor-sl,Seed,,"Dec 5, 2012",Seed,,Yes,1,,"139,332"
Seed Round - Charlie App,https://www.crunchbase.com/funding_round/charlie-app-seed--8a251678,Charlie App,https://www.crunchbase.com/organization/charlie-app,Seed,,"Dec 5, 2012",Seed,,Yes,1,,"139,372"
Seed Round - Admetsys,https://www.crunchbase.com/funding_round/admetsys-seed--4be4a99d,Admetsys,https://www.crunchbase.com/organization/admetsys,Seed,,"Mar 15, 2016",Seed,,Yes,1,,"141,576"
Seed Round - Sqoot,https://www.crunchbase.com/funding_round/sqoot-seed--e1f81e95,Sqoot,https://www.crunchbase.com/organization/sqoot,Seed,"$15,000","Jan 1, 2010",Seed,,Yes,1,,"142,303"
Venture Round - Wrainbo,https://www.crunchbase.com/funding_round/wrainbo-series-unknown--9b472464,Wrainbo,https://www.crunchbase.com/organization/wrainbo,Venture - Series Unknown,,"Sep 9, 2016",,,Yes,1,,"142,324"
Seed Round - Trippin In,https://www.crunchbase.com/funding_round/trippin-in-seed--fbdef673,Trippin In,https://www.crunchbase.com/organization/trippin-in,Seed,,"May 10, 2013",Seed,,Yes,1,,"142,345"
Seed Round - MedAware,https://www.crunchbase.com/funding_round/medaware-seed--3bb812a6,MedAware,https://www.crunchbase.com/organization/medaware,Seed,,"Mar 15, 2016",Seed,,Yes,1,,"143,131"
Seed Round - Custom Coup,https://www.crunchbase.com/funding_round/custom-coup-seed--2086f4e2,Custom Coup,https://www.crunchbase.com/organization/custom-coup,Seed,,"Aug 10, 2011",Seed,,Yes,1,,"144,226"
Seed Round - PA & Associates Healthcare,https://www.crunchbase.com/funding_round/pa-associates-healthcare-seed--a5b733fa,PA & Associates Healthcare,https://www.crunchbase.com/organization/pa-associates-healthcare,Seed,,"Mar 15, 2016",Seed,,Yes,1,,"144,690"
Seed Round - UserApp (discontinued),https://www.crunchbase.com/funding_round/userapp-seed--e7416928,UserApp (discontinued),https://www.crunchbase.com/organization/userapp,Seed,,"Jan 10, 2014",Seed,,Yes,1,,"59,875"
Seed Round - SeatGeek,https://www.crunchbase.com/funding_round/seatgeek-seed--0fe0ade7,SeatGeek,https://www.crunchbase.com/organization/seatgeek,Seed,"$20,000","May 22, 2009",Seed,,Yes,3,,"59,973"
"Seed Round - newquill, Inc.",https://www.crunchbase.com/funding_round/re-vinyl-seed--76f7b50b,"newquill, Inc.",https://www.crunchbase.com/organization/re-vinyl,Seed,,"Aug 10, 2011",Seed,,Yes,1,,"145,816"
Seed Round - Protenus,https://www.crunchbase.com/funding_round/protenus-seed--74d8b379,Protenus,https://www.crunchbase.com/organization/protenus,Seed,,"Jan 10, 2014",Seed,,Yes,1,,"146,630"
Seed Round - Wheeldo,https://www.crunchbase.com/funding_round/wheeldo-seed--5f5632a2,Wheeldo,https://www.crunchbase.com/organization/wheeldo,Seed,,"Aug 8, 2012",Seed,,Yes,1,,"60,423"
Venture Round - Lilu,https://www.crunchbase.com/funding_round/lilu-inc-series-unknown--b3d05053,Lilu,https://www.crunchbase.com/organization/lilu-inc,Venture - Series Unknown,,"Sep 16, 2016",,,Yes,1,,"60,493"
Seed Round - hyperPad,https://www.crunchbase.com/funding_round/gamepress-seed--d8429032,hyperPad,https://www.crunchbase.com/organization/gamepress,Seed,"$20,000","May 10, 2013",Seed,,Yes,1,,"87,333"
Seed Round - LearnBop,https://www.crunchbase.com/funding_round/learnbop-seed--e7d51306,LearnBop,https://www.crunchbase.com/organization/learnbop,Seed,"$25,000","Aug 15, 2011",Seed,,Yes,1,,"90,943"
Seed Round - Protenus,https://www.crunchbase.com/funding_round/protenus-seed--6d488f9b,Protenus,https://www.crunchbase.com/organization/protenus,Seed,"$50,000","Apr 2, 2014",Seed,,Yes,1,,"60,819"
Seed Round - Slidebean,https://www.crunchbase.com/funding_round/slidebean-seed--375e0163,Slidebean,https://www.crunchbase.com/organization/slidebean,Seed,"$25,000","May 12, 2014",Seed,,Yes,1,,"149,807"
"Venture Round - Toppermost, Corp.",https://www.crunchbase.com/funding_round/toppermost-corp-series-unknown--3340e43d,"Toppermost, Corp.",https://www.crunchbase.com/organization/toppermost-corp,Venture - Series Unknown,,"Jul 29, 2014",,,Yes,2,,"150,583"
Seed Round - Notehall,https://www.crunchbase.com/funding_round/notehall-seed--7e4f71cc,Notehall,https://www.crunchbase.com/organization/notehall,Seed,,"Aug 1, 2009",Seed,,Yes,1,,"61,625"
Seed Round - Serviceful,https://www.crunchbase.com/funding_round/serviceful-seed--bd89a648,Serviceful,https://www.crunchbase.com/organization/serviceful,Seed,,"May 10, 2013",Seed,,Yes,1,,"92,754"
Seed Round - Branchly,https://www.crunchbase.com/funding_round/branchly-seed--3500fa59,Branchly,https://www.crunchbase.com/organization/branchly,Seed,,"Aug 8, 2012",Seed,,Yes,1,,"81,299"
Seed Round - Oncora Medical,https://www.crunchbase.com/funding_round/oncora-medical-seed--eef52d4d,Oncora Medical,https://www.crunchbase.com/organization/oncora-medical,Seed,"$1,300,000","Mar 10, 2016",Seed,,Yes,5,1,"81,742"
Seed Round - JustUs Ltd,https://www.crunchbase.com/funding_round/justus-ltd-seed--f7ae5102,JustUs Ltd,https://www.crunchbase.com/organization/justus-ltd,Seed,,"Aug 8, 2012",Seed,,Yes,1,,"94,322"
Seed Round - Planana,https://www.crunchbase.com/funding_round/planana-seed--d3005541,Planana,https://www.crunchbase.com/organization/planana,Seed,,"Apr 1, 2013",Seed,,Yes,1,,"152,922"
Seed Round - SnackFeed,https://www.crunchbase.com/funding_round/snackfeed-seed--e8814433,SnackFeed,https://www.crunchbase.com/organization/snackfeed,Seed,,"Sep 1, 2008",Seed,,Yes,1,,"62,154"
Convertible Note - Miner,https://www.crunchbase.com/funding_round/miner-convertible-note--2759b13f,Miner,https://www.crunchbase.com/organization/miner,Convertible Note,"$2,000,000","Sep 1, 2015",,,No,4,,"85,018"
"Venture Round - GraftWorx, Inc",https://www.crunchbase.com/funding_round/graftworx-series-unknown--90785c87,"GraftWorx, Inc",https://www.crunchbase.com/organization/graftworx,Venture - Series Unknown,,"Sep 9, 2016",,,Yes,1,,"95,234"
Seed Round - Cognuse,https://www.crunchbase.com/funding_round/cognuse-seed--a664e6e8,Cognuse,https://www.crunchbase.com/organization/cognuse,Seed,,"Jan 10, 2014",Seed,,Yes,1,,"95,680"
Seed Round - 1DocWay,https://www.crunchbase.com/funding_round/1docway-seed--dbdef8e0,1DocWay,https://www.crunchbase.com/organization/1docway,Seed,"$1,700,000","Jul 21, 2015",Seed,,Yes,11,3,"86,848"
Seed Round - Sociagram.com,https://www.crunchbase.com/funding_round/sociagram-com-seed--9b0b6992,Sociagram.com,https://www.crunchbase.com/organization/sociagram-com,Seed,,"Aug 15, 2011",Seed,,Yes,1,,"181,332"
Seed Round - Versa,https://www.crunchbase.com/funding_round/versa-media-seed--a17f30bb,Versa,https://www.crunchbase.com/organization/versa-media,Seed,,"Dec 7, 2011",Seed,,Yes,1,,"181,688"
Seed Round - NarrativeDx,https://www.crunchbase.com/funding_round/narrativedx-seed--74d0f78c,NarrativeDx,https://www.crunchbase.com/organization/narrativedx,Seed,"$650,000","Jun 8, 2015",Seed,,Yes,5,1,"181,758"
Seed Round - Straight Up English,https://www.crunchbase.com/funding_round/straight-up-english-seed--b11dbcbb,Straight Up English,https://www.crunchbase.com/organization/straight-up-english,Seed,,"Aug 1, 2009",Seed,,Yes,1,,"62,561"
Seed Round - Ruvna,https://www.crunchbase.com/funding_round/ruvna-seed--834b3438,Ruvna,https://www.crunchbase.com/organization/ruvna,Seed,,"Mar 15, 2016",Seed,,Yes,1,,"88,656"
Seed Round - Callida Energy Inc.,https://www.crunchbase.com/funding_round/callida-energy-seed--5defa79f,Callida Energy Inc.,https://www.crunchbase.com/organization/callida-energy,Seed,"$25,000","Aug 8, 2013",Seed,,Yes,1,,"96,745"
Seed Round - TrendBent,https://www.crunchbase.com/funding_round/trendbent-seed--7f0d43b1,TrendBent,https://www.crunchbase.com/organization/trendbent,Seed,,"Dec 5, 2012",Seed,,Yes,1,,"91,393"
Venture Round - Presentr,https://www.crunchbase.com/funding_round/t3-interactive-series-unknown--de09edb3,Presentr,https://www.crunchbase.com/organization/t3-interactive,Venture - Series Unknown,,"Sep 16, 2016",,,Yes,1,,"91,450"
Seed Round - Cellepathy,https://www.crunchbase.com/funding_round/cellepathy-seed--777a2972,Cellepathy,https://www.crunchbase.com/organization/cellepathy,Seed,,"Mar 15, 2016",Seed,,Yes,1,,"93,507"
Seed Round - Bestimators,https://www.crunchbase.com/funding_round/bestimators-llc-seed--78141ee7,Bestimators,https://www.crunchbase.com/organization/bestimators-llc,Seed,,"Jul 1, 2014",Seed,,Yes,2,,"94,731"
Seed Round - PikMyKid,https://www.crunchbase.com/funding_round/pikmykid-seed--0c03364c,PikMyKid,https://www.crunchbase.com/organization/pikmykid,Seed,"$1,000,000","Sep 14, 2016",Seed,,Yes,3,1,"95,081"
Seed Round - ThaTrunk Inc,https://www.crunchbase.com/funding_round/thatrunk-com-llc-seed--dfed74ed,ThaTrunk Inc,https://www.crunchbase.com/organization/thatrunk-com-llc,Seed,,"Dec 15, 2011",Seed,,Yes,1,,"97,893"
Seed Round - Vozeeme,https://www.crunchbase.com/funding_round/vozeeme-seed--103c3cbb,Vozeeme,https://www.crunchbase.com/organization/vozeeme,Seed,,"Aug 11, 2010",Seed,,Yes,1,,"98,341"
Series A - CloudMine,https://www.crunchbase.com/funding_round/cloudmine-series-a--26c1b736,CloudMine,https://www.crunchbase.com/organization/cloudmine,Series A,"$5,000,000","Mar 3, 2015",Early Stage Venture,,Yes,7,3,"101,979"
Venture Round - Synotrac,https://www.crunchbase.com/funding_round/synotrac-series-unknown--7a7fa7cd,Synotrac,https://www.crunchbase.com/organization/synotrac,Venture - Series Unknown,,"Sep 16, 2016",,,Yes,1,,"65,526"
Seed Round - Hoot.Me,https://www.crunchbase.com/funding_round/hoot-seed--e28185ed,Hoot.Me,https://www.crunchbase.com/organization/hoot,Seed,"$25,000","May 9, 2011",Seed,,Yes,1,,"105,929"
Seed Round - Aircare,https://www.crunchbase.com/funding_round/aircare-seed--0ccf897d,Aircare,https://www.crunchbase.com/organization/aircare,Seed,,"Jul 15, 2013",Seed,,Yes,1,,"106,938"
Seed Round - Flirq,https://www.crunchbase.com/funding_round/flirq-seed--cb44e7fe,Flirq,https://www.crunchbase.com/organization/flirq,Seed,"$20,000","Sep 12, 2011",Seed,,Yes,1,,"107,824"
Seed Round - Urban Cargo,https://www.crunchbase.com/funding_round/urban-cargo-seed--d63fb427,Urban Cargo,https://www.crunchbase.com/organization/urban-cargo,Seed,,"Aug 15, 2012",Seed,,Yes,1,,"108,335"
Seed Round - Perkle,https://www.crunchbase.com/funding_round/perkle-seed--3f059bc3,Perkle,https://www.crunchbase.com/organization/perkle,Seed,,"May 10, 2013",Seed,,Yes,1,,"196,411"
Seed Round - HeyKiki,https://www.crunchbase.com/funding_round/heykiki-seed--590099ef,HeyKiki,https://www.crunchbase.com/organization/heykiki,Seed,,"May 10, 2013",Seed,,Yes,1,,"66,478"
"Seed Round - Ecquire, Inc.",https://www.crunchbase.com/funding_round/ecquire-inc-seed--e863041a,"Ecquire, Inc.",https://www.crunchbase.com/organization/ecquire-inc,Seed,"$20,000","Apr 2, 2008",Seed,,Yes,1,,"66,781"
Seed Round - Ninjathat,https://www.crunchbase.com/funding_round/ninjathat-seed--c15833a8,Ninjathat,https://www.crunchbase.com/organization/ninjathat,Seed,,"Dec 5, 2012",Seed,,Yes,1,,"108,981"
Seed Round - Prompt,https://www.crunchbase.com/funding_round/editrevise-seed--559d27af,Prompt,https://www.crunchbase.com/organization/editrevise,Seed,,"Mar 15, 2016",Seed,,Yes,1,,"196,648"
Seed Round - CampusESP,https://www.crunchbase.com/funding_round/campusesp-seed--91916def,CampusESP,https://www.crunchbase.com/organization/campusesp,Seed,,"Mar 15, 2016",Seed,,Yes,1,,"109,067"
Seed Round - FlagTap,https://www.crunchbase.com/funding_round/flagtap-seed--ce0f86a9,FlagTap,https://www.crunchbase.com/organization/flagtap,Seed,,"Dec 5, 2012",Seed,,Yes,1,,"109,262"
Convertible Note - WeDidIt,https://www.crunchbase.com/funding_round/wedidit-convertible-note--90ce97b7,WeDidIt,https://www.crunchbase.com/organization/wedidit,Convertible Note,"$1,110,000","Jul 15, 2014",,,No,5,,"109,434"
Seed Round - PhotoniCare,https://www.crunchbase.com/funding_round/photonicare-seed--3b250746,PhotoniCare,https://www.crunchbase.com/organization/photonicare,Seed,,"Sep 16, 2016",Seed,,Yes,1,,"109,447"
Seed Round - Grand Round Table,https://www.crunchbase.com/funding_round/grand-round-table-seed--d905e565,Grand Round Table,https://www.crunchbase.com/organization/grand-round-table,Seed,"$50,000","Apr 4, 2013",Seed,,Yes,3,,"109,861"
Seed Round - Reliant Immune Diagnostics,https://www.crunchbase.com/funding_round/reliant-immune-diagnostics-seed--68d96793,Reliant Immune Diagnostics,https://www.crunchbase.com/organization/reliant-immune-diagnostics,Seed,,"Mar 15, 2016",Seed,,Yes,1,,"198,067"
Convertible Note - PicoGP,https://www.crunchbase.com/funding_round/pico-4-convertible-note--03d324fa,PicoGP,https://www.crunchbase.com/organization/pico-4,Convertible Note,"$85,000","Aug 31, 2015",,,No,2,,"198,245"
Seed Round - Numote,https://www.crunchbase.com/funding_round/numote-seed--ea402ee5,Numote,https://www.crunchbase.com/organization/numote,Seed,,"Aug 11, 2010",Seed,,Yes,1,,"198,657"
Seed Round - OneAway,https://www.crunchbase.com/funding_round/oneaway-seed--604f8f56,OneAway,https://www.crunchbase.com/organization/oneaway,Seed,"$20,000","Sep 1, 2011",Seed,,Yes,1,,"198,790"
Seed Round - emocha Mobile Health,https://www.crunchbase.com/funding_round/emocha-seed--404e9b00,emocha Mobile Health,https://www.crunchbase.com/organization/emocha,Seed,"$50,000","Jan 10, 2014",Seed,,Yes,1,,"199,287"
Seed Round - PetCoach,https://www.crunchbase.com/funding_round/petcoach-seed--79689f44,PetCoach,https://www.crunchbase.com/organization/petcoach,Seed,"$2,000,000","Aug 15, 2016",Seed,,Yes,3,,"110,971"
Seed Round - wireLawyer,https://www.crunchbase.com/funding_round/wirelawyer-seed--77f21903,wireLawyer,https://www.crunchbase.com/organization/wirelawyer,Seed,,"May 10, 2013",Seed,,Yes,1,,"111,464"
Seed Round - Biomeme,https://www.crunchbase.com/funding_round/biomeme-seed--2f08fe1a,Biomeme,https://www.crunchbase.com/organization/biomeme,Seed,,"Jul 15, 2013",Seed,,Yes,1,,"200,197"
Seed Round - Clothes Horse,https://www.crunchbase.com/funding_round/clothes-horse-seed--35d778a1,Clothes Horse,https://www.crunchbase.com/organization/clothes-horse,Seed,,"Aug 10, 2011",Seed,,Yes,2,,"111,575"
Seed Round - Investormill,https://www.crunchbase.com/funding_round/investormill-seed--d1f51633,Investormill,https://www.crunchbase.com/organization/investormill,Seed,,"Aug 1, 2014",Seed,,Yes,1,,"112,421"
Seed Round - 101 Edu,https://www.crunchbase.com/funding_round/101-seed--45a3e444,101 Edu,https://www.crunchbase.com/organization/101,Seed,,"Mar 15, 2016",Seed,,Yes,1,,"68,924"
Seed Round - PicoGP,https://www.crunchbase.com/funding_round/pico-4-seed--41040aab,PicoGP,https://www.crunchbase.com/organization/pico-4,Seed,"$55,000","Oct 3, 2014",Seed,,Yes,4,,"120,711"
Seed Round - Fitly,https://www.crunchbase.com/funding_round/fitly-seed--37ffee3f,Fitly,https://www.crunchbase.com/organization/fitly,Seed,"$50,000","Aug 9, 2013",Seed,,Yes,4,,"201,381"
Seed Round - Anthillz,https://www.crunchbase.com/funding_round/anthillz-seed--9b66576c,Anthillz,https://www.crunchbase.com/organization/anthillz,Seed,,"Sep 1, 2008",Seed,,Yes,1,,"112,955"
Seed Round - TouchBase Technologies,https://www.crunchbase.com/funding_round/touchbase-technologies-seed--c560b944,TouchBase Technologies,https://www.crunchbase.com/organization/touchbase-technologies,Seed,,"May 10, 2013",Seed,,Yes,1,,"201,522"
Seed Round - Weesh,https://www.crunchbase.com/funding_round/weesh-seed--ff5f2005,Weesh,https://www.crunchbase.com/organization/weesh,Seed,,"Aug 15, 2012",Seed,,Yes,1,,"201,918"
"Seed Round - Ecquire, Inc.",https://www.crunchbase.com/funding_round/ecquire-inc-seed--5a032291,"Ecquire, Inc.",https://www.crunchbase.com/organization/ecquire-inc,Seed,"$20,000","Sep 1, 2008",Seed,,Yes,1,,"114,047"
Seed Round - Parsely,https://www.crunchbase.com/funding_round/parsely-seed--862cfc96,Parsely,https://www.crunchbase.com/organization/parsely,Seed,"$20,000","May 1, 2009",Seed,,Yes,1,,"121,270"
Seed Round - Study Abroad Apartments,https://www.crunchbase.com/funding_round/study-abroad-apartments-2-seed--a80be60c,Study Abroad Apartments,https://www.crunchbase.com/organization/study-abroad-apartments-2,Seed,,"Dec 22, 2015",Seed,,Yes,2,,"158,389"
Seed Round - Kidzillions,https://www.crunchbase.com/funding_round/kidzillions-seed--fc22039b,Kidzillions,https://www.crunchbase.com/organization/kidzillions,Seed,,"Aug 1, 2009",Seed,,Yes,1,,"159,053"
Seed Round - FastFig,https://www.crunchbase.com/funding_round/fastfig-seed--e73cf6ad,FastFig,https://www.crunchbase.com/organization/fastfig,Seed,,"Apr 1, 2013",Seed,,Yes,1,,"159,248"
Seed Round - Grassroots Unwired,https://www.crunchbase.com/funding_round/grassroots-unwired-seed--3b04511f,Grassroots Unwired,https://www.crunchbase.com/organization/grassroots-unwired,Seed,,"Dec 7, 2011",Seed,,Yes,1,,"159,619"
Seed Round - Kwelia,https://www.crunchbase.com/funding_round/kwelia-seed--dfe8a159,Kwelia,https://www.crunchbase.com/organization/kwelia,Seed,"$20,000","Sep 8, 2011",Seed,,Yes,2,,"159,852"
Seed Round - Servy,https://www.crunchbase.com/funding_round/servy-seed--a6cc1b72,Servy,https://www.crunchbase.com/organization/servy,Seed,"$810,000","Aug 3, 2015",Seed,,Yes,7,1,"162,610"
Seed Round - Vantageous,https://www.crunchbase.com/funding_round/vantageous-seed--b113c163,Vantageous,https://www.crunchbase.com/organization/vantageous,Seed,,"Aug 8, 2012",Seed,,Yes,1,,"163,319"
Seed Round - AppBrick,https://www.crunchbase.com/funding_round/listenvoice-seed--b50377e8,AppBrick,https://www.crunchbase.com/organization/listenvoice,Seed,"$25,000","Aug 10, 2011",Seed,,Yes,1,,"163,703"
Venture Round - Padinmotion,https://www.crunchbase.com/funding_round/padinmotion-series-unknown--6e78f5b6,Padinmotion,https://www.crunchbase.com/organization/padinmotion,Venture - Series Unknown,,"Sep 16, 2016",,,Yes,1,,"181,943"
Seed Round - Mimoona,https://www.crunchbase.com/funding_round/mimoona-seed--dcc0e2b3,Mimoona,https://www.crunchbase.com/organization/mimoona,Seed,,"May 10, 2013",Seed,,Yes,1,,"182,719"
Seed Round - Suggestic,https://www.crunchbase.com/funding_round/suggestic-seed--44d4cfc8,Suggestic,https://www.crunchbase.com/organization/suggestic,Seed,,"Mar 15, 2016",Seed,,Yes,1,,"182,986"
Seed Round - Fiestah,https://www.crunchbase.com/funding_round/fiestah-seed--9f8b20bf,Fiestah,https://www.crunchbase.com/organization/fiestah,Seed,,"Aug 1, 2014",Seed,,Yes,1,,"183,456"
Series B - TrendKite,https://www.crunchbase.com/funding_round/trendkite-series-b--1ff98dfd,TrendKite,https://www.crunchbase.com/organization/trendkite,Series B,"$4,417,202","Feb 26, 2015",Early Stage Venture,,Yes,4,3,"183,806"
Seed Round - Balloon,https://www.crunchbase.com/funding_round/balloon-2-seed--358f1495,Balloon,https://www.crunchbase.com/organization/balloon-2,Seed,,"Aug 1, 2014",Seed,,Yes,1,,"184,196"
Seed Round - 1DocWay,https://www.crunchbase.com/funding_round/1docway-seed--487f1457,1DocWay,https://www.crunchbase.com/organization/1docway,Seed,,"Aug 10, 2011",Seed,,Yes,1,,"184,242"
Seed Round - Stat,https://www.crunchbase.com/funding_round/stat-seed--e4c83a8c,Stat,https://www.crunchbase.com/organization/stat,Seed,,"Apr 4, 2013",Seed,,Yes,1,,"74,860"
Seed Round - Collaborate Cloud,https://www.crunchbase.com/funding_round/collaborate-cloud-seed--07a353fc,Collaborate Cloud,https://www.crunchbase.com/organization/collaborate-cloud,Seed,,"Jan 10, 2014",Seed,,Yes,1,,"75,117"
Seed Round - MatchLend,https://www.crunchbase.com/funding_round/matchlend-seed--27ad38af,MatchLend,https://www.crunchbase.com/organization/matchlend,Seed,,"Aug 11, 2010",Seed,,Yes,1,,"202,597"
Seed Round - Cognection,https://www.crunchbase.com/funding_round/cognection-seed--b2719f11,Cognection,https://www.crunchbase.com/organization/cognection,Seed,"$25,000","Apr 1, 2011",Seed,,Yes,1,,"203,997"
Seed Round - Beta Dash,https://www.crunchbase.com/funding_round/beta-dash-seed--8ad40750,Beta Dash,https://www.crunchbase.com/organization/beta-dash,Seed,,"Aug 15, 2009",Seed,,Yes,1,,"204,904"
Seed Round - Voiceitt,https://www.crunchbase.com/funding_round/voiceitt-seed--363731e7,Voiceitt,https://www.crunchbase.com/organization/voiceitt,Seed,,"Sep 16, 2016",Seed,,Yes,2,,"205,389"
Seed Round - Three Screen Games,https://www.crunchbase.com/funding_round/three-screen-games-seed--7ccbc9cc,Three Screen Games,https://www.crunchbase.com/organization/three-screen-games,Seed,"$500,000","Oct 7, 2009",Seed,,Yes,1,,"205,733"
Seed Round - eyeQ,https://www.crunchbase.com/funding_round/eyeq-seed--00f48659,eyeQ,https://www.crunchbase.com/organization/eyeq,Seed,,"Jan 10, 2014",Seed,,Yes,1,,"206,041"
Seed Round - KidNimble,https://www.crunchbase.com/funding_round/kidnimble-seed--cc0a9f36,KidNimble,https://www.crunchbase.com/organization/kidnimble,Seed,,"Aug 8, 2012",Seed,,Yes,1,,"206,103"
Seed Round - TopShelf Clothes,https://www.crunchbase.com/funding_round/topshelf-clothes-seed--c565a151,TopShelf Clothes,https://www.crunchbase.com/organization/topshelf-clothes,Seed,,"Aug 8, 2012",Seed,,Yes,1,,"209,426"
Seed Round - Miner,https://www.crunchbase.com/funding_round/miner-seed--4e35dab9,Miner,https://www.crunchbase.com/organization/miner,Seed,,"May 10, 2013",Seed,,Yes,2,,"209,430"
Seed Round - UXFLIP,https://www.crunchbase.com/funding_round/uxflip-seed--8b46d34a,UXFLIP,https://www.crunchbase.com/organization/uxflip,Seed,"$20,000","Sep 1, 2011",Seed,,Yes,1,,"210,483"
Seed Round - Constant Insight,https://www.crunchbase.com/funding_round/constant-insight-seed--ad0c56e4,Constant Insight,https://www.crunchbase.com/organization/constant-insight,Seed,"$16,666","Jan 3, 2013",Seed,,Yes,1,,"210,504"
Seed Round - instruMagic,https://www.crunchbase.com/funding_round/instrumagic-seed--78342ea0,instruMagic,https://www.crunchbase.com/organization/instrumagic,Seed,,"May 10, 2013",Seed,,Yes,1,,"210,599"
Seed Round - CreatorUp!,https://www.crunchbase.com/funding_round/creator-up-seed--92743541,CreatorUp!,https://www.crunchbase.com/organization/creator-up,Seed,,"Aug 15, 2013",Seed,,Yes,1,,"211,548"
Venture Round - BrainCheck,https://www.crunchbase.com/funding_round/braincheck-series-unknown--a37db1da,BrainCheck,https://www.crunchbase.com/organization/braincheck,Venture - Series Unknown,,"Sep 16, 2016",,,Yes,1,,"184,877"
Seed Round - Seratis,https://www.crunchbase.com/funding_round/seratis-seed--12ca6db2,Seratis,https://www.crunchbase.com/organization/seratis,Seed,"$40,000","Apr 25, 2013",Seed,,Yes,1,,"185,801"
Seed Round - AppArchitect,https://www.crunchbase.com/funding_round/apparchitect-seed--0e7e6825,AppArchitect,https://www.crunchbase.com/organization/apparchitect,Seed,,"Dec 5, 2012",Seed,,Yes,1,,"186,127"
Seed Round - OurShelf,https://www.crunchbase.com/funding_round/ourshelf-seed--7305744f,OurShelf,https://www.crunchbase.com/organization/ourshelf,Seed,,"Aug 1, 2009",Seed,,Yes,1,,"187,660"
Seed Round - Altair Prep,https://www.crunchbase.com/funding_round/altair-prep-seed--b4e07471,Altair Prep,https://www.crunchbase.com/organization/altair-prep,Seed,,"Dec 5, 2012",Seed,,Yes,1,,"187,695"
Seed Round - MindSnacks,https://www.crunchbase.com/funding_round/mindsnacks-seed--1be556e3,MindSnacks,https://www.crunchbase.com/organization/mindsnacks,Seed,"$1,200,000","Mar 9, 2011",Seed,,Yes,13,6,"188,285"
Seed Round - Tembo Studio,https://www.crunchbase.com/funding_round/tembo-studio-seed--8897794e,Tembo Studio,https://www.crunchbase.com/organization/tembo-studio,Seed,,"Aug 11, 2010",Seed,,Yes,1,,"189,429"
Seed Round - Headout,https://www.crunchbase.com/funding_round/tourlandish-seed--6ad02eb2,Headout,https://www.crunchbase.com/organization/tourlandish,Seed,"$1,800,000","Apr 23, 2015",Seed,,Yes,23,,"190,735"
Seed Round - Bazaart,https://www.crunchbase.com/funding_round/bazaart-seed--f61845fb,Bazaart,https://www.crunchbase.com/organization/bazaart,Seed,"$25,000","May 14, 2012",Seed,,Yes,1,,"190,939"
Seed Round - AppAddictive,https://www.crunchbase.com/funding_round/appaddictive-seed--28b0d927,AppAddictive,https://www.crunchbase.com/organization/appaddictive,Seed,,"Aug 10, 2011",Seed,,Yes,1,,"191,217"
Seed Round - Lessoncast Learning,https://www.crunchbase.com/funding_round/lessoncast-learning-seed--42b49b28,Lessoncast Learning,https://www.crunchbase.com/organization/lessoncast-learning,Seed,,"Mar 15, 2016",Seed,,Yes,1,,"191,958"
Seed Round - WineMeNow,https://www.crunchbase.com/funding_round/winemenow-seed--781c53ca,WineMeNow,https://www.crunchbase.com/organization/winemenow,Seed,,"Aug 8, 2012",Seed,,Yes,1,,"75,742"
Seed Round - Betterific,https://www.crunchbase.com/funding_round/betterific-seed--aa3d1cff,Betterific,https://www.crunchbase.com/organization/betterific,Seed,,"Dec 5, 2012",Seed,,Yes,1,,"76,242"
Seed Round - Vuzit,https://www.crunchbase.com/funding_round/vuzit-seed--c405861b,Vuzit,https://www.crunchbase.com/organization/vuzit,Seed,"$25,000","Sep 1, 2008",Seed,,Yes,1,,"77,365"
Seed Round - Spling,https://www.crunchbase.com/funding_round/spling-seed--e1e9a870,Spling,https://www.crunchbase.com/organization/spling,Seed,"$25,000","Sep 1, 2011",Seed,,Yes,1,,"77,540"
Seed Round - BeanStockd,https://www.crunchbase.com/funding_round/beanstockd-seed--ff34d57b,BeanStockd,https://www.crunchbase.com/organization/beanstockd,Seed,,"Sep 1, 2008",Seed,,Yes,1,,"78,337"
"Seed Round - Allevi, formely know as BioBots",https://www.crunchbase.com/funding_round/biobots-seed--4cd316a8,"Allevi, formely know as BioBots",https://www.crunchbase.com/organization/biobots,Seed,"$1,250,000","Sep 3, 2015",Seed,,Yes,4,,"78,863"
Seed Round - Let's Gift It,https://www.crunchbase.com/funding_round/lets-gift-it-seed--e3b549cd,Let's Gift It,https://www.crunchbase.com/organization/lets-gift-it,Seed,,"Aug 10, 2011",Seed,,Yes,1,,"79,167"
Seed Round - License Buddy,https://www.crunchbase.com/funding_round/license-buddy-seed--8a2d8d1e,License Buddy,https://www.crunchbase.com/organization/license-buddy,Seed,"$25,000","May 10, 2013",Seed,,Yes,1,,"79,334"
Seed Round - StudyTree,https://www.crunchbase.com/funding_round/studytree-seed--a96a6fe3,StudyTree,https://www.crunchbase.com/organization/studytree,Seed,,"Mar 15, 2016",Seed,,Yes,1,,"79,782"
Seed Round - Dibs Technology,https://www.crunchbase.com/funding_round/dibs-technology-seed--096afe9e,Dibs Technology,https://www.crunchbase.com/organization/dibs-technology,Seed,"$1,000,000","Jan 4, 2016",Seed,,Yes,3,,"80,323"
Seed Round - Involvio,https://www.crunchbase.com/funding_round/involvio-seed--c33a11e0,Involvio,https://www.crunchbase.com/organization/involvio,Seed,"$155,000","Nov 16, 2011",Seed,,Yes,1,,"83,838"
Seed Round - Avhana Health,https://www.crunchbase.com/funding_round/avhana-seed--612d9789,Avhana Health,https://www.crunchbase.com/organization/avhana,Seed,"$50,000","Jan 17, 2014",Seed,,Yes,1,,"85,473"
Seed Round - AfterSteps,https://www.crunchbase.com/funding_round/aftersteps-seed--ef042f97,AfterSteps,https://www.crunchbase.com/organization/aftersteps,Seed,,"Aug 10, 2011",Seed,,Yes,1,,"88,953"
Seed Round - Sleep.FM,https://www.crunchbase.com/funding_round/sleep-fm-seed--bfcd46f3,Sleep.FM,https://www.crunchbase.com/organization/sleep-fm,Seed,"$15,000","Sep 30, 2008",Seed,,Yes,1,,"89,005"
Seed Round - SupplyHog,https://www.crunchbase.com/funding_round/supplyhog-seed--5b254d20,SupplyHog,https://www.crunchbase.com/organization/supplyhog,Seed,,"Dec 15, 2011",Seed,,Yes,1,,"89,055"
Seed Round - YapTap Inc.,https://www.crunchbase.com/funding_round/yaptap-inc-seed--39e9551d,YapTap Inc.,https://www.crunchbase.com/organization/yaptap-inc,Seed,,"Jun 1, 2015",Seed,,Yes,1,,"98,562"
Seed Round - Tissue Analytics,https://www.crunchbase.com/funding_round/tissue-analytics-seed--b6a5ee0e,Tissue Analytics,https://www.crunchbase.com/organization/tissue-analytics,Seed,"$750,000","May 17, 2015",Seed,,Yes,2,,"99,687"
Seed Round - Slidebean,https://www.crunchbase.com/funding_round/slidebean-seed--35e66776,Slidebean,https://www.crunchbase.com/organization/slidebean,Seed,"$100,000","Nov 1, 2014",Seed,,Yes,2,,"100,320"
Seed Round - RegDesk,https://www.crunchbase.com/funding_round/regdesk-seed--18df3607,RegDesk,https://www.crunchbase.com/organization/regdesk,Seed,,"Oct 24, 2014",Seed,,Yes,1,,"102,154"
Seed Round - Addicaid,https://www.crunchbase.com/funding_round/addicaid-seed--af669f03,Addicaid,https://www.crunchbase.com/organization/addicaid,Seed,,"Mar 15, 2016",Seed,,Yes,1,,"102,667"
Seed Round - Postling,https://www.crunchbase.com/funding_round/postling-seed--2e556b6c,Postling,https://www.crunchbase.com/organization/postling,Seed,,"Aug 1, 2009",Seed,,Yes,1,,"105,011"
Seed Round - Seer,https://www.crunchbase.com/funding_round/seer-seed--4d4c758b,Seer,https://www.crunchbase.com/organization/seer,Seed,,"Apr 1, 2013",Seed,,Yes,1,,"123,351"
Seed Round - Lucidity (MemberRx),https://www.crunchbase.com/funding_round/lucidity-memberrx-seed--c6ee56da,Lucidity (MemberRx),https://www.crunchbase.com/organization/lucidity-memberrx,Seed,,"Apr 4, 2013",Seed,,Yes,1,,"115,220"
Seed Round - Phobious,https://www.crunchbase.com/funding_round/phobious-seed--3ba22cd8,Phobious,https://www.crunchbase.com/organization/phobious,Seed,,"Jan 10, 2014",Seed,,Yes,1,,"116,252"
Angel Round - Stereotypes,https://www.crunchbase.com/funding_round/stereotypes-angel--cc8575f0,Stereotypes,https://www.crunchbase.com/organization/stereotypes,Angel,"$150,000","Jan 18, 2013",Seed,,Yes,2,,"116,735"
Seed Round - Qwite,https://www.crunchbase.com/funding_round/qwite-seed--8a2b36db,Qwite,https://www.crunchbase.com/organization/qwite,Seed,,"Dec 15, 2011",Seed,,Yes,1,,"129,941"
Seed Round - Medlio,https://www.crunchbase.com/funding_round/medlio-seed--9b4d91e5,Medlio,https://www.crunchbase.com/organization/medlio,Seed,"$250,000","Jun 1, 2013",Seed,,Yes,2,,"130,283"
Seed Round - ShowMe,https://www.crunchbase.com/funding_round/showme-seed--0db0ab54,ShowMe,https://www.crunchbase.com/organization/showme,Seed,"$25,000","May 1, 2010",Seed,,Yes,1,,"132,007"
Seed Round - CircleLink Health,https://www.crunchbase.com/funding_round/circlelink-health-seed--22fa5ed2,CircleLink Health,https://www.crunchbase.com/organization/circlelink-health,Seed,,"Mar 15, 2016",Seed,,Yes,1,,"132,022"
Seed Round - PeopleGrove,https://www.crunchbase.com/funding_round/peoplegrove-seed--3437e55d,PeopleGrove,https://www.crunchbase.com/organization/peoplegrove,Seed,"$175,000","Jul 1, 2016",Seed,,Yes,2,,"118,759"
Seed Round - InterviewBest,https://www.crunchbase.com/funding_round/interviewbest-seed--8b89a265,InterviewBest,https://www.crunchbase.com/organization/interviewbest,Seed,,"Sep 1, 2008",Seed,,Yes,1,,"132,179"
Seed Round - Osmosis,https://www.crunchbase.com/funding_round/osmosis-seed--2f8abeec,Osmosis,https://www.crunchbase.com/organization/osmosis,Seed,,"Apr 4, 2013",Seed,,Yes,1,,"132,229"
Seed Round - Pocket Tales,https://www.crunchbase.com/funding_round/pocket-tales-seed--7febde04,Pocket Tales,https://www.crunchbase.com/organization/pocket-tales,Seed,,"Jun 1, 2010",Seed,,Yes,2,,"133,104"
"Seed Round - Toppermost, Corp.",https://www.crunchbase.com/funding_round/toppermost-corp-seed--b1a9d92f,"Toppermost, Corp.",https://www.crunchbase.com/organization/toppermost-corp,Seed,,"Aug 1, 2014",Seed,,Yes,1,,"133,117"
Seed Round - Pictour.us,https://www.crunchbase.com/funding_round/pictour-us-seed--482191cd,Pictour.us,https://www.crunchbase.com/organization/pictour-us,Seed,,"Aug 10, 2011",Seed,,Yes,1,,"69,500"
Seed Round - SpeSo Health,https://www.crunchbase.com/funding_round/speso-health-seed--2464a219,SpeSo Health,https://www.crunchbase.com/organization/speso-health,Seed,,"Apr 4, 2013",Seed,,Yes,1,,"69,566"
Seed Round - Mashed jobs,https://www.crunchbase.com/funding_round/mashed-jobs-seed--5a82e332,Mashed jobs,https://www.crunchbase.com/organization/mashed-jobs,Seed,,"Aug 1, 2009",Seed,,Yes,1,,"71,690"
Seed Round - Parkloco,https://www.crunchbase.com/funding_round/parkloco-seed--f207c22a,Parkloco,https://www.crunchbase.com/organization/parkloco,Seed,,"Apr 15, 2016",Seed,,Yes,7,,"126,023"
Seed Round - Swan Inc,https://www.crunchbase.com/funding_round/swan-inc-seed--1015126c,Swan Inc,https://www.crunchbase.com/organization/swan-inc,Seed,,"Jan 10, 2014",Seed,,Yes,1,,"126,263"
Seed Round - Fitly,https://www.crunchbase.com/funding_round/fitly-seed--c4b95b8d,Fitly,https://www.crunchbase.com/organization/fitly,Seed,,"Apr 4, 2013",Seed,,Yes,1,,"74,444"
Seed Round - D8A Group,https://www.crunchbase.com/funding_round/d8a-group-seed--472644b4,D8A Group,https://www.crunchbase.com/organization/d8a-group,Seed,"$15,000","Dec 15, 2011",Seed,,Yes,1,,"128,194"
Seed Round - Trendient,https://www.crunchbase.com/funding_round/trendient-seed--d99a547e,Trendient,https://www.crunchbase.com/organization/trendient,Seed,,"Sep 1, 2008",Seed,,Yes,1,,"137,882"
Seed Round - Zairge,https://www.crunchbase.com/funding_round/zairge-seed--67815ef6,Zairge,https://www.crunchbase.com/organization/zairge,Seed,"$150,000","Aug 1, 2014",Seed,,Yes,1,,"139,489"
"Seed Round - Neofluidics, LLC",https://www.crunchbase.com/funding_round/neofluidics-llc-seed--2ff90e4b,"Neofluidics, LLC",https://www.crunchbase.com/organization/neofluidics-llc,Seed,,"Mar 15, 2016",Seed,,Yes,1,,"139,495"
Seed Round - Launchups,https://www.crunchbase.com/funding_round/launchups-seed--6bf91fdd,Launchups,https://www.crunchbase.com/organization/launchups,Seed,,"Aug 11, 2010",Seed,,Yes,1,,"139,706"
Seed Round - uVore,https://www.crunchbase.com/funding_round/uvore-seed--b63a6008,uVore,https://www.crunchbase.com/organization/uvore,Seed,,"Aug 1, 2014",Seed,,Yes,1,,"141,277"
Seed Round - TradeUp Labs,https://www.crunchbase.com/funding_round/tradeup-labs-seed--fd23582a,TradeUp Labs,https://www.crunchbase.com/organization/tradeup-labs,Seed,,"May 10, 2013",Seed,,Yes,1,,"149,917"
Seed Round - Adaptly,https://www.crunchbase.com/funding_round/adapt-ly-seed--7dc930f8,Adaptly,https://www.crunchbase.com/organization/adapt-ly,Seed,,"Aug 11, 2010",Seed,,Yes,1,,"153,096"
Angel Round - SnipSnap,https://www.crunchbase.com/funding_round/snipsnap-app-angel--9ff9e3dd,SnipSnap,https://www.crunchbase.com/organization/snipsnap-app,Angel,"$1,000,000","May 11, 2012",Seed,,Yes,14,,"153,788"
