Transaction Name,Transaction Name URL,Organization Name,Organization Name URL,Funding Type,Money Raised,Announced Date,Funding Stage,Pre-Money Valuation,Equity Only Funding,Number of Investors,Number of Partner Investors,CB Rank (Funding Round)
Seed Round - Flipside Crypto,https://www.crunchbase.com/funding_round/flipside-crypto-seed--09189e28,Flipside Crypto,https://www.crunchbase.com/organization/flipside-crypto,Seed,"$3,400,000","Mar 28, 2018",Seed,,Yes,6,1,96
Seed Round - ShopShops,https://www.crunchbase.com/funding_round/shopshops-seed--f83c4694,ShopShops,https://www.crunchbase.com/organization/shopshops,Seed,"$6,100,000","Apr 4, 2018",Seed,,Yes,6,,124
Seed Round - Truework,https://www.crunchbase.com/funding_round/truework-seed--0324e204,Truework,https://www.crunchbase.com/organization/truework,Seed,"$2,900,000","Apr 11, 2018",Seed,,Yes,4,,813
Venture Round - Fragments,https://www.crunchbase.com/funding_round/fragments-a7cb-series-unknown--ddda5d8f,Fragments,https://www.crunchbase.com/organization/fragments-a7cb,Venture - Series Unknown,"$3,000,000","Mar 19, 2018",,,Yes,6,,"1,466"
Venture Round - PillPack,https://www.crunchbase.com/funding_round/pillpack-series-unknown--5f4525d9,PillPack,https://www.crunchbase.com/organization/pillpack,Venture - Series Unknown,"$4,000,000","Feb 4, 2014",,,Yes,10,2,"1,948"
Seed Round - Avant-garde Health,https://www.crunchbase.com/funding_round/avant-garde-health-seed--4df5592d,Avant-garde Health,https://www.crunchbase.com/organization/avant-garde-health,Seed,"$4,000,000","Jan 8, 2018",Seed,,Yes,5,,"3,282"
Series A - SelfMade,https://www.crunchbase.com/funding_round/selfmade-series-a--680c9c5e,SelfMade,https://www.crunchbase.com/organization/selfmade,Series A,"$8,000,000","Oct 17, 2017",Early Stage Venture,,Yes,8,,"3,293"
Series A - Drift,https://www.crunchbase.com/funding_round/drift-series-a--915ae885,Drift,https://www.crunchbase.com/organization/drift,Series A,"$15,000,000","Jan 13, 2015",Early Stage Venture,,Yes,10,1,"3,335"
Venture Round - CultureIQ,https://www.crunchbase.com/funding_round/cultureiq-series-unknown--c734930e,CultureIQ,https://www.crunchbase.com/organization/cultureiq,Venture - Series Unknown,"$2,250,000","Feb 8, 2018",,,Yes,3,,"4,102"
Seed Round - Anjuna,https://www.crunchbase.com/funding_round/anjuna-seed--6e4e652f,Anjuna,https://www.crunchbase.com/organization/anjuna,Seed,"$3,000,000","Jan 12, 2018",Seed,,Yes,5,1,"4,190"
Seed Round - Alyce,https://www.crunchbase.com/funding_round/alyce-co-seed--e2827960,Alyce,https://www.crunchbase.com/organization/alyce-co,Seed,"$5,300,000","Oct 24, 2017",Seed,,Yes,5,1,"4,310"
Seed Round - Hawthorne,https://www.crunchbase.com/funding_round/hawthorne-2-seed--dc47b94c,Hawthorne,https://www.crunchbase.com/organization/hawthorne-2,Seed,"$2,200,000","Dec 14, 2017",Seed,,Yes,4,2,"4,800"
Seed Round - Embark Veterinary,https://www.crunchbase.com/funding_round/embark-veterinary-seed--040b012d,Embark Veterinary,https://www.crunchbase.com/organization/embark-veterinary,Seed,"$4,500,000","Jul 18, 2017",Seed,,Yes,6,1,"8,649"
Seed Round - Karat,https://www.crunchbase.com/funding_round/karat-seed--daa48be5,Karat,https://www.crunchbase.com/organization/karat,Seed,,"Nov 4, 2015",Seed,,Yes,6,1,"10,656"
Seed Round - Rekener Inc.,https://www.crunchbase.com/funding_round/rekener-seed--1dd98059,Rekener Inc.,https://www.crunchbase.com/organization/rekener,Seed,"$1,750,000","Sep 22, 2017",Seed,,Yes,3,,"10,998"
Series A - NS1,https://www.crunchbase.com/funding_round/ns1-series-a--859f6ef2,NS1,https://www.crunchbase.com/organization/ns1,Series A,"$5,350,000","Apr 7, 2015",Early Stage Venture,,Yes,9,2,"23,823"
Seed Round - MissionU,https://www.crunchbase.com/funding_round/missionu-seed--83062692,MissionU,https://www.crunchbase.com/organization/missionu,Seed,"$3,000,000","Oct 13, 2016",Seed,,Yes,7,5,"25,804"
Series A - B12,https://www.crunchbase.com/funding_round/b12io-series-a--2032235f,B12,https://www.crunchbase.com/organization/b12io,Series A,"$12,400,000","Jul 25, 2016",Early Stage Venture,,Yes,19,4,"26,171"
Series A - Replicated,https://www.crunchbase.com/funding_round/replicated-series-a--79b14f08,Replicated,https://www.crunchbase.com/organization/replicated,Series A,"$5,000,000","Oct 31, 2016",Early Stage Venture,,Yes,9,,"27,731"
Seed Round - MileWise,https://www.crunchbase.com/funding_round/milewise-seed--8acf8c83,MileWise,https://www.crunchbase.com/organization/milewise,Seed,"$1,500,000","Jan 14, 2011",Seed,,Yes,20,3,"29,652"
Seed Round - Sentenai,https://www.crunchbase.com/funding_round/sentenai-seed--41cd29f3,Sentenai,https://www.crunchbase.com/organization/sentenai,Seed,"$1,800,000","Jan 21, 2016",Seed,,Yes,5,1,"30,133"
"Seed Round - Troops, Inc.",https://www.crunchbase.com/funding_round/troops-inc-seed--3183f988,"Troops, Inc.",https://www.crunchbase.com/organization/troops-inc,Seed,"$2,600,000","May 4, 2016",Seed,,Yes,23,1,"30,789"
Seed Round - DIY,https://www.crunchbase.com/funding_round/diy-co-seed--aa57b0f8,DIY,https://www.crunchbase.com/organization/diy-co,Seed,"$1,500,000","Dec 8, 2011",Seed,,Yes,5,1,"30,723"
Seed Round - Replicated,https://www.crunchbase.com/funding_round/replicated-seed--516c2a89,Replicated,https://www.crunchbase.com/organization/replicated,Seed,"$1,500,000","Jun 23, 2015",Seed,,Yes,11,,"31,424"
Venture Round - Airtable,https://www.crunchbase.com/funding_round/airtable-series-unknown--44bea651,Airtable,https://www.crunchbase.com/organization/airtable,Venture - Series Unknown,,"Mar 18, 2013",,,Yes,2,1,"31,486"
Venture Round - Kuvée,https://www.crunchbase.com/funding_round/kuvee-series-unknown--1d1f6d38,Kuvée,https://www.crunchbase.com/organization/kuvee,Venture - Series Unknown,"$6,000,000","Mar 28, 2016",,,Yes,4,1,"32,127"
Series B - BuzzFeed,https://www.crunchbase.com/funding_round/buzzfeed-series-b--c3ad1683,BuzzFeed,https://www.crunchbase.com/organization/buzzfeed,Series B,"$8,000,000","May 12, 2010",Early Stage Venture,,Yes,8,5,"32,835"
Series A - Rebag,https://www.crunchbase.com/funding_round/rebagg-series-a--bb594c01,Rebag,https://www.crunchbase.com/organization/rebagg,Series A,"$8,000,000","May 6, 2016",Early Stage Venture,,Yes,8,1,"35,220"
Series A - SeatGeek,https://www.crunchbase.com/funding_round/seatgeek-series-a--81ef7c16,SeatGeek,https://www.crunchbase.com/organization/seatgeek,Series A,"$550,000","Oct 13, 2010",Early Stage Venture,,Yes,13,2,"35,292"
Venture Round - Dragonplay,https://www.crunchbase.com/funding_round/dragonplay-series-unknown--ad19e861,Dragonplay,https://www.crunchbase.com/organization/dragonplay,Venture - Series Unknown,,"Mar 18, 2013",,,Yes,2,2,"35,302"
Seed Round - Lore,https://www.crunchbase.com/funding_round/lore-seed--9146b46c,Lore,https://www.crunchbase.com/organization/lore,Seed,"$1,000,000","May 1, 2010",Seed,,Yes,2,,"36,124"
Series A - OpenGov,https://www.crunchbase.com/funding_round/opengov-series-a--cebb5f5b,OpenGov,https://www.crunchbase.com/organization/opengov,Series A,"$3,000,000","Jun 11, 2012",Early Stage Venture,,Yes,5,,"37,486"
Seed Round - Blissfully,https://www.crunchbase.com/funding_round/blissfully-seed--22a9ed29,Blissfully,https://www.crunchbase.com/organization/blissfully,Seed,"$1,095,000","Dec 5, 2016",Seed,,Yes,2,,"37,818"
Series A - FanBridge,https://www.crunchbase.com/funding_round/fanbridge-series-a--045df2fc,FanBridge,https://www.crunchbase.com/organization/fanbridge,Series A,"$2,000,000","Nov 1, 2010",Early Stage Venture,,Yes,9,3,"38,021"
Series A - Domino,https://www.crunchbase.com/funding_round/project-decor-series-a--361ac24a,Domino,https://www.crunchbase.com/organization/project-decor,Series A,"$1,600,000","Mar 27, 2012",Early Stage Venture,,Yes,6,,"38,121"
Venture Round - Datalot,https://www.crunchbase.com/funding_round/datalot-inc-series-unknown--03b5f81a,Datalot,https://www.crunchbase.com/organization/datalot-inc,Venture - Series Unknown,,"Apr 22, 2010",,,Yes,3,1,"38,134"
Series A - Skillshare,https://www.crunchbase.com/funding_round/skillshare-series-a--ea119051,Skillshare,https://www.crunchbase.com/organization/skillshare,Series A,"$550,000","May 1, 2011",Early Stage Venture,,Yes,11,3,"38,102"
Series A - SHIFT,https://www.crunchbase.com/funding_round/shift-series-a--fa6398e3,SHIFT,https://www.crunchbase.com/organization/shift,Series A,"$2,000,000","Feb 1, 2011",Early Stage Venture,,Yes,14,5,"38,557"
Seed Round - TetraScience,https://www.crunchbase.com/funding_round/tetrascience-inc--seed--d4a8d3e7,TetraScience,https://www.crunchbase.com/organization/tetrascience-inc-,Seed,,"Jun 1, 2015",Seed,,Yes,6,,"38,741"
Series B - ToutApp,https://www.crunchbase.com/funding_round/toutapp-series-b--7aec18a5,ToutApp,https://www.crunchbase.com/organization/toutapp,Series B,"$15,000,000","Mar 3, 2015",Early Stage Venture,,Yes,8,4,"38,876"
Series A - Airtable,https://www.crunchbase.com/funding_round/airtable-series-a--96c0ae90,Airtable,https://www.crunchbase.com/organization/airtable,Series A,"$7,600,000","Jun 29, 2015",Early Stage Venture,,Yes,11,2,"38,892"
Series A - Spring Inc,https://www.crunchbase.com/funding_round/spring-inc-series-a--a7a2f849,Spring Inc,https://www.crunchbase.com/organization/spring-inc,Series A,"$7,500,000","Jul 9, 2014",Early Stage Venture,,Yes,9,5,"38,997"
Series A - HotelTonight,https://www.crunchbase.com/funding_round/hoteltonight-series-a--6bab248f,HotelTonight,https://www.crunchbase.com/organization/hoteltonight,Series A,"$3,585,000","May 10, 2011",Early Stage Venture,,Yes,9,5,"38,960"
Series A - 1000memories,https://www.crunchbase.com/funding_round/1000memories-series-a--502bd0e5,1000memories,https://www.crunchbase.com/organization/1000memories,Series A,"$2,520,000","Feb 16, 2011",Early Stage Venture,,Yes,10,4,"39,086"
Series B - Betaworks,https://www.crunchbase.com/funding_round/betaworks-series-b--1b47c87a,Betaworks,https://www.crunchbase.com/organization/betaworks,Series B,"$20,000,000","Mar 11, 2010",Early Stage Venture,,Yes,13,9,"39,127"
Series B - Olo,https://www.crunchbase.com/funding_round/olo-series-b--60772e51,Olo,https://www.crunchbase.com/organization/olo,Series B,"$5,000,000","Jan 24, 2013",Early Stage Venture,,Yes,4,3,"39,181"
Venture Round - Gobble,https://www.crunchbase.com/funding_round/gobble-series-unknown--ed14338b,Gobble,https://www.crunchbase.com/organization/gobble,Venture - Series Unknown,"$1,200,000","May 11, 2011",,,Yes,15,3,"39,380"
Series A - Chloe + Isabel,https://www.crunchbase.com/funding_round/chloe-isabel-series-a--3a34f359,Chloe + Isabel,https://www.crunchbase.com/organization/chloe-isabel,Series A,"$8,500,000","Nov 18, 2011",Early Stage Venture,,Yes,13,4,"39,458"
Venture Round - Votizen,https://www.crunchbase.com/funding_round/votizen-series-unknown--2c3b4276,Votizen,https://www.crunchbase.com/organization/votizen,Venture - Series Unknown,"$1,500,000","Sep 23, 2010",,,Yes,12,2,"39,605"
Seed Round - Joymode,https://www.crunchbase.com/funding_round/joymode-seed--daf1d051,Joymode,https://www.crunchbase.com/organization/joymode,Seed,"$2,326,100","Oct 13, 2016",Seed,,Yes,14,3,"40,095"
Seed Round - Lorem Technologies,https://www.crunchbase.com/funding_round/lorem-technologies-seed--62ecf790,Lorem Technologies,https://www.crunchbase.com/organization/lorem-technologies,Seed,"$1,100,000","Jun 2, 2017",Seed,,Yes,4,1,"40,124"
"Seed Round - Julia Computing, Inc.",https://www.crunchbase.com/funding_round/julia-computing-seed--bd3e29ca,"Julia Computing, Inc.",https://www.crunchbase.com/organization/julia-computing,Seed,"$4,600,000","Jun 19, 2017",Seed,,Yes,2,,"40,620"
Seed Round - Bedly,https://www.crunchbase.com/funding_round/bedly-2-seed--283b1b56,Bedly,https://www.crunchbase.com/organization/bedly-2,Seed,"$2,700,000","Apr 20, 2017",Seed,,Yes,3,,"41,127"
Seed Round - Plated,https://www.crunchbase.com/funding_round/plated-seed--96ae2072,Plated,https://www.crunchbase.com/organization/plated,Seed,,"Mar 12, 2013",Seed,,Yes,6,,"41,830"
Venture Round - Zenreach,https://www.crunchbase.com/funding_round/zenreach-series-unknown--7d5fae26,Zenreach,https://www.crunchbase.com/organization/zenreach,Venture - Series Unknown,,"Jun 1, 2012",,,Yes,3,,"42,386"
Angel Round - Findery,https://www.crunchbase.com/funding_round/findery-angel--53075a61,Findery,https://www.crunchbase.com/organization/findery,Angel,"$2,000,000","Feb 16, 2011",Seed,,Yes,8,1,"42,571"
Seed Round - Cruise Automation,https://www.crunchbase.com/funding_round/cruise-seed--6b03c87c,Cruise Automation,https://www.crunchbase.com/organization/cruise,Seed,"$4,300,000","Jan 1, 2014",Seed,,Yes,29,3,"42,773"
Seed Round - Bedly,https://www.crunchbase.com/funding_round/bedly-2-seed--20a93bf5,Bedly,https://www.crunchbase.com/organization/bedly-2,Seed,,"Apr 25, 2016",Seed,,Yes,3,2,"43,120"
Seed Round - SkySafe,https://www.crunchbase.com/funding_round/skysafe-seed--49b8c7cf,SkySafe,https://www.crunchbase.com/organization/skysafe,Seed,"$3,000,000","Apr 20, 2016",Seed,,Yes,11,3,"43,171"
Seed Round - Civic,https://www.crunchbase.com/funding_round/civic-seed--8d7f33a2,Civic,https://www.crunchbase.com/organization/civic,Seed,"$2,750,000","Jan 27, 2016",Seed,,Yes,9,2,"46,088"
Venture Round - Coupang,https://www.crunchbase.com/funding_round/coupang-series-unknown--2653e8a4,Coupang,https://www.crunchbase.com/organization/coupang,Venture - Series Unknown,,"Jun 23, 2010",,,Yes,2,,"47,862"
Seed Round - TellusLabs,https://www.crunchbase.com/funding_round/telluslabs-seed--2aa79871,TellusLabs,https://www.crunchbase.com/organization/telluslabs,Seed,"$3,100,000","Jan 17, 2017",Seed,,Yes,5,1,"48,643"
Seed Round - Scroll,https://www.crunchbase.com/funding_round/scroll-seed--60054c18,Scroll,https://www.crunchbase.com/organization/scroll,Seed,"$3,000,000","Nov 16, 2016",Seed,,Yes,7,1,"50,196"
Series A - Sample6,https://www.crunchbase.com/funding_round/novophage-series-a--3c2f47d3,Sample6,https://www.crunchbase.com/organization/novophage,Series A,"$5,750,000","May 31, 2011",Early Stage Venture,,Yes,3,1,"50,692"
Seed Round - MoveWith,https://www.crunchbase.com/funding_round/movewith-seed--515ae4e8,MoveWith,https://www.crunchbase.com/organization/movewith,Seed,,"Feb 25, 2015",Seed,,Yes,3,,"51,370"
Seed Round - Gyft,https://www.crunchbase.com/funding_round/gyft-seed--5ac70f58,Gyft,https://www.crunchbase.com/organization/gyft,Seed,"$1,250,000","Sep 10, 2012",Seed,,Yes,4,,"52,040"
Seed Round - Quilt,https://www.crunchbase.com/funding_round/quilt-2-seed--352b9192,Quilt,https://www.crunchbase.com/organization/quilt-2,Seed,"$3,250,000","Jul 14, 2016",Seed,,Yes,8,6,"52,136"
Venture Round - GetHuman,https://www.crunchbase.com/funding_round/gethuman-series-unknown--28fa2c6a,GetHuman,https://www.crunchbase.com/organization/gethuman,Venture - Series Unknown,"$3,000,000","Nov 7, 2016",,,Yes,8,,"52,756"
Seed Round - Stanza,https://www.crunchbase.com/funding_round/spoton-it-seed--dd91843d,Stanza,https://www.crunchbase.com/organization/spoton-it,Seed,"$4,300,000","Apr 9, 2015",Seed,,Yes,7,1,"53,407"
Seed Round - Accion Systems,https://www.crunchbase.com/funding_round/accion-systems-seed--9dfb8ed0,Accion Systems,https://www.crunchbase.com/organization/accion-systems,Seed,"$2,000,000","Jan 5, 2015",Seed,,Yes,9,1,"53,608"
Seed Round - The Black Tux,https://www.crunchbase.com/funding_round/the-black-tux-seed--0d940e35,The Black Tux,https://www.crunchbase.com/organization/the-black-tux,Seed,"$2,600,000","Feb 25, 2014",Seed,,Yes,10,8,"53,670"
"Series A - Dropoff, Inc.",https://www.crunchbase.com/funding_round/dropoff-inc-series-a--d8012816,"Dropoff, Inc.",https://www.crunchbase.com/organization/dropoff-inc,Series A,"$7,000,000","Jun 22, 2015",Early Stage Venture,,Yes,7,1,"53,684"
Seed Round - CREXi,https://www.crunchbase.com/funding_round/crexi-seed--144cdfa2,CREXi,https://www.crunchbase.com/organization/crexi,Seed,"$4,300,000","Feb 25, 2016",Seed,,Yes,8,,"53,682"
Series C - Harvest Automation,https://www.crunchbase.com/funding_round/harvest-automation-series-c--0358cc19,Harvest Automation,https://www.crunchbase.com/organization/harvest-automation,Series C,"$11,750,000","Oct 29, 2013",Late Stage Venture,,Yes,4,2,"155,203"
Seed Round - Rebag,https://www.crunchbase.com/funding_round/rebagg-seed--c46c3e11,Rebag,https://www.crunchbase.com/organization/rebagg,Seed,"$4,000,000","Aug 6, 2015",Seed,,Yes,9,1,"155,422"
Series A - Hot Potato,https://www.crunchbase.com/funding_round/hotpotato-series-a--e5555296,Hot Potato,https://www.crunchbase.com/organization/hotpotato,Series A,"$1,420,000","Nov 25, 2009",Early Stage Venture,,Yes,16,4,"156,594"
Angel Round - Breezy,https://www.crunchbase.com/funding_round/breezy-angel--986bf2c7,Breezy,https://www.crunchbase.com/organization/breezy,Angel,"$750,000","Mar 8, 2011",Seed,,Yes,8,5,"157,050"
Seed Round - Cue,https://www.crunchbase.com/funding_round/cue-seed--a8d93299,Cue,https://www.crunchbase.com/organization/cue,Seed,"$700,000","Aug 31, 2010",Seed,,Yes,9,,"157,892"
Seed Round - DailyBooth,https://www.crunchbase.com/funding_round/dailybooth-seed--73b82e65,DailyBooth,https://www.crunchbase.com/organization/dailybooth,Seed,"$15,000","Aug 19, 2009",Seed,,Yes,2,,"165,277"
Seed Round - IFTTT,https://www.crunchbase.com/funding_round/if-this-then-that-seed--b015e748,IFTTT,https://www.crunchbase.com/organization/if-this-then-that,Seed,"$1,500,000","Jan 1, 2012",Seed,,Yes,16,4,"165,486"
Angel Round - Optimizely,https://www.crunchbase.com/funding_round/optimizely-angel--9e0244da,Optimizely,https://www.crunchbase.com/organization/optimizely,Angel,"$1,200,000","Mar 17, 2010",Seed,,Yes,21,1,"166,440"
Seed Round - PowerInbox,https://www.crunchbase.com/funding_round/powerinbox-seed--dc8c30da,PowerInbox,https://www.crunchbase.com/organization/powerinbox,Seed,"$1,100,000","Aug 16, 2011",Seed,,Yes,15,1,"167,158"
Seed Round - Locality,https://www.crunchbase.com/funding_round/locality-seed--2bef99c2,Locality,https://www.crunchbase.com/organization/locality,Seed,"$1,600,000","Mar 27, 2013",Seed,,Yes,9,2,"167,598"
Seed Round - Seamless Toy Company,https://www.crunchbase.com/funding_round/seamless-toy-company-seed--26745188,Seamless Toy Company,https://www.crunchbase.com/organization/seamless-toy-company,Seed,"$2,600,000","Nov 13, 2013",Seed,,Yes,7,,"168,135"
Series A - Codecademy,https://www.crunchbase.com/funding_round/codecademy-series-a--335c6815,Codecademy,https://www.crunchbase.com/organization/codecademy,Series A,"$2,500,000","Oct 27, 2011",Early Stage Venture,,Yes,9,1,"169,392"
Seed Round - Zencoder,https://www.crunchbase.com/funding_round/zencoder-seed--9ab616b6,Zencoder,https://www.crunchbase.com/organization/zencoder,Seed,,"Feb 1, 2010",Seed,,Yes,3,,"171,379"
Series A - Socure,https://www.crunchbase.com/funding_round/socure-series-a--f02003b7,Socure,https://www.crunchbase.com/organization/socure,Series A,"$2,500,000","Oct 28, 2014",Early Stage Venture,,Yes,6,1,"171,586"
Series A - Blue Box,https://www.crunchbase.com/funding_round/blue-box-group-series-a--5d63b3fb,Blue Box,https://www.crunchbase.com/organization/blue-box-group,Series A,"$1,500,000","Oct 14, 2013",Early Stage Venture,,Yes,2,3,"172,196"
Venture Round - Kitchensurfing,https://www.crunchbase.com/funding_round/kitchensurfing-series-unknown--4abd51ae,Kitchensurfing,https://www.crunchbase.com/organization/kitchensurfing,Venture - Series Unknown,,"Jun 27, 2012",,,Yes,1,,"174,667"
Angel Round - JoyTunes,https://www.crunchbase.com/funding_round/joytunes-angel--2c5c8775,JoyTunes,https://www.crunchbase.com/organization/joytunes,Angel,"$500,000","Jan 1, 2012",Seed,,Yes,4,1,"175,375"
Seed Round - Big Think,https://www.crunchbase.com/funding_round/bigthink-seed--8f8998fa,Big Think,https://www.crunchbase.com/organization/bigthink,Seed,,"Jun 1, 2007",Seed,,Yes,6,,"175,607"
Series B - Harvest Automation,https://www.crunchbase.com/funding_round/harvest-automation-series-b--b08b99a3,Harvest Automation,https://www.crunchbase.com/organization/harvest-automation,Series B,"$7,800,000","Nov 18, 2011",Early Stage Venture,,Yes,4,2,"175,721"
Angel Round - Vaultive,https://www.crunchbase.com/funding_round/vaultive-angel--7ec35f2d,Vaultive,https://www.crunchbase.com/organization/vaultive,Angel,"$1,000,000","Jan 1, 2009",Seed,,Yes,3,,"176,321"
Venture Round - Zipongo,https://www.crunchbase.com/funding_round/zipongo-series-unknown--c0b3b4c0,Zipongo,https://www.crunchbase.com/organization/zipongo,Venture - Series Unknown,,"Mar 23, 2011",,,Yes,1,,"176,946"
Seed Round - Experiment Engine,https://www.crunchbase.com/funding_round/experiment-engine-seed--4dcb683e,Experiment Engine,https://www.crunchbase.com/organization/experiment-engine,Seed,"$1,000,000","Nov 25, 2014",Seed,,Yes,8,,"176,960"
Venture Round - ThriveHive,https://www.crunchbase.com/funding_round/thrivehive-series-unknown--dd39b8ba,ThriveHive,https://www.crunchbase.com/organization/thrivehive,Venture - Series Unknown,,"Jun 27, 2012",,,Yes,1,,"177,107"
Seed Round - Getable,https://www.crunchbase.com/funding_round/getable-seed--320faf35,Getable,https://www.crunchbase.com/organization/getable,Seed,"$1,800,000","Feb 27, 2013",Seed,,Yes,6,,"178,235"
Series A - Soluto,https://www.crunchbase.com/funding_round/soluto-series-a--cfc75ce9,Soluto,https://www.crunchbase.com/organization/soluto,Series A,"$6,200,000","Nov 3, 2009",Early Stage Venture,,Yes,4,2,"178,329"
Seed Round - Firebase,https://www.crunchbase.com/funding_round/firebase-seed--45fdec43,Firebase,https://www.crunchbase.com/organization/firebase,Seed,"$1,400,000","May 24, 2012",Seed,,Yes,8,2,"179,135"
Seed Round - Bond Street,https://www.crunchbase.com/funding_round/bond-street-marketplace-seed--0107a333,Bond Street,https://www.crunchbase.com/organization/bond-street-marketplace,Seed,"$1,500,000","Feb 20, 2014",Seed,,Yes,8,,"179,675"
Seed Round - Ze Frank Games,https://www.crunchbase.com/funding_round/ze-frank-games-seed--5219069d,Ze Frank Games,https://www.crunchbase.com/organization/ze-frank-games,Seed,"$500,000","Jul 15, 2010",Seed,,Yes,11,2,"180,152"
Seed Round - Open Places,https://www.crunchbase.com/funding_round/open-places-seed--85085873,Open Places,https://www.crunchbase.com/organization/open-places,Seed,,"Oct 1, 2009",Seed,,Yes,2,,"180,225"
Seed Round - Par8o,https://www.crunchbase.com/funding_round/par8o-seed--9482fbc5,Par8o,https://www.crunchbase.com/organization/par8o,Seed,,"Oct 3, 2013",Seed,,Yes,3,,"180,704"
Series A - Paddle8,https://www.crunchbase.com/funding_round/paddle8-series-a--4403efcb,Paddle8,https://www.crunchbase.com/organization/paddle8,Series A,"$4,000,000","Feb 8, 2012",Early Stage Venture,,Yes,1,1,"180,975"
Venture Round - Mighty Networks,https://www.crunchbase.com/funding_round/mightynetworks-series-unknown--799aacf8,Mighty Networks,https://www.crunchbase.com/organization/mightynetworks,Venture - Series Unknown,,"Nov 5, 2010",,,Yes,1,,"181,092"
Seed Round - Seamless Toy Company,https://www.crunchbase.com/funding_round/seamless-toy-company-seed--f51ff6a9,Seamless Toy Company,https://www.crunchbase.com/organization/seamless-toy-company,Seed,"$830,000","May 20, 2013",Seed,,Yes,1,,"54,477"
Series A - Oyster,https://www.crunchbase.com/funding_round/oysterbooks-com-series-a--870a9629,Oyster,https://www.crunchbase.com/organization/oysterbooks-com,Series A,"$14,000,000","Jan 14, 2014",Early Stage Venture,,Yes,6,4,"55,470"
Seed Round - Parlio,https://www.crunchbase.com/funding_round/parlio-seed--e43a7827,Parlio,https://www.crunchbase.com/organization/parlio,Seed,"$1,675,000","Jun 15, 2014",Seed,,Yes,15,,"55,722"
Series B - Blue Box,https://www.crunchbase.com/funding_round/blue-box-group-series-b--a87f99ae,Blue Box,https://www.crunchbase.com/organization/blue-box-group,Series B,"$10,000,000","Oct 15, 2014",Early Stage Venture,,Yes,2,2,"114,476"
Seed Round - Zipongo,https://www.crunchbase.com/funding_round/zipongo-seed--f1a128ee,Zipongo,https://www.crunchbase.com/organization/zipongo,Seed,"$3,500,000","Jul 25, 2012",Seed,,Yes,2,,"114,489"
Series A - Send the Trend,https://www.crunchbase.com/funding_round/send-the-trend-series-a--5a9c6be0,Send the Trend,https://www.crunchbase.com/organization/send-the-trend,Series A,"$3,000,000","May 2, 2011",Early Stage Venture,,Yes,2,1,"114,561"
Series A - Zencoder,https://www.crunchbase.com/funding_round/zencoder-series-a--06eb6fee,Zencoder,https://www.crunchbase.com/organization/zencoder,Series A,"$2,000,000","Apr 12, 2011",Early Stage Venture,,Yes,14,,"121,822"
Seed Round - Neuromotion,https://www.crunchbase.com/funding_round/neuromotion-seed--ea80a434,Neuromotion,https://www.crunchbase.com/organization/neuromotion,Seed,,"Nov 14, 2016",Seed,,Yes,1,,"121,894"
Venture Round - Stanza,https://www.crunchbase.com/funding_round/spoton-it-series-unknown--80478a2d,Stanza,https://www.crunchbase.com/organization/spoton-it,Venture - Series Unknown,,"May 21, 2014",,,Yes,1,,"126,773"
Series B - Paddle8,https://www.crunchbase.com/funding_round/paddle8-series-b--f4256a4e,Paddle8,https://www.crunchbase.com/organization/paddle8,Series B,"$6,000,000","Jun 6, 2013",Early Stage Venture,,Yes,7,1,"127,559"
Series A - HowAboutWe,https://www.crunchbase.com/funding_round/howaboutwe-series-a--1fbff3d2,HowAboutWe,https://www.crunchbase.com/organization/howaboutwe,Series A,"$3,100,000","Sep 1, 2010",Early Stage Venture,,Yes,8,1,"127,716"
Series A - Ionic,https://www.crunchbase.com/funding_round/ionic-series-a--2e8e4fc5,Ionic,https://www.crunchbase.com/organization/ionic,Series A,"$8,500,000","Apr 28, 2016",Early Stage Venture,,Yes,4,3,"127,876"
Seed Round - Hall,https://www.crunchbase.com/funding_round/hall-com-seed--f3b14b6a,Hall,https://www.crunchbase.com/organization/hall-com,Seed,"$580,000","Oct 17, 2011",Seed,,Yes,3,2,"131,106"
Venture Round - COLOURlovers,https://www.crunchbase.com/funding_round/colourlovers-series-unknown--b2f79194,COLOURlovers,https://www.crunchbase.com/organization/colourlovers,Venture - Series Unknown,"$1,000,000","May 3, 2011",,,Yes,8,,"131,160"
Series A - Harvest Automation,https://www.crunchbase.com/funding_round/harvest-automation-series-a--51575d93,Harvest Automation,https://www.crunchbase.com/organization/harvest-automation,Series A,"$1,300,000","Sep 27, 2010",Early Stage Venture,,Yes,1,1,"131,464"
Venture Round - Chirply,https://www.crunchbase.com/funding_round/chirply-series-unknown--c312468b,Chirply,https://www.crunchbase.com/organization/chirply,Venture - Series Unknown,,"Aug 16, 2010",,,Yes,1,,"131,586"
Seed Round - Soluto,https://www.crunchbase.com/funding_round/soluto-seed--82d33cd7,Soluto,https://www.crunchbase.com/organization/soluto,Seed,"$1,600,000","Jan 1, 2008",Seed,,Yes,2,,"133,742"
Seed Round - Zenreach,https://www.crunchbase.com/funding_round/zenreach-seed--4604a8c1,Zenreach,https://www.crunchbase.com/organization/zenreach,Seed,"$4,000,000","Jul 1, 2013",Seed,,Yes,1,,"133,840"
Seed Round - Pantheon,https://www.crunchbase.com/funding_round/pantheon-seed--074326a2,Pantheon,https://www.crunchbase.com/organization/pantheon,Seed,"$1,300,000","Sep 1, 2010",Seed,,Yes,8,,"134,399"
Seed Round - ToutApp,https://www.crunchbase.com/funding_round/toutapp-seed--54672b7f,ToutApp,https://www.crunchbase.com/organization/toutapp,Seed,"$350,000","May 15, 2011",Seed,,Yes,11,,"135,077"
Seed Round - Chirply,https://www.crunchbase.com/funding_round/chirply-seed--ef824541,Chirply,https://www.crunchbase.com/organization/chirply,Seed,"$1,100,000","Apr 7, 2011",Seed,,Yes,17,,"135,816"
Series A - Stack Overflow,https://www.crunchbase.com/funding_round/stack-overflow-series-a--db510d51,Stack Overflow,https://www.crunchbase.com/organization/stack-overflow,Series A,"$6,000,000","May 4, 2010",Early Stage Venture,,Yes,11,2,"136,448"
Series A - 20x200,https://www.crunchbase.com/funding_round/20x200-series-a--4fdee2e1,20x200,https://www.crunchbase.com/organization/20x200,Series A,"$2,000,000","Aug 1, 2010",Early Stage Venture,,Yes,8,2,"136,929"
Series A - flok,https://www.crunchbase.com/funding_round/loyalblocks-series-a--012891d4,flok,https://www.crunchbase.com/organization/loyalblocks,Series A,"$9,000,000","May 1, 2013",Early Stage Venture,,Yes,3,2,"137,458"
Seed Round - Happy Studio,https://www.crunchbase.com/funding_round/happy-studio-seed--31f301c5,Happy Studio,https://www.crunchbase.com/organization/happy-studio,Seed,"$1,950,000","Aug 1, 2013",Seed,,Yes,1,,"138,866"
Seed Round - Riskified,https://www.crunchbase.com/funding_round/riskified-seed--b877b8da,Riskified,https://www.crunchbase.com/organization/riskified,Seed,"$1,650,000","Jul 8, 2013",Seed,,Yes,7,2,"140,482"
Series A - Olo,https://www.crunchbase.com/funding_round/olo-series-a--7e222a92,Olo,https://www.crunchbase.com/organization/olo,Series A,"$7,000,000","Jan 1, 2008",Early Stage Venture,,Yes,4,2,"142,850"
Series A - CompStak,https://www.crunchbase.com/funding_round/compstak-series-a--a930d500,CompStak,https://www.crunchbase.com/organization/compstak,Series A,"$4,450,000","Apr 10, 2013",Early Stage Venture,,Yes,11,2,"144,724"
Series A - Memoir,https://www.crunchbase.com/funding_round/memoir-series-a--d94a8763,Memoir,https://www.crunchbase.com/organization/memoir,Series A,"$5,500,000","Nov 21, 2014",Early Stage Venture,,Yes,5,3,"144,947"
Seed Round - Recurse Center,https://www.crunchbase.com/funding_round/hacker-school-seed--fd72099d,Recurse Center,https://www.crunchbase.com/organization/hacker-school,Seed,"$17,000","Jun 1, 2010",Seed,,Yes,2,,"59,781"
Seed Round - Databox,https://www.crunchbase.com/funding_round/databox-seed--8219c405,Databox,https://www.crunchbase.com/organization/databox,Seed,"$3,300,000","Sep 3, 2015",Seed,,Yes,3,1,"59,852"
Seed Round - SeatGeek,https://www.crunchbase.com/funding_round/seatgeek-seed--0fe0ade7,SeatGeek,https://www.crunchbase.com/organization/seatgeek,Seed,"$20,000","May 22, 2009",Seed,,Yes,3,,"59,973"
Seed Round - Boundless,https://www.crunchbase.com/funding_round/boundless-seed--3952dddf,Boundless,https://www.crunchbase.com/organization/boundless,Seed,"$1,700,000","Apr 28, 2011",Seed,,Yes,4,2,"59,987"
Seed Round - Venmo,https://www.crunchbase.com/funding_round/venmo-seed--03384984,Venmo,https://www.crunchbase.com/organization/venmo,Seed,"$1,200,000","May 7, 2010",Seed,,Yes,8,2,"145,595"
Series A - Jump Ramp,https://www.crunchbase.com/funding_round/jump-ramp-games-series-a--60256209,Jump Ramp,https://www.crunchbase.com/organization/jump-ramp-games,Series A,"$1,200,000","May 11, 2011",Early Stage Venture,,Yes,5,1,"145,859"
Seed Round - Star.me,https://www.crunchbase.com/funding_round/star-me-seed--585f0ddd,Star.me,https://www.crunchbase.com/organization/star-me,Seed,,"Jun 15, 2010",Seed,,Yes,3,1,"60,264"
Seed Round - Kinsa,https://www.crunchbase.com/funding_round/kinsa-inc-seed--d90632a0,Kinsa,https://www.crunchbase.com/organization/kinsa-inc,Seed,"$2,000,000","Aug 14, 2012",Seed,,Yes,5,1,"60,628"
Debt Financing - MileWise,https://www.crunchbase.com/funding_round/milewise-debt-financing--0b4a10a4,MileWise,https://www.crunchbase.com/organization/milewise,Debt Financing,"$960,000","Aug 2, 2010",,,No,1,,"146,738"
Series A - Chartbeat,https://www.crunchbase.com/funding_round/chartbeat-series-a--6d772758,Chartbeat,https://www.crunchbase.com/organization/chartbeat,Series A,"$3,000,000","Sep 1, 2010",Early Stage Venture,,Yes,13,3,"147,851"
Seed Round - Bureau Of Trade,https://www.crunchbase.com/funding_round/bureau-of-trade-seed--06bb1f5b,Bureau Of Trade,https://www.crunchbase.com/organization/bureau-of-trade,Seed,"$1,200,000","Sep 27, 2012",Seed,,Yes,2,,"147,916"
Series B - Integral Ad Science,https://www.crunchbase.com/funding_round/integralads-series-b--8d8ac693,Integral Ad Science,https://www.crunchbase.com/organization/integralads,Series B,"$7,250,000","Jul 6, 2010",Early Stage Venture,,Yes,3,3,"148,166"
Seed Round - Getable,https://www.crunchbase.com/funding_round/getable-seed--1b3a87fe,Getable,https://www.crunchbase.com/organization/getable,Seed,"$1,400,000","Aug 4, 2011",Seed,,Yes,13,,"148,571"
Series A - ToutApp,https://www.crunchbase.com/funding_round/toutapp-series-a--d6bb9b1e,ToutApp,https://www.crunchbase.com/organization/toutapp,Series A,"$5,210,000","Nov 10, 2013",Early Stage Venture,,Yes,2,1,"148,719"
Series A - Sulia,https://www.crunchbase.com/funding_round/sulia-series-a--f5bce7aa,Sulia,https://www.crunchbase.com/organization/sulia,Series A,"$3,500,000","Dec 20, 2010",Early Stage Venture,,Yes,5,2,"150,422"
Seed Round - Extension Entertainment,https://www.crunchbase.com/funding_round/extension-entertainment-seed--b101fc48,Extension Entertainment,https://www.crunchbase.com/organization/extension-entertainment,Seed,"$500,000","May 16, 2010",Seed,,Yes,4,1,"150,595"
Debt Financing - Picturelife,https://www.crunchbase.com/funding_round/picturelife-debt-financing--33ea5503,Picturelife,https://www.crunchbase.com/organization/picturelife,Debt Financing,"$600,000","Aug 2, 2011",,,No,1,,"92,260"
Seed Round - Lovely,https://www.crunchbase.com/funding_round/lovely-seed--5fb5e797,Lovely,https://www.crunchbase.com/organization/lovely,Seed,"$2,000,000","Oct 1, 2012",Seed,,Yes,8,1,"92,371"
Series A - CustomMade,https://www.crunchbase.com/funding_round/custommade-ventures-series-a--b45bdc70,CustomMade,https://www.crunchbase.com/organization/custommade-ventures,Series A,"$2,100,000","Nov 17, 2011",Early Stage Venture,,Yes,8,3,"92,473"
Seed Round - Couple,https://www.crunchbase.com/funding_round/couple-seed--bf39efe9,Couple,https://www.crunchbase.com/organization/couple,Seed,"$4,200,000","May 2, 2012",Seed,,Yes,14,2,"61,231"
Seed Round - Omada Health,https://www.crunchbase.com/funding_round/omada-health-seed--fb013dd3,Omada Health,https://www.crunchbase.com/organization/omada-health,Seed,"$20,000","May 1, 2011",Seed,,Yes,2,,"61,447"
Seed Round - Blockboard,https://www.crunchbase.com/funding_round/blockboard-seed--863cddbc,Blockboard,https://www.crunchbase.com/organization/blockboard,Seed,"$1,000,000","May 27, 2010",Seed,,Yes,8,,"151,192"
Venture Round - Universe,https://www.crunchbase.com/funding_round/universe-2-series-unknown--171e8b17,Universe,https://www.crunchbase.com/organization/universe-2,Venture - Series Unknown,"$3,200,000","Mar 22, 2017",,,Yes,6,6,"152,117"
Series A - Par8o,https://www.crunchbase.com/funding_round/par8o-series-a--95316abc,Par8o,https://www.crunchbase.com/organization/par8o,Series A,"$10,500,000","Jan 8, 2015",Early Stage Venture,,Yes,3,,"152,334"
Seed Round - Flourish,https://www.crunchbase.com/funding_round/flourish-2-seed--bb4148a4,Flourish,https://www.crunchbase.com/organization/flourish-2,Seed,"$1,000,000","Mar 29, 2017",Seed,,Yes,2,,"81,971"
Series A - Sift Science,https://www.crunchbase.com/funding_round/sift-science-series-a--73177453,Sift Science,https://www.crunchbase.com/organization/sift-science,Series A,"$4,000,000","Mar 19, 2013",Early Stage Venture,,Yes,7,3,"94,325"
Seed Round - Sense360,https://www.crunchbase.com/funding_round/sense360-seed--11517c1b,Sense360,https://www.crunchbase.com/organization/sense360,Seed,"$2,750,000","Jan 15, 2015",Seed,,Yes,9,2,"94,400"
Seed Round - Milo,https://www.crunchbase.com/funding_round/milo-seed--6c0cf570,Milo,https://www.crunchbase.com/organization/milo,Seed,"$950,000","Nov 1, 2008",Seed,,Yes,8,,"152,971"
"Seed Round - Bumpers, Inc.",https://www.crunchbase.com/funding_round/bumpers-seed--813c68f7,"Bumpers, Inc.",https://www.crunchbase.com/organization/bumpers,Seed,"$1,000,000","Oct 20, 2016",Seed,,Yes,3,,"82,677"
Seed Round - Oyster,https://www.crunchbase.com/funding_round/oysterbooks-com-seed--d4ebcbb7,Oyster,https://www.crunchbase.com/organization/oysterbooks-com,Seed,"$3,000,000","Oct 11, 2012",Seed,,Yes,9,3,"82,855"
Venture Round - BrightPoint Security,https://www.crunchbase.com/funding_round/vorstack-corporation-series-unknown--cb4ab6e9,BrightPoint Security,https://www.crunchbase.com/organization/vorstack-corporation,Venture - Series Unknown,,"Sep 7, 2011",,,Yes,1,,"82,928"
Seed Round - Artsy,https://www.crunchbase.com/funding_round/art-sy-seed--3b74d68c,Artsy,https://www.crunchbase.com/organization/art-sy,Seed,"$50,000","Jan 1, 2010",Seed,,Yes,2,,"83,096"
Venture Round - Recurse Center,https://www.crunchbase.com/funding_round/hacker-school-series-unknown--966d3b47,Recurse Center,https://www.crunchbase.com/organization/hacker-school,Venture - Series Unknown,,"Mar 24, 2011",,,Yes,1,,"84,393"
Seed Round - True Fit,https://www.crunchbase.com/funding_round/true-fit-seed--5582fe4f,True Fit,https://www.crunchbase.com/organization/true-fit,Seed,"$2,485,000","Apr 11, 2011",Seed,,Yes,4,,"86,808"
Venture Round - Media Radar,https://www.crunchbase.com/funding_round/magazine-radar-series-unknown--3d078087,Media Radar,https://www.crunchbase.com/organization/magazine-radar,Venture - Series Unknown,"$6,697,317","Sep 1, 2014",,,Yes,3,2,"62,379"
Seed Round - WHOOP,https://www.crunchbase.com/funding_round/whoop-inc-seed--43bcd2c4,WHOOP,https://www.crunchbase.com/organization/whoop-inc,Seed,"$3,000,000","Jul 23, 2013",Seed,,Yes,7,,"63,099"
Seed Round - Paid,https://www.crunchbase.com/funding_round/paid-seed--ba406d27,Paid,https://www.crunchbase.com/organization/paid,Seed,"$1,400,000","Oct 30, 2015",Seed,,Yes,2,,"97,021"
Seed Round - BaubleBar,https://www.crunchbase.com/funding_round/baublebar-seed--a08f118e,BaubleBar,https://www.crunchbase.com/organization/baublebar,Seed,"$1,100,000","Nov 5, 2010",Seed,,Yes,7,,"90,996"
Seed Round - MoveWith,https://www.crunchbase.com/funding_round/movewith-seed--28472559,MoveWith,https://www.crunchbase.com/organization/movewith,Seed,"$3,000,000","Jan 14, 2016",Seed,,Yes,3,1,"91,050"
Seed Round - Mylestone,https://www.crunchbase.com/funding_round/mylestone-seed--50d599ae,Mylestone,https://www.crunchbase.com/organization/mylestone,Seed,"$2,500,000","Feb 16, 2017",Seed,,Yes,5,,"63,229"
Series A - Giiv,https://www.crunchbase.com/funding_round/giiv-series-a--1d654bdc,Giiv,https://www.crunchbase.com/organization/giiv,Series A,"$3,350,000","Jun 1, 2010",Early Stage Venture,,Yes,4,,"63,515"
Seed Round - YesGraph,https://www.crunchbase.com/funding_round/yesgraph-seed--fb2f708f,YesGraph,https://www.crunchbase.com/organization/yesgraph,Seed,"$1,300,000","May 22, 2013",Seed,,Yes,9,,"93,151"
Seed Round - Andela,https://www.crunchbase.com/funding_round/andela-seed--8705b3fb,Andela,https://www.crunchbase.com/organization/andela,Seed,"$3,000,000","Sep 23, 2014",Seed,,Yes,14,4,"64,080"
Seed Round - CultureIQ,https://www.crunchbase.com/funding_round/cultureiq-seed--04004e34,CultureIQ,https://www.crunchbase.com/organization/cultureiq,Seed,"$3,000,000","Dec 10, 2015",Seed,,Yes,3,,"93,865"
Venture Round - A Bit Lucky,https://www.crunchbase.com/funding_round/a-bit-lucky-series-unknown--fd5a8098,A Bit Lucky,https://www.crunchbase.com/organization/a-bit-lucky,Venture - Series Unknown,"$7,712,103","Mar 25, 2011",,,Yes,6,,"95,197"
Venture Round - Pose.com,https://www.crunchbase.com/funding_round/pose-com-series-unknown--98093001,Pose.com,https://www.crunchbase.com/organization/pose-com,Venture - Series Unknown,"$1,600,000","Jan 11, 2011",,,Yes,3,2,"100,995"
Series A - BillGuard,https://www.crunchbase.com/funding_round/billguard-series-a--c54e408c,BillGuard,https://www.crunchbase.com/organization/billguard,Series A,"$3,000,000","May 28, 2010",Early Stage Venture,,Yes,6,2,"193,572"
Series A - Conversion Logic,https://www.crunchbase.com/funding_round/conversion-logic-series-a--4a9612c8,Conversion Logic,https://www.crunchbase.com/organization/conversion-logic,Series A,"$9,000,000","Mar 8, 2017",Early Stage Venture,,Yes,8,2,"98,905"
Venture Round - AI Exchange,https://www.crunchbase.com/funding_round/ai-exchange-series-unknown--478b4f58,AI Exchange,https://www.crunchbase.com/organization/ai-exchange,Venture - Series Unknown,"$1,500,000","Sep 13, 2011",,,Yes,4,,"98,934"
Seed Round - ToutApp,https://www.crunchbase.com/funding_round/toutapp-seed--c0834838,ToutApp,https://www.crunchbase.com/organization/toutapp,Seed,"$920,000","Apr 4, 2013",Seed,,Yes,4,,"99,029"
Series A - GiveForward,https://www.crunchbase.com/funding_round/giveforward-series-a--fb03dc7c,GiveForward,https://www.crunchbase.com/organization/giveforward,Series A,"$2,000,000","Jul 25, 2012",Early Stage Venture,,Yes,5,1,"101,671"
Series A - Proven,https://www.crunchbase.com/funding_round/proven-com-series-a--766a06bf,Proven,https://www.crunchbase.com/organization/proven-com,Series A,"$1,100,000","Jul 11, 2013",Early Stage Venture,,Yes,7,3,"101,834"
Seed Round - JoyTunes,https://www.crunchbase.com/funding_round/joytunes-seed--05984463,JoyTunes,https://www.crunchbase.com/organization/joytunes,Seed,"$1,500,000","May 3, 2013",Seed,,Yes,6,1,"101,347"
Series A - SeatGeek,https://www.crunchbase.com/funding_round/seatgeek-series-a--a22eca08,SeatGeek,https://www.crunchbase.com/organization/seatgeek,Series A,"$1,000,000","Jul 21, 2010",Early Stage Venture,,Yes,2,1,"105,755"
Series A - Ad Hoc Labs,https://www.crunchbase.com/funding_round/ad-hoc-labs-2-series-a--7914759a,Ad Hoc Labs,https://www.crunchbase.com/organization/ad-hoc-labs-2,Series A,"$2,000,000","Oct 21, 2013",Early Stage Venture,,Yes,6,3,"194,135"
Seed Round - Sudden Coffee,https://www.crunchbase.com/funding_round/sudden-coffee-seed--e80d57bf,Sudden Coffee,https://www.crunchbase.com/organization/sudden-coffee,Seed,"$2,700,000","Nov 29, 2016",Seed,,Yes,4,,"106,081"
Seed Round - SeeMe,https://www.crunchbase.com/funding_round/see-me-group-seed--796eb4f0,SeeMe,https://www.crunchbase.com/organization/see-me-group,Seed,"$2,250,000","Feb 20, 2012",Seed,,Yes,5,,"106,128"
Series B - Formlabs,https://www.crunchbase.com/funding_round/formlabs-series-b--0e61e24b,Formlabs,https://www.crunchbase.com/organization/formlabs,Series B,"$35,000,000","Aug 4, 2016",Early Stage Venture,,Yes,7,1,"194,868"
Series A - SavingStar,https://www.crunchbase.com/funding_round/savingstar-series-a--036175c1,SavingStar,https://www.crunchbase.com/organization/savingstar,Series A,"$2,300,000","Aug 19, 2010",Early Stage Venture,,Yes,7,4,"106,368"
Seed Round - Boost Media,https://www.crunchbase.com/funding_round/boostctr-seed--b371c510,Boost Media,https://www.crunchbase.com/organization/boostctr,Seed,"$1,640,000","Mar 14, 2011",Seed,,Yes,8,2,"106,649"
Seed Round - Prism Skylabs,https://www.crunchbase.com/funding_round/prism-skylabs-seed--3b60bb4d,Prism Skylabs,https://www.crunchbase.com/organization/prism-skylabs,Seed,"$1,500,000","Sep 1, 2011",Seed,,Yes,11,,"106,836"
Series A - Optimizely,https://www.crunchbase.com/funding_round/optimizely-series-a--ea30fc43,Optimizely,https://www.crunchbase.com/organization/optimizely,Series A,"$28,000,000","Apr 16, 2013",Early Stage Venture,,Yes,6,5,"195,128"
Seed Round - Plated,https://www.crunchbase.com/funding_round/plated-seed--1a903729,Plated,https://www.crunchbase.com/organization/plated,Seed,,"Feb 5, 2014",Seed,,Yes,5,1,"107,871"
Venture Round - BackType,https://www.crunchbase.com/funding_round/backtype-series-unknown--f436af79,BackType,https://www.crunchbase.com/organization/backtype,Venture - Series Unknown,,"Feb 13, 2014",,,Yes,1,,"108,267"
Series A - Smyte,https://www.crunchbase.com/funding_round/smyte-series-a--8d916390,Smyte,https://www.crunchbase.com/organization/smyte,Series A,"$4,000,000","Mar 28, 2017",Early Stage Venture,,Yes,6,,"108,409"
Seed Round - DeckDAQ,https://www.crunchbase.com/funding_round/deckdaq-seed--0f66bb67,DeckDAQ,https://www.crunchbase.com/organization/deckdaq,Seed,,"Sep 1, 2011",Seed,,Yes,5,,"119,553"
Convertible Note - A Bit Lucky,https://www.crunchbase.com/funding_round/a-bit-lucky-convertible-note--89433ab8,A Bit Lucky,https://www.crunchbase.com/organization/a-bit-lucky,Convertible Note,"$2,600,000","Mar 15, 2010",,,No,6,,"119,903"
Venture Round - Vaultive,https://www.crunchbase.com/funding_round/vaultive-series-unknown--e0c23ea1,Vaultive,https://www.crunchbase.com/organization/vaultive,Venture - Series Unknown,,"Jul 20, 2009",,,Yes,2,,"66,786"
Series A - Lore,https://www.crunchbase.com/funding_round/lore-series-a--a8f7d4bb,Lore,https://www.crunchbase.com/organization/lore,Series A,"$1,000,000","Jun 27, 2011",Early Stage Venture,,Yes,10,2,"66,883"
Seed Round - Gigwalk,https://www.crunchbase.com/funding_round/gigwalk-seed--f2db33f5,Gigwalk,https://www.crunchbase.com/organization/gigwalk,Seed,"$1,700,000","May 4, 2011",Seed,,Yes,6,2,"196,899"
Seed Round - Crayon,https://www.crunchbase.com/funding_round/crayon-2-seed--ba6d58d3,Crayon,https://www.crunchbase.com/organization/crayon-2,Seed,"$3,350,000","Nov 10, 2016",Seed,,Yes,9,2,"109,114"
Seed Round - 10% Happier,https://www.crunchbase.com/funding_round/change-collective-seed--bf4d4796,10% Happier,https://www.crunchbase.com/organization/change-collective,Seed,"$1,400,000","Jan 21, 2014",Seed,,Yes,4,4,"197,240"
Seed Round - Kitchensurfing,https://www.crunchbase.com/funding_round/kitchensurfing-seed--f74f7042,Kitchensurfing,https://www.crunchbase.com/organization/kitchensurfing,Seed,"$1,000,000","Feb 14, 2013",Seed,,Yes,13,2,"197,697"
Seed Round - The Trade Desk,https://www.crunchbase.com/funding_round/the-trade-desk-seed--a3df0695,The Trade Desk,https://www.crunchbase.com/organization/the-trade-desk,Seed,"$2,500,000","Mar 23, 2010",Seed,,Yes,6,3,"197,708"
Seed Round - Meddik,https://www.crunchbase.com/funding_round/meddik-seed--395b7ae2,Meddik,https://www.crunchbase.com/organization/meddik,Seed,"$750,000","May 24, 2012",Seed,,Yes,6,,"109,888"
Venture Round - Recurse Center,https://www.crunchbase.com/funding_round/hacker-school-series-unknown--97d30ef0,Recurse Center,https://www.crunchbase.com/organization/hacker-school,Venture - Series Unknown,"$200,000","Jan 8, 2012",,,Yes,2,,"109,930"
Series A - Gigwalk,https://www.crunchbase.com/funding_round/gigwalk-series-a--cf9eac2d,Gigwalk,https://www.crunchbase.com/organization/gigwalk,Series A,"$6,000,000","Oct 22, 2012",Early Stage Venture,,Yes,6,3,"110,566"
Seed Round - GiveForward,https://www.crunchbase.com/funding_round/giveforward-seed--9dc805a2,GiveForward,https://www.crunchbase.com/organization/giveforward,Seed,"$15,000","Jun 1, 2010",Seed,,Yes,2,,"198,427"
Series A - Shield AI,https://www.crunchbase.com/funding_round/shield-ai-series-a--67e5fba3,Shield AI,https://www.crunchbase.com/organization/shield-ai,Series A,"$10,500,000","Apr 3, 2017",Early Stage Venture,,Yes,4,1,"110,790"
Seed Round - Magnetic,https://www.crunchbase.com/funding_round/magnetic-seed--e0932295,Magnetic,https://www.crunchbase.com/organization/magnetic,Seed,"$1,250,000","Mar 16, 2009",Seed,,Yes,7,1,"110,872"
Seed Round - Shield AI,https://www.crunchbase.com/funding_round/shield-ai-seed--d505eaf0,Shield AI,https://www.crunchbase.com/organization/shield-ai,Seed,"$2,049,999","May 31, 2016",Seed,,Yes,3,1,"199,320"
Seed Round - EmployInsight,https://www.crunchbase.com/funding_round/employinsight-seed--74a2e386,EmployInsight,https://www.crunchbase.com/organization/employinsight,Seed,"$1,000,000","Feb 28, 2012",Seed,,Yes,5,,"199,364"
Seed Round - Transfix,https://www.crunchbase.com/funding_round/transfix-seed--5a768c79,Transfix,https://www.crunchbase.com/organization/transfix,Seed,"$2,500,000","Jul 10, 2014",Seed,,Yes,11,5,"111,516"
Series A - Plated,https://www.crunchbase.com/funding_round/plated-series-a--a297ebad,Plated,https://www.crunchbase.com/organization/plated,Series A,"$5,000,000","Jan 6, 2014",Early Stage Venture,,Yes,7,3,"200,222"
Seed Round - SkipTheDishes,https://www.crunchbase.com/funding_round/skipthedishes-seed--d92af35a,SkipTheDishes,https://www.crunchbase.com/organization/skipthedishes,Seed,,"Dec 14, 2016",Seed,,Yes,4,1,"200,328"
Seed Round - Heyzap,https://www.crunchbase.com/funding_round/heyzap-seed--c4872c68,Heyzap,https://www.crunchbase.com/organization/heyzap,Seed,"$650,000","May 27, 2009",Seed,,Yes,5,1,"112,101"
Seed Round - Conversion Logic,https://www.crunchbase.com/funding_round/conversion-logic-seed--a3a68d0c,Conversion Logic,https://www.crunchbase.com/organization/conversion-logic,Seed,"$4,000,000","Apr 8, 2015",Seed,,Yes,7,2,"200,889"
Seed Round - Sift Science,https://www.crunchbase.com/funding_round/sift-science-seed--d24df878,Sift Science,https://www.crunchbase.com/organization/sift-science,Seed,"$1,600,000","Sep 1, 2011",Seed,,Yes,11,,"201,124"
Seed Round - Custora,https://www.crunchbase.com/funding_round/custora-seed--e3d09fd1,Custora,https://www.crunchbase.com/organization/custora,Seed,,"Jan 1, 2011",Seed,,Yes,3,,"201,148"
Debt Financing - DeckDAQ,https://www.crunchbase.com/funding_round/deckdaq-debt-financing--0bf575b2,DeckDAQ,https://www.crunchbase.com/organization/deckdaq,Debt Financing,,"Aug 1, 2012",,,No,3,,"113,293"
Seed Round - Tutorspree,https://www.crunchbase.com/funding_round/tutorspree-seed--61a9b76d,Tutorspree,https://www.crunchbase.com/organization/tutorspree,Seed,"$1,000,000","Dec 20, 2011",Seed,,Yes,9,,"113,581"
Venture Round - Lovely,https://www.crunchbase.com/funding_round/lovely-series-unknown--b10767b0,Lovely,https://www.crunchbase.com/organization/lovely,Venture - Series Unknown,,"Apr 22, 2010",,,Yes,1,,"113,594"
Series A - InfoScout,https://www.crunchbase.com/funding_round/shoparoo-series-a--9f420479,InfoScout,https://www.crunchbase.com/organization/shoparoo,Series A,"$5,000,000","May 1, 2013",Early Stage Venture,,Yes,3,1,"113,638"
Seed Round - ThriveHive,https://www.crunchbase.com/funding_round/thrivehive-seed--f216d52f,ThriveHive,https://www.crunchbase.com/organization/thrivehive,Seed,"$1,500,000","Jul 9, 2013",Seed,,Yes,4,1,"201,525"
Venture Round - SeatGeek,https://www.crunchbase.com/funding_round/seatgeek-series-unknown--d74dc1b8,SeatGeek,https://www.crunchbase.com/organization/seatgeek,Venture - Series Unknown,"$1,650,000","Aug 29, 2012",,,Yes,5,2,"201,730"
Series B - GroupMe,https://www.crunchbase.com/funding_round/groupme-series-b--159399ce,GroupMe,https://www.crunchbase.com/organization/groupme,Series B,"$10,600,000","Jan 4, 2011",Early Stage Venture,,Yes,8,6,"121,346"
Series A - Pocket,https://www.crunchbase.com/funding_round/pocket-series-a--dd1f4b1c,Pocket,https://www.crunchbase.com/organization/pocket,Series A,"$2,500,000","Jul 26, 2011",Early Stage Venture,,Yes,4,1,"158,928"
Seed Round - Smyte,https://www.crunchbase.com/funding_round/smyte-seed--f8108680,Smyte,https://www.crunchbase.com/organization/smyte,Seed,"$2,250,000","Jun 23, 2015",Seed,,Yes,5,,"159,579"
Seed Round - 42Floors,https://www.crunchbase.com/funding_round/42floors-seed--82a150cc,42Floors,https://www.crunchbase.com/organization/42floors,Seed,"$400,000","Dec 1, 2011",Seed,,Yes,8,2,"160,199"
Seed Round - Factual,https://www.crunchbase.com/funding_round/factual-seed--00043331,Factual,https://www.crunchbase.com/organization/factual,Seed,"$2,000,000","Feb 3, 2010",Seed,,Yes,13,1,"161,031"
Seed Round - Happify,https://www.crunchbase.com/funding_round/happify-seed--217392bf,Happify,https://www.crunchbase.com/organization/happify,Seed,"$3,800,800","Oct 22, 2013",Seed,,Yes,1,,"162,052"
Venture Round - Par8o,https://www.crunchbase.com/funding_round/par8o-series-unknown--b7a26cde,Par8o,https://www.crunchbase.com/organization/par8o,Venture - Series Unknown,,"Jun 4, 2012",,,Yes,1,,"162,379"
Series A - Convertro,https://www.crunchbase.com/funding_round/convertro-series-a--9daf59d7,Convertro,https://www.crunchbase.com/organization/convertro,Series A,,"Jan 1, 2009",Early Stage Venture,,Yes,3,1,"162,862"
Seed Round - Hall,https://www.crunchbase.com/funding_round/hall-com-seed--d826452f,Hall,https://www.crunchbase.com/organization/hall-com,Seed,,"Sep 1, 2011",Seed,,Yes,2,2,"163,193"
Seed Round - ADstruc,https://www.crunchbase.com/funding_round/adstruc-seed--be14e4d3,ADstruc,https://www.crunchbase.com/organization/adstruc,Seed,"$1,100,000","Sep 28, 2010",Seed,,Yes,11,4,"163,869"
Seed Round - HeartThis,https://www.crunchbase.com/funding_round/heartthis-seed--516ab020,HeartThis,https://www.crunchbase.com/organization/heartthis,Seed,"$2,000,000","Aug 21, 2013",Seed,,Yes,7,,"163,964"
Venture Round - WorkJam,https://www.crunchbase.com/funding_round/workjam-inc--series-unknown--5cafbc22,WorkJam,https://www.crunchbase.com/organization/workjam-inc-,Venture - Series Unknown,"$12,000,000","Feb 28, 2017",,,Yes,4,2,"164,152"
Series A - BookBub,https://www.crunchbase.com/funding_round/bookbub-series-a--99ffe312,BookBub,https://www.crunchbase.com/organization/bookbub,Series A,"$3,800,000","May 1, 2014",Early Stage Venture,,Yes,4,1,"181,968"
Seed Round - Plated,https://www.crunchbase.com/funding_round/plated-seed--6b2a4343,Plated,https://www.crunchbase.com/organization/plated,Seed,,"Apr 2, 2013",Seed,,Yes,6,1,"182,813"
Seed Round - Open Places,https://www.crunchbase.com/funding_round/open-places-seed--7296a636,Open Places,https://www.crunchbase.com/organization/open-places,Seed,"$1,100,000","Jun 7, 2010",Seed,,Yes,6,1,"183,846"
Series A - Fluidinfo,https://www.crunchbase.com/funding_round/fluidinfo-series-a--d72b7706,Fluidinfo,https://www.crunchbase.com/organization/fluidinfo,Series A,"$800,000","May 24, 2010",Early Stage Venture,,Yes,13,2,"184,313"
Series A - 20x200,https://www.crunchbase.com/funding_round/20x200-series-a--95e06cec,20x200,https://www.crunchbase.com/organization/20x200,Series A,"$800,000","Oct 1, 2009",Early Stage Venture,,Yes,9,,"75,151"
Seed Round - Mylestone,https://www.crunchbase.com/funding_round/mylestone-seed--d9e5d6fd,Mylestone,https://www.crunchbase.com/organization/mylestone,Seed,"$1,500,000","Mar 21, 2016",Seed,,Yes,4,,"202,899"
Seed Round - Custora,https://www.crunchbase.com/funding_round/custora-seed--0193f755,Custora,https://www.crunchbase.com/organization/custora,Seed,,"Jan 5, 2012",Seed,,Yes,11,,"203,440"
Venture Round - SeeMe,https://www.crunchbase.com/funding_round/see-me-group-series-unknown--250e03e4,SeeMe,https://www.crunchbase.com/organization/see-me-group,Venture - Series Unknown,"$1,850,000","Mar 18, 2014",,,Yes,7,1,"203,916"
Seed Round - CustomMade,https://www.crunchbase.com/funding_round/custommade-ventures-seed--55cd3673,CustomMade,https://www.crunchbase.com/organization/custommade-ventures,Seed,"$400,000","Jan 1, 2009",Seed,,Yes,1,,"204,254"
Debt Financing - Contently,https://www.crunchbase.com/funding_round/contently-debt-financing--24bca33f,Contently,https://www.crunchbase.com/organization/contently,Debt Financing,"$335,000","Jul 18, 2011",,,No,2,,"206,426"
Seed Round - Metamarkets,https://www.crunchbase.com/funding_round/metamarkets-seed--ae14d9f0,Metamarkets,https://www.crunchbase.com/organization/metamarkets,Seed,"$2,500,000","Jun 1, 2010",Seed,,Yes,14,3,"206,576"
Seed Round - PacketZoom,https://www.crunchbase.com/funding_round/packetzoom-seed--3e7c8f38,PacketZoom,https://www.crunchbase.com/organization/packetzoom,Seed,,"Jul 3, 2014",Seed,,Yes,1,,"208,420"
Seed Round - Infinio,https://www.crunchbase.com/funding_round/infinio-seed--3abb06de,Infinio,https://www.crunchbase.com/organization/infinio,Seed,"$2,000,000","Jan 1, 2012",Seed,,Yes,4,,"209,539"
Seed Round - Tulip Retail,https://www.crunchbase.com/funding_round/tulip-retail-seed--33a7c27e,Tulip Retail,https://www.crunchbase.com/organization/tulip-retail,Seed,"$2,400,000","Oct 3, 2013",Seed,,Yes,13,5,"209,642"
Angel Round - Uber,https://www.crunchbase.com/funding_round/uber-angel--c76f9429,Uber,https://www.crunchbase.com/organization/uber,Angel,"$1,250,000","Oct 15, 2010",Seed,"$4,000,000",Yes,29,9,"210,318"
Venture Round - Blippy,https://www.crunchbase.com/funding_round/blippy-gifs-series-unknown--b895c856,Blippy,https://www.crunchbase.com/organization/blippy-gifs,Venture - Series Unknown,,"Mar 7, 2012",,,Yes,1,,"210,630"
Series A - Picturelife,https://www.crunchbase.com/funding_round/picturelife-series-a--3ef42da9,Picturelife,https://www.crunchbase.com/organization/picturelife,Series A,"$4,000,000","Nov 2, 2012",Early Stage Venture,,Yes,10,3,"211,310"
Series A - Riskified,https://www.crunchbase.com/funding_round/riskified-series-a--f5a874e3,Riskified,https://www.crunchbase.com/organization/riskified,Series A,"$4,000,000","Feb 1, 2014",Early Stage Venture,,Yes,3,2,"211,448"
Seed Round - Listia,https://www.crunchbase.com/funding_round/listia-seed--10f3b22e,Listia,https://www.crunchbase.com/organization/listia,Seed,"$1,750,000","Apr 19, 2011",Seed,,Yes,9,,"184,766"
Seed Round - 1000memories,https://www.crunchbase.com/funding_round/1000memories-seed--f5fb428e,1000memories,https://www.crunchbase.com/organization/1000memories,Seed,"$15,000","Jan 1, 2010",Seed,,Yes,2,,"184,843"
Series A - Omada Health,https://www.crunchbase.com/funding_round/omada-health-series-a--3b1fabe9,Omada Health,https://www.crunchbase.com/organization/omada-health,Series A,"$4,700,000","Mar 21, 2013",Early Stage Venture,,Yes,9,1,"185,502"
Seed Round - Memoir,https://www.crunchbase.com/funding_round/memoir-seed--8c792558,Memoir,https://www.crunchbase.com/organization/memoir,Seed,"$1,200,000","May 31, 2011",Seed,,Yes,10,3,"185,918"
Series A - Dragonplay,https://www.crunchbase.com/funding_round/dragonplay-series-a--137880fa,Dragonplay,https://www.crunchbase.com/organization/dragonplay,Series A,"$14,000,000","Apr 2, 2012",Early Stage Venture,,Yes,3,3,"186,821"
Seed Round - Pronoun,https://www.crunchbase.com/funding_round/vook-seed--d99200e7,Pronoun,https://www.crunchbase.com/organization/vook,Seed,"$2,500,000","Feb 19, 2010",Seed,,Yes,7,,"187,041"
Seed Round - PillPack,https://www.crunchbase.com/funding_round/pillpack-seed--3eb3a651,PillPack,https://www.crunchbase.com/organization/pillpack,Seed,"$550,000","Apr 1, 2013",Seed,,Yes,8,3,"187,225"
Series A - Heyzap,https://www.crunchbase.com/funding_round/heyzap-series-a--a3357b7f,Heyzap,https://www.crunchbase.com/organization/heyzap,Series A,"$3,000,000","Jun 23, 2010",Early Stage Venture,,Yes,4,1,"188,003"
Seed Round - Sulia,https://www.crunchbase.com/funding_round/sulia-seed--6ee35ec2,Sulia,https://www.crunchbase.com/organization/sulia,Seed,,"Sep 22, 2009",Seed,,Yes,2,,"188,577"
Series A - Milo,https://www.crunchbase.com/funding_round/milo-series-a--b77484e4,Milo,https://www.crunchbase.com/organization/milo,Series A,"$4,000,000","Nov 24, 2009",Early Stage Venture,,Yes,17,5,"189,518"
Series A - Blue Box,https://www.crunchbase.com/funding_round/blue-box-group-series-a--1472db4e,Blue Box,https://www.crunchbase.com/organization/blue-box-group,Series A,"$4,300,000","Jan 22, 2013",Early Stage Venture,,Yes,2,3,"189,859"
Seed Round - CoachUp,https://www.crunchbase.com/funding_round/coachup-seed--5f8c51b3,CoachUp,https://www.crunchbase.com/organization/coachup,Seed,"$2,700,000","Nov 14, 2012",Seed,,Yes,16,2,"190,446"
Series A - Transfix,https://www.crunchbase.com/funding_round/transfix-series-a--e25e0e7c,Transfix,https://www.crunchbase.com/organization/transfix,Series A,"$12,000,000","Nov 10, 2015",Early Stage Venture,,Yes,6,4,"191,336"
Seed Round - CoverWallet,https://www.crunchbase.com/funding_round/coverwallet-seed--5ad43fbf,CoverWallet,https://www.crunchbase.com/organization/coverwallet,Seed,"$2,000,000","Mar 9, 2016",Seed,,Yes,5,,"192,152"
Series A - Moat,https://www.crunchbase.com/funding_round/moat-series-a--8f4c550f,Moat,https://www.crunchbase.com/organization/moat,Series A,"$1,500,000","Aug 23, 2011",Early Stage Venture,,Yes,10,1,"192,319"
Series A - PillPack,https://www.crunchbase.com/funding_round/pillpack-series-a--51e81478,PillPack,https://www.crunchbase.com/organization/pillpack,Series A,"$3,500,000","Jul 1, 2013",Early Stage Venture,,Yes,11,4,"75,574"
Seed Round - PacketZoom,https://www.crunchbase.com/funding_round/packetzoom-seed--416e0f42,PacketZoom,https://www.crunchbase.com/organization/packetzoom,Seed,,"Apr 7, 2015",Seed,,Yes,4,1,"76,196"
Series A - Top10,https://www.crunchbase.com/funding_round/top10-com-series-a--be017997,Top10,https://www.crunchbase.com/organization/top10-com,Series A,"$900,000","Jul 16, 2013",Early Stage Venture,,Yes,5,2,"76,711"
Seed Round - BackType,https://www.crunchbase.com/funding_round/backtype-seed--d1df5b91,BackType,https://www.crunchbase.com/organization/backtype,Seed,"$1,000,000","Mar 10, 2011",Seed,,Yes,9,1,"77,345"
"Series A - Troops, Inc.",https://www.crunchbase.com/funding_round/troops-inc-series-a--195e8011,"Troops, Inc.",https://www.crunchbase.com/organization/troops-inc,Series A,"$7,000,000","Sep 12, 2016",Early Stage Venture,,Yes,12,4,"78,039"
Series A - Zijian Zhangt,https://www.crunchbase.com/funding_round/posterous-series-a--c085248e,Zijian Zhangt,https://www.crunchbase.com/organization/posterous,Series A,"$4,400,000","Mar 5, 2010",Early Stage Venture,,Yes,7,4,"78,751"
Venture Round - Periscope Co,https://www.crunchbase.com/funding_round/periscope-co-series-unknown--b3bc2874,Periscope Co,https://www.crunchbase.com/organization/periscope-co,Venture - Series Unknown,,"Apr 7, 2014",,,Yes,1,,"78,773"
Venture Round - PacketZoom,https://www.crunchbase.com/funding_round/packetzoom-series-unknown--098a81e8,PacketZoom,https://www.crunchbase.com/organization/packetzoom,Venture - Series Unknown,"$4,300,000","Oct 10, 2016",,,Yes,4,2,"84,125"
Venture Round - RORE MEDIA,https://www.crunchbase.com/funding_round/rore-media-series-unknown--1c108cba,RORE MEDIA,https://www.crunchbase.com/organization/rore-media,Venture - Series Unknown,"$1,100,000","Oct 1, 2012",,,Yes,2,,"86,222"
Seed Round - FanBridge,https://www.crunchbase.com/funding_round/fanbridge-seed--c6f4ced1,FanBridge,https://www.crunchbase.com/organization/fanbridge,Seed,"$350,000","Mar 1, 2009",Seed,,Yes,4,1,"87,828"
Series A - Top10,https://www.crunchbase.com/funding_round/top10-com-series-a--34f52d46,Top10,https://www.crunchbase.com/organization/top10-com,Series A,"$3,500,000","Sep 20, 2011",Early Stage Venture,,Yes,4,1,"89,073"
Series A - thredUP,https://www.crunchbase.com/funding_round/thredup-series-a--a1d0bfe0,thredUP,https://www.crunchbase.com/organization/thredup,Series A,"$1,400,000","Jul 7, 2010",Early Stage Venture,,Yes,3,3,"89,227"
Venture Round - Happify,https://www.crunchbase.com/funding_round/happify-series-unknown--badfe891,Happify,https://www.crunchbase.com/organization/happify,Venture - Series Unknown,,"Feb 13, 2012",,,Yes,1,,"91,587"
Debt Financing - Socure,https://www.crunchbase.com/funding_round/socure-debt-financing--76363ca8,Socure,https://www.crunchbase.com/organization/socure,Debt Financing,"$2,500,000","Aug 4, 2015",,,No,6,3,"98,393"
Seed Round - Smyte,https://www.crunchbase.com/funding_round/smyte-seed--7ec5cbd1,Smyte,https://www.crunchbase.com/organization/smyte,Seed,,"Dec 22, 2014",Seed,,Yes,1,,"100,068"
Seed Round - Cardpool,https://www.crunchbase.com/funding_round/cardpool-seed--0a0cc763,Cardpool,https://www.crunchbase.com/organization/cardpool,Seed,,"Jan 1, 2010",Seed,,Yes,19,,"100,309"
Series B - Finxera,https://www.crunchbase.com/funding_round/finxera-series-b--12fa90d6,Finxera,https://www.crunchbase.com/organization/finxera,Series B,"$6,000,000","Apr 20, 2009",Early Stage Venture,,Yes,4,1,"102,259"
Seed Round - Moat,https://www.crunchbase.com/funding_round/moat-seed--d67a0cc7,Moat,https://www.crunchbase.com/organization/moat,Seed,"$3,000,000","Jan 1, 2010",Seed,,Yes,4,,"102,283"
Series A - Highfive,https://www.crunchbase.com/funding_round/highfive-series-a--c6e1997f,Highfive,https://www.crunchbase.com/organization/highfive,Series A,"$4,000,000","Jul 11, 2012",Early Stage Venture,,Yes,6,1,"102,552"
Venture Round - Convertro,https://www.crunchbase.com/funding_round/convertro-series-unknown--d2b08607,Convertro,https://www.crunchbase.com/organization/convertro,Venture - Series Unknown,,"Nov 25, 2009",,,Yes,1,,"102,795"
Series A - Shareable Ink,https://www.crunchbase.com/funding_round/shareable-ink-series-a--9deb9fff,Shareable Ink,https://www.crunchbase.com/organization/shareable-ink,Series A,"$4,500,000","Nov 9, 2010",Early Stage Venture,,Yes,3,1,"104,895"
Seed Round - Ridejoy,https://www.crunchbase.com/funding_round/ridejoy-seed--26c90329,Ridejoy,https://www.crunchbase.com/organization/ridejoy,Seed,"$1,300,000","Feb 6, 2012",Seed,,Yes,7,,"123,316"
Seed Round - Listia,https://www.crunchbase.com/funding_round/listia-seed--5832efc9,Listia,https://www.crunchbase.com/organization/listia,Seed,"$15,000","Aug 1, 2009",Seed,,Yes,2,,"116,766"
Venture Round - True Fit,https://www.crunchbase.com/funding_round/true-fit-series-unknown--4ec411cb,True Fit,https://www.crunchbase.com/organization/true-fit,Venture - Series Unknown,,"Jul 8, 2010",,,Yes,1,,"116,986"
Seed Round - Chloe + Isabel,https://www.crunchbase.com/funding_round/chloe-isabel-seed--69de4cbd,Chloe + Isabel,https://www.crunchbase.com/organization/chloe-isabel,Seed,"$3,250,000","Jan 1, 2011",Seed,,Yes,12,1,"117,064"
Series A - Boundless,https://www.crunchbase.com/funding_round/boundless-series-a--5049b7a8,Boundless,https://www.crunchbase.com/organization/boundless,Series A,"$8,000,000","Apr 5, 2012",Early Stage Venture,,Yes,5,3,"130,087"
Venture Round - Ionic,https://www.crunchbase.com/funding_round/ionic-series-unknown--501d3fe3,Ionic,https://www.crunchbase.com/organization/ionic,Venture - Series Unknown,"$2,600,000","Mar 1, 2015",,,Yes,2,1,"69,257"
Series A - Proven,https://www.crunchbase.com/funding_round/proven-com-series-a--60e4a959,Proven,https://www.crunchbase.com/organization/proven-com,Series A,"$845,000","Jun 1, 2012",Early Stage Venture,,Yes,8,1,"70,536"
Series A - Accion Systems,https://www.crunchbase.com/funding_round/accion-systems-series-a--77dec243,Accion Systems,https://www.crunchbase.com/organization/accion-systems,Series A,"$7,500,000","May 12, 2016",Early Stage Venture,,Yes,7,2,"70,679"
Series A - DealBase Corporation,https://www.crunchbase.com/funding_round/dealbase-corporation-series-a--8a579d74,DealBase Corporation,https://www.crunchbase.com/organization/dealbase-corporation,Series A,"$1,000,000","May 8, 2009",Early Stage Venture,,Yes,4,,"124,943"
Series A - CoverWallet,https://www.crunchbase.com/funding_round/coverwallet-series-a--40be71f8,CoverWallet,https://www.crunchbase.com/organization/coverwallet,Series A,"$7,800,000","Nov 17, 2016",Early Stage Venture,,Yes,4,,"125,234"
Seed Round - True Fit,https://www.crunchbase.com/funding_round/true-fit-seed--94d98b33,True Fit,https://www.crunchbase.com/organization/true-fit,Seed,"$4,361,036","Jul 29, 2011",Seed,,Yes,4,,"71,439"
Seed Round - Tello Applications,https://www.crunchbase.com/funding_round/tello-seed--32cd6c19,Tello Applications,https://www.crunchbase.com/organization/tello,Seed,"$1,000,000","Jul 31, 2010",Seed,,Yes,12,,"71,979"
Convertible Note - Artsy,https://www.crunchbase.com/funding_round/art-sy-convertible-note--4dc18710,Artsy,https://www.crunchbase.com/organization/art-sy,Convertible Note,"$1,250,000","Nov 24, 2010",,,No,18,4,"72,482"
Angel Round - Sudden Coffee,https://www.crunchbase.com/funding_round/sudden-coffee-angel--e52026ac,Sudden Coffee,https://www.crunchbase.com/organization/sudden-coffee,Angel,"$500,000","Jan 8, 2016",Seed,,Yes,7,,"72,638"
Series B - BookBub,https://www.crunchbase.com/funding_round/bookbub-series-b--dec85052,BookBub,https://www.crunchbase.com/organization/bookbub,Series B,"$7,000,000","May 19, 2015",Early Stage Venture,,Yes,4,2,"73,410"
Venture Round - Zijian Zhangt,https://www.crunchbase.com/funding_round/posterous-series-unknown--7b37be27,Zijian Zhangt,https://www.crunchbase.com/organization/posterous,Venture - Series Unknown,,"Jun 7, 2013",,,Yes,1,,"127,140"
Venture Round - MakerBot,https://www.crunchbase.com/funding_round/makerbot-series-unknown--9202db1d,MakerBot,https://www.crunchbase.com/organization/makerbot,Venture - Series Unknown,,"Jul 26, 2010",,,Yes,1,,"127,228"
Seed Round - Canvas Networks,https://www.crunchbase.com/funding_round/canvas-networks-seed--2fe63058,Canvas Networks,https://www.crunchbase.com/organization/canvas-networks,Seed,"$625,000","May 14, 2010",Seed,,Yes,5,,"138,049"
Seed Round - Svpply,https://www.crunchbase.com/funding_round/svpply-seed--882027ad,Svpply,https://www.crunchbase.com/organization/svpply,Seed,"$550,000","Nov 22, 2010",Seed,,Yes,5,1,"138,284"
Seed Round - FitStar (acq. by Fitbit),https://www.crunchbase.com/funding_round/fitstar-seed--4b768819,FitStar (acq. by Fitbit),https://www.crunchbase.com/organization/fitstar,Seed,"$1,000,000","Dec 20, 2012",Seed,,Yes,6,,"139,855"
Seed Round - Extension Entertainment,https://www.crunchbase.com/funding_round/extension-entertainment-seed--fa476399,Extension Entertainment,https://www.crunchbase.com/organization/extension-entertainment,Seed,"$750,000","Apr 19, 2011",Seed,,Yes,4,2,"147,390"
Venture Round - Blispay,https://www.crunchbase.com/funding_round/blispay-series-unknown--a8a2c04a,Blispay,https://www.crunchbase.com/organization/blispay,Venture - Series Unknown,"$1,249,999","Dec 16, 2014",,,Yes,3,,"147,652"
Series A - Readyforce,https://www.crunchbase.com/funding_round/readyforce-series-a--45143489,Readyforce,https://www.crunchbase.com/organization/readyforce,Series A,"$12,200,000","Mar 29, 2010",Early Stage Venture,,Yes,6,3,"149,992"
Seed Round - Plated,https://www.crunchbase.com/funding_round/plated-seed--65c56860,Plated,https://www.crunchbase.com/organization/plated,Seed,"$1,400,000","May 9, 2013",Seed,,Yes,8,1,"150,041"
Seed Round - Gradient X,https://www.crunchbase.com/funding_round/gradient-x-seed--0d11f498,Gradient X,https://www.crunchbase.com/organization/gradient-x,Seed,"$3,750,000","Jun 20, 2012",Seed,,Yes,11,4,"150,388"
Series A - WHOOP,https://www.crunchbase.com/funding_round/whoop-inc-series-a--c3fd2a20,WHOOP,https://www.crunchbase.com/organization/whoop-inc,Series A,"$6,000,000","Jun 4, 2014",Early Stage Venture,,Yes,8,,"153,937"
