Transaction Name,Transaction Name URL,Organization Name,Organization Name URL,Funding Type,Money Raised,Announced Date,Funding Stage,Pre-Money Valuation,Equity Only Funding,Number of Investors,Number of Partner Investors,CB Rank (Funding Round)
Series E - BetterCloud,https://www.crunchbase.com/funding_round/bettercloud-series-e--5f8588c0,BetterCloud,https://www.crunchbase.com/organization/bettercloud,Series E,"$60,000,000","Apr 5, 2018",Late Stage Venture,,Yes,6,4,752
Seed Round - Feature Labs,https://www.crunchbase.com/funding_round/feature-labs-seed--98912267,Feature Labs,https://www.crunchbase.com/organization/feature-labs,Seed,"$1,500,000","Feb 22, 2018",Seed,,Yes,3,1,"2,837"
Seed Round - Analytical Space,https://www.crunchbase.com/funding_round/analytical-space-inc-seed--0e18c57e,Analytical Space,https://www.crunchbase.com/organization/analytical-space-inc,Seed,"$3,500,000","Sep 25, 2017",Seed,,Yes,9,3,"3,140"
Series B - Splice,https://www.crunchbase.com/funding_round/splice-series-b--da454359,Splice,https://www.crunchbase.com/organization/splice,Series B,"$35,000,000","Dec 14, 2017",Early Stage Venture,,Yes,4,2,"3,937"
Seed Round - Hyr Inc.,https://www.crunchbase.com/funding_round/hyr-2-seed--06ffc3b4,Hyr Inc.,https://www.crunchbase.com/organization/hyr-2,Seed,"$1,300,000","Jan 17, 2018",Seed,,Yes,3,3,"4,122"
Funding Round - NS1,https://www.crunchbase.com/funding_round/ns1-undisclosed--c3f66156,NS1,https://www.crunchbase.com/organization/ns1,Funding Round,"$20,000,000","Sep 7, 2017",,,Yes,7,4,"5,228"
Funding Round - Wethos,https://www.crunchbase.com/funding_round/hatch-13-undisclosed--25cc48e6,Wethos,https://www.crunchbase.com/organization/hatch-13,Funding Round,"$1,000,000","Aug 12, 2017",,,Yes,8,1,"5,468"
Seed Round - Bulletin,https://www.crunchbase.com/funding_round/bulletin-seed--e8e8eae3,Bulletin,https://www.crunchbase.com/organization/bulletin,Seed,"$2,200,000","May 24, 2017",Seed,,Yes,11,2,"8,106"
Series C - Restorando,https://www.crunchbase.com/funding_round/restorando-com-series-c--b48d24e8,Restorando,https://www.crunchbase.com/organization/restorando-com,Series C,"$2,000,002","Jul 10, 2017",Late Stage Venture,,Yes,1,1,"9,617"
Series F - Valore,https://www.crunchbase.com/funding_round/valore-3-series-f--d7775293,Valore,https://www.crunchbase.com/organization/valore-3,Series F,"$5,150,000","Jun 11, 2015",Late Stage Venture,,Yes,2,1,"11,170"
Series D - Nasuni,https://www.crunchbase.com/funding_round/nasuni-series-d--8a23913b,Nasuni,https://www.crunchbase.com/organization/nasuni,Series D,"$5,000,000","Nov 10, 2015",Late Stage Venture,,Yes,1,1,"13,764"
Funding Round - AccountNow,https://www.crunchbase.com/funding_round/accountnow-undisclosed--3dc97c87,AccountNow,https://www.crunchbase.com/organization/accountnow,Funding Round,,"Feb 1, 2015",,,Yes,1,1,"13,746"
Convertible Note - Nasuni,https://www.crunchbase.com/funding_round/nasuni-convertible-note--68eeea1e,Nasuni,https://www.crunchbase.com/organization/nasuni,Convertible Note,"$1,000,000","Mar 10, 2016",,,No,1,1,"13,748"
Seed Round - Valimail,https://www.crunchbase.com/funding_round/valimail-seed--fc384209,Valimail,https://www.crunchbase.com/organization/valimail,Seed,"$1,299,999","Sep 28, 2015",Seed,,Yes,1,1,"13,715"
Series A - Predictive Biosciences,https://www.crunchbase.com/funding_round/predictive-biosciences-series-a--96a5d308,Predictive Biosciences,https://www.crunchbase.com/organization/predictive-biosciences,Series A,"$3,000,000","Jan 4, 2008",Early Stage Venture,,Yes,1,1,"13,931"
Series A - SavingStar,https://www.crunchbase.com/funding_round/savingstar-series-a--875589ac,SavingStar,https://www.crunchbase.com/organization/savingstar,Series A,"$3,360,000","Jun 20, 2017",Early Stage Venture,,Yes,1,1,"13,946"
Venture Round - Datalogue,https://www.crunchbase.com/funding_round/datalogue-series-unknown--7a200fc2,Datalogue,https://www.crunchbase.com/organization/datalogue,Venture - Series Unknown,"$1,300,000","Oct 23, 2017",,,Yes,1,1,"13,948"
Seed Round - Feature Labs,https://www.crunchbase.com/funding_round/feature-labs-seed--70badab0,Feature Labs,https://www.crunchbase.com/organization/feature-labs,Seed,"$1,500,000","Mar 17, 2017",Seed,,Yes,1,1,"13,850"
Seed Round - Narrator,https://www.crunchbase.com/funding_round/ai-narrator-seed--34094b08,Narrator,https://www.crunchbase.com/organization/ai-narrator,Seed,"$300,000","Oct 24, 2017",Seed,,Yes,1,1,"13,830"
Venture Round - dataxu,https://www.crunchbase.com/funding_round/dataxu-series-unknown--637da078,dataxu,https://www.crunchbase.com/organization/dataxu,Venture - Series Unknown,"$3,500,000","Oct 10, 2017",,,Yes,1,1,"13,855"
Series D - Infracommerce,https://www.crunchbase.com/funding_round/infracommerce-series-d--28c981be,Infracommerce,https://www.crunchbase.com/organization/infracommerce,Series D,"$7,000,000","Dec 29, 2017",Late Stage Venture,,Yes,1,,"13,832"
Series B - Infracommerce,https://www.crunchbase.com/funding_round/infracommerce-series-b--58e06fa7,Infracommerce,https://www.crunchbase.com/organization/infracommerce,Series B,,"Oct 1, 2008",Early Stage Venture,,Yes,1,1,"13,799"
Series A - Imperfect Produce,https://www.crunchbase.com/funding_round/imperfect-produce-series-a--e56b8d40,Imperfect Produce,https://www.crunchbase.com/organization/imperfect-produce,Series A,"$12,000,000","May 5, 2017",Early Stage Venture,,Yes,1,1,"13,801"
Funding Round - Predictive Biosciences,https://www.crunchbase.com/funding_round/predictive-biosciences-undisclosed--9606e7a4,Predictive Biosciences,https://www.crunchbase.com/organization/predictive-biosciences,Funding Round,"$7,000,000","Jul 23, 2012",,,Yes,1,1,"13,806"
Funding Round - Predictive Biosciences,https://www.crunchbase.com/funding_round/predictive-biosciences-undisclosed--775e2d09,Predictive Biosciences,https://www.crunchbase.com/organization/predictive-biosciences,Funding Round,"$1,345,000","Jan 15, 2013",,,Yes,1,1,"13,825"
Seed Round - BloXroute Labs,https://www.crunchbase.com/funding_round/bloxroute-labs-seed--76e0cace,BloXroute Labs,https://www.crunchbase.com/organization/bloxroute-labs,Seed,"$1,550,000","Feb 22, 2018",Seed,,Yes,1,1,"13,791"
Seed Round - Tracelytics,https://www.crunchbase.com/funding_round/tracelytics-seed--1ae008be,Tracelytics,https://www.crunchbase.com/organization/tracelytics,Seed,"$600,000","Jan 19, 2011",Seed,,Yes,1,1,"13,903"
Seed Round - Eager Labs,https://www.crunchbase.com/funding_round/eager-labs-seed--3713966d,Eager Labs,https://www.crunchbase.com/organization/eager-labs,Seed,,"Jun 30, 2017",Seed,,Yes,1,1,"13,854"
Seed Round - Crashlytics,https://www.crunchbase.com/funding_round/crashlytics-seed--93ee16ec,Crashlytics,https://www.crunchbase.com/organization/crashlytics,Seed,"$1,000,000","Oct 13, 2011",Seed,,Yes,12,1,"18,092"
Venture Round - Nasuni,https://www.crunchbase.com/funding_round/nasuni-series-unknown--635b7701,Nasuni,https://www.crunchbase.com/organization/nasuni,Venture - Series Unknown,"$38,000,000","Sep 12, 2017",,,Yes,2,2,"20,264"
Funding Round - Empirical Systems,https://www.crunchbase.com/funding_round/empirical-systems-undisclosed--212f27f5,Empirical Systems,https://www.crunchbase.com/organization/empirical-systems,Funding Round,"$2,500,000","Feb 2, 2016",,,Yes,3,2,"20,526"
Series A - Bowery Farming Inc,https://www.crunchbase.com/funding_round/bowery-farming-inc-series-a--b51c35f2,Bowery Farming Inc,https://www.crunchbase.com/organization/bowery-farming-inc,Series A,"$20,000,000","Jun 14, 2017",Early Stage Venture,,Yes,5,4,"21,883"
Series A - NS1,https://www.crunchbase.com/funding_round/ns1-series-a--859f6ef2,NS1,https://www.crunchbase.com/organization/ns1,Series A,"$5,350,000","Apr 7, 2015",Early Stage Venture,,Yes,9,2,"23,823"
Series B - Plastiq,https://www.crunchbase.com/funding_round/plastiq-series-b--f8cee2ec,Plastiq,https://www.crunchbase.com/organization/plastiq,Series B,"$10,000,000","Jul 15, 2014",Early Stage Venture,,Yes,7,3,"25,853"
Seed Round - Wanderset,https://www.crunchbase.com/funding_round/wanderset-seed--9708a2fb,Wanderset,https://www.crunchbase.com/organization/wanderset,Seed,"$300,000","Apr 21, 2017",Seed,,Yes,2,1,"26,375"
Series F - dataxu,https://www.crunchbase.com/funding_round/dataxu-series-f--d5f6231a,dataxu,https://www.crunchbase.com/organization/dataxu,Series F,"$10,000,000","Jan 25, 2016",Late Stage Venture,"$1,000,000,000",Yes,3,1,"27,826"
Seed Round - Datalogue,https://www.crunchbase.com/funding_round/datalogue-seed--68b0b007,Datalogue,https://www.crunchbase.com/organization/datalogue,Seed,"$1,500,000","Feb 2, 2017",Seed,,Yes,3,2,"29,334"
Series A - Valore,https://www.crunchbase.com/funding_round/valore-3-series-a--44112f3d,Valore,https://www.crunchbase.com/organization/valore-3,Series A,"$4,400,000","Apr 14, 2006",Early Stage Venture,,Yes,2,2,"30,074"
Series E - Valore,https://www.crunchbase.com/funding_round/valore-3-series-e--5b4d6edd,Valore,https://www.crunchbase.com/organization/valore-3,Series E,"$26,000,000","Mar 10, 2014",Late Stage Venture,,Yes,3,1,"30,130"
Seed Round - Sentenai,https://www.crunchbase.com/funding_round/sentenai-seed--41cd29f3,Sentenai,https://www.crunchbase.com/organization/sentenai,Seed,"$1,800,000","Jan 21, 2016",Seed,,Yes,5,1,"30,133"
Series C - Valore,https://www.crunchbase.com/funding_round/valore-3-series-c--ff32bd39,Valore,https://www.crunchbase.com/organization/valore-3,Series C,"$6,000,000","Jan 9, 2009",Late Stage Venture,,Yes,3,3,"30,135"
Series B - Valore,https://www.crunchbase.com/funding_round/valore-3-series-b--c231e180,Valore,https://www.crunchbase.com/organization/valore-3,Series B,"$7,500,000","Dec 18, 2006",Early Stage Venture,,Yes,4,3,"30,140"
Series C - Restorando,https://www.crunchbase.com/funding_round/restorando-com-series-c--d1d8d803,Restorando,https://www.crunchbase.com/organization/restorando-com,Series C,"$7,500,003","Jul 15, 2015",Late Stage Venture,,Yes,2,2,"30,058"
Series D - Valore,https://www.crunchbase.com/funding_round/valore-3-series-d--d4c3a250,Valore,https://www.crunchbase.com/organization/valore-3,Series D,"$4,000,000","May 16, 2013",Late Stage Venture,,Yes,3,1,"30,094"
Series B - Predictive Biosciences,https://www.crunchbase.com/funding_round/predictive-biosciences-series-b--47aa7dc0,Predictive Biosciences,https://www.crunchbase.com/organization/predictive-biosciences,Series B,"$21,750,000","Oct 16, 2008",Early Stage Venture,,Yes,3,2,"30,157"
Series C - CHiL Semiconductor,https://www.crunchbase.com/funding_round/chil-semiconductor-series-c--c63f761c,CHiL Semiconductor,https://www.crunchbase.com/organization/chil-semiconductor,Series C,"$16,700,000","May 7, 2008",Late Stage Venture,,Yes,4,1,"30,161"
Series A - Apiary,https://www.crunchbase.com/funding_round/apiary-series-a--b25f60e1,Apiary,https://www.crunchbase.com/organization/apiary,Series A,"$6,800,000","Aug 18, 2015",Early Stage Venture,,Yes,4,3,"32,881"
Series A - Splice,https://www.crunchbase.com/funding_round/splice-series-a--1105882d,Splice,https://www.crunchbase.com/organization/splice,Series A,"$4,999,998","Oct 28, 2016",Early Stage Venture,,Yes,1,1,"33,857"
Convertible Note - Enigma,https://www.crunchbase.com/funding_round/enigma-2-convertible-note--c366f9fe,Enigma,https://www.crunchbase.com/organization/enigma-2,Convertible Note,"$800,000","Sep 2, 2016",,,No,2,1,"36,720"
Convertible Note - Next U,https://www.crunchbase.com/funding_round/next-u-convertible-note--d7f6c8cf,Next U,https://www.crunchbase.com/organization/next-u,Convertible Note,"$3,000,000","Mar 3, 2014",,,No,2,1,"39,256"
Seed Round - Lorem Technologies,https://www.crunchbase.com/funding_round/lorem-technologies-seed--62ecf790,Lorem Technologies,https://www.crunchbase.com/organization/lorem-technologies,Seed,"$1,100,000","Jun 2, 2017",Seed,,Yes,4,1,"40,124"
Series B - NS1,https://www.crunchbase.com/funding_round/ns1-series-b--bdaf58b4,NS1,https://www.crunchbase.com/organization/ns1,Series B,"$20,000,000","Sep 27, 2016",Early Stage Venture,,Yes,6,2,"40,595"
Series A - Tracelytics,https://www.crunchbase.com/funding_round/tracelytics-series-a--657c0302,Tracelytics,https://www.crunchbase.com/organization/tracelytics,Series A,"$5,200,000","Mar 22, 2012",Early Stage Venture,,Yes,5,2,"40,956"
Convertible Note - Imperfect Produce,https://www.crunchbase.com/funding_round/imperfect-produce-convertible-note--c5db0f60,Imperfect Produce,https://www.crunchbase.com/organization/imperfect-produce,Convertible Note,"$2,000,000","Nov 23, 2016",,,No,7,2,"41,825"
Series B - Predilytics,https://www.crunchbase.com/funding_round/predilytics-series-b--6f404d38,Predilytics,https://www.crunchbase.com/organization/predilytics,Series B,"$4,500,009","Sep 26, 2013",Early Stage Venture,,Yes,2,2,"43,394"
Series C - Predilytics,https://www.crunchbase.com/funding_round/predilytics-series-c--94d77727,Predilytics,https://www.crunchbase.com/organization/predilytics,Series C,"$10,000,000","Dec 9, 2014",Late Stage Venture,,Yes,4,2,"43,452"
Funding Round - Valore,https://www.crunchbase.com/funding_round/valore-3-undisclosed--6cfa1958,Valore,https://www.crunchbase.com/organization/valore-3,Funding Round,"$1,100,000","Jun 2, 2016",,,Yes,1,1,"45,083"
Convertible Note - ClickSquared,https://www.crunchbase.com/funding_round/clicksquared-convertible-note--e2be5084,ClickSquared,https://www.crunchbase.com/organization/clicksquared,Convertible Note,"$1,000,000","May 12, 2008",,,No,1,1,"45,085"
Funding Round - VidSys,https://www.crunchbase.com/funding_round/vidsys-undisclosed--2a51c34a,VidSys,https://www.crunchbase.com/organization/vidsys,Funding Round,"$2,000,000","Apr 20, 2012",,,Yes,1,1,"45,107"
Series C - BlueTarp Financial,https://www.crunchbase.com/funding_round/bluetarp-financial-series-c--a3a549e2,BlueTarp Financial,https://www.crunchbase.com/organization/bluetarp-financial,Series C,"$308,718","Aug 27, 2010",Late Stage Venture,,Yes,1,1,"45,127"
Series C - Infracommerce,https://www.crunchbase.com/funding_round/infracommerce-series-c--2da7bb12,Infracommerce,https://www.crunchbase.com/organization/infracommerce,Series C,"$3,165,000","Feb 5, 2016",Late Stage Venture,,Yes,1,1,"45,132"
Funding Round - SavingStar,https://www.crunchbase.com/funding_round/savingstar-undisclosed--77360f0f,SavingStar,https://www.crunchbase.com/organization/savingstar,Funding Round,"$2,870,925","Apr 15, 2015",,,Yes,1,1,"45,152"
Funding Round - TARIS Biomedical,https://www.crunchbase.com/funding_round/taris-biomedical-undisclosed--82ce0b5a,TARIS Biomedical,https://www.crunchbase.com/organization/taris-biomedical,Funding Round,"$1,166,667","Jul 12, 2010",,,Yes,1,1,"45,153"
Series D - Placemark Investments,https://www.crunchbase.com/funding_round/placemark-series-d--ecd82136,Placemark Investments,https://www.crunchbase.com/organization/placemark,Series D,"$3,500,000","Jan 11, 2008",Late Stage Venture,,Yes,1,1,"45,162"
Series D - InnerWireless,https://www.crunchbase.com/funding_round/innerwireless-series-d--08a0393e,InnerWireless,https://www.crunchbase.com/organization/innerwireless,Series D,"$5,000,000","May 20, 2008",Late Stage Venture,,Yes,1,1,"45,092"
Funding Round - PolyRemedy,https://www.crunchbase.com/funding_round/polyremedy-undisclosed--8a97a3ff,PolyRemedy,https://www.crunchbase.com/organization/polyremedy,Funding Round,"$880,000","Apr 29, 2016",,,Yes,1,1,"45,093"
Series A - Brontes Technologies,https://www.crunchbase.com/funding_round/brontes-technologies-series-a--b415241a,Brontes Technologies,https://www.crunchbase.com/organization/brontes-technologies,Series A,"$7,000,000","May 5, 2004",Early Stage Venture,,Yes,1,1,"45,276"
Funding Round - Immedia,https://www.crunchbase.com/funding_round/immedia-undisclosed--e7d72794,Immedia,https://www.crunchbase.com/organization/immedia,Funding Round,"$1,000,000","Jun 15, 2012",,,Yes,1,1,"45,277"
Funding Round - VidSys,https://www.crunchbase.com/funding_round/vidsys-undisclosed--881be660,VidSys,https://www.crunchbase.com/organization/vidsys,Funding Round,"$2,269,766","Nov 9, 2012",,,Yes,1,1,"45,105"
Series A - Apiary,https://www.crunchbase.com/funding_round/apiary-series-a--32aeaaf6,Apiary,https://www.crunchbase.com/organization/apiary,Series A,"$6,000,000","Jan 22, 2015",Early Stage Venture,,Yes,1,1,"45,110"
Convertible Note - Transpera,https://www.crunchbase.com/funding_round/transpera-convertible-note--8e5a9d7c,Transpera,https://www.crunchbase.com/organization/transpera,Convertible Note,"$1,000,000","Mar 11, 2008",,,No,1,1,"45,282"
Series B - Sample6,https://www.crunchbase.com/funding_round/novophage-series-b--0c738695,Sample6,https://www.crunchbase.com/organization/novophage,Series B,"$6,500,000","Apr 28, 2014",Early Stage Venture,,Yes,1,1,"45,175"
Funding Round - Immedia,https://www.crunchbase.com/funding_round/immedia-undisclosed--e5305e9d,Immedia,https://www.crunchbase.com/organization/immedia,Funding Round,"$2,100,000","Jun 13, 2013",,,Yes,1,1,"45,208"
Series A - Sciformix,https://www.crunchbase.com/funding_round/sciformix-series-a--03bbb5c2,Sciformix,https://www.crunchbase.com/organization/sciformix,Series A,"$3,100,000","Nov 29, 2007",Early Stage Venture,,Yes,1,1,"45,178"
Funding Round - BlueTarp Financial,https://www.crunchbase.com/funding_round/bluetarp-financial-undisclosed--e2d1610d,BlueTarp Financial,https://www.crunchbase.com/organization/bluetarp-financial,Funding Round,"$5,000,000","Nov 8, 2012",,,Yes,1,1,"45,179"
Funding Round - ClickSquared,https://www.crunchbase.com/funding_round/clicksquared-undisclosed--d82db30b,ClickSquared,https://www.crunchbase.com/organization/clicksquared,Funding Round,"$2,000,000","Aug 19, 2011",,,Yes,1,1,"45,180"
Series B - ZestFinance,https://www.crunchbase.com/funding_round/zestfinance-series-b--b7cc788b,ZestFinance,https://www.crunchbase.com/organization/zestfinance,Series B,"$5,000,000","Dec 7, 2012",Early Stage Venture,,Yes,1,1,"45,117"
Funding Round - VidSys,https://www.crunchbase.com/funding_round/vidsys-undisclosed--00ca0069,VidSys,https://www.crunchbase.com/organization/vidsys,Funding Round,"$4,000,000","May 6, 2009",,,Yes,1,1,"45,284"
Series C - BlueTarp Financial,https://www.crunchbase.com/funding_round/bluetarp-financial-series-c--dd1f6d73,BlueTarp Financial,https://www.crunchbase.com/organization/bluetarp-financial,Series C,"$6,000,000","Feb 11, 2009",Late Stage Venture,,Yes,1,1,"45,183"
Seed Round - Raden,https://www.crunchbase.com/funding_round/raden-inc-seed--f3689aab,Raden,https://www.crunchbase.com/organization/raden-inc,Seed,"$2,096,691","Aug 21, 2015",Seed,,Yes,1,1,"45,184"
Funding Round - CHiL Semiconductor,https://www.crunchbase.com/funding_round/chil-semiconductor-undisclosed--a3a26598,CHiL Semiconductor,https://www.crunchbase.com/organization/chil-semiconductor,Funding Round,"$10,000,000","Nov 5, 2009",,,Yes,1,1,"45,186"
Series A - Tremor Video,https://www.crunchbase.com/funding_round/tremor-video-series-a--70d453e1,Tremor Video,https://www.crunchbase.com/organization/tremor-video,Series A,"$3,807,735","Apr 5, 2011",Early Stage Venture,,Yes,1,1,"45,187"
Series A - Parachute Home,https://www.crunchbase.com/funding_round/parachute-series-a--4d502539,Parachute Home,https://www.crunchbase.com/organization/parachute,Series A,"$4,834,997","May 16, 2016",Early Stage Venture,,Yes,1,1,"45,118"
Convertible Note - Cartera Commerce,https://www.crunchbase.com/funding_round/cartera-commerce-convertible-note--8b86c550,Cartera Commerce,https://www.crunchbase.com/organization/cartera-commerce,Convertible Note,"$950,000","May 22, 2008",,,No,1,1,"45,188"
Funding Round - CHiL Semiconductor,https://www.crunchbase.com/funding_round/chil-semiconductor-undisclosed--ae33da57,CHiL Semiconductor,https://www.crunchbase.com/organization/chil-semiconductor,Funding Round,"$381,651","Nov 12, 2010",,,Yes,1,1,"45,190"
Series B - Sand 9,https://www.crunchbase.com/funding_round/sand-2-series-b--66ff2501,Sand 9,https://www.crunchbase.com/organization/sand-2,Series B,"$2,986,000","Jan 30, 2012",Early Stage Venture,,Yes,1,1,"45,129"
Series A - i4cp,https://www.crunchbase.com/funding_round/i4cp-series-a--38711bc4,i4cp,https://www.crunchbase.com/organization/i4cp,Series A,"$500,000","Mar 1, 2013",Early Stage Venture,,Yes,1,1,"45,288"
Seed Round - Predilytics,https://www.crunchbase.com/funding_round/predilytics-seed--0437d35e,Predilytics,https://www.crunchbase.com/organization/predilytics,Seed,"$1,238,000","Nov 23, 2011",Seed,,Yes,1,1,"45,196"
Venture Round - ClickSquared,https://www.crunchbase.com/funding_round/clicksquared-series-unknown--22adab3f,ClickSquared,https://www.crunchbase.com/organization/clicksquared,Venture - Series Unknown,"$742,000","Jan 16, 2014",,,Yes,1,1,"45,289"
Series A - Goby,https://www.crunchbase.com/funding_round/goby-series-a--c689d06b,Goby,https://www.crunchbase.com/organization/goby,Series A,"$4,700,000","Jul 2, 2008",Early Stage Venture,,Yes,1,1,"45,291"
Funding Round - TARIS Biomedical,https://www.crunchbase.com/funding_round/taris-biomedical-undisclosed--10a5a8d8,TARIS Biomedical,https://www.crunchbase.com/organization/taris-biomedical,Funding Round,"$1,166,667","Nov 1, 2010",,,Yes,1,1,"45,198"
Series C - dataxu,https://www.crunchbase.com/funding_round/dataxu-series-c--a38ff977,dataxu,https://www.crunchbase.com/organization/dataxu,Series C,"$20,000,000","Feb 4, 2011",Late Stage Venture,,Yes,1,1,"45,199"
Series C - Blackwave,https://www.crunchbase.com/funding_round/acinion-series-c--69f29ffb,Blackwave,https://www.crunchbase.com/organization/acinion,Series C,"$1,267,245","Mar 1, 2010",Late Stage Venture,,Yes,1,1,"45,200"
Series A - Magen BioSciences,https://www.crunchbase.com/funding_round/magen-biosciences-series-a--d543c40e,Magen BioSciences,https://www.crunchbase.com/organization/magen-biosciences,Series A,"$7,000,000","Jan 16, 2008",Early Stage Venture,,Yes,1,1,"45,202"
Series A - Springleaf Therapeutics,https://www.crunchbase.com/funding_round/springleaf-therapeutics-series-a--e5dbcb8a,Springleaf Therapeutics,https://www.crunchbase.com/organization/springleaf-therapeutics,Series A,"$7,500,000","Aug 26, 2008",Early Stage Venture,,Yes,1,1,"45,203"
Series A - Immedia,https://www.crunchbase.com/funding_round/immedia-series-a--0d71dc11,Immedia,https://www.crunchbase.com/organization/immedia,Series A,"$250,000","Feb 2, 2010",Early Stage Venture,,Yes,1,1,"45,293"
Series A - Immedia,https://www.crunchbase.com/funding_round/immedia-series-a--d0933c77,Immedia,https://www.crunchbase.com/organization/immedia,Series A,"$8,000,000","Oct 26, 2009",Early Stage Venture,,Yes,1,1,"45,207"
Convertible Note - GamerDNA,https://www.crunchbase.com/funding_round/gamerdna-convertible-note--cc2a771f,GamerDNA,https://www.crunchbase.com/organization/gamerdna,Convertible Note,"$2,000,000","Feb 13, 2009",,,No,1,1,"45,295"
Series A - Bowstreet,https://www.crunchbase.com/funding_round/bowstreet-series-a--079ec425,Bowstreet,https://www.crunchbase.com/organization/bowstreet,Series A,"$7,000,000","Oct 15, 2004",Early Stage Venture,,Yes,1,1,"45,144"
Funding Round - VidSys,https://www.crunchbase.com/funding_round/vidsys-undisclosed--62473dce,VidSys,https://www.crunchbase.com/organization/vidsys,Funding Round,"$1,730,233","Aug 28, 2012",,,Yes,1,1,"45,296"
Funding Round - PolyRemedy,https://www.crunchbase.com/funding_round/polyremedy-undisclosed--2da1ad77,PolyRemedy,https://www.crunchbase.com/organization/polyremedy,Funding Round,"$2,500,000","Oct 1, 2015",,,Yes,1,1,"45,157"
Convertible Note - VidSys,https://www.crunchbase.com/funding_round/vidsys-convertible-note--d9ad24b6,VidSys,https://www.crunchbase.com/organization/vidsys,Convertible Note,"$264,368","Jun 30, 2015",,,No,1,1,"45,167"
Convertible Note - Infracommerce,https://www.crunchbase.com/funding_round/infracommerce-convertible-note--39e8b68c,Infracommerce,https://www.crunchbase.com/organization/infracommerce,Convertible Note,"$741,000","Mar 26, 2014",,,No,1,1,"45,238"
Series B - Sand 9,https://www.crunchbase.com/funding_round/sand-2-series-b--a6f72055,Sand 9,https://www.crunchbase.com/organization/sand-2,Series B,"$2,995,000","Oct 25, 2011",Early Stage Venture,,Yes,1,1,"45,246"
Funding Round - VidSys,https://www.crunchbase.com/funding_round/vidsys-undisclosed--a2991c89,VidSys,https://www.crunchbase.com/organization/vidsys,Funding Round,"$739,740","May 6, 2013",,,Yes,1,1,"45,248"
Series A - i4cp,https://www.crunchbase.com/funding_round/i4cp-series-a--cdbb8794,i4cp,https://www.crunchbase.com/organization/i4cp,Series A,"$1,500,000","May 29, 2013",Early Stage Venture,,Yes,1,1,"45,250"
Series D - VidSys,https://www.crunchbase.com/funding_round/vidsys-series-d--94cc527c,VidSys,https://www.crunchbase.com/organization/vidsys,Series D,"$5,000,000","Jun 30, 2011",Late Stage Venture,,Yes,1,1,"45,251"
Funding Round - Immedia,https://www.crunchbase.com/funding_round/immedia-undisclosed--392585ad,Immedia,https://www.crunchbase.com/organization/immedia,Funding Round,"$3,750,000","Sep 27, 2012",,,Yes,1,1,"45,252"
Venture Round - Immedia,https://www.crunchbase.com/funding_round/immedia-series-unknown--79126599,Immedia,https://www.crunchbase.com/organization/immedia,Venture - Series Unknown,"$1,000,000","Apr 13, 2012",,,Yes,1,1,"45,300"
Funding Round - Virtual Computer,https://www.crunchbase.com/funding_round/virtual-computer-undisclosed--cd80c632,Virtual Computer,https://www.crunchbase.com/organization/virtual-computer,Funding Round,"$3,000,000","Aug 22, 2011",,,Yes,1,1,"45,301"
Convertible Note - Digital Lumens,https://www.crunchbase.com/funding_round/digital-lumens-convertible-note--9fb56a50,Digital Lumens,https://www.crunchbase.com/organization/digital-lumens,Convertible Note,"$500,000","Mar 4, 2008",,,No,1,1,"45,302"
Convertible Note - 33Across,https://www.crunchbase.com/funding_round/33across-convertible-note--f72d7a96,33Across,https://www.crunchbase.com/organization/33across,Convertible Note,"$1,543,270","Feb 29, 2016",,,No,1,1,"45,255"
Series E - Placemark Investments,https://www.crunchbase.com/funding_round/placemark-series-e--cd0c0781,Placemark Investments,https://www.crunchbase.com/organization/placemark,Series E,"$2,000,000","Dec 22, 2008",Late Stage Venture,,Yes,1,1,"45,261"
Series A - i4cp,https://www.crunchbase.com/funding_round/i4cp-series-a--5b16070d,i4cp,https://www.crunchbase.com/organization/i4cp,Series A,"$1,500,000","Aug 7, 2009",Early Stage Venture,,Yes,1,1,"45,266"
Convertible Note - ZestFinance,https://www.crunchbase.com/funding_round/zestfinance-convertible-note--b162da65,ZestFinance,https://www.crunchbase.com/organization/zestfinance,Convertible Note,"$250,000","Jul 20, 2010",,,No,1,1,"45,268"
Funding Round - TARIS Biomedical,https://www.crunchbase.com/funding_round/taris-biomedical-undisclosed--1f6e5c8d,TARIS Biomedical,https://www.crunchbase.com/organization/taris-biomedical,Funding Round,"$3,050,000","Nov 13, 2012",,,Yes,1,1,"45,271"
Convertible Note - MadeiraMadeira,https://www.crunchbase.com/funding_round/madeiramadeira-convertible-note--291bc757,MadeiraMadeira,https://www.crunchbase.com/organization/madeiramadeira,Convertible Note,"$774,353","Dec 17, 2015",,,No,1,1,"45,273"
Convertible Note - Digital Lumens,https://www.crunchbase.com/funding_round/digital-lumens-convertible-note--c7c22ee0,Digital Lumens,https://www.crunchbase.com/organization/digital-lumens,Convertible Note,"$250,000","Feb 22, 2009",,,No,1,2,"45,274"
Convertible Note - MadeiraMadeira,https://www.crunchbase.com/funding_round/madeiramadeira-convertible-note--b5eb2fd0,MadeiraMadeira,https://www.crunchbase.com/organization/madeiramadeira,Convertible Note,"$500,000","May 20, 2015",,,No,1,1,"45,212"
Series B - mValent,https://www.crunchbase.com/funding_round/mvalent-series-b--007f5122,mValent,https://www.crunchbase.com/organization/mvalent,Series B,"$2,208,000","Jul 2, 2007",Early Stage Venture,,Yes,1,1,"45,214"
Series A - VidSys,https://www.crunchbase.com/funding_round/vidsys-series-a--e0d06632,VidSys,https://www.crunchbase.com/organization/vidsys,Series A,"$7,694,005","Jan 15, 2016",Early Stage Venture,,Yes,1,1,"45,215"
Convertible Note - Sand 9,https://www.crunchbase.com/funding_round/sand-2-convertible-note--cbfb4e2f,Sand 9,https://www.crunchbase.com/organization/sand-2,Convertible Note,"$5,000,000","Jul 30, 2014",,,No,1,1,"45,217"
Seed Round - Bowery Farming Inc,https://www.crunchbase.com/funding_round/bowery-farming-inc-seed--49cdafef,Bowery Farming Inc,https://www.crunchbase.com/organization/bowery-farming-inc,Seed,"$3,500,003","Oct 1, 2015",Seed,,Yes,1,1,"45,219"
Convertible Note - tracx,https://www.crunchbase.com/funding_round/tracx-convertible-note--8ea6c072,tracx,https://www.crunchbase.com/organization/tracx,Convertible Note,"$2,703,000","Jul 9, 2014",,,No,1,1,"45,229"
Series D - Infobright,https://www.crunchbase.com/funding_round/infobright-series-d--74ed663a,Infobright,https://www.crunchbase.com/organization/infobright,Series D,"$1,500,000","Jul 30, 2010",Late Stage Venture,,Yes,1,1,"45,230"
Funding Round - VidSys,https://www.crunchbase.com/funding_round/vidsys-undisclosed--6415f9b4,VidSys,https://www.crunchbase.com/organization/vidsys,Funding Round,"$66,092","Oct 29, 2015",,,Yes,1,1,"45,232"
Funding Round - Philo,https://www.crunchbase.com/funding_round/philo-undisclosed--41207f85,Philo,https://www.crunchbase.com/organization/philo,Funding Round,"$1,000,000","Sep 20, 2011",,,Yes,1,1,"45,236"
Convertible Note - i4cp,https://www.crunchbase.com/funding_round/i4cp-convertible-note--57513bee,i4cp,https://www.crunchbase.com/organization/i4cp,Convertible Note,"$500,000","Oct 22, 2013",,,No,1,1,"45,239"
Funding Round - Blackwave,https://www.crunchbase.com/funding_round/acinion-undisclosed--1ed15ca5,Blackwave,https://www.crunchbase.com/organization/acinion,Funding Round,"$333,333","Jul 8, 2010",,,Yes,1,1,"45,243"
Funding Round - PolyRemedy,https://www.crunchbase.com/funding_round/polyremedy-undisclosed--1b64bacf,PolyRemedy,https://www.crunchbase.com/organization/polyremedy,Funding Round,"$500,500","Jul 22, 2010",,,Yes,1,1,"45,245"
Convertible Note - Omni,https://www.crunchbase.com/funding_round/omni-convertible-note--18d89007,Omni,https://www.crunchbase.com/organization/omni,Convertible Note,"$250,000","Mar 10, 2015",,,No,1,,"45,116"
Seed Round - Cartera Commerce,https://www.crunchbase.com/funding_round/cartera-commerce-seed--604ca061,Cartera Commerce,https://www.crunchbase.com/organization/cartera-commerce,Seed,"$2,500,000","Sep 20, 2007",Seed,,Yes,1,1,"45,119"
Convertible Note - Infracommerce,https://www.crunchbase.com/funding_round/infracommerce-convertible-note--cd310a9e,Infracommerce,https://www.crunchbase.com/organization/infracommerce,Convertible Note,"$2,000,000","Sep 4, 2015",,,No,1,1,"45,120"
Series A - Virtual Computer,https://www.crunchbase.com/funding_round/virtual-computer-series-a--e540023a,Virtual Computer,https://www.crunchbase.com/organization/virtual-computer,Series A,"$6,000,000","Dec 11, 2007",Early Stage Venture,,Yes,1,1,"45,146"
Convertible Note - Codecademy,https://www.crunchbase.com/funding_round/codecademy-convertible-note--dc2b5376,Codecademy,https://www.crunchbase.com/organization/codecademy,Convertible Note,"$5,000,000","Apr 25, 2014",,,No,1,1,"45,150"
Seed Round - Dragon Innovation,https://www.crunchbase.com/funding_round/dragon-innovation-seed--ec6e96f7,Dragon Innovation,https://www.crunchbase.com/organization/dragon-innovation,Seed,"$4,215,600","Sep 9, 2014",Seed,,Yes,1,1,"45,161"
Convertible Note - i4cp,https://www.crunchbase.com/funding_round/i4cp-convertible-note--b05b6ced,i4cp,https://www.crunchbase.com/organization/i4cp,Convertible Note,"$300,000","May 28, 2014",,,No,1,1,"45,166"
Convertible Note - MadeiraMadeira,https://www.crunchbase.com/funding_round/madeiramadeira-convertible-note--f7c662c2,MadeiraMadeira,https://www.crunchbase.com/organization/madeiramadeira,Convertible Note,"$1,561,914","Sep 23, 2016",,,No,1,1,"45,169"
Convertible Note - T2 Biosystems,https://www.crunchbase.com/funding_round/t2-biosystems-convertible-note--0b7b0971,T2 Biosystems,https://www.crunchbase.com/organization/t2-biosystems,Convertible Note,"$500,000","May 28, 2008",,,No,1,1,"45,172"
Series A - i4cp,https://www.crunchbase.com/funding_round/i4cp-series-a--dffea407,i4cp,https://www.crunchbase.com/organization/i4cp,Series A,"$499,999","Jul 29, 2010",Early Stage Venture,,Yes,1,1,"45,174"
Series A - Omni,https://www.crunchbase.com/funding_round/omni-series-a--22ff9603,Omni,https://www.crunchbase.com/organization/omni,Series A,"$7,000,000","May 7, 2016",Early Stage Venture,,Yes,12,1,"45,321"
Seed Round - Precognitive Inc,https://www.crunchbase.com/funding_round/precognitive-inc-seed--36c8cb61,Precognitive Inc,https://www.crunchbase.com/organization/precognitive-inc,Seed,"$1,250,000","May 19, 2017",Seed,,Yes,4,2,"46,556"
Series C - Nasuni,https://www.crunchbase.com/funding_round/nasuni-series-c--21dbc186,Nasuni,https://www.crunchbase.com/organization/nasuni,Series C,"$20,000,000","Oct 30, 2012",Late Stage Venture,,Yes,4,5,"46,943"
Series D - Nasuni,https://www.crunchbase.com/funding_round/nasuni-series-d--5dda8619,Nasuni,https://www.crunchbase.com/organization/nasuni,Series D,"$10,000,000","Aug 11, 2014",Late Stage Venture,,Yes,4,5,"46,925"
Series E - Nasuni,https://www.crunchbase.com/funding_round/nasuni-series-e--1bc1768b,Nasuni,https://www.crunchbase.com/organization/nasuni,Series E,"$17,500,000","Dec 13, 2016",Late Stage Venture,,Yes,5,5,"46,913"
Grant - Redox,https://www.crunchbase.com/funding_round/100health-grant--ec748c2b,Redox,https://www.crunchbase.com/organization/100health,Grant,"$1,000,000","Apr 6, 2017",,,No,6,3,"47,746"
Series A - Remote Year,https://www.crunchbase.com/funding_round/remote-year-series-a--94d5a460,Remote Year,https://www.crunchbase.com/organization/remote-year,Series A,"$12,000,000","Oct 11, 2016",Early Stage Venture,,Yes,7,3,"49,000"
Venture Round - Plastiq,https://www.crunchbase.com/funding_round/plastiq-series-unknown--adc2cc9f,Plastiq,https://www.crunchbase.com/organization/plastiq,Venture - Series Unknown,"$2,349,996","May 11, 2012",,,Yes,2,1,"50,076"
Series B - Open English,https://www.crunchbase.com/funding_round/open-english-series-b--f7c6c292,Open English,https://www.crunchbase.com/organization/open-english,Series B,"$2,000,000","Nov 7, 2011",Early Stage Venture,,Yes,2,2,"49,973"
Series C - SupplyScape,https://www.crunchbase.com/funding_round/supplyscape-series-c--da3f04b3,SupplyScape,https://www.crunchbase.com/organization/supplyscape,Series C,"$10,000,000","Sep 6, 2007",Late Stage Venture,,Yes,6,1,"49,974"
Series A - FirstBest,https://www.crunchbase.com/funding_round/firstbest-series-a--440ae73d,FirstBest,https://www.crunchbase.com/organization/firstbest,Series A,"$7,000,000","Nov 26, 2007",Early Stage Venture,,Yes,4,1,"49,976"
Series C - AppNeta,https://www.crunchbase.com/funding_round/appneta-series-c--67a9be40,AppNeta,https://www.crunchbase.com/organization/appneta,Series C,"$16,000,000","Mar 1, 2013",Late Stage Venture,,Yes,6,4,"50,043"
Series A - Jibo,https://www.crunchbase.com/funding_round/jibo-series-a--1d166b28,Jibo,https://www.crunchbase.com/organization/jibo,Series A,"$11,000,000","Aug 6, 2015",Early Stage Venture,,Yes,6,1,"49,983"
Series C - Transpera,https://www.crunchbase.com/funding_round/transpera-series-c--b6248231,Transpera,https://www.crunchbase.com/organization/transpera,Series C,"$2,290,002","Jan 14, 2010",Late Stage Venture,,Yes,1,1,"49,984"
Series A - Digital Lumens,https://www.crunchbase.com/funding_round/digital-lumens-series-a--57321a10,Digital Lumens,https://www.crunchbase.com/organization/digital-lumens,Series A,"$5,200,000","May 8, 2009",Early Stage Venture,,Yes,1,2,"50,044"
Series B - Pitzi,https://www.crunchbase.com/funding_round/pitzi-series-b--2b4bc2a6,Pitzi,https://www.crunchbase.com/organization/pitzi,Series B,"$2,708,825","Oct 15, 2013",Early Stage Venture,,Yes,2,1,"50,009"
Series A - Jingle Networks,https://www.crunchbase.com/funding_round/jingle-networks-series-a--b525b814,Jingle Networks,https://www.crunchbase.com/organization/jingle-networks,Series A,"$6,751,133","Dec 28, 2009",Early Stage Venture,,Yes,1,1,"50,081"
Funding Round - InnerWireless,https://www.crunchbase.com/funding_round/innerwireless-undisclosed--bd5f9750,InnerWireless,https://www.crunchbase.com/organization/innerwireless,Funding Round,"$2,000,000","Jun 17, 2009",,,Yes,1,1,"50,082"
Series A - Mobivox,https://www.crunchbase.com/funding_round/mobivox-series-a--4a81786e,Mobivox,https://www.crunchbase.com/organization/mobivox,Series A,"$11,000,000","Oct 1, 2007",Early Stage Venture,,Yes,5,1,"50,054"
Series B - PolyRemedy,https://www.crunchbase.com/funding_round/polyremedy-series-b--dce334dd,PolyRemedy,https://www.crunchbase.com/organization/polyremedy,Series B,"$25,000,000","Feb 11, 2008",Early Stage Venture,,Yes,5,1,"49,982"
Series B - Springleaf Therapeutics,https://www.crunchbase.com/funding_round/springleaf-therapeutics-series-b--ecaff785,Springleaf Therapeutics,https://www.crunchbase.com/organization/springleaf-therapeutics,Series B,"$19,047,501","Jul 8, 2011",Early Stage Venture,,Yes,3,1,"50,061"
Series A - TARIS Biomedical,https://www.crunchbase.com/funding_round/taris-biomedical-series-a--571aefc4,TARIS Biomedical,https://www.crunchbase.com/organization/taris-biomedical,Series A,"$5,000,001","Dec 4, 2009",Early Stage Venture,,Yes,1,1,"50,063"
Series B - Calxeda,https://www.crunchbase.com/funding_round/calxeda-series-b--f6f4d8d7,Calxeda,https://www.crunchbase.com/organization/calxeda,Series B,"$8,000,000","Jul 29, 2011",Early Stage Venture,,Yes,1,1,"50,065"
Series B - Placemark Investments,https://www.crunchbase.com/funding_round/placemark-series-b--fed67b15,Placemark Investments,https://www.crunchbase.com/organization/placemark,Series B,"$8,000,000","Jul 23, 2009",Early Stage Venture,,Yes,2,1,"50,068"
Series D - tracx,https://www.crunchbase.com/funding_round/tracx-series-d--28ee776a,tracx,https://www.crunchbase.com/organization/tracx,Series D,"$12,500,000","Jan 4, 2017",Late Stage Venture,,Yes,4,2,"49,959"
Debt Financing - PatientKeeper,https://www.crunchbase.com/funding_round/patientkeeper-debt-financing--ed4deb1c,PatientKeeper,https://www.crunchbase.com/organization/patientkeeper,Debt Financing,"$4,618,000","Sep 26, 2011",,,No,1,1,"50,016"
Venture Round - MicroCHIPS,https://www.crunchbase.com/funding_round/microchips-series-unknown--3ad38442,MicroCHIPS,https://www.crunchbase.com/organization/microchips,Venture - Series Unknown,"$9,212,500","Mar 19, 2009",,,Yes,1,1,"50,018"
Series C - tracx,https://www.crunchbase.com/funding_round/tracx-series-c--b095eb1c,tracx,https://www.crunchbase.com/organization/tracx,Series C,"$18,000,000","Feb 2, 2015",Late Stage Venture,,Yes,3,2,"49,965"
Series B - PolyRemedy,https://www.crunchbase.com/funding_round/polyremedy-series-b--976cf65f,PolyRemedy,https://www.crunchbase.com/organization/polyremedy,Series B,"$8,000,000","Jul 1, 2009",Early Stage Venture,,Yes,1,1,"50,022"
Series C - Pitzi,https://www.crunchbase.com/funding_round/pitzi-series-c--3bee61f1,Pitzi,https://www.crunchbase.com/organization/pitzi,Series C,"$15,749,996","Apr 14, 2015",Late Stage Venture,,Yes,2,1,"50,026"
Series A - Sample6,https://www.crunchbase.com/funding_round/novophage-series-a--3c2f47d3,Sample6,https://www.crunchbase.com/organization/novophage,Series A,"$5,750,000","May 31, 2011",Early Stage Venture,,Yes,3,1,"50,692"
Series B - Redox,https://www.crunchbase.com/funding_round/100health-series-b--2e6239a7,Redox,https://www.crunchbase.com/organization/100health,Series B,"$10,000,000","Jan 24, 2017",Early Stage Venture,,Yes,6,3,"50,856"
Series A - Redox,https://www.crunchbase.com/funding_round/100health-series-a--502f558b,Redox,https://www.crunchbase.com/organization/100health,Series A,"$3,530,000","Oct 20, 2015",Early Stage Venture,,Yes,4,1,"50,827"
Seed Round - Valimail,https://www.crunchbase.com/funding_round/valimail-seed--143fa89d,Valimail,https://www.crunchbase.com/organization/valimail,Seed,"$1,500,000","May 5, 2016",Seed,,Yes,3,2,"53,022"
Series A - BetterCloud,https://www.crunchbase.com/funding_round/bettercloud-series-a--5c536081,BetterCloud,https://www.crunchbase.com/organization/bettercloud,Series A,"$5,050,000","Jan 12, 2013",Early Stage Venture,,Yes,5,4,"165,505"
Series B - Calxeda,https://www.crunchbase.com/funding_round/calxeda-series-b--dc0c9cec,Calxeda,https://www.crunchbase.com/organization/calxeda,Series B,"$20,000,000","May 1, 2012",Early Stage Venture,,Yes,6,1,"165,773"
Series C - Infracommerce,https://www.crunchbase.com/funding_round/infracommerce-series-c--697650b4,Infracommerce,https://www.crunchbase.com/organization/infracommerce,Series C,"$10,600,000","Nov 7, 2016",Late Stage Venture,,Yes,3,1,"165,858"
Series B - FirstBest,https://www.crunchbase.com/funding_round/firstbest-series-b--1fd939c1,FirstBest,https://www.crunchbase.com/organization/firstbest,Series B,"$6,000,001","Mar 24, 2009",Early Stage Venture,,Yes,2,1,"165,872"
Series E - T2 Biosystems,https://www.crunchbase.com/funding_round/t2-biosystems-series-e--2f4e5fb0,T2 Biosystems,https://www.crunchbase.com/organization/t2-biosystems,Series E,"$40,000,000","Mar 28, 2013",Late Stage Venture,,Yes,10,6,"167,628"
Series C - 33Across,https://www.crunchbase.com/funding_round/33across-series-c--a45d977b,33Across,https://www.crunchbase.com/organization/33across,Series C,"$13,100,000","Jul 19, 2012",Late Stage Venture,,Yes,9,3,"167,971"
Series C - Transpera,https://www.crunchbase.com/funding_round/transpera-series-c--e1fd84ca,Transpera,https://www.crunchbase.com/organization/transpera,Series C,"$9,000,000","Jun 2, 2010",Late Stage Venture,,Yes,7,2,"170,040"
Seed Round - Carnival,https://www.crunchbase.com/funding_round/carnival-seed--4304dec6,Carnival,https://www.crunchbase.com/organization/carnival,Seed,"$2,400,000","Aug 27, 2013",Seed,,Yes,8,4,"171,393"
Series B - Infracommerce,https://www.crunchbase.com/funding_round/infracommerce-series-b--c97270a3,Infracommerce,https://www.crunchbase.com/organization/infracommerce,Series B,"$2,100,000","Aug 5, 2013",Early Stage Venture,,Yes,2,1,"171,966"
Series B - BitSight Technologies,https://www.crunchbase.com/funding_round/bitsight-technologies-series-b--453a6fa0,BitSight Technologies,https://www.crunchbase.com/organization/bitsight-technologies,Series B,"$25,600,000","Jun 25, 2015",Early Stage Venture,,Yes,9,4,"172,475"
Series D - BetterCloud,https://www.crunchbase.com/funding_round/bettercloud-series-d--2d503d6b,BetterCloud,https://www.crunchbase.com/organization/bettercloud,Series D,"$25,000,000","Mar 26, 2015",Late Stage Venture,,Yes,9,3,"172,789"
Series E - MongoDB,https://www.crunchbase.com/funding_round/mongodb-inc-series-e--fe8c68ed,MongoDB,https://www.crunchbase.com/organization/mongodb-inc,Series E,"$42,000,000","May 29, 2012",Late Stage Venture,,Yes,4,6,"173,170"
Series D - PolyRemedy,https://www.crunchbase.com/funding_round/polyremedy-series-d--5ea52136,PolyRemedy,https://www.crunchbase.com/organization/polyremedy,Series D,"$5,135,276","May 29, 2014",Late Stage Venture,,Yes,1,1,"174,632"
Series B - Transpera,https://www.crunchbase.com/funding_round/transpera-series-b--9f655ce5,Transpera,https://www.crunchbase.com/organization/transpera,Series B,"$8,250,000","Nov 12, 2008",Early Stage Venture,,Yes,4,2,"175,355"
Series C - SavingStar,https://www.crunchbase.com/funding_round/savingstar-series-c--6074c09a,SavingStar,https://www.crunchbase.com/organization/savingstar,Series C,"$9,000,000","Mar 8, 2012",Late Stage Venture,,Yes,5,4,"175,890"
Seed Round - Bowery Farming Inc,https://www.crunchbase.com/funding_round/bowery-farming-inc-seed--661e048f,Bowery Farming Inc,https://www.crunchbase.com/organization/bowery-farming-inc,Seed,"$7,500,000","Feb 24, 2017",Seed,,Yes,16,5,"176,417"
Series B - MongoDB,https://www.crunchbase.com/funding_round/mongodb-inc-series-b--d15b53e6,MongoDB,https://www.crunchbase.com/organization/mongodb-inc,Series B,"$3,400,000","Nov 4, 2009",Early Stage Venture,,Yes,2,3,"176,679"
Seed Round - Firebase,https://www.crunchbase.com/funding_round/firebase-seed--45fdec43,Firebase,https://www.crunchbase.com/organization/firebase,Seed,"$1,400,000","May 24, 2012",Seed,,Yes,8,2,"179,135"
Private Equity Round - VidSys,https://www.crunchbase.com/funding_round/vidsys-private-equity--1a35ca1c,VidSys,https://www.crunchbase.com/organization/vidsys,Private Equity,"$11,000,000","Apr 26, 2016",Private Equity,,Yes,5,2,"179,173"
Series C - PolyRemedy,https://www.crunchbase.com/funding_round/polyremedy-series-c--e7e09031,PolyRemedy,https://www.crunchbase.com/organization/polyremedy,Series C,"$20,000,000","Jun 7, 2011",Late Stage Venture,,Yes,4,4,"179,234"
Series A - Digital Lumens,https://www.crunchbase.com/funding_round/digital-lumens-series-a--c5079513,Digital Lumens,https://www.crunchbase.com/organization/digital-lumens,Series A,"$5,000,000","Dec 16, 2009",Early Stage Venture,,Yes,1,1,"179,277"
Series B - Digital Lumens,https://www.crunchbase.com/funding_round/digital-lumens-series-b--5675bf81,Digital Lumens,https://www.crunchbase.com/organization/digital-lumens,Series B,"$10,000,000","Apr 12, 2011",Early Stage Venture,,Yes,3,4,"180,025"
Series C - ClickSquared,https://www.crunchbase.com/funding_round/clicksquared-series-c--e3026989,ClickSquared,https://www.crunchbase.com/organization/clicksquared,Series C,"$9,000,000","Jan 9, 2012",Late Stage Venture,,Yes,4,4,"180,297"
Private Equity Round - BlueTarp Financial,https://www.crunchbase.com/funding_round/bluetarp-financial-private-equity--93fec4c0,BlueTarp Financial,https://www.crunchbase.com/organization/bluetarp-financial,Private Equity,"$15,000,000","Jul 23, 2013",Private Equity,,Yes,5,4,"181,141"
Series C - Predictive Biosciences,https://www.crunchbase.com/funding_round/predictive-biosciences-series-c--d813ac8c,Predictive Biosciences,https://www.crunchbase.com/organization/predictive-biosciences,Series C,"$25,000,000","Jun 18, 2010",Late Stage Venture,,Yes,5,4,"55,124"
Series A - Calxeda,https://www.crunchbase.com/funding_round/calxeda-series-a--12e60205,Calxeda,https://www.crunchbase.com/organization/calxeda,Series A,"$16,000,000","Aug 16, 2010",Early Stage Venture,,Yes,5,1,"55,656"
Series D - Jingle Networks,https://www.crunchbase.com/funding_round/jingle-networks-series-d--eafd5b7f,Jingle Networks,https://www.crunchbase.com/organization/jingle-networks,Series D,"$7,500,000","Feb 4, 2009",Late Stage Venture,,Yes,6,3,"56,551"
Series C - Blackwave,https://www.crunchbase.com/funding_round/acinion-series-c--0bbd9c7b,Blackwave,https://www.crunchbase.com/organization/acinion,Series C,"$7,000,000","Sep 30, 2009",Late Stage Venture,,Yes,3,2,"115,775"
Series B - tracx,https://www.crunchbase.com/funding_round/tracx-series-b--06e8a8e7,tracx,https://www.crunchbase.com/organization/tracx,Series B,"$4,400,000","Feb 16, 2012",Early Stage Venture,,Yes,2,2,"120,023"
Venture Round - Digital Lumens,https://www.crunchbase.com/funding_round/digital-lumens-series-unknown--059a75ff,Digital Lumens,https://www.crunchbase.com/organization/digital-lumens,Venture - Series Unknown,"$1,300,645","Jan 5, 2010",,,Yes,2,3,"120,182"
Series B - Restorando,https://www.crunchbase.com/funding_round/restorando-com-series-b--83b753fe,Restorando,https://www.crunchbase.com/organization/restorando-com,Series B,"$13,300,000","Aug 16, 2013",Early Stage Venture,,Yes,6,5,"56,740"
Venture Round - FirstBest,https://www.crunchbase.com/funding_round/firstbest-series-unknown--1ad3dac2,FirstBest,https://www.crunchbase.com/organization/firstbest,Venture - Series Unknown,"$10,000,000","Apr 3, 2012",,,Yes,3,2,"131,633"
Series A - Shoes4you,https://www.crunchbase.com/funding_round/shoes4you-series-a--7be3c04e,Shoes4you,https://www.crunchbase.com/organization/shoes4you,Series A,"$4,780,000","Sep 1, 2011",Early Stage Venture,,Yes,4,1,"136,262"
Series A - Goby,https://www.crunchbase.com/funding_round/goby-series-a--013da2d2,Goby,https://www.crunchbase.com/organization/goby,Series A,"$2,500,000","Oct 20, 2010",Early Stage Venture,,Yes,2,1,"136,622"
Venture Round - MicroCHIPS,https://www.crunchbase.com/funding_round/microchips-series-unknown--84b455e5,MicroCHIPS,https://www.crunchbase.com/organization/microchips,Venture - Series Unknown,"$16,500,000","Jan 7, 2010",,,Yes,9,4,"58,032"
Seed Round - Omni,https://www.crunchbase.com/funding_round/omni-seed--034a5757,Omni,https://www.crunchbase.com/organization/omni,Seed,"$3,000,000","Sep 1, 2014",Seed,,Yes,27,,"137,475"
Series B - Convoke Systems,https://www.crunchbase.com/funding_round/convoke-systems-series-b--63fb8b48,Convoke Systems,https://www.crunchbase.com/organization/convoke-systems,Series B,"$5,500,000","Jul 26, 2010",Early Stage Venture,,Yes,2,1,"138,679"
Series D - dataxu,https://www.crunchbase.com/funding_round/dataxu-series-d--cc2c278a,dataxu,https://www.crunchbase.com/organization/dataxu,Series D,"$27,000,000","Feb 7, 2013",Late Stage Venture,,Yes,4,4,"140,420"
Series B - SavingStar,https://www.crunchbase.com/funding_round/savingstar-series-b--3df1d72a,SavingStar,https://www.crunchbase.com/organization/savingstar,Series B,"$7,000,000","Apr 18, 2011",Early Stage Venture,,Yes,3,2,"140,548"
Series A - TARIS Biomedical,https://www.crunchbase.com/funding_round/taris-biomedical-series-a--f047a23d,TARIS Biomedical,https://www.crunchbase.com/organization/taris-biomedical,Series A,"$15,000,000","Jun 25, 2009",Early Stage Venture,,Yes,3,2,"140,652"
Series B - Open English,https://www.crunchbase.com/funding_round/open-english-series-b--a9dad0c1,Open English,https://www.crunchbase.com/organization/open-english,Series B,"$4,250,000","May 1, 2011",Early Stage Venture,,Yes,1,1,"142,042"
Series B - Infracommerce,https://www.crunchbase.com/funding_round/infracommerce-series-b--2148b5d2,Infracommerce,https://www.crunchbase.com/organization/infracommerce,Series B,"$4,000,000","Dec 18, 2014",Early Stage Venture,,Yes,4,2,"58,135"
Series D - Eka Systems,https://www.crunchbase.com/funding_round/eka-systems-series-d--de43825f,Eka Systems,https://www.crunchbase.com/organization/eka-systems,Series D,"$18,500,000","Jul 1, 2008",Late Stage Venture,,Yes,4,4,"143,422"
Series C - T2 Biosystems,https://www.crunchbase.com/funding_round/t2-biosystems-series-c--221d5676,T2 Biosystems,https://www.crunchbase.com/organization/t2-biosystems,Series C,"$15,000,000","May 26, 2010",Late Stage Venture,,Yes,9,4,"60,030"
Series C - mValent,https://www.crunchbase.com/funding_round/mvalent-series-c--00056f55,mValent,https://www.crunchbase.com/organization/mvalent,Series C,"$6,000,000","Dec 5, 2005",Late Stage Venture,,Yes,3,1,"145,789"
Series A - Blackwave,https://www.crunchbase.com/funding_round/acinion-series-a--6a1292a0,Blackwave,https://www.crunchbase.com/organization/acinion,Series A,"$5,000,000","Dec 1, 2006",Early Stage Venture,,Yes,2,2,"145,919"
Series A - GamerDNA,https://www.crunchbase.com/funding_round/gamerdna-series-a--48695a8d,GamerDNA,https://www.crunchbase.com/organization/gamerdna,Series A,"$3,000,000","Apr 18, 2008",Early Stage Venture,,Yes,1,1,"60,280"
Series A - Predilytics,https://www.crunchbase.com/funding_round/predilytics-series-a--f41579e4,Predilytics,https://www.crunchbase.com/organization/predilytics,Series A,"$6,000,000","Sep 5, 2012",Early Stage Venture,,Yes,3,2,"87,528"
Private Equity Round - VidSys,https://www.crunchbase.com/funding_round/vidsys-private-equity--6c474089,VidSys,https://www.crunchbase.com/organization/vidsys,Private Equity,"$15,650,000","Jul 25, 2013",Private Equity,,Yes,3,2,"61,185"
Series B - BetterCloud,https://www.crunchbase.com/funding_round/bettercloud-series-b--b45a7887,BetterCloud,https://www.crunchbase.com/organization/bettercloud,Series B,"$6,000,000","Sep 25, 2013",Early Stage Venture,,Yes,5,4,"151,335"
Seed Round - Fam,https://www.crunchbase.com/funding_round/smackhigh-seed--7a42954d,Fam,https://www.crunchbase.com/organization/smackhigh,Seed,"$1,650,000","Aug 19, 2015",Seed,,Yes,9,3,"92,600"
Series A - Crashlytics,https://www.crunchbase.com/funding_round/crashlytics-series-a--164d2f40,Crashlytics,https://www.crunchbase.com/organization/crashlytics,Series A,"$5,000,000","Apr 10, 2012",Early Stage Venture,,Yes,2,1,"82,830"
Series C - Calxeda,https://www.crunchbase.com/funding_round/calxeda-series-c--c56e840a,Calxeda,https://www.crunchbase.com/organization/calxeda,Series C,"$55,000,000","Oct 9, 2012",Late Stage Venture,,Yes,6,1,"85,214"
Series E - dataxu,https://www.crunchbase.com/funding_round/dataxu-series-e--98644cb0,dataxu,https://www.crunchbase.com/organization/dataxu,Series E,"$10,000,000","Feb 5, 2014",Late Stage Venture,,Yes,5,4,"95,476"
Series B - JouleX,https://www.crunchbase.com/funding_round/joulex-series-b--e360d67b,JouleX,https://www.crunchbase.com/organization/joulex,Series B,"$17,000,000","Jun 10, 2011",Early Stage Venture,,Yes,5,5,"86,777"
Series A - ClickSquared,https://www.crunchbase.com/funding_round/clicksquared-series-a--a39524c8,ClickSquared,https://www.crunchbase.com/organization/clicksquared,Series A,"$36,710,000","Sep 5, 2007",Early Stage Venture,,Yes,3,3,"86,809"
Venture Round - PatientKeeper,https://www.crunchbase.com/funding_round/patientkeeper-series-unknown--85ebf994,PatientKeeper,https://www.crunchbase.com/organization/patientkeeper,Venture - Series Unknown,"$6,000,000","Dec 22, 2011",,,Yes,3,1,"87,251"
Series A - Pitzi,https://www.crunchbase.com/funding_round/pitzi-series-a--59d1bd93,Pitzi,https://www.crunchbase.com/organization/pitzi,Series A,"$1,030,000","Aug 13, 2012",Early Stage Venture,,Yes,4,1,"181,402"
Series A - ZestFinance,https://www.crunchbase.com/funding_round/zestfinance-series-a--d0a50c99,ZestFinance,https://www.crunchbase.com/organization/zestfinance,Series A,"$19,000,000","Jul 21, 2011",Early Stage Venture,,Yes,4,2,"181,588"
Series C - FirstBest,https://www.crunchbase.com/funding_round/firstbest-series-c--c26cfb8c,FirstBest,https://www.crunchbase.com/organization/firstbest,Series C,"$7,775,000","Jan 16, 2014",Late Stage Venture,,Yes,1,1,"62,485"
Series C - Sand 9,https://www.crunchbase.com/funding_round/sand-2-series-c--0983cde5,Sand 9,https://www.crunchbase.com/organization/sand-2,Series C,"$23,000,000","Jun 19, 2012",Late Stage Venture,,Yes,6,3,"88,517"
Series C - Jingle Networks,https://www.crunchbase.com/funding_round/jingle-networks-series-c--48fedff3,Jingle Networks,https://www.crunchbase.com/organization/jingle-networks,Series C,"$13,000,000","Jan 1, 2008",Late Stage Venture,,Yes,5,2,"88,677"
Series A - MadeiraMadeira,https://www.crunchbase.com/funding_round/madeiramadeira-series-a--6cdf7e67,MadeiraMadeira,https://www.crunchbase.com/organization/madeiramadeira,Series A,"$4,100,000","May 25, 2012",Early Stage Venture,,Yes,3,1,"96,276"
Series A - Sand 9,https://www.crunchbase.com/funding_round/sand-2-series-a--f960b455,Sand 9,https://www.crunchbase.com/organization/sand-2,Series A,"$8,000,000","May 5, 2008",Early Stage Venture,,Yes,3,2,"90,305"
Series A - Stormpath,https://www.crunchbase.com/funding_round/stormpath-series-a--14303067,Stormpath,https://www.crunchbase.com/organization/stormpath,Series A,"$8,200,000","Feb 19, 2013",Early Stage Venture,,Yes,3,1,"90,340"
Series B - CHiL Semiconductor,https://www.crunchbase.com/funding_round/chil-semiconductor-series-b--db588498,CHiL Semiconductor,https://www.crunchbase.com/organization/chil-semiconductor,Series B,"$5,000,000","Aug 21, 2006",Early Stage Venture,,Yes,2,1,"93,960"
Series B - T2 Biosystems,https://www.crunchbase.com/funding_round/t2-biosystems-series-b--b3b9803e,T2 Biosystems,https://www.crunchbase.com/organization/t2-biosystems,Series B,"$10,800,000","Oct 17, 2008",Early Stage Venture,,Yes,5,3,"94,134"
Series B - tracx,https://www.crunchbase.com/funding_round/tracx-series-b--51f66a7d,tracx,https://www.crunchbase.com/organization/tracx,Series B,"$3,500,000","Mar 8, 2013",Early Stage Venture,,Yes,2,2,"97,843"
Series C - Reveal Imaging Technologies,https://www.crunchbase.com/funding_round/reveal-imaging-technologies-series-c--13716703,Reveal Imaging Technologies,https://www.crunchbase.com/organization/reveal-imaging-technologies,Series C,"$20,300,000","Mar 28, 2008",Late Stage Venture,,Yes,4,4,"193,497"
Convertible Note - Infracommerce,https://www.crunchbase.com/funding_round/infracommerce-convertible-note--1fd4bec4,Infracommerce,https://www.crunchbase.com/organization/infracommerce,Convertible Note,"$1,883,000","May 9, 2014",,,No,3,2,"193,531"
Seed Round - Dragon Innovation,https://www.crunchbase.com/funding_round/dragon-innovation-seed--7b7d1bec,Dragon Innovation,https://www.crunchbase.com/organization/dragon-innovation,Seed,"$2,300,000","Aug 8, 2013",Seed,,Yes,5,4,"193,671"
Series C - Open English,https://www.crunchbase.com/funding_round/open-english-series-c--a1096117,Open English,https://www.crunchbase.com/organization/open-english,Series C,"$43,000,000","Jul 26, 2012",Late Stage Venture,,Yes,4,3,"193,686"
Series B - BlueTarp Financial,https://www.crunchbase.com/funding_round/bluetarp-financial-series-b--cf05b6e5,BlueTarp Financial,https://www.crunchbase.com/organization/bluetarp-financial,Series B,"$18,500,000","Jan 29, 2007",Early Stage Venture,,Yes,5,3,"102,096"
Seed Round - GamerDNA,https://www.crunchbase.com/funding_round/gamerdna-seed--00710538,GamerDNA,https://www.crunchbase.com/organization/gamerdna,Seed,"$600,000","Jul 1, 2007",Seed,,Yes,2,1,"104,680"
Series B - Sand 9,https://www.crunchbase.com/funding_round/sand-2-series-b--cbeda0f1,Sand 9,https://www.crunchbase.com/organization/sand-2,Series B,"$12,000,000","May 12, 2010",Early Stage Venture,,Yes,4,3,"105,398"
Seed Round - Cartera Commerce,https://www.crunchbase.com/funding_round/cartera-commerce-seed--62e6444b,Cartera Commerce,https://www.crunchbase.com/organization/cartera-commerce,Seed,"$3,500,000","Oct 1, 2006",Seed,,Yes,3,1,"105,460"
Series G - PatientKeeper,https://www.crunchbase.com/funding_round/patientkeeper-series-g--4474b196,PatientKeeper,https://www.crunchbase.com/organization/patientkeeper,Series G,"$13,000,000","Dec 15, 2009",Late Stage Venture,,Yes,3,1,"65,693"
Series A - SavingStar,https://www.crunchbase.com/funding_round/savingstar-series-a--036175c1,SavingStar,https://www.crunchbase.com/organization/savingstar,Series A,"$2,300,000","Aug 19, 2010",Early Stage Venture,,Yes,7,4,"106,368"
Series A - Lighter Living,https://www.crunchbase.com/funding_round/lighter-living-series-a--549c817d,Lighter Living,https://www.crunchbase.com/organization/lighter-living,Series A,"$3,100,000","Nov 20, 2009",Early Stage Venture,,Yes,1,1,"195,387"
Venture Round - Plastiq,https://www.crunchbase.com/funding_round/plastiq-series-unknown--1a9dae8e,Plastiq,https://www.crunchbase.com/organization/plastiq,Venture - Series Unknown,"$11,000,000","Jun 23, 2016",,,Yes,6,1,"107,463"
Series B - Virtual Computer,https://www.crunchbase.com/funding_round/virtual-computer-series-b--2d44aabf,Virtual Computer,https://www.crunchbase.com/organization/virtual-computer,Series B,"$15,000,000","Jan 26, 2009",Early Stage Venture,,Yes,3,2,"107,491"
Series B - Nasuni,https://www.crunchbase.com/funding_round/nasuni-series-b--29987ded,Nasuni,https://www.crunchbase.com/organization/nasuni,Series B,"$15,000,000","Dec 20, 2010",Early Stage Venture,,Yes,3,4,"108,966"
Series A - Valimail,https://www.crunchbase.com/funding_round/valimail-series-a--059aeb21,Valimail,https://www.crunchbase.com/organization/valimail,Series A,"$12,000,000","Nov 2, 2016",Early Stage Venture,,Yes,3,3,"110,106"
Series B - ZestFinance,https://www.crunchbase.com/funding_round/zestfinance-series-b--ade89e5c,ZestFinance,https://www.crunchbase.com/organization/zestfinance,Series B,"$23,000,000","Jan 19, 2012",Early Stage Venture,,Yes,5,3,"199,109"
Series B - ClickSquared,https://www.crunchbase.com/funding_round/clicksquared-series-b--257bf32b,ClickSquared,https://www.crunchbase.com/organization/clicksquared,Series B,"$11,000,000","Jan 1, 2009",Early Stage Venture,,Yes,3,3,"110,614"
Series D - Cartera Commerce,https://www.crunchbase.com/funding_round/cartera-commerce-series-d--cf7ea1bc,Cartera Commerce,https://www.crunchbase.com/organization/cartera-commerce,Series D,"$12,200,000","Mar 1, 2012",Late Stage Venture,,Yes,6,1,"200,471"
Series A - Transpera,https://www.crunchbase.com/funding_round/transpera-series-a--5f8b8035,Transpera,https://www.crunchbase.com/organization/transpera,Series A,,"Jul 23, 2007",Early Stage Venture,,Yes,3,,"200,819"
Series B - TARIS Biomedical,https://www.crunchbase.com/funding_round/taris-biomedical-series-b--b1d3ce6f,TARIS Biomedical,https://www.crunchbase.com/organization/taris-biomedical,Series B,"$18,300,000","Apr 13, 2011",Early Stage Venture,,Yes,4,3,"112,194"
Series C - Zing Systems,https://www.crunchbase.com/funding_round/zing-series-c--52621fa9,Zing Systems,https://www.crunchbase.com/organization/zing,Series C,"$13,000,000","Jan 30, 2007",Late Stage Venture,,Yes,4,2,"113,181"
Series A - Firebase,https://www.crunchbase.com/funding_round/firebase-series-a--9a0a8292,Firebase,https://www.crunchbase.com/organization/firebase,Series A,"$5,600,000","Jun 20, 2013",Early Stage Venture,,Yes,2,2,"158,975"
Series C - Digital Lumens,https://www.crunchbase.com/funding_round/digital-lumens-series-c--311ab381,Digital Lumens,https://www.crunchbase.com/organization/digital-lumens,Series C,"$23,000,000","Oct 30, 2014",Late Stage Venture,,Yes,6,5,"158,999"
Series B - Reveal Imaging Technologies,https://www.crunchbase.com/funding_round/reveal-imaging-technologies-series-b--21d8233e,Reveal Imaging Technologies,https://www.crunchbase.com/organization/reveal-imaging-technologies,Series B,"$5,000,000","Jan 1, 2005",Early Stage Venture,,Yes,3,3,"160,653"
Series A - digitalArbor,https://www.crunchbase.com/funding_round/digitalarbor-series-a--63b0e106,digitalArbor,https://www.crunchbase.com/organization/digitalarbor,Series A,"$5,000,000","Nov 17, 2008",Early Stage Venture,,Yes,1,1,"163,133"
Series A - Open English,https://www.crunchbase.com/funding_round/open-english-series-a--20c196d9,Open English,https://www.crunchbase.com/organization/open-english,Series A,"$6,000,000","Nov 10, 2010",Early Stage Venture,,Yes,1,1,"163,702"
Series B - Infobright,https://www.crunchbase.com/funding_round/infobright-series-b--c598b827,Infobright,https://www.crunchbase.com/organization/infobright,Series B,"$8,000,000","Sep 6, 2007",Early Stage Venture,,Yes,3,2,"182,067"
Series B - Sample6,https://www.crunchbase.com/funding_round/novophage-series-b--1616f01a,Sample6,https://www.crunchbase.com/organization/novophage,Series B,"$4,500,000","Oct 9, 2013",Early Stage Venture,,Yes,3,2,"183,183"
Series C - Codecademy,https://www.crunchbase.com/funding_round/codecademy-series-c--d3699b13,Codecademy,https://www.crunchbase.com/organization/codecademy,Series C,"$30,000,000","Jul 12, 2016",Late Stage Venture,,Yes,5,3,"75,103"
Series A - T2 Biosystems,https://www.crunchbase.com/funding_round/t2-biosystems-series-a--1d34dfdf,T2 Biosystems,https://www.crunchbase.com/organization/t2-biosystems,Series A,"$5,500,000","Jan 1, 2006",Early Stage Venture,,Yes,3,3,"203,132"
Series A - BitSight Technologies,https://www.crunchbase.com/funding_round/bitsight-technologies-series-a--c70ce939,BitSight Technologies,https://www.crunchbase.com/organization/bitsight-technologies,Series A,"$24,000,000","Jun 5, 2013",Early Stage Venture,"$25,035,000",Yes,7,4,"204,700"
Series D - MongoDB,https://www.crunchbase.com/funding_round/mongodb-inc-series-d--5266c115,MongoDB,https://www.crunchbase.com/organization/mongodb-inc,Series D,"$20,000,000","Sep 12, 2011",Late Stage Venture,,Yes,3,5,"204,795"
Series F - PatientKeeper,https://www.crunchbase.com/funding_round/patientkeeper-series-f--5d26e169,PatientKeeper,https://www.crunchbase.com/organization/patientkeeper,Series F,"$7,500,000","Aug 10, 2008",Late Stage Venture,,Yes,4,1,"205,676"
Series B - Virtual Computer,https://www.crunchbase.com/funding_round/virtual-computer-series-b--f41c6cec,Virtual Computer,https://www.crunchbase.com/organization/virtual-computer,Series B,"$9,000,000","Nov 24, 2008",Early Stage Venture,,Yes,2,2,"208,251"
"Series B - BzzAgent, a dunnhumby Company",https://www.crunchbase.com/funding_round/bzzagent-series-b--03b7ad0f,"BzzAgent, a dunnhumby Company",https://www.crunchbase.com/organization/bzzagent,Series B,"$13,750,000","Jan 13, 2006",Early Stage Venture,,Yes,3,2,"209,311"
Series C - MongoDB,https://www.crunchbase.com/funding_round/mongodb-inc-series-c--16868aae,MongoDB,https://www.crunchbase.com/organization/mongodb-inc,Series C,"$6,500,000","Dec 2, 2010",Late Stage Venture,,Yes,3,5,"185,087"
Seed Round - Tracelytics,https://www.crunchbase.com/funding_round/tracelytics-seed--f4404240,Tracelytics,https://www.crunchbase.com/organization/tracelytics,Seed,"$600,000","Nov 3, 2011",Seed,,Yes,4,1,"185,927"
Seed Round - Cartera Commerce,https://www.crunchbase.com/funding_round/cartera-commerce-seed--b36ab7ca,Cartera Commerce,https://www.crunchbase.com/organization/cartera-commerce,Seed,"$450,000","Aug 1, 2005",Seed,,Yes,2,,"186,104"
Series A - Protein Forest,https://www.crunchbase.com/funding_round/protein-forest-series-a--2ed4d5d7,Protein Forest,https://www.crunchbase.com/organization/protein-forest,Series A,"$19,000,000","Nov 21, 2003",Early Stage Venture,,Yes,4,1,"187,814"
Series B - Immedia,https://www.crunchbase.com/funding_round/immedia-series-b--ab83fc3e,Immedia,https://www.crunchbase.com/organization/immedia,Series B,"$11,892,857","Jan 7, 2014",Early Stage Venture,,Yes,1,1,"187,878"
Seed Round - BitSight Technologies,https://www.crunchbase.com/funding_round/bitsight-technologies-seed--e56b706e,BitSight Technologies,https://www.crunchbase.com/organization/bitsight-technologies,Seed,"$1,400,000","Apr 15, 2011",Seed,,Yes,3,2,"187,955"
Series B - TARIS Biomedical,https://www.crunchbase.com/funding_round/taris-biomedical-series-b--3e7fe77a,TARIS Biomedical,https://www.crunchbase.com/organization/taris-biomedical,Series B,"$13,500,000","Mar 18, 2013",Early Stage Venture,,Yes,4,3,"188,331"
Series B - Blackwave,https://www.crunchbase.com/funding_round/acinion-series-b--f51adbf3,Blackwave,https://www.crunchbase.com/organization/acinion,Series B,"$16,000,000","Oct 1, 2007",Early Stage Venture,,Yes,3,2,"188,445"
Convertible Note - Fam,https://www.crunchbase.com/funding_round/smackhigh-convertible-note--b0757e7b,Fam,https://www.crunchbase.com/organization/smackhigh,Convertible Note,"$1,800,000","Mar 20, 2017",,,No,11,8,"191,090"
Series A - Cartera Commerce,https://www.crunchbase.com/funding_round/cartera-commerce-series-a--b1b821de,Cartera Commerce,https://www.crunchbase.com/organization/cartera-commerce,Series A,"$2,000,000","Mar 14, 2006",Early Stage Venture,,Yes,4,1,"191,099"
Series C - BetterCloud,https://www.crunchbase.com/funding_round/bettercloud-series-c--5b953116,BetterCloud,https://www.crunchbase.com/organization/bettercloud,Series C,"$8,600,000","May 14, 2014",Late Stage Venture,,Yes,4,2,"76,838"
Series B - 33Across,https://www.crunchbase.com/funding_round/33across-series-b--bfc22337,33Across,https://www.crunchbase.com/organization/33across,Series B,"$9,000,000","Jan 5, 2011",Early Stage Venture,,Yes,3,1,"77,112"
Series B - Ready Financial Group,https://www.crunchbase.com/funding_round/ready-financial-group-series-b--37d859b9,Ready Financial Group,https://www.crunchbase.com/organization/ready-financial-group,Series B,"$7,000,000","Nov 18, 2009",Early Stage Venture,,Yes,2,1,"77,504"
Series C - Cartera Commerce,https://www.crunchbase.com/funding_round/cartera-commerce-series-c--30c64cd2,Cartera Commerce,https://www.crunchbase.com/organization/cartera-commerce,Series C,"$6,700,000","Jun 1, 2010",Late Stage Venture,,Yes,3,1,"78,140"
Venture Round - Digital Lumens,https://www.crunchbase.com/funding_round/digital-lumens-series-unknown--d5197ec5,Digital Lumens,https://www.crunchbase.com/organization/digital-lumens,Venture - Series Unknown,"$10,000,000","Jan 9, 2013",,,Yes,3,4,"78,197"
Convertible Note - Sand 9,https://www.crunchbase.com/funding_round/sand-2-convertible-note--b9781051,Sand 9,https://www.crunchbase.com/organization/sand-2,Convertible Note,"$4,415,363","Mar 17, 2014",,,No,1,1,"79,190"
Seed Round - Apiary,https://www.crunchbase.com/funding_round/apiary-seed--21e0128b,Apiary,https://www.crunchbase.com/organization/apiary,Seed,"$1,630,000","Sep 17, 2013",Seed,,Yes,4,3,"80,898"
Series A - Plastiq,https://www.crunchbase.com/funding_round/plastiq-series-a--2593e31a,Plastiq,https://www.crunchbase.com/organization/plastiq,Series A,"$6,000,000","Feb 28, 2013",Early Stage Venture,,Yes,3,2,"91,684"
Series A - Jibo,https://www.crunchbase.com/funding_round/jibo-series-a--b52968da,Jibo,https://www.crunchbase.com/organization/jibo,Series A,"$25,300,000","Jan 21, 2015",Early Stage Venture,,Yes,4,5,"100,444"
Seed Round - Badge,https://www.crunchbase.com/funding_round/badge-seed--f1b5672a,Badge,https://www.crunchbase.com/organization/badge,Seed,"$1,100,000","Apr 14, 2014",Seed,,Yes,3,1,"102,130"
Series A - Infracommerce,https://www.crunchbase.com/funding_round/infracommerce-series-a--900db364,Infracommerce,https://www.crunchbase.com/organization/infracommerce,Series A,"$2,000,000","Jan 4, 2013",Early Stage Venture,,Yes,2,1,"123,252"
Series A - dataxu,https://www.crunchbase.com/funding_round/dataxu-series-a--c4a19888,dataxu,https://www.crunchbase.com/organization/dataxu,Series A,"$6,000,000","Apr 17, 2009",Early Stage Venture,,Yes,2,2,"123,289"
Series C - BitSight Technologies,https://www.crunchbase.com/funding_round/bitsight-technologies-series-c--a1dcb468,BitSight Technologies,https://www.crunchbase.com/organization/bitsight-technologies,Series C,"$40,000,000","Sep 15, 2016",Late Stage Venture,,Yes,8,3,"116,875"
Seed Round - Mattermark,https://www.crunchbase.com/funding_round/mattermark-seed--25a144c2,Mattermark,https://www.crunchbase.com/organization/mattermark,Seed,"$2,000,000","Jun 29, 2014",Seed,"$25,000,000",Yes,19,4,"123,918"
Series B - dataxu,https://www.crunchbase.com/funding_round/dataxu-series-b--ef7572ef,dataxu,https://www.crunchbase.com/organization/dataxu,Series B,"$11,000,000","Mar 8, 2010",Early Stage Venture,,Yes,3,3,"129,747"
Series B - Stackdriver,https://www.crunchbase.com/funding_round/stackdriver-series-b--e19681c6,Stackdriver,https://www.crunchbase.com/organization/stackdriver,Series B,"$10,000,000","Sep 18, 2013",Early Stage Venture,,Yes,2,3,"130,179"
Series C - Infobright,https://www.crunchbase.com/funding_round/infobright-series-c--5b5405dc,Infobright,https://www.crunchbase.com/organization/infobright,Series C,"$10,000,000","Sep 11, 2008",Late Stage Venture,,Yes,3,3,"117,843"
Series A - oneforty,https://www.crunchbase.com/funding_round/oneforty-series-a--2885bcd7,oneforty,https://www.crunchbase.com/organization/oneforty,Series A,"$1,980,000","Jan 11, 2010",Early Stage Venture,,Yes,8,4,"130,949"
Seed Round - Shine,https://www.crunchbase.com/funding_round/shine-text-seed--2860b63f,Shine,https://www.crunchbase.com/organization/shine-text,Seed,"$750,000","Apr 18, 2016",Seed,,Yes,3,1,"131,683"
Series B - PanGo Networks,https://www.crunchbase.com/funding_round/pango-networks-series-b--e0876019,PanGo Networks,https://www.crunchbase.com/organization/pango-networks,Series B,"$10,000,000","Oct 17, 2005",Early Stage Venture,,Yes,3,2,"132,050"
Venture Round - PatientKeeper,https://www.crunchbase.com/funding_round/patientkeeper-series-unknown--fbb1d901,PatientKeeper,https://www.crunchbase.com/organization/patientkeeper,Venture - Series Unknown,"$6,250,000","Jun 22, 2012",,,Yes,3,1,"69,278"
Series B - Cartera Commerce,https://www.crunchbase.com/funding_round/cartera-commerce-series-b--b090b563,Cartera Commerce,https://www.crunchbase.com/organization/cartera-commerce,Series B,"$7,000,000","Aug 26, 2008",Early Stage Venture,,Yes,4,1,"69,468"
Series D - SavingStar,https://www.crunchbase.com/funding_round/savingstar-series-d--dd39463a,SavingStar,https://www.crunchbase.com/organization/savingstar,Series D,"$9,100,000","Apr 5, 2013",Late Stage Venture,,Yes,7,3,"71,708"
Series A - Springleaf Therapeutics,https://www.crunchbase.com/funding_round/springleaf-therapeutics-series-a--48557046,Springleaf Therapeutics,https://www.crunchbase.com/organization/springleaf-therapeutics,Series A,"$8,043,750","Nov 30, 2009",Early Stage Venture,,Yes,2,1,"72,732"
Series D - T2 Biosystems,https://www.crunchbase.com/funding_round/t2-biosystems-series-d--351ebc79,T2 Biosystems,https://www.crunchbase.com/organization/t2-biosystems,Series D,"$23,000,000","Aug 10, 2011",Late Stage Venture,,Yes,10,5,"127,268"
Seed Round - Stormpath,https://www.crunchbase.com/funding_round/stormpath-seed--33473a72,Stormpath,https://www.crunchbase.com/organization/stormpath,Seed,"$1,500,000","Mar 19, 2012",Seed,,Yes,3,1,"143,737"
Series B - MadeiraMadeira,https://www.crunchbase.com/funding_round/madeiramadeira-series-b--9558b050,MadeiraMadeira,https://www.crunchbase.com/organization/madeiramadeira,Series B,"$4,586,000","Nov 3, 2013",Early Stage Venture,,Yes,1,2,"153,282"
