Transaction Name,Transaction Name URL,Organization Name,Organization Name URL,Funding Type,Money Raised,Announced Date,Funding Stage,Pre-Money Valuation,Equity Only Funding,Number of Investors,Number of Partner Investors,CB Rank (Funding Round)
Series A - Suplari,https://www.crunchbase.com/funding_round/suplari-series-a--ddf97767,Suplari,https://www.crunchbase.com/organization/suplari,Series A,"$10,300,000","Apr 5, 2018",Early Stage Venture,,Yes,5,1,137
Series F - Accolade,https://www.crunchbase.com/funding_round/accolade-series-f--17913515,Accolade,https://www.crunchbase.com/organization/accolade,Series F,"$50,000,000","Mar 29, 2018",Late Stage Venture,,Yes,6,,179
Venture Round - The Riveter,https://www.crunchbase.com/funding_round/the-riveter-a302-series-unknown--da6e7444,The Riveter,https://www.crunchbase.com/organization/the-riveter-a302,Venture - Series Unknown,"$4,750,000","Mar 19, 2018",,,Yes,8,2,186
Series B - Pioneer Square Labs,https://www.crunchbase.com/funding_round/pioneer-square-labs-series-b--f6671a3f,Pioneer Square Labs,https://www.crunchbase.com/organization/pioneer-square-labs,Series B,"$15,000,000","Jan 18, 2018",Early Stage Venture,,Yes,18,1,"1,487"
Series C - Wonder Workshop,https://www.crunchbase.com/funding_round/play-i-series-c--55539a37,Wonder Workshop,https://www.crunchbase.com/organization/play-i,Series C,"$41,000,000","Oct 30, 2017",Late Stage Venture,,Yes,10,1,"2,437"
Seed Round - Pulse Labs,https://www.crunchbase.com/funding_round/pulse-labs-b728-seed--e7ec1aeb,Pulse Labs,https://www.crunchbase.com/organization/pulse-labs-b728,Seed,"$2,500,000","Feb 1, 2018",Seed,,Yes,4,2,"2,714"
Venture Round - Spruce Up,https://www.crunchbase.com/funding_round/spruce-up-series-unknown--f819b249,Spruce Up,https://www.crunchbase.com/organization/spruce-up,Venture - Series Unknown,"$1,500,000","Feb 27, 2018",,,Yes,5,,"2,779"
"Series A - Pixvana, Inc.",https://www.crunchbase.com/funding_round/pixvana-inc-series-a--5b62263b,"Pixvana, Inc.",https://www.crunchbase.com/organization/pixvana-inc,Series A,"$14,000,000","Nov 20, 2017",Early Stage Venture,,Yes,6,3,"3,012"
Venture Round - Unearth,https://www.crunchbase.com/funding_round/unearth-series-unknown--73a6f21b,Unearth,https://www.crunchbase.com/organization/unearth,Venture - Series Unknown,"$3,000,000","Mar 12, 2018",,,Yes,2,,"3,084"
Venture Round - LumaTax,https://www.crunchbase.com/funding_round/lumatax-series-unknown--28b6bf51,LumaTax,https://www.crunchbase.com/organization/lumatax,Venture - Series Unknown,"$3,000,000","Jan 17, 2018",,,Yes,4,1,"3,098"
Series B - Igneous Systems,https://www.crunchbase.com/funding_round/igneous-systems-series-b--07911ae7,Igneous Systems,https://www.crunchbase.com/organization/igneous-systems,Series B,"$15,000,000","Jan 29, 2018",Early Stage Venture,,Yes,5,,"3,467"
Series B - Tigera,https://www.crunchbase.com/funding_round/tigera-series-b--1c3fe721,Tigera,https://www.crunchbase.com/organization/tigera,Series B,"$10,000,000","Jan 25, 2018",Early Stage Venture,,Yes,3,1,"4,185"
Venture Round - Integris Software,https://www.crunchbase.com/funding_round/integris-software-series-unknown--a9e52ab3,Integris Software,https://www.crunchbase.com/organization/integris-software,Venture - Series Unknown,"$1,500,000","Jan 22, 2018",,,Yes,2,2,"4,802"
Seed Round - Rep the Squad,https://www.crunchbase.com/funding_round/rep-the-squad-seed--01111177,Rep the Squad,https://www.crunchbase.com/organization/rep-the-squad,Seed,"$1,500,000","Aug 30, 2017",Seed,,Yes,9,1,"4,821"
Series A - TraceMe,https://www.crunchbase.com/funding_round/traceme-series-a--6d69e3a1,TraceMe,https://www.crunchbase.com/organization/traceme,Series A,"$9,000,000","Sep 10, 2017",Early Stage Venture,,Yes,7,,"5,056"
Series C - Versive,https://www.crunchbase.com/funding_round/versive-series-c--7dd040d5,Versive,https://www.crunchbase.com/organization/versive,Series C,"$12,700,000","Aug 22, 2017",Late Stage Venture,,Yes,4,4,"5,597"
Seed Round - IOpipe,https://www.crunchbase.com/funding_round/iopipe-seed--ffb01c05,IOpipe,https://www.crunchbase.com/organization/iopipe,Seed,"$2,500,000","Aug 14, 2017",Seed,,Yes,6,,"5,666"
Series F - Rover.com,https://www.crunchbase.com/funding_round/rover-com-series-f--7cc27724,Rover.com,https://www.crunchbase.com/organization/rover-com,Series F,"$65,000,000","Jul 20, 2017",Late Stage Venture,,Yes,8,4,"6,771"
Series B - Booster Fuels,https://www.crunchbase.com/funding_round/booster-fuels-series-b--05cae92e,Booster Fuels,https://www.crunchbase.com/organization/booster-fuels,Series B,"$20,000,000","Aug 1, 2017",Early Stage Venture,,Yes,8,3,"7,318"
Series B - Amperity,https://www.crunchbase.com/funding_round/amperity-series-b--cac5c320,Amperity,https://www.crunchbase.com/organization/amperity,Series B,"$28,000,000","Oct 26, 2017",Early Stage Venture,,Yes,2,1,"8,907"
Series B - Heptio,https://www.crunchbase.com/funding_round/heptio-series-b--fc397a3b,Heptio,https://www.crunchbase.com/organization/heptio,Series B,"$25,000,000","Sep 13, 2017",Early Stage Venture,,Yes,3,1,"10,098"
Seed Round - Matcherino,https://www.crunchbase.com/funding_round/matcherino-seed--733f5070,Matcherino,https://www.crunchbase.com/organization/matcherino,Seed,"$1,500,000","Jul 10, 2017",Seed,,Yes,4,,"10,552"
Series A - GawkBox,https://www.crunchbase.com/funding_round/gawkbox-series-a--1b44efc4,GawkBox,https://www.crunchbase.com/organization/gawkbox,Series A,"$3,722,000","Aug 10, 2017",Early Stage Venture,,Yes,4,2,"12,041"
Venture Round - Bizible,https://www.crunchbase.com/funding_round/bizible-series-unknown--d6d9a7b8,Bizible,https://www.crunchbase.com/organization/bizible,Venture - Series Unknown,"$8,100,000","Aug 9, 2017",,,Yes,3,1,"13,121"
Seed Round - Wicket Labs Inc.,https://www.crunchbase.com/funding_round/wicket-labs-inc-seed--73427df8,Wicket Labs Inc.,https://www.crunchbase.com/organization/wicket-labs-inc,Seed,"$2,000,000","Jun 6, 2017",Seed,,Yes,2,,"16,168"
Series D - Snowflake Computing,https://www.crunchbase.com/funding_round/snowflake-computing-series-d--55c10999,Snowflake Computing,https://www.crunchbase.com/organization/snowflake-computing,Series D,"$105,000,000","Sep 6, 2017",Late Stage Venture,"$395,000,000",Yes,7,1,"16,967"
Venture Round - Pro.com,https://www.crunchbase.com/funding_round/pro-com-series-unknown--f27376ba,Pro.com,https://www.crunchbase.com/organization/pro-com,Venture - Series Unknown,"$10,000,000","Aug 8, 2017",,,Yes,4,2,"19,112"
Series A - Versive,https://www.crunchbase.com/funding_round/versive-series-a--c42645e1,Versive,https://www.crunchbase.com/organization/versive,Series A,"$7,000,000","Jul 16, 2013",Early Stage Venture,,Yes,4,3,"24,312"
Series A - AnswerIQ,https://www.crunchbase.com/funding_round/answeriq-series-a--63044d14,AnswerIQ,https://www.crunchbase.com/organization/answeriq,Series A,"$5,000,000","Aug 3, 2017",Early Stage Venture,,Yes,1,1,"24,482"
Series A - Algorithmia,https://www.crunchbase.com/funding_round/algorithmia-series-a--9223e25a,Algorithmia,https://www.crunchbase.com/organization/algorithmia,Series A,"$10,500,000","Jun 23, 2017",Early Stage Venture,,Yes,5,2,"26,041"
Series B - Decide,https://www.crunchbase.com/funding_round/decide-com-series-b--256d965e,Decide,https://www.crunchbase.com/organization/decide-com,Series B,"$6,000,000","Apr 19, 2011",Early Stage Venture,,Yes,4,4,"26,211"
Series A - Pioneer Square Labs,https://www.crunchbase.com/funding_round/pioneer-square-labs-series-a--1897c15c,Pioneer Square Labs,https://www.crunchbase.com/organization/pioneer-square-labs,Series A,"$12,500,000","Oct 1, 2015",Early Stage Venture,,Yes,19,4,"26,334"
Series C - Branch,https://www.crunchbase.com/funding_round/branch-metrics-series-c--cd1fd82e,Branch,https://www.crunchbase.com/organization/branch-metrics,Series C,"$60,000,000","Apr 10, 2017",Late Stage Venture,,Yes,8,2,"27,422"
Series B - Branch,https://www.crunchbase.com/funding_round/branch-metrics-series-b--382e342b,Branch,https://www.crunchbase.com/organization/branch-metrics,Series B,"$35,000,000","Jan 27, 2016",Early Stage Venture,"$205,000,000",Yes,9,1,"27,424"
Series B - Highspot,https://www.crunchbase.com/funding_round/highspot-2-series-b--bad3b745,Highspot,https://www.crunchbase.com/organization/highspot-2,Series B,"$15,000,000","Jun 15, 2017",Early Stage Venture,,Yes,3,1,"31,377"
Series B - OPAL,https://www.crunchbase.com/funding_round/opal-series-b--403e3e14,OPAL,https://www.crunchbase.com/organization/opal,Series B,"$15,500,000","Dec 13, 2016",Early Stage Venture,,Yes,4,3,"32,640"
Series B - Jobalign,https://www.crunchbase.com/funding_round/jobaline-series-b--bc55d1bd,Jobalign,https://www.crunchbase.com/organization/jobaline,Series B,"$7,228,138","Feb 6, 2017",Early Stage Venture,,Yes,3,2,"33,768"
Seed Round - Versive,https://www.crunchbase.com/funding_round/versive-seed--9247b75b,Versive,https://www.crunchbase.com/organization/versive,Seed,"$1,500,000","Nov 15, 2012",Seed,,Yes,1,2,"34,559"
Series B - Versive,https://www.crunchbase.com/funding_round/versive-series-b--e9e15e37,Versive,https://www.crunchbase.com/organization/versive,Series B,"$21,000,000","May 20, 2014",Early Stage Venture,,Yes,6,4,"34,570"
Seed Round - Versive,https://www.crunchbase.com/funding_round/versive-seed--eda38422,Versive,https://www.crunchbase.com/organization/versive,Seed,"$1,300,000","Jun 28, 2012",Seed,,Yes,1,1,"34,542"
Series B - Bizible,https://www.crunchbase.com/funding_round/bizible-series-b--f17f60dc,Bizible,https://www.crunchbase.com/organization/bizible,Series B,"$8,000,000","Aug 26, 2014",Early Stage Venture,,Yes,7,4,"38,982"
Series A - Peach,https://www.crunchbase.com/funding_round/peach-labs-series-a--80dcf378,Peach,https://www.crunchbase.com/organization/peach-labs,Series A,"$8,000,000","Aug 18, 2015",Early Stage Venture,,Yes,3,,"39,537"
Series A - Mobilewalla,https://www.crunchbase.com/funding_round/mobilewalla-series-a--7faa0de0,Mobilewalla,https://www.crunchbase.com/organization/mobilewalla,Series A,"$4,000,000","Jan 12, 2013",Early Stage Venture,,Yes,5,1,"40,818"
Series B - Echodyne,https://www.crunchbase.com/funding_round/echodyne-series-b--da02513f,Echodyne,https://www.crunchbase.com/organization/echodyne,Series B,"$29,000,000","May 22, 2017",Early Stage Venture,,Yes,6,1,"40,972"
Seed Round - Matcherino,https://www.crunchbase.com/funding_round/matcherino-seed--220ad939,Matcherino,https://www.crunchbase.com/organization/matcherino,Seed,"$1,250,000","Dec 17, 2015",Seed,,Yes,4,,"42,873"
Series B - Wonder Workshop,https://www.crunchbase.com/funding_round/play-i-series-b--c30be204,Wonder Workshop,https://www.crunchbase.com/organization/play-i,Series B,"$20,000,000","Jul 28, 2016",Early Stage Venture,,Yes,7,1,"43,093"
Series A - MessageYes (formerly ReplyYes),https://www.crunchbase.com/funding_round/replyyes-series-a--c8bae096,MessageYes (formerly ReplyYes),https://www.crunchbase.com/organization/replyyes,Series A,"$6,500,000","Dec 16, 2016",Early Stage Venture,,Yes,6,2,"45,381"
Series F - Redfin,https://www.crunchbase.com/funding_round/redfin-series-f--851c7ce7,Redfin,https://www.crunchbase.com/organization/redfin,Series F,"$50,000,000","Nov 13, 2013",Late Stage Venture,,Yes,10,7,"48,523"
Seed Round - Booster Fuels,https://www.crunchbase.com/funding_round/booster-fuels-seed--4f311ecc,Booster Fuels,https://www.crunchbase.com/organization/booster-fuels,Seed,"$3,112,016","May 28, 2015",Seed,,Yes,3,,"49,056"
Series A - HelloTech,https://www.crunchbase.com/funding_round/hellotech-series-a--d3e0aa23,HelloTech,https://www.crunchbase.com/organization/hellotech,Series A,"$12,500,000","Sep 16, 2015",Early Stage Venture,,Yes,8,2,"50,804"
Series C - Terabeam,https://www.crunchbase.com/funding_round/terabeam-series-c--db139323,Terabeam,https://www.crunchbase.com/organization/terabeam,Series C,"$105,000,000","Apr 12, 2000",Late Stage Venture,,Yes,8,,"53,989"
Series C - World Wide Packets,https://www.crunchbase.com/funding_round/world-wide-packets-series-c--ba3e863c,World Wide Packets,https://www.crunchbase.com/organization/world-wide-packets,Series C,"$15,700,000","Jan 9, 2004",Late Stage Venture,,Yes,3,2,"154,721"
Seed Round - Union Bay Networks,https://www.crunchbase.com/funding_round/union-bay-networks-seed--29d27c7c,Union Bay Networks,https://www.crunchbase.com/organization/union-bay-networks,Seed,"$1,850,000","Jul 15, 2013",Seed,,Yes,4,2,"155,037"
Venture Round - SourceLabs,https://www.crunchbase.com/funding_round/sourcelabs-series-unknown--ba353ea8,SourceLabs,https://www.crunchbase.com/organization/sourcelabs,Venture - Series Unknown,"$7,000,000","Oct 1, 2006",,,Yes,3,,"155,438"
Series E - Impinj,https://www.crunchbase.com/funding_round/impinj-series-e--1efb5401,Impinj,https://www.crunchbase.com/organization/impinj,Series E,"$19,000,000","Mar 7, 2007",Late Stage Venture,,Yes,10,4,"155,444"
Series A - Apollo Media,https://www.crunchbase.com/funding_round/apollomedia-series-a--495d248c,Apollo Media,https://www.crunchbase.com/organization/apollomedia,Series A,"$1,200,000","Oct 29, 2007",Early Stage Venture,,Yes,2,,"155,528"
Venture Round - Mobilisafe,https://www.crunchbase.com/funding_round/mobilisafe-series-unknown--4461f99b,Mobilisafe,https://www.crunchbase.com/organization/mobilisafe,Venture - Series Unknown,"$1,200,000","May 1, 2011",,,Yes,2,2,"156,243"
Series A - iConclude,https://www.crunchbase.com/funding_round/iconclude-series-a--32cbd6f3,iConclude,https://www.crunchbase.com/organization/iconclude,Series A,"$3,000,000","Aug 31, 2005",Early Stage Venture,,Yes,1,1,"156,440"
Series A - Optify,https://www.crunchbase.com/funding_round/optify-series-a--98c4bfac,Optify,https://www.crunchbase.com/organization/optify,Series A,"$2,750,000","Oct 10, 2008",Early Stage Venture,,Yes,7,1,"157,100"
Series B - WildTangent,https://www.crunchbase.com/funding_round/wildtangent-series-b--2152c249,WildTangent,https://www.crunchbase.com/organization/wildtangent,Series B,"$17,000,000","Mar 1, 2000",Early Stage Venture,,Yes,3,2,"165,416"
Venture Round - Off & Away,https://www.crunchbase.com/funding_round/off-away-series-unknown--f9618f02,Off & Away,https://www.crunchbase.com/organization/off-away,Venture - Series Unknown,"$2,000,000","Oct 21, 2010",,,Yes,1,,"165,744"
"Venture Round - Intrepid Learning, Inc.",https://www.crunchbase.com/funding_round/intrepid-learning-inc-series-unknown--a1ed98aa,"Intrepid Learning, Inc.",https://www.crunchbase.com/organization/intrepid-learning-inc,Venture - Series Unknown,"$4,250,000","Feb 17, 2004",,,Yes,4,1,"166,918"
Series B - Cedexis,https://www.crunchbase.com/funding_round/cedexis-series-b--45552074,Cedexis,https://www.crunchbase.com/organization/cedexis,Series B,"$22,000,000","Jan 26, 2016",Early Stage Venture,,Yes,6,2,"167,968"
Series A - Seeq,https://www.crunchbase.com/funding_round/seeq-series-a--8ab9714e,Seeq,https://www.crunchbase.com/organization/seeq,Series A,"$6,000,000","Nov 5, 2013",Early Stage Venture,,Yes,5,,"169,693"
Series D - Rover.com,https://www.crunchbase.com/funding_round/rover-com-series-d--8fdba26c,Rover.com,https://www.crunchbase.com/organization/rover-com,Series D,"$25,000,000","Mar 19, 2015",Late Stage Venture,,Yes,5,5,"170,439"
Series C - Skytap,https://www.crunchbase.com/funding_round/skytap-series-c--27694e20,Skytap,https://www.crunchbase.com/organization/skytap,Series C,"$10,000,000","Dec 31, 2010",Late Stage Venture,,Yes,4,4,"170,909"
Series B - AdReady,https://www.crunchbase.com/funding_round/adready-series-b--aa143501,AdReady,https://www.crunchbase.com/organization/adready,Series B,"$10,000,000","Dec 1, 2007",Early Stage Venture,,Yes,3,3,"171,395"
Venture Round - Airbiquity,https://www.crunchbase.com/funding_round/airbiquity-series-unknown--29ed01b2,Airbiquity,https://www.crunchbase.com/organization/airbiquity,Venture - Series Unknown,"$17,500,000","Mar 28, 2000",,,Yes,2,,"171,682"
Venture Round - PhotoWorks,https://www.crunchbase.com/funding_round/photoworks-series-unknown--b185413f,PhotoWorks,https://www.crunchbase.com/organization/photoworks,Venture - Series Unknown,"$6,500,000","Dec 22, 2004",,,Yes,3,1,"173,016"
Series B - Inkd.com,https://www.crunchbase.com/funding_round/inkd-series-b--64e806a6,Inkd.com,https://www.crunchbase.com/organization/inkd,Series B,"$3,500,000","Jun 28, 2011",Early Stage Venture,,Yes,5,,"173,241"
Series B - Eventbase,https://www.crunchbase.com/funding_round/eventbase-series-b--3d29a748,Eventbase,https://www.crunchbase.com/organization/eventbase,Series B,"$6,000,000","Dec 8, 2015",Early Stage Venture,,Yes,1,1,"175,406"
Venture Round - 2nd Watch,https://www.crunchbase.com/funding_round/2nd-watch-series-unknown--da2b4290,2nd Watch,https://www.crunchbase.com/organization/2nd-watch,Venture - Series Unknown,"$4,200,000","Dec 21, 2012",,,Yes,1,1,"176,809"
Series B - Boomerang Commerce,https://www.crunchbase.com/funding_round/boomerang-commerce-series-b--88c41d27,Boomerang Commerce,https://www.crunchbase.com/organization/boomerang-commerce,Series B,"$12,000,000","Jan 14, 2016",Early Stage Venture,,Yes,3,3,"177,432"
Venture Round - SchemaLogic,https://www.crunchbase.com/funding_round/schemalogic-series-unknown--7684c23a,SchemaLogic,https://www.crunchbase.com/organization/schemalogic,Venture - Series Unknown,"$4,600,000","Jan 17, 2005",,,Yes,2,,"179,033"
Series A - Appature,https://www.crunchbase.com/funding_round/appature-inc-series-a--52d851cf,Appature,https://www.crunchbase.com/organization/appature-inc,Series A,"$3,500,000","Dec 7, 2009",Early Stage Venture,,Yes,3,2,"180,578"
Series B - MaxPoint Interactive,https://www.crunchbase.com/funding_round/maxpoint-interactive-series-b--a5f195ed,MaxPoint Interactive,https://www.crunchbase.com/organization/maxpoint-interactive,Series B,"$8,000,000","Mar 1, 2011",Early Stage Venture,,Yes,2,1,"180,972"
Seed Round - Algorithmia,https://www.crunchbase.com/funding_round/algorithmia-seed--c7ae71c1,Algorithmia,https://www.crunchbase.com/organization/algorithmia,Seed,"$2,400,000","Aug 18, 2014",Seed,,Yes,7,,"114,327"
Series C - World Wide Packets,https://www.crunchbase.com/funding_round/world-wide-packets-series-c--f44ec56b,World Wide Packets,https://www.crunchbase.com/organization/world-wide-packets,Series C,"$8,700,000","Mar 8, 2004",Late Stage Venture,,Yes,5,2,"115,483"
Series B - Talisma,https://www.crunchbase.com/funding_round/talisma-series-b--2c26244a,Talisma,https://www.crunchbase.com/organization/talisma,Series B,"$12,300,000","Feb 14, 2001",Early Stage Venture,,Yes,5,3,"115,658"
Series A - Wrench,https://www.crunchbase.com/funding_round/wrench-series-a--2a605b19,Wrench,https://www.crunchbase.com/organization/wrench,Series A,"$4,000,000","Mar 28, 2017",Early Stage Venture,,Yes,1,,"120,207"
Series A - Booster Fuels,https://www.crunchbase.com/funding_round/booster-fuels-series-a--f5002dc9,Booster Fuels,https://www.crunchbase.com/organization/booster-fuels,Series A,"$9,000,000","Jan 28, 2016",Early Stage Venture,,Yes,5,3,"56,571"
Series A - Mercent Corporation,https://www.crunchbase.com/funding_round/mercentcorporation-series-a--e643155c,Mercent Corporation,https://www.crunchbase.com/organization/mercentcorporation,Series A,,"Jan 19, 2005",Early Stage Venture,,Yes,1,,"121,790"
Series B - Skytap,https://www.crunchbase.com/funding_round/skytap-series-b--0821b8c3,Skytap,https://www.crunchbase.com/organization/skytap,Series B,"$7,000,000","Mar 16, 2009",Early Stage Venture,,Yes,3,4,"126,512"
Series A - Igneous Systems,https://www.crunchbase.com/funding_round/igneous-systems-series-a--05550891,Igneous Systems,https://www.crunchbase.com/organization/igneous-systems,Series A,"$23,600,000","May 6, 2014",Early Stage Venture,,Yes,4,,"128,843"
Series C - RuleSpace,https://www.crunchbase.com/funding_round/rulespace-series-c--64ccd901,RuleSpace,https://www.crunchbase.com/organization/rulespace,Series C,"$12,000,000","Aug 21, 2000",Late Stage Venture,,Yes,3,,"134,159"
Series B - Rover.com,https://www.crunchbase.com/funding_round/rover-com-series-b--494e41d9,Rover.com,https://www.crunchbase.com/organization/rover-com,Series B,"$7,000,000","Feb 4, 2013",Early Stage Venture,,Yes,2,2,"57,135"
Series E - Rover.com,https://www.crunchbase.com/funding_round/rover-com-series-e--cd251121,Rover.com,https://www.crunchbase.com/organization/rover-com,Series E,"$40,000,000","Sep 9, 2016",Late Stage Venture,,Yes,3,2,"57,170"
Series C - Qumulo,https://www.crunchbase.com/funding_round/qumulo-series-c--c35b7d3c,Qumulo,https://www.crunchbase.com/organization/qumulo,Series C,"$32,500,000","Jun 2, 2016",Late Stage Venture,,Yes,7,2,"135,138"
Seed Round - XNOR.ai,https://www.crunchbase.com/funding_round/xnor-ai-seed--cb5258be,XNOR.ai,https://www.crunchbase.com/organization/xnor-ai,Seed,"$2,600,000","Feb 2, 2017",Seed,,Yes,2,,"136,691"
Venture Round - Employease,https://www.crunchbase.com/funding_round/employease-series-unknown--135f269f,Employease,https://www.crunchbase.com/organization/employease,Venture - Series Unknown,"$20,000,000","May 11, 2000",,,Yes,6,,"136,984"
Series D - Isilon Systems,https://www.crunchbase.com/funding_round/isilon-series-d--757391ba,Isilon Systems,https://www.crunchbase.com/organization/isilon,Series D,"$20,000,000","May 25, 2005",Late Stage Venture,,Yes,5,1,"137,015"
Series A - Corensic,https://www.crunchbase.com/funding_round/petravm-series-a--c433dcb4,Corensic,https://www.crunchbase.com/organization/petravm,Series A,"$1,500,000","Jan 21, 2009",Early Stage Venture,,Yes,3,,"138,987"
Series B - Redfin,https://www.crunchbase.com/funding_round/redfin-series-b--42023839,Redfin,https://www.crunchbase.com/organization/redfin,Series B,"$8,000,000","May 1, 2006",Early Stage Venture,,Yes,4,5,"140,063"
Venture Round - Appliant.com,https://www.crunchbase.com/funding_round/appliant-com-series-unknown--6eda008f,Appliant.com,https://www.crunchbase.com/organization/appliant-com,Venture - Series Unknown,"$20,000,000","May 16, 2000",,,Yes,7,,"140,504"
Series E - Apptio,https://www.crunchbase.com/funding_round/apptio-series-e--6e9f0142,Apptio,https://www.crunchbase.com/organization/apptio,Series E,"$45,000,000","May 15, 2013",Late Stage Venture,,Yes,7,5,"140,529"
Series A - CTC Technical Fabrics,https://www.crunchbase.com/funding_round/ctc-technical-fabrics-series-a--0845226b,CTC Technical Fabrics,https://www.crunchbase.com/organization/ctc-technical-fabrics,Series A,,"Jan 25, 2010",Early Stage Venture,,Yes,5,,"141,891"
Seed Round - Pro.com,https://www.crunchbase.com/funding_round/pro-com-seed--731acf31,Pro.com,https://www.crunchbase.com/organization/pro-com,Seed,"$3,500,000","May 13, 2014",Seed,,Yes,7,2,"142,254"
Venture Round - Redfin,https://www.crunchbase.com/funding_round/redfin-series-unknown--48692a0b,Redfin,https://www.crunchbase.com/organization/redfin,Venture - Series Unknown,"$1,250,000","Jan 9, 2006",,,Yes,1,1,"142,257"
Series D - Apptio,https://www.crunchbase.com/funding_round/apptio-series-d--d9de95e4,Apptio,https://www.crunchbase.com/organization/apptio,Series D,"$50,000,000","Mar 15, 2012",Late Stage Venture,,Yes,5,5,"58,293"
Series C - Rover.com,https://www.crunchbase.com/funding_round/rover-com-series-c--1a55616c,Rover.com,https://www.crunchbase.com/organization/rover-com,Series C,"$12,000,000","Mar 12, 2014",Late Stage Venture,,Yes,4,4,"58,429"
Venture Round - Cheezburger,https://www.crunchbase.com/funding_round/pet-holdings-inc-series-unknown--c3514440,Cheezburger,https://www.crunchbase.com/organization/pet-holdings-inc,Venture - Series Unknown,"$5,000,000","Dec 29, 2012",,,Yes,4,3,"142,842"
Series B - Farecast,https://www.crunchbase.com/funding_round/farecast-series-b--7c697c93,Farecast,https://www.crunchbase.com/organization/farecast,Series B,"$7,000,000","Jul 1, 2005",Early Stage Venture,,Yes,3,2,"59,219"
Series C - 2nd Watch,https://www.crunchbase.com/funding_round/2nd-watch-series-c--08108acd,2nd Watch,https://www.crunchbase.com/organization/2nd-watch,Series C,"$10,000,000","Oct 14, 2014",Late Stage Venture,,Yes,3,2,"59,342"
Series A - Cedexis,https://www.crunchbase.com/funding_round/cedexis-series-a--bc27fc5a,Cedexis,https://www.crunchbase.com/organization/cedexis,Series A,"$11,200,000","Aug 11, 2011",Early Stage Venture,,Yes,2,1,"60,004"
Series A - Skytap,https://www.crunchbase.com/funding_round/skytap-series-a--d31ac0d5,Skytap,https://www.crunchbase.com/organization/skytap,Series A,"$6,000,000","Aug 1, 2007",Early Stage Venture,,Yes,4,4,"146,152"
Series B - Wireless Services Corporation,https://www.crunchbase.com/funding_round/wireless-services-corporation-series-b--ba2fb78c,Wireless Services Corporation,https://www.crunchbase.com/organization/wireless-services-corporation,Series B,"$8,500,000","Jun 25, 2004",Early Stage Venture,,Yes,4,,"146,353"
Series B - buuteeq,https://www.crunchbase.com/funding_round/buuteeq-series-b--e580eab2,buuteeq,https://www.crunchbase.com/organization/buuteeq,Series B,"$10,000,000","Sep 20, 2012",Early Stage Venture,,Yes,2,2,"146,429"
Series C - Julep,https://www.crunchbase.com/funding_round/julep-series-c--bfc17ae8,Julep,https://www.crunchbase.com/organization/julep,Series C,"$30,000,000","Apr 14, 2014",Late Stage Venture,,Yes,8,3,"90,514"
Seed Round - iConclude,https://www.crunchbase.com/funding_round/iconclude-seed--871b5fcb,iConclude,https://www.crunchbase.com/organization/iconclude,Seed,"$500,000","Feb 1, 2005",Seed,,Yes,1,1,"90,908"
Series B - Nimble Technology,https://www.crunchbase.com/funding_round/nimble-technology-series-b--aea4d094,Nimble Technology,https://www.crunchbase.com/organization/nimble-technology,Series B,"$16,000,000","Apr 24, 2000",Early Stage Venture,,Yes,3,2,"61,116"
Series A - Ticketure,https://www.crunchbase.com/funding_round/area360-series-a--6aab68f1,Ticketure,https://www.crunchbase.com/organization/area360,Series A,"$5,500,000","Sep 2, 2015",Early Stage Venture,,Yes,1,,"149,170"
Seed Round - Wrench,https://www.crunchbase.com/funding_round/wrench-seed--688b7d7a,Wrench,https://www.crunchbase.com/organization/wrench,Seed,"$1,200,000","Jun 21, 2016",Seed,,Yes,2,,"149,438"
Venture Round - Mercent Corporation,https://www.crunchbase.com/funding_round/mercentcorporation-series-unknown--df304cfc,Mercent Corporation,https://www.crunchbase.com/organization/mercentcorporation,Venture - Series Unknown,"$4,000,000","Jan 8, 2007",,,Yes,2,2,"61,329"
Seed Round - ResolutionTube,https://www.crunchbase.com/funding_round/resolutiontube-seed--7216cd27,ResolutionTube,https://www.crunchbase.com/organization/resolutiontube,Seed,"$1,900,000","Dec 19, 2013",Seed,,Yes,7,1,"61,460"
Series B - Mixpo,https://www.crunchbase.com/funding_round/mixpo-series-b--4223afe1,Mixpo,https://www.crunchbase.com/organization/mixpo,Series B,"$4,000,000","Feb 3, 2009",Early Stage Venture,,Yes,3,3,"151,098"
Series A - Amperity,https://www.crunchbase.com/funding_round/amperity-series-a--3463ee69,Amperity,https://www.crunchbase.com/organization/amperity,Series A,"$9,000,000","Feb 5, 2016",Early Stage Venture,,Yes,11,2,"151,222"
Series C - Decide,https://www.crunchbase.com/funding_round/decide-com-series-c--3cde70a0,Decide,https://www.crunchbase.com/organization/decide-com,Series C,"$8,000,000","Mar 1, 2013",Late Stage Venture,,Yes,3,3,"151,403"
Series B - Jama Software,https://www.crunchbase.com/funding_round/jama-software-series-b--dbce30eb,Jama Software,https://www.crunchbase.com/organization/jama-software,Series B,"$13,000,000","Aug 19, 2013",Early Stage Venture,,Yes,3,2,"92,960"
Seed Round - Placed,https://www.crunchbase.com/funding_round/placed-seed--faeb29ea,Placed,https://www.crunchbase.com/organization/placed,Seed,,"Apr 26, 2011",Seed,,Yes,1,2,"151,536"
Venture Round - TripHub,https://www.crunchbase.com/funding_round/triphub-series-unknown--3106f554,TripHub,https://www.crunchbase.com/organization/triphub,Venture - Series Unknown,,"Feb 17, 2000",,,Yes,3,,"152,230"
Series A - Impinj,https://www.crunchbase.com/funding_round/impinj-series-a--bf0d5a7e,Impinj,https://www.crunchbase.com/organization/impinj,Series A,"$15,000,000","Sep 1, 2000",Early Stage Venture,,Yes,2,,"152,497"
Series B - Nimbic,https://www.crunchbase.com/funding_round/physware-series-b--c6ccf10e,Nimbic,https://www.crunchbase.com/organization/physware,Series B,"$6,900,000","Jun 2, 2011",Early Stage Venture,,Yes,3,2,"152,513"
Series C - Isilon Systems,https://www.crunchbase.com/funding_round/isilon-series-c--917f1a7d,Isilon Systems,https://www.crunchbase.com/organization/isilon,Series C,"$15,500,000","Mar 31, 2004",Late Stage Venture,,Yes,4,1,"152,631"
Series B - Z2,https://www.crunchbase.com/funding_round/z2-series-b--d8d10290,Z2,https://www.crunchbase.com/organization/z2,Series B,"$2,499,999","Mar 30, 2011",Early Stage Venture,,Yes,2,2,"82,926"
Series A - Bizible,https://www.crunchbase.com/funding_round/bizible-series-a--b15b8200,Bizible,https://www.crunchbase.com/organization/bizible,Series A,"$2,200,000","Nov 26, 2012",Early Stage Venture,,Yes,5,2,"83,032"
Series D - ShareBuilder,https://www.crunchbase.com/funding_round/sharebuilder-series-d--5eb3f307,ShareBuilder,https://www.crunchbase.com/organization/sharebuilder,Series D,"$20,000,000","Nov 5, 2001",Late Stage Venture,,Yes,4,1,"84,321"
Series A - Fishmonger.com,https://www.crunchbase.com/funding_round/fishmonger-com-series-a--684b55b8,Fishmonger.com,https://www.crunchbase.com/organization/fishmonger-com,Series A,"$2,200,000","Feb 25, 2000",Early Stage Venture,,Yes,3,,"61,741"
Series A - Tier 3,https://www.crunchbase.com/funding_round/tier-3-2-series-a--d807a860,Tier 3,https://www.crunchbase.com/organization/tier-3-2,Series A,"$8,500,000","Mar 9, 2011",Early Stage Venture,,Yes,2,3,"95,334"
Seed Round - Haiku Deck,https://www.crunchbase.com/funding_round/haiku-deck-seed--5a28db41,Haiku Deck,https://www.crunchbase.com/organization/haiku-deck,Seed,"$600,000","Apr 15, 2011",Seed,,Yes,3,1,"86,814"
Series B - Mighty AI,https://www.crunchbase.com/funding_round/spare5-series-b--37146382,Mighty AI,https://www.crunchbase.com/organization/spare5,Series B,"$14,000,000","Jan 10, 2017",Early Stage Venture,,Yes,6,1,"62,684"
Series C - Skytap,https://www.crunchbase.com/funding_round/skytap-series-c--6afb80b8,Skytap,https://www.crunchbase.com/organization/skytap,Series C,"$6,450,000","Feb 5, 2014",Late Stage Venture,,Yes,4,5,"96,065"
Series D - Skytap,https://www.crunchbase.com/funding_round/skytap-series-d--06bfd7c0,Skytap,https://www.crunchbase.com/organization/skytap,Series D,"$35,000,000","Dec 18, 2014",Late Stage Venture,,Yes,5,4,"96,497"
Venture Round - Wireless Services Corporation,https://www.crunchbase.com/funding_round/wireless-services-corporation-series-unknown--896387cb,Wireless Services Corporation,https://www.crunchbase.com/organization/wireless-services-corporation,Venture - Series Unknown,,"Nov 9, 2000",,,Yes,3,,"96,971"
Series B - Lumo Bodytech,https://www.crunchbase.com/funding_round/lumoback-series-b--8f5fcc05,Lumo Bodytech,https://www.crunchbase.com/organization/lumoback,Series B,"$10,000,000","Nov 3, 2015",Early Stage Venture,,Yes,6,2,"90,099"
Series B - Classmates.com,https://www.crunchbase.com/funding_round/classmates-com-series-b--aa2efce9,Classmates.com,https://www.crunchbase.com/organization/classmates-com,Series B,"$11,000,000","Jan 7, 2000",Early Stage Venture,,Yes,3,,"90,317"
Venture Round - Cape Productions,https://www.crunchbase.com/funding_round/cape-productions-series-unknown--156e4fbc,Cape Productions,https://www.crunchbase.com/organization/cape-productions,Venture - Series Unknown,"$10,000,000","Oct 13, 2015",,,Yes,5,,"63,592"
Series A - Heptio,https://www.crunchbase.com/funding_round/heptio-series-a--8274de24,Heptio,https://www.crunchbase.com/organization/heptio,Series A,"$8,500,000","Nov 17, 2016",Early Stage Venture,,Yes,2,,"63,609"
Private Equity Round - Impinj,https://www.crunchbase.com/funding_round/impinj-private-equity--6a1a5a91,Impinj,https://www.crunchbase.com/organization/impinj,Private Equity,"$21,000,000","Jul 26, 2012",Private Equity,,Yes,7,3,"97,657"
Series C - Apptio,https://www.crunchbase.com/funding_round/apptio-series-c--062fbcac,Apptio,https://www.crunchbase.com/organization/apptio,Series C,"$20,000,000","Aug 31, 2010",Late Stage Venture,,Yes,5,5,"97,712"
Series C - AdReady,https://www.crunchbase.com/funding_round/adready-series-c--75e76f5e,AdReady,https://www.crunchbase.com/organization/adready,Series C,"$5,300,000","Apr 30, 2010",Late Stage Venture,,Yes,3,2,"93,674"
Series E - Aventail,https://www.crunchbase.com/funding_round/aventail-series-e--ec522d50,Aventail,https://www.crunchbase.com/organization/aventail,Series E,"$48,000,000","Jul 11, 2001",Late Stage Venture,,Yes,11,,"93,840"
Series A - Nimbic,https://www.crunchbase.com/funding_round/physware-series-a--19005d32,Nimbic,https://www.crunchbase.com/organization/physware,Series A,"$2,500,000","Feb 13, 2008",Early Stage Venture,,Yes,2,2,"94,861"
Series A - Indochino,https://www.crunchbase.com/funding_round/indochino-series-a--ab05f72b,Indochino,https://www.crunchbase.com/organization/indochino,Series A,"$4,000,000","Mar 29, 2011",Early Stage Venture,,Yes,2,2,"95,046"
Seed Round - ExtraHop Networks,https://www.crunchbase.com/funding_round/extrahop-networks-seed--33aebca0,ExtraHop Networks,https://www.crunchbase.com/organization/extrahop-networks,Seed,"$1,500,000","Nov 20, 2007",Seed,,Yes,1,,"193,966"
Seed Round - Jintronix,https://www.crunchbase.com/funding_round/jintronix-seed--fba283da,Jintronix,https://www.crunchbase.com/organization/jintronix,Seed,"$1,300,000","Nov 19, 2012",Seed,,Yes,1,1,"64,780"
Series B - Tier 3,https://www.crunchbase.com/funding_round/tier-3-2-series-b--698add79,Tier 3,https://www.crunchbase.com/organization/tier-3-2,Series B,"$10,000,000","Oct 4, 2012",Early Stage Venture,,Yes,3,2,"101,694"
Series C - M87,https://www.crunchbase.com/funding_round/m87-series-c--87ecc21f,M87,https://www.crunchbase.com/organization/m87,Series C,"$5,000,000","Nov 17, 2016",Late Stage Venture,,Yes,3,,"154,390"
Venture Round - 2nd Watch,https://www.crunchbase.com/funding_round/2nd-watch-series-unknown--b0bd8df1,2nd Watch,https://www.crunchbase.com/organization/2nd-watch,Venture - Series Unknown,"$23,000,000","Nov 5, 2013",,,Yes,2,1,"64,862"
Series A - Talisma,https://www.crunchbase.com/funding_round/talisma-series-a--ee60153d,Talisma,https://www.crunchbase.com/organization/talisma,Series A,"$31,500,000","Oct 5, 2000",Early Stage Venture,,Yes,5,2,"65,097"
Series D - Impinj,https://www.crunchbase.com/funding_round/impinj-series-d--8b940324,Impinj,https://www.crunchbase.com/organization/impinj,Series D,"$26,500,000","Dec 16, 2005",Late Stage Venture,,Yes,8,3,"65,348"
Series D - Rover.com,https://www.crunchbase.com/funding_round/rover-com-series-d--b8ffb396,Rover.com,https://www.crunchbase.com/organization/rover-com,Series D,,"Nov 4, 2014",Late Stage Venture,,Yes,4,4,"65,528"
Series B - Imandi,https://www.crunchbase.com/funding_round/imandi-series-b--10521a92,Imandi,https://www.crunchbase.com/organization/imandi,Series B,"$20,000,000","Jun 15, 2000",Early Stage Venture,,Yes,6,,"119,076"
Series E - Redfin,https://www.crunchbase.com/funding_round/redfin-series-e--8971121c,Redfin,https://www.crunchbase.com/organization/redfin,Series E,"$14,800,000","Oct 27, 2011",Late Stage Venture,,Yes,6,6,"119,293"
Venture Round - Integris Software,https://www.crunchbase.com/funding_round/integris-software-series-unknown--b2d04192,Integris Software,https://www.crunchbase.com/organization/integris-software,Venture - Series Unknown,"$3,000,000","May 10, 2016",,,Yes,4,1,"105,996"
Series A - ShopIgniter,https://www.crunchbase.com/funding_round/shopigniter-series-a--2e7600b0,ShopIgniter,https://www.crunchbase.com/organization/shopigniter,Series A,"$3,000,000","Mar 3, 2010",Early Stage Venture,,Yes,1,1,"106,405"
Series B - Keystroke.com,https://www.crunchbase.com/funding_round/keystroke-com-series-b--531341b4,Keystroke.com,https://www.crunchbase.com/organization/keystroke-com,Series B,"$14,000,000","Mar 21, 2000",Early Stage Venture,,Yes,6,,"195,091"
Seed Round - Mighty AI,https://www.crunchbase.com/funding_round/spare5-seed--d0496439,Mighty AI,https://www.crunchbase.com/organization/spare5,Seed,"$3,250,000","Dec 7, 2014",Seed,,Yes,3,1,"195,206"
Series E - Accolade,https://www.crunchbase.com/funding_round/accolade-series-e--d8024285,Accolade,https://www.crunchbase.com/organization/accolade,Series E,"$71,100,000","Aug 10, 2016",Late Stage Venture,,Yes,2,,"195,215"
Series A - OPAL,https://www.crunchbase.com/funding_round/opal-series-a--572e904d,OPAL,https://www.crunchbase.com/organization/opal,Series A,"$8,000,000","Sep 18, 2014",Early Stage Venture,,Yes,5,4,"107,576"
"Seed Round - Pixvana, Inc.",https://www.crunchbase.com/funding_round/pixvana-inc-seed--65477026,"Pixvana, Inc.",https://www.crunchbase.com/organization/pixvana-inc,Seed,"$6,000,000","Dec 14, 2015",Seed,,Yes,2,,"195,639"
Venture Round - WorldCatch.com,https://www.crunchbase.com/funding_round/worldcatch-com-series-unknown--a2f0ccea,WorldCatch.com,https://www.crunchbase.com/organization/worldcatch-com,Venture - Series Unknown,"$4,200,000","Aug 21, 2000",,,Yes,3,1,"108,181"
Series B - vLinx,https://www.crunchbase.com/funding_round/vlinx-series-b--e2457b25,vLinx,https://www.crunchbase.com/organization/vlinx,Series B,"$10,000,000","May 2, 2000",Early Stage Venture,,Yes,3,1,"119,523"
Series A - Haiku Deck,https://www.crunchbase.com/funding_round/haiku-deck-series-a--6830a86d,Haiku Deck,https://www.crunchbase.com/organization/haiku-deck,Series A,"$3,000,000","Apr 3, 2013",Early Stage Venture,,Yes,5,2,"119,806"
Series B - Rendition Networks,https://www.crunchbase.com/funding_round/rendition-networks-3-series-b--d210a1a4,Rendition Networks,https://www.crunchbase.com/organization/rendition-networks-3,Series B,"$20,000,000","Jun 1, 2000",Early Stage Venture,"$60,000,000",Yes,7,,"108,553"
Series C - Netstock Direct,https://www.crunchbase.com/funding_round/netstock-direct-series-c--8c9e6735,Netstock Direct,https://www.crunchbase.com/organization/netstock-direct,Series C,"$30,000,000","Apr 17, 2000",Late Stage Venture,,Yes,8,,"108,561"
Series C - Talisma,https://www.crunchbase.com/funding_round/talisma-series-c--f635da80,Talisma,https://www.crunchbase.com/organization/talisma,Series C,"$10,000,000","Oct 30, 2001",Late Stage Venture,,Yes,5,1,"108,807"
Series B - ePolicy,https://www.crunchbase.com/funding_round/epolicy-inc-series-b--3dd9fcac,ePolicy,https://www.crunchbase.com/organization/epolicy-inc,Series B,"$39,000,000","Jun 27, 2000",Early Stage Venture,,Yes,6,,"196,820"
Seed Round - Wonder Workshop,https://www.crunchbase.com/funding_round/play-i-seed--76433b83,Wonder Workshop,https://www.crunchbase.com/organization/play-i,Seed,"$1,000,000","May 1, 2013",Seed,,Yes,10,,"197,034"
Series D - World Wide Packets,https://www.crunchbase.com/funding_round/world-wide-packets-series-d--05a25707,World Wide Packets,https://www.crunchbase.com/organization/world-wide-packets,Series D,"$25,500,000","Dec 5, 2005",Late Stage Venture,,Yes,6,2,"109,022"
Series B - PayScale,https://www.crunchbase.com/funding_round/payscale-series-b--cedf7582,PayScale,https://www.crunchbase.com/organization/payscale,Series B,"$7,000,000","Oct 1, 2005",Early Stage Venture,,Yes,4,4,"109,024"
Series B - Mercent Corporation,https://www.crunchbase.com/funding_round/mercentcorporation-series-b--7a05b567,Mercent Corporation,https://www.crunchbase.com/organization/mercentcorporation,Series B,"$6,500,000","Jan 15, 2008",Early Stage Venture,,Yes,3,3,"109,110"
Venture Round - ePartners,https://www.crunchbase.com/funding_round/epartners-series-unknown--1ccee8cf,ePartners,https://www.crunchbase.com/organization/epartners,Venture - Series Unknown,"$25,000,000","Aug 22, 2005",,,Yes,8,,"197,224"
Venture Round - Gear.com,https://www.crunchbase.com/funding_round/gear-com-series-unknown--60e7140f,Gear.com,https://www.crunchbase.com/organization/gear-com,Venture - Series Unknown,"$12,000,000","Jul 7, 2000",,,Yes,5,,"197,475"
Series B - Yieldex,https://www.crunchbase.com/funding_round/yieldex-series-b--b7487c7f,Yieldex,https://www.crunchbase.com/organization/yieldex,Series B,"$8,500,000","Feb 18, 2009",Early Stage Venture,,Yes,4,2,"197,538"
Series C - Impinj,https://www.crunchbase.com/funding_round/impinj-series-c--f2c97515,Impinj,https://www.crunchbase.com/organization/impinj,Series C,"$22,000,000","Jul 13, 2004",Late Stage Venture,,Yes,5,3,"197,561"
Seed Round - Evocalize,https://www.crunchbase.com/funding_round/evocalize-seed--449e1ca3,Evocalize,https://www.crunchbase.com/organization/evocalize,Seed,"$3,000,000","Jan 16, 2014",Seed,,Yes,1,1,"109,701"
Series B - Qumulo,https://www.crunchbase.com/funding_round/qumulo-series-b--3be9a95f,Qumulo,https://www.crunchbase.com/organization/qumulo,Series B,"$40,000,000","Feb 4, 2015",Early Stage Venture,,Yes,4,2,"110,151"
Series A - Local Marketers,https://www.crunchbase.com/funding_round/local-marketers-series-a--d6076533,Local Marketers,https://www.crunchbase.com/organization/local-marketers,Series A,"$4,099,999","Jul 30, 2008",Early Stage Venture,,Yes,1,1,"110,349"
Series B - Animoto,https://www.crunchbase.com/funding_round/animoto-series-b--9dfaeccd,Animoto,https://www.crunchbase.com/organization/animoto,Series B,"$4,400,000","Jun 18, 2009",Early Stage Venture,,Yes,4,2,"199,164"
Series B - Turi,https://www.crunchbase.com/funding_round/graphlab-series-b--f9d9a7f1,Turi,https://www.crunchbase.com/organization/graphlab,Series B,"$18,500,000","Jan 8, 2015",Early Stage Venture,,Yes,4,2,"110,708"
Series B - Placed,https://www.crunchbase.com/funding_round/placed-series-b--7a280154,Placed,https://www.crunchbase.com/organization/placed,Series B,"$10,000,000","Jun 10, 2014",Early Stage Venture,,Yes,2,3,"111,338"
Series A - Mixpo,https://www.crunchbase.com/funding_round/mixpo-series-a--a97e50ab,Mixpo,https://www.crunchbase.com/organization/mixpo,Series A,"$6,500,000","Jan 1, 2006",Early Stage Venture,,Yes,3,3,"200,212"
Series D - WildTangent,https://www.crunchbase.com/funding_round/wildtangent-series-d--0a57d913,WildTangent,https://www.crunchbase.com/organization/wildtangent,Series D,"$16,500,000","May 13, 2004",Late Stage Venture,,Yes,7,3,"111,754"
Series B - ExtraHop Networks,https://www.crunchbase.com/funding_round/extrahop-networks-series-b--740f0e44,ExtraHop Networks,https://www.crunchbase.com/organization/extrahop-networks,Series B,"$14,000,000","May 3, 2011",Early Stage Venture,,Yes,2,3,"200,718"
Venture Round - Nimbic,https://www.crunchbase.com/funding_round/physware-series-unknown--6b7b81c2,Nimbic,https://www.crunchbase.com/organization/physware,Venture - Series Unknown,"$444,000","Jan 1, 2012",,,Yes,2,1,"68,838"
Series C - Redfin,https://www.crunchbase.com/funding_round/redfin-series-c--550a1ea9,Redfin,https://www.crunchbase.com/organization/redfin,Series C,"$12,000,000","Jul 1, 2007",Late Stage Venture,,Yes,5,4,"201,402"
Series C - Employease,https://www.crunchbase.com/funding_round/employease-series-c--85aa7fa3,Employease,https://www.crunchbase.com/organization/employease,Series C,"$10,000,000","Oct 26, 2001",Late Stage Venture,,Yes,5,,"113,414"
Series B - Z2,https://www.crunchbase.com/funding_round/z2-series-b--3c3081dd,Z2,https://www.crunchbase.com/organization/z2,Series B,"$3,000,000","Aug 1, 2009",Early Stage Venture,,Yes,1,1,"201,465"
Series A - Echodyne,https://www.crunchbase.com/funding_round/echodyne-series-a--70fec8da,Echodyne,https://www.crunchbase.com/organization/echodyne,Series A,"$15,000,000","Dec 19, 2014",Early Stage Venture,,Yes,5,1,"202,418"
"Series A - iSpot.tv, Inc.",https://www.crunchbase.com/funding_round/ispot-tv-series-a--d56056ec,"iSpot.tv, Inc.",https://www.crunchbase.com/organization/ispot-tv,Series A,"$5,325,000","Oct 8, 2013",Early Stage Venture,,Yes,2,,"121,223"
Series B - Impinj,https://www.crunchbase.com/funding_round/impinj-series-b--6e0556f6,Impinj,https://www.crunchbase.com/organization/impinj,Series B,"$14,000,000","May 24, 2002",Early Stage Venture,,Yes,3,3,"121,386"
Series C - ShareBuilder,https://www.crunchbase.com/funding_round/sharebuilder-series-c--1b07fd08,ShareBuilder,https://www.crunchbase.com/organization/sharebuilder,Series C,"$30,000,000","Apr 17, 2000",Late Stage Venture,,Yes,6,1,"121,402"
Series B - Rover.com,https://www.crunchbase.com/funding_round/rover-com-series-b--97029eb3,Rover.com,https://www.crunchbase.com/organization/rover-com,Series B,"$3,500,000","Jul 30, 2013",Early Stage Venture,,Yes,4,2,"160,425"
Series D - 2nd Watch,https://www.crunchbase.com/funding_round/2nd-watch-series-d--5f1cf364,2nd Watch,https://www.crunchbase.com/organization/2nd-watch,Series D,"$19,000,000","Mar 2, 2017",Late Stage Venture,,Yes,4,2,"160,891"
Venture Round - World Wide Packets,https://www.crunchbase.com/funding_round/world-wide-packets-series-unknown--94d0e45d,World Wide Packets,https://www.crunchbase.com/organization/world-wide-packets,Venture - Series Unknown,"$7,500,000","May 29, 2007",,,Yes,5,2,"160,921"
Series A - Off & Away,https://www.crunchbase.com/funding_round/off-away-series-a--102bd9f2,Off & Away,https://www.crunchbase.com/organization/off-away,Series A,"$1,250,000","May 3, 2010",Early Stage Venture,,Yes,1,,"162,126"
Series B - Apptio,https://www.crunchbase.com/funding_round/apptio-series-b--36955f18,Apptio,https://www.crunchbase.com/organization/apptio,Series B,"$14,000,000","Aug 18, 2009",Early Stage Venture,,Yes,4,5,"162,141"
Series A - SNUPI Technologies,https://www.crunchbase.com/funding_round/snupi-technologies-series-a--24e93235,SNUPI Technologies,https://www.crunchbase.com/organization/snupi-technologies,Series A,"$7,533,773","Jan 13, 2014",Early Stage Venture,,Yes,2,1,"162,269"
Series B - Jambool,https://www.crunchbase.com/funding_round/jambool-series-b--6d17da69,Jambool,https://www.crunchbase.com/organization/jambool,Series B,"$5,000,000","Aug 17, 2009",Early Stage Venture,,Yes,2,1,"163,109"
Series C - Jama Software,https://www.crunchbase.com/funding_round/jama-software-series-c--60b8a637,Jama Software,https://www.crunchbase.com/organization/jama-software,Series C,"$20,000,000","Mar 30, 2015",Late Stage Venture,,Yes,3,4,"163,452"
Series A - Apptio,https://www.crunchbase.com/funding_round/apptio-series-a--81e59c67,Apptio,https://www.crunchbase.com/organization/apptio,Series A,"$7,000,000","Nov 15, 2007",Early Stage Venture,,Yes,3,3,"163,548"
Seed Round - CloudCoreo,https://www.crunchbase.com/funding_round/cloudcoreo-seed--08eafd4e,CloudCoreo,https://www.crunchbase.com/organization/cloudcoreo,Seed,"$2,900,000","Oct 11, 2016",Seed,,Yes,4,2,"164,143"
Venture Round - PhotoWorks,https://www.crunchbase.com/funding_round/photoworks-series-unknown--e3900296,PhotoWorks,https://www.crunchbase.com/organization/photoworks,Venture - Series Unknown,"$15,000,000","Feb 15, 2000",,,Yes,2,1,"182,228"
Venture Round - Searchandise Commerce,https://www.crunchbase.com/funding_round/searchandise-series-unknown--a55b89b4,Searchandise Commerce,https://www.crunchbase.com/organization/searchandise,Venture - Series Unknown,"$7,000,000","Apr 13, 2010",,,Yes,7,1,"183,529"
Series A - AdReady,https://www.crunchbase.com/funding_round/adready-series-a--298bf037,AdReady,https://www.crunchbase.com/organization/adready,Series A,"$2,000,000","Jul 1, 2007",Early Stage Venture,,Yes,2,1,"183,615"
Series E - Aventail,https://www.crunchbase.com/funding_round/aventail-series-e--c2a85836,Aventail,https://www.crunchbase.com/organization/aventail,Series E,"$7,000,000","Oct 2, 2001",Late Stage Venture,,Yes,9,,"203,622"
Series A - Mighty AI,https://www.crunchbase.com/funding_round/spare5-series-a--2b76c4bf,Mighty AI,https://www.crunchbase.com/organization/spare5,Series A,"$10,000,000","Aug 25, 2015",Early Stage Venture,"$40,000,000",Yes,3,1,"203,701"
Series A - Placed,https://www.crunchbase.com/funding_round/placed-series-a--c02aaf52,Placed,https://www.crunchbase.com/organization/placed,Series A,"$3,400,000","Mar 15, 2012",Early Stage Venture,,Yes,2,1,"204,929"
Series A - Z2,https://www.crunchbase.com/funding_round/z2-series-a--40bcd0be,Z2,https://www.crunchbase.com/organization/z2,Series A,"$1,000,000","Oct 1, 2008",Early Stage Venture,,Yes,1,,"205,075"
Series A - PayScale,https://www.crunchbase.com/funding_round/payscale-series-a--b6abc44a,PayScale,https://www.crunchbase.com/organization/payscale,Series A,"$3,200,000","Oct 1, 2004",Early Stage Venture,,Yes,3,3,"206,333"
Series A - Wonder Workshop,https://www.crunchbase.com/funding_round/play-i-series-a--4afa9d23,Wonder Workshop,https://www.crunchbase.com/organization/play-i,Series A,"$6,900,000","May 5, 2015",Early Stage Venture,,Yes,6,1,"206,610"
Series A - Lumo Bodytech,https://www.crunchbase.com/funding_round/lumoback-series-a--1f4818d1,Lumo Bodytech,https://www.crunchbase.com/organization/lumoback,Series A,"$5,000,000","Dec 19, 2012",Early Stage Venture,,Yes,4,2,"208,717"
Venture Round - Cheezburger,https://www.crunchbase.com/funding_round/pet-holdings-inc-series-unknown--3e6a5366,Cheezburger,https://www.crunchbase.com/organization/pet-holdings-inc,Venture - Series Unknown,"$30,000,000","Jan 17, 2011",,,Yes,4,3,"209,133"
Seed Round - Suplari,https://www.crunchbase.com/funding_round/suplari-seed--4d754b20,Suplari,https://www.crunchbase.com/organization/suplari,Seed,"$3,100,000","Feb 2, 2017",Seed,,Yes,2,,"209,151"
Series A - ExtraHop Networks,https://www.crunchbase.com/funding_round/extrahop-networks-series-a--fac17a6c,ExtraHop Networks,https://www.crunchbase.com/organization/extrahop-networks,Series A,"$5,100,000","Apr 14, 2009",Early Stage Venture,,Yes,3,1,"210,099"
Series A - Redfin,https://www.crunchbase.com/funding_round/redfin-series-a--0abd74ac,Redfin,https://www.crunchbase.com/organization/redfin,Series A,"$770,000","Sep 1, 2005",Early Stage Venture,,Yes,1,,"210,323"
Series A - Farecast,https://www.crunchbase.com/funding_round/farecast-series-a--91f71a7e,Farecast,https://www.crunchbase.com/organization/farecast,Series A,"$1,500,000","Oct 1, 2004",Early Stage Venture,,Yes,2,1,"184,867"
"Venture Round - Intrepid Learning, Inc.",https://www.crunchbase.com/funding_round/intrepid-learning-inc-series-unknown--8110288a,"Intrepid Learning, Inc.",https://www.crunchbase.com/organization/intrepid-learning-inc,Venture - Series Unknown,,"Nov 17, 2014",,,Yes,1,,"187,764"
Series A - AppFog,https://www.crunchbase.com/funding_round/php-fog-series-a--abc211d5,AppFog,https://www.crunchbase.com/organization/php-fog,Series A,"$1,800,000","Jan 1, 2011",Early Stage Venture,,Yes,5,3,"188,454"
Series B - Etrieve,https://www.crunchbase.com/funding_round/etrieve-series-b--a68109ba,Etrieve,https://www.crunchbase.com/organization/etrieve,Series B,"$13,000,000","Jun 13, 2000",Early Stage Venture,,Yes,4,,"189,256"
Venture Round - PayScale,https://www.crunchbase.com/funding_round/payscale-series-unknown--602ab5cf,PayScale,https://www.crunchbase.com/organization/payscale,Venture - Series Unknown,"$7,000,000","Jul 5, 2011",,,Yes,4,3,"190,713"
Series C - Farecast,https://www.crunchbase.com/funding_round/farecast-series-c--4ed96e66,Farecast,https://www.crunchbase.com/organization/farecast,Series C,"$12,100,000","Jan 1, 2007",Late Stage Venture,,Yes,6,4,"190,977"
Series B - iConclude,https://www.crunchbase.com/funding_round/iconclude-series-b--66ab1424,iConclude,https://www.crunchbase.com/organization/iconclude,Series B,"$9,000,000","Apr 10, 2006",Early Stage Venture,,Yes,3,4,"191,127"
Series A - Envelop VR,https://www.crunchbase.com/funding_round/envelop-vr-series-a--c9aa37d4,Envelop VR,https://www.crunchbase.com/organization/envelop-vr,Series A,"$5,500,000","Jan 13, 2016",Early Stage Venture,,Yes,3,,"192,341"
Series C - Bocada,https://www.crunchbase.com/funding_round/bocada-series-c--85dbe8b7,Bocada,https://www.crunchbase.com/organization/bocada,Series C,"$9,500,000","Jan 13, 2005",Late Stage Venture,,Yes,5,2,"192,400"
Series C - ExtraHop Networks,https://www.crunchbase.com/funding_round/extrahop-networks-series-c--81368f03,ExtraHop Networks,https://www.crunchbase.com/organization/extrahop-networks,Series C,"$41,000,000","May 29, 2014",Late Stage Venture,,Yes,4,4,"193,103"
Series A - Isilon Systems,https://www.crunchbase.com/funding_round/isilon-series-a--19c71408,Isilon Systems,https://www.crunchbase.com/organization/isilon,Series A,"$8,400,000","Apr 14, 2001",Early Stage Venture,,Yes,2,,"76,141"
Seed Round - Local Marketers,https://www.crunchbase.com/funding_round/local-marketers-seed--57830a4a,Local Marketers,https://www.crunchbase.com/organization/local-marketers,Seed,"$600,000","Dec 19, 2006",Seed,,Yes,1,,"76,608"
Seed Round - LumaTax,https://www.crunchbase.com/funding_round/lumatax-seed--0e7e7e71,LumaTax,https://www.crunchbase.com/organization/lumatax,Seed,"$2,000,000","Sep 14, 2016",Seed,,Yes,2,,"77,573"
Series A - Boomerang Commerce,https://www.crunchbase.com/funding_round/boomerang-commerce-series-a--cf83d066,Boomerang Commerce,https://www.crunchbase.com/organization/boomerang-commerce,Series A,"$8,500,000","Jul 16, 2014",Early Stage Venture,,Yes,2,,"77,865"
Series A - Rover.com,https://www.crunchbase.com/funding_round/rover-com-series-a--9da2011b,Rover.com,https://www.crunchbase.com/organization/rover-com,Series A,"$3,400,000","Apr 9, 2012",Early Stage Venture,,Yes,2,1,"78,518"
Seed Round - MessageYes (formerly ReplyYes),https://www.crunchbase.com/funding_round/replyyes-seed--6bad4403,MessageYes (formerly ReplyYes),https://www.crunchbase.com/organization/replyyes,Seed,,"Apr 27, 2016",Seed,,Yes,9,,"78,738"
Seed Round - Icebrg,https://www.crunchbase.com/funding_round/icebrg-seed--00297308,Icebrg,https://www.crunchbase.com/organization/icebrg,Seed,"$2,500,000","Dec 2, 2014",Seed,,Yes,3,3,"79,509"
Seed Round - Shyft Technologies,https://www.crunchbase.com/funding_round/shyft-seed--e041a01c,Shyft Technologies,https://www.crunchbase.com/organization/shyft,Seed,"$1,500,000","Jul 13, 2016",Seed,,Yes,8,,"79,926"
Series A - ePolicy,https://www.crunchbase.com/funding_round/epolicy-inc-series-a--33127d74,ePolicy,https://www.crunchbase.com/organization/epolicy-inc,Series A,"$14,000,000","Jan 1, 2000",Early Stage Venture,,Yes,2,,"79,927"
Series A - RewardLoop,https://www.crunchbase.com/funding_round/rewardloop-series-a--1adc8518,RewardLoop,https://www.crunchbase.com/organization/rewardloop,Series A,"$1,000,000","May 9, 2012",Early Stage Venture,,Yes,2,,"80,518"
Series C - ExtraHop Networks,https://www.crunchbase.com/funding_round/extrahop-networks-series-c--d61a5fc2,ExtraHop Networks,https://www.crunchbase.com/organization/extrahop-networks,Series C,,"Aug 1, 2013",Late Stage Venture,,Yes,4,5,"83,648"
Series B - SeaDragon Software,https://www.crunchbase.com/funding_round/seadragon-software-series-b--513267a5,SeaDragon Software,https://www.crunchbase.com/organization/seadragon-software,Series B,"$2,000,000","Jun 1, 2005",Early Stage Venture,,Yes,2,,"83,971"
Series A - Turi,https://www.crunchbase.com/funding_round/graphlab-series-a--0b9e7602,Turi,https://www.crunchbase.com/organization/graphlab,Series A,"$6,750,000","May 14, 2013",Early Stage Venture,,Yes,2,2,"85,388"
Series E - Isilon Systems,https://www.crunchbase.com/funding_round/isilon-series-e--81c0eb8c,Isilon Systems,https://www.crunchbase.com/organization/isilon,Series E,"$10,000,000","Jul 24, 2006",Late Stage Venture,,Yes,4,1,"85,956"
Series B - Indochino,https://www.crunchbase.com/funding_round/indochino-series-b--d8cdad28,Indochino,https://www.crunchbase.com/organization/indochino,Series B,"$13,000,000","Mar 20, 2013",Early Stage Venture,,Yes,3,2,"91,614"
Series A - TeachStreet,https://www.crunchbase.com/funding_round/teachstreet-series-a--b2287303,TeachStreet,https://www.crunchbase.com/organization/teachstreet,Series A,"$2,250,000","Mar 1, 2008",Early Stage Venture,,Yes,11,,"91,736"
Series B - AppFog,https://www.crunchbase.com/funding_round/php-fog-series-b--2d489185,AppFog,https://www.crunchbase.com/organization/php-fog,Series B,"$8,000,000","Aug 10, 2011",Early Stage Venture,,Yes,4,3,"91,919"
Series B - Isilon Systems,https://www.crunchbase.com/funding_round/isilon-series-b--cdea5ec8,Isilon Systems,https://www.crunchbase.com/organization/isilon,Series B,"$15,000,000","Jul 22, 2002",Early Stage Venture,,Yes,2,1,"122,134"
Series B - Optify,https://www.crunchbase.com/funding_round/optify-series-b--f87f17f9,Optify,https://www.crunchbase.com/organization/optify,Series B,"$6,100,000","Oct 20, 2010",Early Stage Venture,,Yes,6,1,"122,300"
Seed Round - ThisLife,https://www.crunchbase.com/funding_round/thislife-seed--af20a70b,ThisLife,https://www.crunchbase.com/organization/thislife,Seed,"$2,750,000","Jun 22, 2012",Seed,,Yes,6,1,"122,433"
Series A - Jobalign,https://www.crunchbase.com/funding_round/jobaline-series-a--222e328a,Jobalign,https://www.crunchbase.com/organization/jobaline,Series A,"$1,500,000","Nov 30, 2012",Early Stage Venture,,Yes,2,2,"122,631"
Seed Round - Igneous Systems,https://www.crunchbase.com/funding_round/igneous-systems-seed--92ff1361,Igneous Systems,https://www.crunchbase.com/organization/igneous-systems,Seed,"$3,000,000","Dec 1, 2013",Seed,,Yes,2,,"122,846"
Series C - Animoto,https://www.crunchbase.com/funding_round/animoto-series-c--41196552,Animoto,https://www.crunchbase.com/organization/animoto,Series C,"$25,000,000","Jun 29, 2011",Late Stage Venture,,Yes,3,3,"123,037"
Series A - Pluto VR,https://www.crunchbase.com/funding_round/pluto-vr-series-a--a833fc7d,Pluto VR,https://www.crunchbase.com/organization/pluto-vr,Series A,"$13,900,000","Apr 13, 2017",Early Stage Venture,,Yes,3,,"124,036"
Series A - Shippable,https://www.crunchbase.com/funding_round/shippable-series-a--e88c9a48,Shippable,https://www.crunchbase.com/organization/shippable,Series A,"$8,000,000","Nov 6, 2014",Early Stage Venture,,Yes,4,3,"124,159"
Series B - ShopIgniter,https://www.crunchbase.com/funding_round/shopigniter-series-b--d0a85971,ShopIgniter,https://www.crunchbase.com/organization/shopigniter,Series B,"$8,000,000","May 25, 2011",Early Stage Venture,,Yes,2,2,"129,802"
Series A - Decide,https://www.crunchbase.com/funding_round/decide-com-series-a--73814dd3,Decide,https://www.crunchbase.com/organization/decide-com,Series A,"$2,500,000","Jan 1, 2010",Early Stage Venture,,Yes,2,2,"130,527"
"Series B - iSpot.tv, Inc.",https://www.crunchbase.com/funding_round/ispot-tv-series-b--fbbe3879,"iSpot.tv, Inc.",https://www.crunchbase.com/organization/ispot-tv,Series B,"$21,900,000","May 19, 2015",Early Stage Venture,,Yes,3,,"130,655"
Venture Round - Bocada,https://www.crunchbase.com/funding_round/bocada-series-unknown--6989a4ae,Bocada,https://www.crunchbase.com/organization/bocada,Venture - Series Unknown,"$4,000,000","Jul 1, 2006",,,Yes,5,2,"132,048"
Series A - Jobalign,https://www.crunchbase.com/funding_round/jobaline-series-a--5cbf414b,Jobalign,https://www.crunchbase.com/organization/jobaline,Series A,"$2,841,000","Oct 8, 2013",Early Stage Venture,,Yes,2,1,"69,548"
Seed Round - Shippable,https://www.crunchbase.com/funding_round/shippable-seed--e5bedabe,Shippable,https://www.crunchbase.com/organization/shippable,Seed,"$2,050,000","Dec 10, 2013",Seed,,Yes,6,3,"70,639"
Seed Round - Bevy,https://www.crunchbase.com/funding_round/bevy-seed--5b933c90,Bevy,https://www.crunchbase.com/organization/bevy,Seed,"$1,200,000","Oct 1, 2007",Seed,,Yes,2,,"70,935"
Series A - Highspot,https://www.crunchbase.com/funding_round/highspot-2-series-a--ccdfe991,Highspot,https://www.crunchbase.com/organization/highspot-2,Series A,"$9,600,000","Nov 7, 2014",Early Stage Venture,,Yes,1,,"124,809"
Series A - Bag Borrow or Steal,https://www.crunchbase.com/funding_round/avelle-series-a--8d1a79ae,Bag Borrow or Steal,https://www.crunchbase.com/organization/avelle,Series A,"$15,000,000","Jun 15, 2007",Early Stage Venture,,Yes,2,,"71,208"
Series E - Employease,https://www.crunchbase.com/funding_round/employease-series-e--90963bb3,Employease,https://www.crunchbase.com/organization/employease,Series E,"$13,300,000","Mar 5, 2002",Late Stage Venture,,Yes,7,,"71,429"
Series C - SchemaLogic,https://www.crunchbase.com/funding_round/schemalogic-series-c--2f546b6e,SchemaLogic,https://www.crunchbase.com/organization/schemalogic,Series C,"$12,800,000","Oct 29, 2007",Late Stage Venture,,Yes,5,1,"71,838"
Venture Round - BuddyTV,https://www.crunchbase.com/funding_round/buddytv-series-unknown--d0cd1e77,BuddyTV,https://www.crunchbase.com/organization/buddytv,Venture - Series Unknown,"$1,500,000","Dec 4, 2013",,,Yes,1,1,"72,828"
Series B - BuddyTV,https://www.crunchbase.com/funding_round/buddytv-series-b--11706495,BuddyTV,https://www.crunchbase.com/organization/buddytv,Series B,"$6,000,000","Apr 14, 2008",Early Stage Venture,,Yes,1,1,"72,842"
Series A - TeachStreet,https://www.crunchbase.com/funding_round/teachstreet-series-a--0bd56635,TeachStreet,https://www.crunchbase.com/organization/teachstreet,Series A,"$1,200,000","May 27, 2009",Early Stage Venture,,Yes,6,,"73,112"
Seed Round - Haiku Deck,https://www.crunchbase.com/funding_round/haiku-deck-seed--42b343be,Haiku Deck,https://www.crunchbase.com/organization/haiku-deck,Seed,"$300,000","Jul 1, 2012",Seed,,Yes,3,1,"126,319"
Series A - Wonder Workshop,https://www.crunchbase.com/funding_round/play-i-series-a--ec99c858,Wonder Workshop,https://www.crunchbase.com/organization/play-i,Series A,"$8,000,000","Mar 4, 2014",Early Stage Venture,,Yes,2,1,"73,616"
Series D - Redfin,https://www.crunchbase.com/funding_round/redfin-series-d--6ee150eb,Redfin,https://www.crunchbase.com/organization/redfin,Series D,"$10,000,000","Nov 12, 2009",Late Stage Venture,,Yes,5,5,"74,214"
Series C - PayScale,https://www.crunchbase.com/funding_round/payscale-series-c--898c40f0,PayScale,https://www.crunchbase.com/organization/payscale,Series C,"$10,300,000","Jul 1, 2007",Late Stage Venture,,Yes,7,4,"74,230"
Series B - Jobalign,https://www.crunchbase.com/funding_round/jobaline-series-b--5842ba82,Jobalign,https://www.crunchbase.com/organization/jobaline,Series B,"$7,000,000","May 28, 2014",Early Stage Venture,,Yes,3,3,"126,994"
Series A - Pro.com,https://www.crunchbase.com/funding_round/pro-com-series-a--aeff423c,Pro.com,https://www.crunchbase.com/organization/pro-com,Series A,"$14,000,000","Sep 24, 2014",Early Stage Venture,,Yes,9,4,"127,191"
"Series A - PlayFab, Inc.",https://www.crunchbase.com/funding_round/playfab-inc-series-a--07b19093,"PlayFab, Inc.",https://www.crunchbase.com/organization/playfab-inc,Series A,"$7,400,000","Feb 27, 2015",Early Stage Venture,,Yes,6,1,"137,953"
Seed Round - SNUPI Technologies,https://www.crunchbase.com/funding_round/snupi-technologies-seed--702226b4,SNUPI Technologies,https://www.crunchbase.com/organization/snupi-technologies,Seed,"$1,500,000","Dec 6, 2012",Seed,,Yes,2,1,"143,993"
Series A - Qumulo,https://www.crunchbase.com/funding_round/qumulo-series-a--6d3b6a57,Qumulo,https://www.crunchbase.com/organization/qumulo,Series A,"$24,500,000","Nov 20, 2012",Early Stage Venture,,Yes,4,2,"147,257"
Series C - Qumulo,https://www.crunchbase.com/funding_round/qumulo-series-c--282a33cb,Qumulo,https://www.crunchbase.com/organization/qumulo,Series C,"$30,000,000","Apr 4, 2017",Late Stage Venture,,Yes,5,,"150,250"
