Transaction Name,Transaction Name URL,Organization Name,Organization Name URL,Funding Type,Money Raised,Announced Date,Funding Stage,Pre-Money Valuation,Equity Only Funding,Number of Investors,Number of Partner Investors,CB Rank (Funding Round)
Seed Round - ShopShops,https://www.crunchbase.com/funding_round/shopshops-seed--f83c4694,ShopShops,https://www.crunchbase.com/organization/shopshops,Seed,"$6,100,000","Apr 4, 2018",Seed,,Yes,6,,124
Venture Round - BigCommerce,https://www.crunchbase.com/funding_round/bigcommerce-series-unknown--598c59f7,BigCommerce,https://www.crunchbase.com/organization/bigcommerce,Venture - Series Unknown,"$64,000,000","Apr 25, 2018",,"$136,000,000",Yes,4,1,152
Series C - Cyzone,https://www.crunchbase.com/funding_round/cyzone-series-c--5450c799,Cyzone,https://www.crunchbase.com/organization/cyzone,Series C,,"Apr 25, 2018",Late Stage Venture,,Yes,5,,493
Series B - Piaoniu,https://www.crunchbase.com/funding_round/piaoniu-series-b--104cc93b,Piaoniu,https://www.crunchbase.com/organization/piaoniu,Series B,,"Apr 9, 2018",Early Stage Venture,,Yes,6,,671
Series A - Atrium LTS,https://www.crunchbase.com/funding_round/atrium-lts-series-a--8f3868a1,Atrium LTS,https://www.crunchbase.com/organization/atrium-lts,Series A,"$10,500,000","Jun 15, 2017",Early Stage Venture,,Yes,91,6,841
Series A - Rocksensor,https://www.crunchbase.com/funding_round/rocksensor-series-a--1c695394,Rocksensor,https://www.crunchbase.com/organization/rocksensor,Series A,,"Apr 23, 2018",Early Stage Venture,,Yes,1,,"1,120"
Series A - Voicera,https://www.crunchbase.com/funding_round/workfit-series-a--f9bd1ab0,Voicera,https://www.crunchbase.com/organization/workfit,Series A,"$14,500,000","Mar 7, 2018",Early Stage Venture,,Yes,10,1,"1,146"
Series A - LOOK ,https://www.crunchbase.com/funding_round/look-series-a--ebb042d1,LOOK ,https://www.crunchbase.com/organization/look,Series A,"$22,000,000","Mar 21, 2018",Early Stage Venture,,Yes,5,,"1,543"
Series A - Moka ,https://www.crunchbase.com/funding_round/moka-29f4-series-a--014e720f,Moka ,https://www.crunchbase.com/organization/moka-29f4,Series A,,"Mar 26, 2018",Early Stage Venture,,Yes,2,,"2,002"
Series D - Kujiale,https://www.crunchbase.com/funding_round/kujiale-series-d--8c17e56d,Kujiale,https://www.crunchbase.com/organization/kujiale,Series D,"$100,000,000","Mar 9, 2018",Late Stage Venture,,Yes,6,,"2,077"
Series C - Xiaopeng Motors,https://www.crunchbase.com/funding_round/xiaopeng-motors-series-c--aa35654e,Xiaopeng Motors,https://www.crunchbase.com/organization/xiaopeng-motors,Series C,"CN¥2,200,000,000","Jan 18, 2018",Late Stage Venture,,Yes,9,,"2,078"
Seed Round - Streem Inc,https://www.crunchbase.com/funding_round/streem-inc-seed--80563837,Streem Inc,https://www.crunchbase.com/organization/streem-inc,Seed,"$1,725,000","Dec 19, 2017",Seed,,Yes,9,1,"2,362"
Series B - Xiaopeng Motors,https://www.crunchbase.com/funding_round/xiaopeng-motors-series-b--74dfc280,Xiaopeng Motors,https://www.crunchbase.com/organization/xiaopeng-motors,Series B,,"Dec 15, 2017",Early Stage Venture,,Yes,10,,"2,401"
Seed Round - New Knowledge,https://www.crunchbase.com/funding_round/popily-seed--34258bf7,New Knowledge,https://www.crunchbase.com/organization/popily,Seed,"$1,900,000","Jan 29, 2018",Seed,,Yes,6,1,"2,735"
Series A - Zylo,https://www.crunchbase.com/funding_round/zylo-series-a--16dad76a,Zylo,https://www.crunchbase.com/organization/zylo,Series A,"$9,300,000","Jan 23, 2018",Early Stage Venture,,Yes,7,2,"2,801"
Series B - Phoenix Labs,https://www.crunchbase.com/funding_round/phoenix-labs-series-b--581e4629,Phoenix Labs,https://www.crunchbase.com/organization/phoenix-labs,Series B,,"Feb 14, 2018",Early Stage Venture,,Yes,6,,"2,906"
Series B - LimeBike,https://www.crunchbase.com/funding_round/limebike-series-b--db46bd0b,LimeBike,https://www.crunchbase.com/organization/limebike,Series B,"$50,000,000","Oct 16, 2017",Early Stage Venture,"$175,000,000",Yes,6,4,"3,139"
Series B - Bingobox,https://www.crunchbase.com/funding_round/bingobox-series-b--75fdeba9,Bingobox,https://www.crunchbase.com/organization/bingobox,Series B,"$80,000,000","Jan 17, 2018",Early Stage Venture,,Yes,5,1,"3,193"
Series B - Nozomi Networks,https://www.crunchbase.com/funding_round/nozomi-networks-series-b--d7a1457f,Nozomi Networks,https://www.crunchbase.com/organization/nozomi-networks,Series B,"$15,000,000","Jan 10, 2018",Early Stage Venture,,Yes,5,2,"3,279"
Series A - SelfMade,https://www.crunchbase.com/funding_round/selfmade-series-a--680c9c5e,SelfMade,https://www.crunchbase.com/organization/selfmade,Series A,"$8,000,000","Oct 17, 2017",Early Stage Venture,,Yes,8,,"3,293"
Series A - Nongtian Guanjia (Farm Friend),https://www.crunchbase.com/funding_round/nongtian-guanjia-farm-friend-series-a--9ef84ddc,Nongtian Guanjia (Farm Friend),https://www.crunchbase.com/organization/nongtian-guanjia-farm-friend,Series A,,"Jan 9, 2018",Early Stage Venture,,Yes,6,,"3,314"
Series B - Unravel Data,https://www.crunchbase.com/funding_round/unravel-data-systems-series-b--245a2378,Unravel Data,https://www.crunchbase.com/organization/unravel-data-systems,Series B,"$15,000,000","Jan 23, 2018",Early Stage Venture,"$8,000,000",Yes,3,2,"4,199"
Series E - Poshmark,https://www.crunchbase.com/funding_round/poshmark-series-e--088d41ef,Poshmark,https://www.crunchbase.com/organization/poshmark,Series E,"$87,500,000","Nov 14, 2017",Late Stage Venture,"$512,500,000",Yes,5,1,"4,211"
Series A - Clobotics,https://www.crunchbase.com/funding_round/clobotics-series-a--6106283d,Clobotics,https://www.crunchbase.com/organization/clobotics,Series A,"$5,000,000","Jan 23, 2018",Early Stage Venture,,Yes,3,2,"4,210"
Series C - Xinshang ,https://www.crunchbase.com/funding_round/xinshang-series-c--78ec2dd1,Xinshang ,https://www.crunchbase.com/organization/xinshang,Series C,"$50,000,000","Jan 8, 2018",Late Stage Venture,,Yes,3,1,"4,434"
Series D - Hellobike,https://www.crunchbase.com/funding_round/hellobike-series-d--f75956ab,Hellobike,https://www.crunchbase.com/organization/hellobike,Series D,"CN¥1,000,000,000","Dec 27, 2017",Late Stage Venture,,Yes,2,1,"4,667"
Seed Round - Winky Lux,https://www.crunchbase.com/funding_round/winky-lux-seed--27793372,Winky Lux,https://www.crunchbase.com/organization/winky-lux,Seed,"$2,000,000","Aug 4, 2017",Seed,,Yes,7,1,"4,757"
Funding Round - NS1,https://www.crunchbase.com/funding_round/ns1-undisclosed--c3f66156,NS1,https://www.crunchbase.com/organization/ns1,Funding Round,"$20,000,000","Sep 7, 2017",,,Yes,7,4,"5,228"
Series B - Zhuiyi Shenzhen Chaoyi Technology,https://www.crunchbase.com/funding_round/zhuiyi-technology-series-b--1e85a3c0,Zhuiyi Shenzhen Chaoyi Technology,https://www.crunchbase.com/organization/zhuiyi-technology,Series B,"$20,600,000","Nov 2, 2017",Early Stage Venture,,Yes,4,1,"5,404"
Series A - The Mighty,https://www.crunchbase.com/funding_round/the-mighty-series-a--41912c80,The Mighty,https://www.crunchbase.com/organization/the-mighty,Series A,"$8,200,000","Oct 30, 2017",Early Stage Venture,,Yes,4,1,"5,586"
Series C - HashiCorp,https://www.crunchbase.com/funding_round/hashicorp-series-c--6457d915,HashiCorp,https://www.crunchbase.com/organization/hashicorp,Series C,"$40,000,000","Oct 24, 2017",Late Stage Venture,,Yes,4,2,"5,670"
Series B - 51zhaoyou.com,https://www.crunchbase.com/funding_round/51zhaoyou-com-series-b--0cff45f3,51zhaoyou.com,https://www.crunchbase.com/organization/51zhaoyou-com,Series B,"$31,800,000","Aug 25, 2017",Early Stage Venture,,Yes,5,1,"5,965"
Series A - Immotor,https://www.crunchbase.com/funding_round/immotor-llc-series-a--8de50dda,Immotor,https://www.crunchbase.com/organization/immotor-llc,Series A,,"Dec 15, 2017",Early Stage Venture,,Yes,3,,"6,200"
Series C - Zuoyebang,https://www.crunchbase.com/funding_round/zuoyebang-series-c--8a242b56,Zuoyebang,https://www.crunchbase.com/organization/zuoyebang,Series C,"$150,000,000","Aug 14, 2017",Late Stage Venture,,Yes,6,1,"6,262"
Series A - Meiweishenghuo (Delicious Life),https://www.crunchbase.com/funding_round/meiweishenghuo-series-a--11c7fd50,Meiweishenghuo (Delicious Life),https://www.crunchbase.com/organization/meiweishenghuo,Series A,"$4,500,000","Nov 3, 2017",Early Stage Venture,,Yes,4,,"6,375"
Series B - Cobot,https://www.crunchbase.com/funding_round/cobot-bbd4-series-b--fb1da13b,Cobot,https://www.crunchbase.com/organization/cobot-bbd4,Series B,"$15,400,000","Dec 5, 2017",Early Stage Venture,,Yes,3,,"6,529"
Series C - Gladly Inc,https://www.crunchbase.com/funding_round/gladly-software-series-c--871194a8,Gladly Inc,https://www.crunchbase.com/organization/gladly-software,Series C,"$36,000,000","Apr 20, 2017",Late Stage Venture,,Yes,1,1,"6,541"
Series A - CashShield,https://www.crunchbase.com/funding_round/cashshield-series-a--3d1b6696,CashShield,https://www.crunchbase.com/organization/cashshield,Series A,"$5,500,000","Sep 14, 2017",Early Stage Venture,,Yes,3,1,"7,143"
Series C - Yangche Diandian,https://www.crunchbase.com/funding_round/yangche-diandian-series-c--09f4febe,Yangche Diandian,https://www.crunchbase.com/organization/yangche-diandian,Series C,"$10,000,000","Oct 11, 2017",Late Stage Venture,,Yes,4,,"7,854"
Convertible Note - Jovo,https://www.crunchbase.com/funding_round/jovo-convertible-note--37a010f0,Jovo,https://www.crunchbase.com/organization/jovo,Convertible Note,,"Apr 17, 2017",,,No,5,,"7,950"
Series A - Koala Reading,https://www.crunchbase.com/funding_round/koala-reading-series-a--a6c073cc,Koala Reading,https://www.crunchbase.com/organization/koala-reading,Series A,,"Dec 5, 2017",Early Stage Venture,,Yes,2,,"9,225"
Series C - LingoChamp (Liulishuo),https://www.crunchbase.com/funding_round/liulishuo-series-c--dc2d8875,LingoChamp (Liulishuo),https://www.crunchbase.com/organization/liulishuo,Series C,"$100,000,000","Jul 26, 2017",Late Stage Venture,,Yes,7,2,"10,481"
Series F - Wish,https://www.crunchbase.com/funding_round/wish-series-f--d9508657,Wish,https://www.crunchbase.com/organization/wish,Series F,"$500,000,000","Nov 4, 2016",Late Stage Venture,"$3,000,000,000",Yes,6,3,"10,621"
Series A - Citybox,https://www.crunchbase.com/funding_round/citybox-series-a--fdc535a7,Citybox,https://www.crunchbase.com/organization/citybox,Series A,"$15,000,000","Sep 1, 2017",Early Stage Venture,,Yes,4,1,"11,129"
Series A - Kuaidian Yuedu,https://www.crunchbase.com/funding_round/kuaidian-yuedu-series-a--e224ab1a,Kuaidian Yuedu,https://www.crunchbase.com/organization/kuaidian-yuedu,Series A,"$5,000,000","Sep 25, 2017",Early Stage Venture,,Yes,3,,"11,163"
Series A - HyperGrid™,https://www.crunchbase.com/funding_round/hypergrid-9d54-series-a--ef1c6869,HyperGrid™,https://www.crunchbase.com/organization/hypergrid-9d54,Series A,"$9,000,000","May 1, 2016",Early Stage Venture,,Yes,3,2,"11,291"
Series A - X-Charge,https://www.crunchbase.com/funding_round/x-charge-series-a--ecf8ddd5,X-Charge,https://www.crunchbase.com/organization/x-charge,Series A,,"Oct 24, 2017",Early Stage Venture,,Yes,2,,"12,068"
Series C - BCD Semiconductor Manufacturing Limited,https://www.crunchbase.com/funding_round/bcd-semiconductor-manufacturing-limited-series-c--f8d2efac,BCD Semiconductor Manufacturing Limited,https://www.crunchbase.com/organization/bcd-semiconductor-manufacturing-limited,Series C,"$50,000,000","Jun 24, 2004",Late Stage Venture,,Yes,4,2,"12,616"
Series C - Ibotta,https://www.crunchbase.com/funding_round/ibotta-series-c--d75a0504,Ibotta,https://www.crunchbase.com/organization/ibotta,Series C,,"Jul 25, 2017",Late Stage Venture,,Yes,5,1,"13,063"
Series D - Ibotta,https://www.crunchbase.com/funding_round/ibotta-series-d--9ed9e6a9,Ibotta,https://www.crunchbase.com/organization/ibotta,Series D,"$25,000,000","Aug 4, 2017",Late Stage Venture,,Yes,5,1,"14,177"
Series A - Hellobike,https://www.crunchbase.com/funding_round/hellobike-series-a--a0b45f1a,Hellobike,https://www.crunchbase.com/organization/hellobike,Series A,,"Nov 5, 2016",Early Stage Venture,,Yes,1,,"15,560"
Series A - Hellobike,https://www.crunchbase.com/funding_round/hellobike-series-a--6a5b2865,Hellobike,https://www.crunchbase.com/organization/hellobike,Series A,,"Jan 3, 2017",Early Stage Venture,,Yes,1,,"15,488"
Series A - Yamibuy,https://www.crunchbase.com/funding_round/yamibuy-series-a--d709c22c,Yamibuy,https://www.crunchbase.com/organization/yamibuy,Series A,"$10,000,000","Jul 10, 2017",Early Stage Venture,,Yes,3,3,"20,233"
Series A - Bingobox,https://www.crunchbase.com/funding_round/bingobox-series-a--ff2c38e2,Bingobox,https://www.crunchbase.com/organization/bingobox,Series A,"CN¥100,000,000","Jul 3, 2017",Early Stage Venture,,Yes,4,1,"20,302"
Series A - Bowery Farming Inc,https://www.crunchbase.com/funding_round/bowery-farming-inc-series-a--b51c35f2,Bowery Farming Inc,https://www.crunchbase.com/organization/bowery-farming-inc,Series A,"$20,000,000","Jun 14, 2017",Early Stage Venture,,Yes,5,4,"21,883"
Seed Round - Voicera,https://www.crunchbase.com/funding_round/workfit-seed--92a813fa,Voicera,https://www.crunchbase.com/organization/workfit,Seed,"$5,500,000","Feb 27, 2017",Seed,,Yes,8,1,"23,383"
Series B - Slice,https://www.crunchbase.com/funding_round/slice-series-b--aa180733,Slice,https://www.crunchbase.com/organization/slice,Series B,"$15,000,000","May 17, 2017",Early Stage Venture,,Yes,3,,"24,612"
Series A - Kuaile Zhihui,https://www.crunchbase.com/funding_round/kuaile-zhihui-series-a--df93888f,Kuaile Zhihui,https://www.crunchbase.com/organization/kuaile-zhihui,Series A,"$10,000,000","Jul 27, 2017",Early Stage Venture,,Yes,3,,"25,868"
Series A - Black Lake Technologies,https://www.crunchbase.com/funding_round/blacklake-technologies-series-a--263cd62c,Black Lake Technologies,https://www.crunchbase.com/organization/blacklake-technologies,Series A,,"May 1, 2017",Early Stage Venture,,Yes,1,,"26,117"
Series B - Drive.ai,https://www.crunchbase.com/funding_round/drive-ai-series-b--e23e958e,Drive.ai,https://www.crunchbase.com/organization/drive-ai,Series B,"$50,000,000","Jun 27, 2017",Early Stage Venture,,Yes,4,2,"27,340"
Seed Round - Clobotics,https://www.crunchbase.com/funding_round/clobotics-seed--80e799a1,Clobotics,https://www.crunchbase.com/organization/clobotics,Seed,"$5,000,000","Jun 26, 2017",Seed,,Yes,2,,"28,789"
Series E - Houzz,https://www.crunchbase.com/funding_round/houzz-series-e--53dfbb92,Houzz,https://www.crunchbase.com/organization/houzz,Series E,"$400,000,000","Jun 9, 2017",Late Stage Venture,"$3,600,000,000",Yes,5,3,"29,329"
Series E - Meilishuo,https://www.crunchbase.com/funding_round/meilishuo-series-e--6f4274d2,Meilishuo,https://www.crunchbase.com/organization/meilishuo,Series E,,"Aug 12, 2014",Late Stage Venture,,Yes,3,1,"29,443"
Seed Round - GrubMarket,https://www.crunchbase.com/funding_round/grubmarket-inc-seed--633e5bdf,GrubMarket,https://www.crunchbase.com/organization/grubmarket-inc,Seed,"$2,100,000","Jan 27, 2015",Seed,,Yes,13,4,"29,558"
Series A - Tile,https://www.crunchbase.com/funding_round/tile-series-a--f431a813,Tile,https://www.crunchbase.com/organization/tile,Series A,"$16,000,000","Nov 17, 2014",Early Stage Venture,,Yes,7,1,"30,673"
Series E - Airbnb,https://www.crunchbase.com/funding_round/airbnb-series-e--8ab0470b,Airbnb,https://www.crunchbase.com/organization/airbnb,Series E,"$1,500,000,000","Jun 28, 2015",Late Stage Venture,"$24,000,000,000",Yes,15,4,"30,677"
Seed Round - WiGo,https://www.crunchbase.com/funding_round/wigo-seed--a22de17a,WiGo,https://www.crunchbase.com/organization/wigo,Seed,"$3,142,495","Feb 24, 2015",Seed,,Yes,5,2,"30,725"
Series A - Nongtian Guanjia (Farm Friend),https://www.crunchbase.com/funding_round/nongtian-guanjia-farm-friend-series-a--d0ae6f2b,Nongtian Guanjia (Farm Friend),https://www.crunchbase.com/organization/nongtian-guanjia-farm-friend,Series A,"$7,000,000","Jun 8, 2017",Early Stage Venture,,Yes,5,,"31,640"
Series E - AlienVault,https://www.crunchbase.com/funding_round/alienvault-series-e--1a191a56,AlienVault,https://www.crunchbase.com/organization/alienvault,Series E,"$52,000,000","Aug 19, 2015",Late Stage Venture,,Yes,5,6,"32,096"
Series C - Synack,https://www.crunchbase.com/funding_round/synack-series-c--7ca3392b,Synack,https://www.crunchbase.com/organization/synack,Series C,"$26,250,000","Apr 11, 2017",Late Stage Venture,,Yes,10,5,"32,162"
Series A - Brightwheel,https://www.crunchbase.com/funding_round/brightwheel-series-a--91799c39,Brightwheel,https://www.crunchbase.com/organization/brightwheel,Series A,"$10,000,000","Feb 16, 2017",Early Stage Venture,,Yes,9,5,"32,200"
Series C - Wish,https://www.crunchbase.com/funding_round/wish-series-c--2664ce1c,Wish,https://www.crunchbase.com/organization/wish,Series C,"$50,000,000","Jun 21, 2014",Late Stage Venture,"$950,000,000",Yes,6,6,"33,829"
Series A - Function of Beauty,https://www.crunchbase.com/funding_round/function-of-beauty-series-a--305b098e,Function of Beauty,https://www.crunchbase.com/organization/function-of-beauty,Series A,"$9,600,000","Mar 7, 2017",Early Stage Venture,,Yes,3,1,"34,460"
Series E - Peloton,https://www.crunchbase.com/funding_round/peloton-interactive-series-e--d8c17fde,Peloton,https://www.crunchbase.com/organization/peloton-interactive,Series E,"$325,000,000","May 24, 2017",Late Stage Venture,"$925,000,000",Yes,8,2,"34,649"
Series C - Grab,https://www.crunchbase.com/funding_round/grabtaxi-series-c--40818315,Grab,https://www.crunchbase.com/organization/grabtaxi,Series C,"$65,000,000","Oct 21, 2014",Late Stage Venture,,Yes,6,2,"34,689"
Seed Round - Mobalytics,https://www.crunchbase.com/funding_round/mobalytics-2-seed--c00f219f,Mobalytics,https://www.crunchbase.com/organization/mobalytics-2,Seed,"$2,600,000","Nov 16, 2016",Seed,,Yes,9,1,"36,002"
Angel Round - HOLLA,https://www.crunchbase.com/funding_round/holla-2-angel--15099e70,HOLLA,https://www.crunchbase.com/organization/holla-2,Angel,,"Sep 1, 2016",Seed,,Yes,1,,"36,160"
Venture Round - Moka,https://www.crunchbase.com/funding_round/moka-2-series-unknown--9fdd69f3,Moka,https://www.crunchbase.com/organization/moka-2,Venture - Series Unknown,,"Jun 15, 2017",,,Yes,1,,"37,166"
Series B - Wish,https://www.crunchbase.com/funding_round/wish-series-b--5b8e766c,Wish,https://www.crunchbase.com/organization/wish,Series B,"$19,000,000","Nov 21, 2013",Early Stage Venture,,Yes,4,3,"37,476"
Series B - Gridstore,https://www.crunchbase.com/funding_round/gridstore-series-b--728238da,Gridstore,https://www.crunchbase.com/organization/gridstore,Series B,"$11,000,000","Dec 4, 2013",Early Stage Venture,,Yes,5,3,"37,530"
Series A - Gridstore,https://www.crunchbase.com/funding_round/gridstore-series-a--93ea2756,Gridstore,https://www.crunchbase.com/organization/gridstore,Series A,"$12,500,000","Oct 15, 2012",Early Stage Venture,,Yes,4,3,"37,501"
Series B - Gridstore,https://www.crunchbase.com/funding_round/gridstore-series-b--1dd68ac7,Gridstore,https://www.crunchbase.com/organization/gridstore,Series B,"$19,000,000","Jan 27, 2016",Early Stage Venture,,Yes,5,4,"37,504"
Series A - GrubMarket,https://www.crunchbase.com/funding_round/grubmarket-inc-series-a--7f9dac70,GrubMarket,https://www.crunchbase.com/organization/grubmarket-inc,Series A,"$10,000,000","Sep 18, 2015",Early Stage Venture,,Yes,8,7,"37,544"
Series A - Hippo Insurance,https://www.crunchbase.com/funding_round/hippo-insurance-series-a--8802d7d7,Hippo Insurance,https://www.crunchbase.com/organization/hippo-insurance,Series A,"$14,000,000","Dec 14, 2016",Early Stage Venture,,Yes,5,1,"39,042"
Series C - Square,https://www.crunchbase.com/funding_round/square-series-c--cfae547b,Square,https://www.crunchbase.com/organization/square,Series C,"$3,000,000","Dec 9, 2011",Late Stage Venture,,Yes,2,2,"38,925"
Series B - Zimi,https://www.crunchbase.com/funding_round/zimi-series-b--125587c8,Zimi,https://www.crunchbase.com/organization/zimi,Series B,"$15,000,000","Mar 18, 2015",Early Stage Venture,,Yes,2,1,"39,814"
Seed Round - Nongtian Guanjia (Farm Friend),https://www.crunchbase.com/funding_round/nongtian-guanjia-farm-friend-seed--a8b8eaa3,Nongtian Guanjia (Farm Friend),https://www.crunchbase.com/organization/nongtian-guanjia-farm-friend,Seed,"$3,000,000","Aug 1, 2016",Seed,,Yes,3,,"40,923"
Series E - Heptagon Advanced Micro Optics,https://www.crunchbase.com/funding_round/heptagon-advanced-micro-optics-series-e--7767c020,Heptagon Advanced Micro Optics,https://www.crunchbase.com/organization/heptagon-advanced-micro-optics,Series E,"$42,300,000","Nov 30, 2012",Late Stage Venture,,Yes,6,1,"41,636"
Series F - Heptagon Advanced Micro Optics,https://www.crunchbase.com/funding_round/heptagon-advanced-micro-optics-series-f--27b00ccc,Heptagon Advanced Micro Optics,https://www.crunchbase.com/organization/heptagon-advanced-micro-optics,Series F,"$171,500,000","Jul 31, 2013",Late Stage Venture,,Yes,5,1,"42,271"
Series F - Endeca,https://www.crunchbase.com/funding_round/endeca-series-f--97f6fd56,Endeca,https://www.crunchbase.com/organization/endeca,Series F,"$25,000,000","Jan 23, 2008",Late Stage Venture,,Yes,5,3,"42,297"
Series C - Musical.ly,https://www.crunchbase.com/funding_round/musical-ly-series-c--e2c0d4b3,Musical.ly,https://www.crunchbase.com/organization/musical-ly,Series C,"$130,000,000","May 13, 2016",Late Stage Venture,"$400,000,000",Yes,11,1,"43,234"
"Seed Round - Wheelwell, Inc.",https://www.crunchbase.com/funding_round/tracktopia-seed--2e884b1b,"Wheelwell, Inc.",https://www.crunchbase.com/organization/tracktopia,Seed,"$2,000,000","Sep 15, 2016",Seed,,Yes,3,,"44,105"
Series B - Opendoor,https://www.crunchbase.com/funding_round/opendoor-2-series-b--50a15163,Opendoor,https://www.crunchbase.com/organization/opendoor-2,Series B,"$20,000,000","Feb 26, 2015",Early Stage Venture,,Yes,6,3,"46,425"
Series A - HashiCorp,https://www.crunchbase.com/funding_round/hashicorp-series-a--258d2fcd,HashiCorp,https://www.crunchbase.com/organization/hashicorp,Series A,"$10,175,000","Dec 10, 2014",Early Stage Venture,,Yes,5,1,"46,401"
Series B - Musical.ly,https://www.crunchbase.com/funding_round/musical-ly-series-b--ab42736c,Musical.ly,https://www.crunchbase.com/organization/musical-ly,Series B,"$16,600,000","Aug 27, 2015",Early Stage Venture,,Yes,6,1,"46,860"
Series D - Alibaba,https://www.crunchbase.com/funding_round/alibaba-series-d--1feb0817,Alibaba,https://www.crunchbase.com/organization/alibaba,Series D,"$82,000,000","Feb 4, 2004",Late Stage Venture,"$100,000,000",Yes,4,1,"47,461"
Series B - Tile,https://www.crunchbase.com/funding_round/tile-series-b--385900cd,Tile,https://www.crunchbase.com/organization/tile,Series B,"$25,000,000","May 16, 2017",Early Stage Venture,,Yes,4,2,"48,149"
Series C - Inside Secure,https://www.crunchbase.com/funding_round/inside-secure-series-c--c246d002,Inside Secure,https://www.crunchbase.com/organization/inside-secure,Series C,"$36,000,000","Jan 31, 2008",Late Stage Venture,,Yes,12,1,"48,717"
Series B - Ehang,https://www.crunchbase.com/funding_round/ehang-series-b--3ffe5bfa,Ehang,https://www.crunchbase.com/organization/ehang,Series B,"$42,000,000","Aug 24, 2015",Early Stage Venture,,Yes,7,1,"49,333"
Series D - Inside Secure,https://www.crunchbase.com/funding_round/inside-secure-series-d--c4cc4cd9,Inside Secure,https://www.crunchbase.com/organization/inside-secure,Series D,"$65,000,000","Sep 30, 2010",Late Stage Venture,,Yes,11,2,"49,453"
Series E - Phononic,https://www.crunchbase.com/funding_round/phononic-devices-series-e--99feb232,Phononic,https://www.crunchbase.com/organization/phononic-devices,Series E,"$31,000,000","Sep 12, 2016",Late Stage Venture,,Yes,9,4,"50,185"
Series E - Phononic,https://www.crunchbase.com/funding_round/phononic-devices-series-e--bd21a4de,Phononic,https://www.crunchbase.com/organization/phononic-devices,Series E,"$40,000,000","Nov 16, 2016",Late Stage Venture,,Yes,10,4,"50,153"
Series E - HotelTonight,https://www.crunchbase.com/funding_round/hoteltonight-series-e--74a29a36,HotelTonight,https://www.crunchbase.com/organization/hoteltonight,Series E,"$37,000,000","Mar 22, 2017",Late Stage Venture,"$463,000,000",Yes,9,4,"50,219"
Series E - BigCommerce,https://www.crunchbase.com/funding_round/bigcommerce-series-e--da1a3480,BigCommerce,https://www.crunchbase.com/organization/bigcommerce,Series E,"$30,000,000","May 10, 2016",Late Stage Venture,,Yes,2,1,"50,207"
Series B - Boxed,https://www.crunchbase.com/funding_round/boxed-series-b--cc52daad,Boxed,https://www.crunchbase.com/organization/boxed,Series B,"$25,000,000","Jan 14, 2015",Early Stage Venture,,Yes,18,12,"50,753"
Series D - Xenoport,https://www.crunchbase.com/funding_round/xenoport-series-d--00322b55,Xenoport,https://www.crunchbase.com/organization/xenoport,Series D,"$25,000,000","Dec 30, 2004",Late Stage Venture,"$175,000,000",Yes,1,,"51,173"
Series A - Prynt,https://www.crunchbase.com/funding_round/prynt-series-a--16c923c3,Prynt,https://www.crunchbase.com/organization/prynt,Series A,"$7,000,000","Nov 15, 2016",Early Stage Venture,,Yes,7,1,"51,519"
Series A - Inside Secure,https://www.crunchbase.com/funding_round/inside-secure-series-a--367d1ff6,Inside Secure,https://www.crunchbase.com/organization/inside-secure,Series A,"$10,880,000","Nov 15, 2005",Early Stage Venture,,Yes,9,1,"51,844"
Series B - Inside Secure,https://www.crunchbase.com/funding_round/inside-secure-series-b--8e490563,Inside Secure,https://www.crunchbase.com/organization/inside-secure,Series B,"$25,000,000","Jul 31, 2007",Early Stage Venture,,Yes,10,2,"51,888"
Series B - Percolate,https://www.crunchbase.com/funding_round/percolate-series-b--81daf9d0,Percolate,https://www.crunchbase.com/organization/percolate,Series B,"$24,000,000","Mar 18, 2014",Early Stage Venture,,Yes,7,5,"52,234"
Series C - Domo,https://www.crunchbase.com/funding_round/domo-series-c--86e90787,Domo,https://www.crunchbase.com/organization/domo,Series C,"$125,000,000","Feb 5, 2014",Late Stage Venture,"$700,000,000",Yes,13,6,"53,568"
Venture Round - Buchang Group,https://www.crunchbase.com/funding_round/buchang-group-series-unknown--f688728a,Buchang Group,https://www.crunchbase.com/organization/buchang-group,Venture - Series Unknown,,"Dec 14, 2010",,,Yes,1,,"154,748"
Series E - Boston Power,https://www.crunchbase.com/funding_round/bostonpower-series-e--cbb5e69d,Boston Power,https://www.crunchbase.com/organization/bostonpower,Series E,"$60,000,000","Jun 25, 2010",Late Stage Venture,,Yes,3,3,"155,623"
Series C - Reebonz,https://www.crunchbase.com/funding_round/reebonz-series-c--79694c54,Reebonz,https://www.crunchbase.com/organization/reebonz,Series C,"$40,000,000","May 1, 2013",Late Stage Venture,,Yes,5,1,"155,735"
Series C - Douguo,https://www.crunchbase.com/funding_round/douguo-series-c--1f286179,Douguo,https://www.crunchbase.com/organization/douguo,Series C,"$10,000,000","Sep 27, 2013",Late Stage Venture,,Yes,1,1,"155,882"
Series B - Arcas Entertainment,https://www.crunchbase.com/funding_round/arcas-entertainment-series-b--3ebd4d01,Arcas Entertainment,https://www.crunchbase.com/organization/arcas-entertainment,Series B,,"Mar 31, 2011",Early Stage Venture,,Yes,1,,"164,606"
Series D - Iwjw,https://www.crunchbase.com/funding_round/iwjw-iwjw-series-d--8328f2d0,Iwjw,https://www.crunchbase.com/organization/iwjw-iwjw,Series D,"$120,000,000","May 7, 2015",Late Stage Venture,"$880,000,000",Yes,4,1,"164,672"
Series D - UCWeb,https://www.crunchbase.com/funding_round/ucweb-series-d--f0dcbf93,UCWeb,https://www.crunchbase.com/organization/ucweb,Series D,,"Jan 7, 2011",Late Stage Venture,,Yes,1,,"165,078"
Series C - Aegis Petroleum Technology,https://www.crunchbase.com/funding_round/aegis-series-c--e45991ba,Aegis Petroleum Technology,https://www.crunchbase.com/organization/aegis,Series C,"CN¥60,000,000","Jun 1, 2012",Late Stage Venture,,Yes,1,,"165,679"
Series C - AGEIA Technologies,https://www.crunchbase.com/funding_round/ageia-technologies-series-c--fc859f0d,AGEIA Technologies,https://www.crunchbase.com/organization/ageia-technologies,Series C,"$27,500,000","Oct 3, 2005",Late Stage Venture,,Yes,8,,"165,817"
Series C - Tudou,https://www.crunchbase.com/funding_round/tudou-series-c--3ae24f24,Tudou,https://www.crunchbase.com/organization/tudou,Series C,"$19,000,000","Jul 16, 2007",Late Stage Venture,,Yes,8,2,"167,106"
Series B - Yangshu Wenhua (Shanghai) Co.Ltd,https://www.crunchbase.com/funding_round/yangshu-wenhua-shanghai-co-ltd-series-b--46ab6320,Yangshu Wenhua (Shanghai) Co.Ltd,https://www.crunchbase.com/organization/yangshu-wenhua-shanghai-co-ltd,Series B,"$37,000,000","Oct 24, 2016",Early Stage Venture,,Yes,3,,"167,248"
Series D - Vocera Communications,https://www.crunchbase.com/funding_round/vocera-communications-series-d--88ea3007,Vocera Communications,https://www.crunchbase.com/organization/vocera-communications,Series D,,"May 7, 2003",Late Stage Venture,,Yes,2,1,"168,176"
Series A - Ali,https://www.crunchbase.com/funding_round/ali-series-a--cfe80208,Ali,https://www.crunchbase.com/organization/ali,Series A,"CN¥10,000,000","Jun 1, 2012",Early Stage Venture,,Yes,1,1,"168,226"
Series B - Oculex Pharmaceuticals,https://www.crunchbase.com/funding_round/oculex-pharmaceuticals-series-b--44750e2e,Oculex Pharmaceuticals,https://www.crunchbase.com/organization/oculex-pharmaceuticals,Series B,,"Aug 19, 2002",Early Stage Venture,,Yes,1,,"168,720"
Series C - Pactera,https://www.crunchbase.com/funding_round/pactera-series-c--ed909257,Pactera,https://www.crunchbase.com/organization/pactera,Series C,,"Aug 20, 2007",Late Stage Venture,,Yes,1,,"168,879"
Series C - Evolv,https://www.crunchbase.com/funding_round/evolv-on-demand-series-c--61fb35e7,Evolv,https://www.crunchbase.com/organization/evolv-on-demand,Series C,"$15,800,000","Apr 26, 2011",Late Stage Venture,,Yes,3,2,"169,176"
Series D - Tudou,https://www.crunchbase.com/funding_round/tudou-series-d--b7c8546b,Tudou,https://www.crunchbase.com/organization/tudou,Series D,"$57,000,000","Apr 28, 2008",Late Stage Venture,,Yes,4,2,"169,212"
Series A - China Talent Group,https://www.crunchbase.com/funding_round/china-talent-group-series-a--bf0117a9,China Talent Group,https://www.crunchbase.com/organization/china-talent-group,Series A,,"Sep 5, 2006",Early Stage Venture,,Yes,1,1,"169,717"
Series B - HashiCorp,https://www.crunchbase.com/funding_round/hashicorp-series-b--17e68d3e,HashiCorp,https://www.crunchbase.com/organization/hashicorp,Series B,"$24,000,000","Sep 7, 2016",Early Stage Venture,,Yes,4,2,"169,981"
Series D - Appirio,https://www.crunchbase.com/funding_round/appirio-series-d--3331c426,Appirio,https://www.crunchbase.com/organization/appirio,Series D,"$60,000,000","Mar 15, 2012",Late Stage Venture,,Yes,4,3,"170,445"
Venture Round - Qingdao Savor,https://www.crunchbase.com/funding_round/qingdao-savor-series-unknown--40a4a26b,Qingdao Savor,https://www.crunchbase.com/organization/qingdao-savor,Venture - Series Unknown,,"Aug 18, 2009",,,Yes,1,,"170,694"
Series D - Chukong Technologies,https://www.crunchbase.com/funding_round/chukong-technologies-series-d--25c2a253,Chukong Technologies,https://www.crunchbase.com/organization/chukong-technologies,Series D,"$50,000,000","Oct 18, 2013",Late Stage Venture,,Yes,6,2,"172,913"
Debt Financing - Canopy Financial,https://www.crunchbase.com/funding_round/canopy-financial-debt-financing--345475e7,Canopy Financial,https://www.crunchbase.com/organization/canopy-financial,Debt Financing,"$15,000,000","Jan 1, 2008",,,No,1,1,"174,965"
Series A - Arcas Entertainment,https://www.crunchbase.com/funding_round/arcas-entertainment-series-a--075bb55d,Arcas Entertainment,https://www.crunchbase.com/organization/arcas-entertainment,Series A,,"Sep 18, 2009",Early Stage Venture,,Yes,1,,"176,030"
Series D - Bustle Digital Group,https://www.crunchbase.com/funding_round/bustle-series-d--aa366f1d,Bustle Digital Group,https://www.crunchbase.com/organization/bustle,Series D,"$12,000,000","Mar 10, 2017",Late Stage Venture,"$188,000,000",Yes,5,4,"176,232"
Series A - HYB Battery,https://www.crunchbase.com/funding_round/hyb-battery-series-a--3306dc60,HYB Battery,https://www.crunchbase.com/organization/hyb-battery,Series A,,"Apr 19, 2007",Early Stage Venture,,Yes,1,,"176,747"
Series C - Qpass,https://www.crunchbase.com/funding_round/qpass-series-c--11a6cba0,Qpass,https://www.crunchbase.com/organization/qpass,Series C,,"Feb 20, 2004",Late Stage Venture,,Yes,1,,"177,813"
Seed Round - LingoChamp (Liulishuo),https://www.crunchbase.com/funding_round/liulishuo-seed--b04118a5,LingoChamp (Liulishuo),https://www.crunchbase.com/organization/liulishuo,Seed,,"Dec 19, 2013",Seed,,Yes,1,,"178,486"
Venture Round - GENBAND,https://www.crunchbase.com/funding_round/genband-series-unknown--83a5e803,GENBAND,https://www.crunchbase.com/organization/genband,Venture - Series Unknown,"$66,000,000","Jul 16, 2001",,,Yes,4,,"178,958"
Series C - Quixey,https://www.crunchbase.com/funding_round/quixey-series-c--9b032a30,Quixey,https://www.crunchbase.com/organization/quixey,Series C,"$60,000,000","Mar 6, 2015",Late Stage Venture,"$490,000,000",Yes,4,1,"179,583"
Series D - Evolv,https://www.crunchbase.com/funding_round/evolv-on-demand-series-d--7663e20d,Evolv,https://www.crunchbase.com/organization/evolv-on-demand,Series D,"$15,000,000","Mar 12, 2013",Late Stage Venture,,Yes,4,2,"179,747"
Series B - Hubs1,https://www.crunchbase.com/funding_round/hubs1-series-b--d6e430d5,Hubs1,https://www.crunchbase.com/organization/hubs1,Series B,,"Dec 1, 2009",Early Stage Venture,,Yes,3,,"54,560"
Series B - Xiaozhan Jiaoyu,https://www.crunchbase.com/funding_round/zhan-com-series-b--2bedcbd9,Xiaozhan Jiaoyu,https://www.crunchbase.com/organization/zhan-com,Series B,"$29,000,000","Apr 1, 2015",Early Stage Venture,,Yes,2,1,"55,367"
Series C - Boxed,https://www.crunchbase.com/funding_round/boxed-series-c--aaf5303a,Boxed,https://www.crunchbase.com/organization/boxed,Series C,"$100,000,000","Jan 20, 2016",Late Stage Venture,,Yes,12,6,"55,968"
Venture Round - Teranetics,https://www.crunchbase.com/funding_round/teranetics-series-unknown--546cbbb3,Teranetics,https://www.crunchbase.com/organization/teranetics,Venture - Series Unknown,"$7,800,000","May 27, 2010",,,Yes,5,2,"56,257"
Series C - SkyStream Networks,https://www.crunchbase.com/funding_round/skystream-networks-series-c--4296251c,SkyStream Networks,https://www.crunchbase.com/organization/skystream-networks,Series C,"$25,000,000","May 8, 2003",Late Stage Venture,,Yes,5,3,"114,557"
Series C - Keep,https://www.crunchbase.com/funding_round/keep-3-series-c--ae0cb8c8,Keep,https://www.crunchbase.com/organization/keep-3,Series C,"$32,000,000","May 16, 2016",Late Stage Venture,,Yes,3,1,"115,457"
Series C - Teranetics,https://www.crunchbase.com/funding_round/teranetics-series-c--e631beed,Teranetics,https://www.crunchbase.com/organization/teranetics,Series C,"$20,000,000","Nov 21, 2006",Late Stage Venture,,Yes,6,3,"118,379"
Series A - HiWiFi,https://www.crunchbase.com/funding_round/hiwifi-series-a--affb3aa7,HiWiFi,https://www.crunchbase.com/organization/hiwifi,Series A,"$10,000,000","Sep 25, 2013",Early Stage Venture,,Yes,2,1,"120,509"
Series B - Tujia,https://www.crunchbase.com/funding_round/tujia-series-b--be60ea0b,Tujia,https://www.crunchbase.com/organization/tujia,Series B,"$40,000,000","Feb 16, 2013",Early Stage Venture,,Yes,5,2,"56,656"
Series A - Agora.io,https://www.crunchbase.com/funding_round/agora-io-series-a--459197f4,Agora.io,https://www.crunchbase.com/organization/agora-io,Series A,"$5,000,000","Jul 22, 2015",Early Stage Venture,,Yes,1,1,"121,914"
Series A - 51Zhangdan,https://www.crunchbase.com/funding_round/51zhangdan-series-a--bd9c1e8f,51Zhangdan,https://www.crunchbase.com/organization/51zhangdan,Series A,"$15,000,000","Jan 1, 2013",Early Stage Venture,,Yes,4,1,"126,391"
"Series D - Upsight, Inc.",https://www.crunchbase.com/funding_round/upsight-series-d--c03b550c,"Upsight, Inc.",https://www.crunchbase.com/organization/upsight,Series D,,"Dec 31, 2013",Late Stage Venture,,Yes,1,,"126,540"
Series A - Pactera,https://www.crunchbase.com/funding_round/pactera-series-a--7d1eca9b,Pactera,https://www.crunchbase.com/organization/pactera,Series A,,"Aug 16, 2004",Early Stage Venture,,Yes,1,,"127,746"
Series C - P-Cube,https://www.crunchbase.com/funding_round/p-cube-series-c--c9407fb2,P-Cube,https://www.crunchbase.com/organization/p-cube,Series C,"$35,000,000","Mar 20, 2002",Late Stage Venture,,Yes,5,,"134,675"
Series F - Vocera Communications,https://www.crunchbase.com/funding_round/vocera-communications-series-f--3dcc70b5,Vocera Communications,https://www.crunchbase.com/organization/vocera-communications,Series F,"$7,000,000","Nov 20, 2006",Late Stage Venture,,Yes,6,4,"134,844"
Series C - Social Touch,https://www.crunchbase.com/funding_round/social-touch-series-c--548a1c4b,Social Touch,https://www.crunchbase.com/organization/social-touch,Series C,"$10,000,000","Oct 9, 2013",Late Stage Venture,,Yes,3,1,"135,926"
Series D - Didi Chuxing,https://www.crunchbase.com/funding_round/didi-dache-series-d--7b01f7d3,Didi Chuxing,https://www.crunchbase.com/organization/didi-dache,Series D,"$700,000,000","Dec 9, 2014",Late Stage Venture,,Yes,4,1,"136,502"
Series B - Tile,https://www.crunchbase.com/funding_round/tile-series-b--0a25ac48,Tile,https://www.crunchbase.com/organization/tile,Series B,"$18,000,000","Jun 2, 2016",Early Stage Venture,,Yes,5,2,"137,321"
Series B - Zuoyebang,https://www.crunchbase.com/funding_round/zuoyebang-series-b--4532cce9,Zuoyebang,https://www.crunchbase.com/organization/zuoyebang,Series B,"$60,000,000","Sep 25, 2016",Early Stage Venture,,Yes,4,,"137,794"
Series E - SuccessFactors,https://www.crunchbase.com/funding_round/successfactors-series-e--f553145a,SuccessFactors,https://www.crunchbase.com/organization/successfactors,Series E,,"May 19, 2006",Late Stage Venture,,Yes,1,,"139,019"
Series B - GrubMarket,https://www.crunchbase.com/funding_round/grubmarket-inc-series-b--98607cc4,GrubMarket,https://www.crunchbase.com/organization/grubmarket-inc,Series B,"$20,000,000","Aug 4, 2016",Early Stage Venture,,Yes,8,5,"139,132"
Series B - Qpass,https://www.crunchbase.com/funding_round/qpass-series-b--a07d90ee,Qpass,https://www.crunchbase.com/organization/qpass,Series B,"$2,000,000","Feb 7, 2003",Early Stage Venture,,Yes,1,,"140,269"
Series C - Opendoor,https://www.crunchbase.com/funding_round/opendoor-2-series-c--4960272c,Opendoor,https://www.crunchbase.com/organization/opendoor-2,Series C,"$80,000,000","Oct 14, 2015",Late Stage Venture,"$500,000,000",Yes,6,3,"140,657"
Series B - 51Zhangdan,https://www.crunchbase.com/funding_round/51zhangdan-series-b--579d25d4,51Zhangdan,https://www.crunchbase.com/organization/51zhangdan,Series B,"$50,000,000","Feb 5, 2015",Early Stage Venture,,Yes,1,1,"141,757"
Series B - AAC Technologies Holdings,https://www.crunchbase.com/funding_round/aac-technologies-holdings-series-b--5a70d2ed,AAC Technologies Holdings,https://www.crunchbase.com/organization/aac-technologies-holdings,Series B,,"Nov 10, 2004",Early Stage Venture,,Yes,1,,"141,829"
Series C - Gladly Inc,https://www.crunchbase.com/funding_round/gladly-software-series-c--fb5977ee,Gladly Inc,https://www.crunchbase.com/organization/gladly-software,Series C,"$36,000,000","Apr 20, 2017",Late Stage Venture,,Yes,3,1,"58,601"
Series D - Boston Power,https://www.crunchbase.com/funding_round/bostonpower-series-d--5d2e29fe,Boston Power,https://www.crunchbase.com/organization/bostonpower,Series D,"$55,000,000","Jan 1, 2009",Late Stage Venture,,Yes,5,6,"58,851"
Series A - Percolate,https://www.crunchbase.com/funding_round/percolate-series-a--8e0b984c,Percolate,https://www.crunchbase.com/organization/percolate,Series A,"$9,000,000","Nov 14, 2012",Early Stage Venture,,Yes,4,2,"143,293"
Series B - Lumension,https://www.crunchbase.com/funding_round/lumension-series-b--30f0d0a7,Lumension,https://www.crunchbase.com/organization/lumension,Series B,,"Nov 10, 2004",Early Stage Venture,,Yes,1,,"144,913"
Seed Round - Wiselike,https://www.crunchbase.com/funding_round/wiselike-seed--e313727d,Wiselike,https://www.crunchbase.com/organization/wiselike,Seed,"$1,250,000","Aug 31, 2015",Seed,,Yes,3,1,"60,076"
Series B - Qpass,https://www.crunchbase.com/funding_round/qpass-series-b--b1784ed9,Qpass,https://www.crunchbase.com/organization/qpass,Series B,"$10,700,000","Dec 30, 2002",Early Stage Venture,,Yes,6,2,"145,538"
Venture Round - GENBAND,https://www.crunchbase.com/funding_round/genband-series-unknown--cc0c984a,GENBAND,https://www.crunchbase.com/organization/genband,Venture - Series Unknown,"$18,000,000","Mar 1, 2005",,,Yes,11,1,"145,613"
Series B - More Design,https://www.crunchbase.com/funding_round/more-design-series-b--29ba34dd,More Design,https://www.crunchbase.com/organization/more-design,Series B,"$15,000,000","Mar 18, 2015",Early Stage Venture,,Yes,1,1,"146,651"
Angel Round - 7k7k.com,https://www.crunchbase.com/funding_round/7k7k-com-angel--955d1040,7k7k.com,https://www.crunchbase.com/organization/7k7k-com,Angel,"$1,136,548","May 1, 2010",Seed,,Yes,2,1,"148,055"
Seed Round - Zylo,https://www.crunchbase.com/funding_round/zylo-seed--bfacafff,Zylo,https://www.crunchbase.com/organization/zylo,Seed,"$3,300,000","Oct 13, 2016",Seed,,Yes,6,2,"90,668"
Series A - Shandong Rongqing,https://www.crunchbase.com/funding_round/shandong-rongqing-series-a--dfd9bd78,Shandong Rongqing,https://www.crunchbase.com/organization/shandong-rongqing,Series A,,"Dec 11, 2007",Early Stage Venture,,Yes,1,,"61,194"
Series E - Agility Communications,https://www.crunchbase.com/funding_round/agility-communications-series-e--ac9d7313,Agility Communications,https://www.crunchbase.com/organization/agility-communications,Series E,"$15,000,000","Mar 9, 2005",Late Stage Venture,,Yes,7,2,"148,962"
Series C - Qunar.com,https://www.crunchbase.com/funding_round/qunar-com-series-c--a3f39ee6,Qunar.com,https://www.crunchbase.com/organization/qunar-com,Series C,"$15,000,000","Nov 17, 2009",Late Stage Venture,,Yes,4,3,"149,520"
Series A - LingoChamp (Liulishuo),https://www.crunchbase.com/funding_round/liulishuo-series-a--f6629aab,LingoChamp (Liulishuo),https://www.crunchbase.com/organization/liulishuo,Series A,,"Apr 14, 2014",Early Stage Venture,,Yes,4,,"151,045"
Venture Round - Qunar.com,https://www.crunchbase.com/funding_round/qunar-com-series-unknown--ded39518,Qunar.com,https://www.crunchbase.com/organization/qunar-com,Venture - Series Unknown,,"Nov 1, 2013",,,Yes,1,1,"92,738"
Venture Round - PlayHaven,https://www.crunchbase.com/funding_round/playhaven-series-unknown--1f5078a0,PlayHaven,https://www.crunchbase.com/organization/playhaven,Venture - Series Unknown,"$8,000,000","Nov 13, 2012",,,Yes,4,2,"151,873"
Series C - UCWeb,https://www.crunchbase.com/funding_round/ucweb-series-c--3ff1036e,UCWeb,https://www.crunchbase.com/organization/ucweb,Series C,,"Mar 1, 2010",Late Stage Venture,,Yes,2,1,"81,964"
Venture Round - Teranetics,https://www.crunchbase.com/funding_round/teranetics-series-unknown--ba36c587,Teranetics,https://www.crunchbase.com/organization/teranetics,Venture - Series Unknown,"$10,247,100","Oct 8, 2009",,,Yes,1,,"84,475"
Series D - Xfire,https://www.crunchbase.com/funding_round/xfire-series-d--61f1bbd4,Xfire,https://www.crunchbase.com/organization/xfire,Series D,"$5,000,000","Oct 3, 2005",Late Stage Venture,,Yes,3,1,"84,567"
Series B - Shiftgig,https://www.crunchbase.com/funding_round/shiftgig-series-b--02d62a1b,Shiftgig,https://www.crunchbase.com/organization/shiftgig,Series B,"$22,000,000","Nov 24, 2015",Early Stage Venture,,Yes,13,5,"62,152"
Series A - Yangshu Wenhua (Shanghai) Co.Ltd,https://www.crunchbase.com/funding_round/yangshu-wenhua-shanghai-co-ltd-series-a--9ac4e0e4,Yangshu Wenhua (Shanghai) Co.Ltd,https://www.crunchbase.com/organization/yangshu-wenhua-shanghai-co-ltd,Series A,"$18,000,000","Jan 1, 2015",Early Stage Venture,,Yes,3,,"84,890"
Series C - Turbine,https://www.crunchbase.com/funding_round/turbine-series-c--ce413f3b,Turbine,https://www.crunchbase.com/organization/turbine,Series C,"$40,000,000","Apr 29, 2008",Late Stage Venture,,Yes,6,3,"85,098"
Series D - Pandora,https://www.crunchbase.com/funding_round/pandora-series-d--bb47c786,Pandora,https://www.crunchbase.com/organization/pandora,Series D,"$35,000,000","Jul 10, 2009",Late Stage Venture,,Yes,2,2,"86,952"
Series B - Hellobike,https://www.crunchbase.com/funding_round/hellobike-series-b--1daf393c,Hellobike,https://www.crunchbase.com/organization/hellobike,Series B,,"Apr 17, 2017",Early Stage Venture,,Yes,2,,"87,132"
Venture Round - Accelight Networks,https://www.crunchbase.com/funding_round/accelight-networks-series-unknown--b95e5913,Accelight Networks,https://www.crunchbase.com/organization/accelight-networks,Venture - Series Unknown,"$60,000,000","Nov 19, 2001",,,Yes,8,,"181,262"
Series F - Slack,https://www.crunchbase.com/funding_round/slack-series-f--c196894f,Slack,https://www.crunchbase.com/organization/slack,Series F,"$200,000,000","Apr 1, 2016",Late Stage Venture,"$3,600,000,000",Yes,7,4,"181,327"
Series B - Social Touch,https://www.crunchbase.com/funding_round/social-touch-series-b--09803655,Social Touch,https://www.crunchbase.com/organization/social-touch,Series B,,"Apr 27, 2012",Early Stage Venture,,Yes,1,,"62,204"
Series B - Yodo1,https://www.crunchbase.com/funding_round/yodo1-series-b--ad9e194b,Yodo1,https://www.crunchbase.com/organization/yodo1,Series B,"$11,000,000","Dec 10, 2013",Early Stage Venture,,Yes,4,3,"88,539"
Series D - Kujiale,https://www.crunchbase.com/funding_round/kujiale-series-d--bcd641d7,Kujiale,https://www.crunchbase.com/organization/kujiale,Series D,"$10,000,000","Jan 1, 2018",Late Stage Venture,,Yes,4,1,"88,847"
Venture Round - SJS Animation,https://www.crunchbase.com/funding_round/sjs-animation-series-unknown--3e9178c1,SJS Animation,https://www.crunchbase.com/organization/sjs-animation,Venture - Series Unknown,,"May 24, 2011",,,Yes,1,,"89,507"
Series A - Reebonz,https://www.crunchbase.com/funding_round/reebonz-series-a--9acf1173,Reebonz,https://www.crunchbase.com/organization/reebonz,Series A,"$10,000,000","Dec 1, 2010",Early Stage Venture,,Yes,1,1,"62,740"
Series B - Xiaohongshu,https://www.crunchbase.com/funding_round/xiaohongshu-series-b--c235ed0c,Xiaohongshu,https://www.crunchbase.com/organization/xiaohongshu,Series B,"$17,500,000","Jun 9, 2015",Early Stage Venture,,Yes,1,1,"97,143"
Series E - 2Wire,https://www.crunchbase.com/funding_round/2wire-series-e--4b0d19ec,2Wire,https://www.crunchbase.com/organization/2wire,Series E,"$27,500,000","Nov 15, 2002",Late Stage Venture,,Yes,9,1,"63,507"
Series B - Light Chaser Animation,https://www.crunchbase.com/funding_round/light-chaser-animation-series-b--06844d93,Light Chaser Animation,https://www.crunchbase.com/organization/light-chaser-animation,Series B,"$20,000,000","Jun 20, 2014",Early Stage Venture,,Yes,4,1,"94,938"
Series B - Yangche Diandian,https://www.crunchbase.com/funding_round/yangche-diandian-series-b--23f436ad,Yangche Diandian,https://www.crunchbase.com/organization/yangche-diandian,Series B,"$15,000,000","Dec 15, 2014",Early Stage Venture,,Yes,1,1,"98,188"
Post-IPO Equity - Glu Mobile,https://www.crunchbase.com/funding_round/glu-mobile-post-ipo-equity--0ea79ded,Glu Mobile,https://www.crunchbase.com/organization/glu-mobile,Post-IPO Equity,"$13,500,000","Jul 6, 2010",,,Yes,7,3,"100,545"
Venture Round - Spice i2i Ltd,https://www.crunchbase.com/funding_round/spice-i2i-ltd-series-unknown--63b5cb36,Spice i2i Ltd,https://www.crunchbase.com/organization/spice-i2i-ltd,Venture - Series Unknown,,"Sep 15, 2005",,,Yes,1,,"100,887"
Venture Round - Rainbow Children's Clinic,https://www.crunchbase.com/funding_round/rainbow-children-s-clinic-2-series-unknown--bad8bbeb,Rainbow Children's Clinic,https://www.crunchbase.com/organization/rainbow-children-s-clinic-2,Venture - Series Unknown,"CN¥70,000,000","Feb 13, 2017",,,Yes,2,,"99,148"
Series B - Pactera,https://www.crunchbase.com/funding_round/pactera-series-b--e3e2d73f,Pactera,https://www.crunchbase.com/organization/pactera,Series B,,"Jul 6, 2006",Early Stage Venture,,Yes,1,,"101,724"
Series C - SoundCloud,https://www.crunchbase.com/funding_round/soundcloud-series-c--6be9b03c,SoundCloud,https://www.crunchbase.com/organization/soundcloud,Series C,"$50,000,000","Jan 3, 2012",Late Stage Venture,"$200,000,000",Yes,3,5,"101,759"
Debt Financing - GENBAND,https://www.crunchbase.com/funding_round/genband-debt-financing--2c74b154,GENBAND,https://www.crunchbase.com/organization/genband,Debt Financing,,"Aug 23, 2006",,,No,2,,"101,042"
Series A - Vincross,https://www.crunchbase.com/funding_round/vincross-series-a--3f0c073e,Vincross,https://www.crunchbase.com/organization/vincross,Series A,"$6,000,000","Oct 19, 2016",Early Stage Venture,,Yes,2,,"65,121"
Series D - Meilishuo,https://www.crunchbase.com/funding_round/meilishuo-series-d--1e323bc3,Meilishuo,https://www.crunchbase.com/organization/meilishuo,Series D,,"Nov 1, 2012",Late Stage Venture,,Yes,2,1,"103,745"
Series E - Tudou,https://www.crunchbase.com/funding_round/tudou-series-e--3e34f797,Tudou,https://www.crunchbase.com/organization/tudou,Series E,"$50,000,000","Aug 5, 2010",Late Stage Venture,,Yes,2,1,"103,838"
Series C - Xiaozhan Jiaoyu,https://www.crunchbase.com/funding_round/zhan-com-series-c--21b93778,Xiaozhan Jiaoyu,https://www.crunchbase.com/organization/zhan-com,Series C,"$70,000,000","Nov 25, 2015",Late Stage Venture,,Yes,2,1,"103,993"
Series B - DraftKings,https://www.crunchbase.com/funding_round/draftkings-series-b--ae8d94bf,DraftKings,https://www.crunchbase.com/organization/draftkings,Series B,"$24,000,000","Nov 26, 2013",Early Stage Venture,,Yes,5,3,"106,571"
Series C - Chamate,https://www.crunchbase.com/funding_round/chamate-series-c--6e613b12,Chamate,https://www.crunchbase.com/organization/chamate,Series C,"$23,000,000","Sep 1, 2008",Late Stage Venture,,Yes,3,,"107,516"
Series A - Xenon Technologies,https://www.crunchbase.com/funding_round/xenon-technologies-series-a--f5471a33,Xenon Technologies,https://www.crunchbase.com/organization/xenon-technologies,Series A,,"Jun 24, 2010",Early Stage Venture,,Yes,1,,"107,694"
Series C - DraftKings,https://www.crunchbase.com/funding_round/draftkings-series-c--605e7d00,DraftKings,https://www.crunchbase.com/organization/draftkings,Series C,"$41,000,000","Aug 25, 2014",Late Stage Venture,,Yes,4,2,"107,819"
Series B - Tudou,https://www.crunchbase.com/funding_round/tudou-series-b--21839283,Tudou,https://www.crunchbase.com/organization/tudou,Series B,"$8,500,000","May 15, 2006",Early Stage Venture,,Yes,3,,"66,103"
Series E - Endeca,https://www.crunchbase.com/funding_round/endeca-series-e--20a7ef32,Endeca,https://www.crunchbase.com/organization/endeca,Series E,,"Nov 14, 2006",Late Stage Venture,,Yes,2,2,"66,404"
Series D - Teranetics,https://www.crunchbase.com/funding_round/teranetics-series-d--059cfe91,Teranetics,https://www.crunchbase.com/organization/teranetics,Series D,"$25,000,000","Feb 22, 2008",Late Stage Venture,,Yes,6,2,"195,758"
Series B - Souzhou Ribo Life Science,https://www.crunchbase.com/funding_round/souzhou-ribo-life-science-series-b--6ce3409b,Souzhou Ribo Life Science,https://www.crunchbase.com/organization/souzhou-ribo-life-science,Series B,"CN¥270,000,000","Mar 20, 2017",Early Stage Venture,,Yes,5,,"119,536"
Series B - Synack,https://www.crunchbase.com/funding_round/synack-series-b--96fc02f8,Synack,https://www.crunchbase.com/organization/synack,Series B,"$25,000,000","Feb 19, 2015",Early Stage Venture,,Yes,5,3,"119,537"
Series B - AGEIA Technologies,https://www.crunchbase.com/funding_round/ageia-technologies-series-b--13755cc1,AGEIA Technologies,https://www.crunchbase.com/organization/ageia-technologies,Series B,,"Oct 4, 2004",Early Stage Venture,,Yes,1,,"119,567"
Series C - Intarcia Therapeutics,https://www.crunchbase.com/funding_round/intarcia-therapeutics-series-c--291a4818,Intarcia Therapeutics,https://www.crunchbase.com/organization/intarcia-therapeutics,Series C,"$160,000,000","Nov 16, 2012",Late Stage Venture,"$635,000,000",Yes,7,3,"66,545"
Series A - Ku6,https://www.crunchbase.com/funding_round/ku6-series-a--0fd7e8a5,Ku6,https://www.crunchbase.com/organization/ku6,Series A,,"Jun 16, 2003",Early Stage Venture,,Yes,1,,"66,865"
Series A - Nozomi Networks,https://www.crunchbase.com/funding_round/nozomi-networks-series-a--155cb084,Nozomi Networks,https://www.crunchbase.com/organization/nozomi-networks,Series A,"$7,500,000","Oct 24, 2016",Early Stage Venture,,Yes,3,2,"66,884"
Series A - Ehang,https://www.crunchbase.com/funding_round/ehang-series-a--cf1321bc,Ehang,https://www.crunchbase.com/organization/ehang,Series A,"$10,000,000","Dec 30, 2014",Early Stage Venture,,Yes,4,2,"108,528"
Series A - Citrus Lane,https://www.crunchbase.com/funding_round/citrus-lane-series-a--cefde87b,Citrus Lane,https://www.crunchbase.com/organization/citrus-lane,Series A,"$5,100,000","Apr 24, 2012",Early Stage Venture,,Yes,3,2,"109,816"
Series B - CSD E.P. Water Service,https://www.crunchbase.com/funding_round/csd-e-p-water-service-co-ltd-series-b--df9f8686,CSD E.P. Water Service,https://www.crunchbase.com/organization/csd-e-p-water-service-co-ltd,Series B,,"May 1, 2013",Early Stage Venture,,Yes,3,,"109,818"
Series E - Athenahealth,https://www.crunchbase.com/funding_round/athenahealth-series-e--19f4b895,Athenahealth,https://www.crunchbase.com/organization/athenahealth,Series E,,"Apr 23, 2004",Late Stage Venture,,Yes,1,,"197,886"
Series E - Nimble Storage,https://www.crunchbase.com/funding_round/nimble-storage-series-e--66f94d40,Nimble Storage,https://www.crunchbase.com/organization/nimble-storage,Series E,"$40,700,000","Sep 10, 2012",Late Stage Venture,,Yes,7,8,"198,233"
Series B - Curse,https://www.crunchbase.com/funding_round/curse-series-b--cddd5b69,Curse,https://www.crunchbase.com/organization/curse,Series B,"$16,000,000","Jul 8, 2014",Early Stage Venture,,Yes,1,1,"198,757"
Series C - Cui Yutao Health Management Center,https://www.crunchbase.com/funding_round/cui-yutao-health-management-center-series-c--ab4abd0f,Cui Yutao Health Management Center,https://www.crunchbase.com/organization/cui-yutao-health-management-center,Series C,"$20,000,000","Jan 13, 2017",Late Stage Venture,,Yes,4,,"200,017"
Series D - AlienVault,https://www.crunchbase.com/funding_round/alienvault-series-d--abadc532,AlienVault,https://www.crunchbase.com/organization/alienvault,Series D,"$26,500,000","Sep 5, 2013",Late Stage Venture,,Yes,7,5,"200,200"
Venture Round - WildTangent,https://www.crunchbase.com/funding_round/wildtangent-series-unknown--19d9ef3c,WildTangent,https://www.crunchbase.com/organization/wildtangent,Venture - Series Unknown,"$13,000,000","Jan 1, 2006",,,Yes,6,3,"200,268"
Series F - NetScaler,https://www.crunchbase.com/funding_round/netscaler-series-f--e423e70e,NetScaler,https://www.crunchbase.com/organization/netscaler,Series F,,"Mar 1, 2004",Late Stage Venture,,Yes,6,,"111,677"
Venture Round - YY.com,https://www.crunchbase.com/funding_round/yy-com-series-unknown--3fa42027,YY.com,https://www.crunchbase.com/organization/yy-com,Venture - Series Unknown,,"Nov 21, 2012",,,Yes,1,1,"68,720"
Series D - Guava Technologies,https://www.crunchbase.com/funding_round/guava-technologies-series-d--298f34e2,Guava Technologies,https://www.crunchbase.com/organization/guava-technologies,Series D,,"Dec 10, 2003",Late Stage Venture,,Yes,1,,"69,014"
Series C - Heptagon Advanced Micro Optics,https://www.crunchbase.com/funding_round/heptagon-advanced-micro-optics-series-c--4f6273c3,Heptagon Advanced Micro Optics,https://www.crunchbase.com/organization/heptagon-advanced-micro-optics,Series C,,"Aug 11, 2011",Late Stage Venture,,Yes,2,,"120,531"
Series C - 21viaNet,https://www.crunchbase.com/funding_round/21vianet-series-c--41d0c593,21viaNet,https://www.crunchbase.com/organization/21vianet,Series C,,"Jan 14, 2011",Late Stage Venture,,Yes,1,1,"120,756"
Series D - HotelTonight,https://www.crunchbase.com/funding_round/hoteltonight-series-d--90d6c229,HotelTonight,https://www.crunchbase.com/organization/hoteltonight,Series D,"$45,000,000","Sep 5, 2013",Late Stage Venture,,Yes,6,4,"120,825"
Series A - Yangche Diandian,https://www.crunchbase.com/funding_round/yangche-diandian-series-a--d993accc,Yangche Diandian,https://www.crunchbase.com/organization/yangche-diandian,Series A,,"Nov 17, 2014",Early Stage Venture,,Yes,1,1,"112,832"
Series C - BlogCN,https://www.crunchbase.com/funding_round/blogcn-series-c--228d9b34,BlogCN,https://www.crunchbase.com/organization/blogcn,Series C,,"Nov 1, 2005",Late Stage Venture,,Yes,3,,"113,260"
Series D - GENBAND,https://www.crunchbase.com/funding_round/genband-series-d--c9751d40,GENBAND,https://www.crunchbase.com/organization/genband,Series D,,"Apr 25, 2008",Late Stage Venture,,Yes,1,,"113,354"
Series B - Kintana,https://www.crunchbase.com/funding_round/kintana-series-b--24c3d40b,Kintana,https://www.crunchbase.com/organization/kintana,Series B,,"Jun 28, 2001",Early Stage Venture,,Yes,1,,"113,504"
Series C - Endeca,https://www.crunchbase.com/funding_round/endeca-series-c--f371b466,Endeca,https://www.crunchbase.com/organization/endeca,Series C,"$15,000,000","Jun 1, 2004",Late Stage Venture,,Yes,6,4,"113,513"
Series B - QuinStreet,https://www.crunchbase.com/funding_round/quinstreet-series-b--fa1ad3fa,QuinStreet,https://www.crunchbase.com/organization/quinstreet,Series B,,"Mar 15, 2007",Early Stage Venture,,Yes,1,,"113,688"
Series C - Appirio,https://www.crunchbase.com/funding_round/appirio-series-c--bbb3d692,Appirio,https://www.crunchbase.com/organization/appirio,Series C,"$10,000,000","Feb 25, 2009",Late Stage Venture,,Yes,3,2,"201,552"
Series C - Meilishuo,https://www.crunchbase.com/funding_round/meilishuo-series-c--d2902f21,Meilishuo,https://www.crunchbase.com/organization/meilishuo,Series C,"$10,000,000","Nov 23, 2011",Late Stage Venture,,Yes,4,2,"201,720"
Series C - Misfit Wearables,https://www.crunchbase.com/funding_round/misfit-wearables-series-c--7614c350,Misfit Wearables,https://www.crunchbase.com/organization/misfit-wearables,Series C,"$40,000,000","Dec 2, 2014",Late Stage Venture,,Yes,8,5,"202,071"
Series E - Pandora,https://www.crunchbase.com/funding_round/pandora-series-e--cc69bb1b,Pandora,https://www.crunchbase.com/organization/pandora,Series E,,"Jun 2, 2010",Late Stage Venture,,Yes,2,1,"121,222"
Series C - Beijing Weiying Technology,https://www.crunchbase.com/funding_round/beijing-weiying-technology-series-c--524c67ab,Beijing Weiying Technology,https://www.crunchbase.com/organization/beijing-weiying-technology,Series C,"CN¥1,500,000,000","Nov 18, 2015",Late Stage Venture,"CN¥8,500,000,000",Yes,9,,"158,496"
Series C - MediaV,https://www.crunchbase.com/funding_round/mediav-series-c--7e391b66,MediaV,https://www.crunchbase.com/organization/mediav,Series C,,"May 17, 2011",Late Stage Venture,,Yes,1,1,"158,989"
Series B - China Talent Group,https://www.crunchbase.com/funding_round/china-talent-group-series-b--2322dce2,China Talent Group,https://www.crunchbase.com/organization/china-talent-group,Series B,"$6,000,000","Jun 29, 2007",Early Stage Venture,,Yes,1,2,"159,282"
Series A - PlushCare,https://www.crunchbase.com/funding_round/plushcare-series-a--585aecb0,PlushCare,https://www.crunchbase.com/organization/plushcare,Series A,"$8,000,000","Nov 3, 2016",Early Stage Venture,,Yes,4,1,"159,805"
Series A - Yingying Licai,https://www.crunchbase.com/funding_round/yingying-licai-series-a--15c755ef,Yingying Licai,https://www.crunchbase.com/organization/yingying-licai,Series A,,"Aug 7, 2014",Early Stage Venture,,Yes,1,,"160,711"
Series C - Chukong Technologies,https://www.crunchbase.com/funding_round/chukong-technologies-series-c--1be3ee95,Chukong Technologies,https://www.crunchbase.com/organization/chukong-technologies,Series C,"$18,000,000","Sep 4, 2012",Late Stage Venture,,Yes,3,1,"160,907"
Series D - Poshmark,https://www.crunchbase.com/funding_round/poshmark-series-d--fc826fc8,Poshmark,https://www.crunchbase.com/organization/poshmark,Series D,"$25,000,000","Apr 13, 2016",Late Stage Venture,,Yes,8,6,"161,512"
Series D - Ironwood Pharmaceuticals,https://www.crunchbase.com/funding_round/ironwood-pharmaceuticals-series-d--84e60700,Ironwood Pharmaceuticals,https://www.crunchbase.com/organization/ironwood-pharmaceuticals,Series D,"$50,000,000","May 1, 2004",Late Stage Venture,,Yes,2,1,"161,678"
Series A - Meihua,https://www.crunchbase.com/funding_round/meihua-series-a--eb66a846,Meihua,https://www.crunchbase.com/organization/meihua,Series A,,"Aug 12, 2008",Early Stage Venture,,Yes,1,,"162,561"
Series C - Houzz,https://www.crunchbase.com/funding_round/houzz-series-c--f7de9edf,Houzz,https://www.crunchbase.com/organization/houzz,Series C,"$35,000,000","Jan 29, 2013",Late Stage Venture,,Yes,8,3,"163,437"
Series D - Heptagon Advanced Micro Optics,https://www.crunchbase.com/funding_round/heptagon-advanced-micro-optics-series-d--538aa678,Heptagon Advanced Micro Optics,https://www.crunchbase.com/organization/heptagon-advanced-micro-optics,Series D,,"Sep 9, 2011",Late Stage Venture,,Yes,2,,"164,597"
Series B - Chamate,https://www.crunchbase.com/funding_round/chamate-series-b--2993a357,Chamate,https://www.crunchbase.com/organization/chamate,Series B,"$7,500,000","Dec 15, 2006",Early Stage Venture,,Yes,3,,"182,499"
Series B - Keep,https://www.crunchbase.com/funding_round/keep-3-series-b--e50ec55e,Keep,https://www.crunchbase.com/organization/keep-3,Series B,"$10,000,000","Sep 23, 2015",Early Stage Venture,,Yes,2,1,"183,084"
Series B - U51.com,https://www.crunchbase.com/funding_round/u51-com-series-b--781f6167,U51.com,https://www.crunchbase.com/organization/u51-com,Series B,"$50,000,000","Apr 17, 2015",Early Stage Venture,,Yes,3,,"183,634"
Series C - Yangche Diandian,https://www.crunchbase.com/funding_round/yangche-diandian-series-c--56e3fa16,Yangche Diandian,https://www.crunchbase.com/organization/yangche-diandian,Series C,"$60,000,000","Jul 7, 2015",Late Stage Venture,,Yes,1,1,"184,423"
Series C - Flipboard,https://www.crunchbase.com/funding_round/flipboard-series-c--7771fc44,Flipboard,https://www.crunchbase.com/organization/flipboard,Series C,"$50,000,000","Dec 9, 2013",Late Stage Venture,"$750,000,000",Yes,6,3,"203,047"
Series C - Boston Power,https://www.crunchbase.com/funding_round/bostonpower-series-c--d2f45d62,Boston Power,https://www.crunchbase.com/organization/bostonpower,Series C,"$45,000,000","Jan 1, 2008",Late Stage Venture,,Yes,4,4,"203,097"
Series A - Restless Bandit,https://www.crunchbase.com/funding_round/restless-bandit-series-a--350c0805,Restless Bandit,https://www.crunchbase.com/organization/restless-bandit,Series A,"$8,000,000","Oct 4, 2016",Early Stage Venture,,Yes,2,,"204,020"
Series D - OfferUp,https://www.crunchbase.com/funding_round/offerup-series-d--b8d6cebc,OfferUp,https://www.crunchbase.com/organization/offerup,Series D,"$119,000,000","Sep 8, 2016",Late Stage Venture,"$881,000,000",Yes,5,,"204,461"
Series B - Ali,https://www.crunchbase.com/funding_round/ali-series-b--f8752ac6,Ali,https://www.crunchbase.com/organization/ali,Series B,"CN¥10,000,000","Oct 1, 2013",Early Stage Venture,,Yes,2,1,"204,947"
Seed Round - Kubos,https://www.crunchbase.com/funding_round/kubos-seed--cec36c9e,Kubos,https://www.crunchbase.com/organization/kubos,Seed,"$1,650,000","Apr 6, 2017",Seed,,Yes,5,,"204,990"
Series C - Conviva,https://www.crunchbase.com/funding_round/conviva-series-c--54bd9697,Conviva,https://www.crunchbase.com/organization/conviva,Series C,"$15,000,000","Sep 15, 2010",Late Stage Venture,,Yes,4,5,"205,429"
Series D - Glu Mobile,https://www.crunchbase.com/funding_round/glu-mobile-series-d--aaf3441b,Glu Mobile,https://www.crunchbase.com/organization/glu-mobile,Series D,"$27,700,000","Apr 22, 2005",Late Stage Venture,,Yes,2,,"206,252"
Series D - BlueKai,https://www.crunchbase.com/funding_round/bluekai-series-d--3bcc8838,BlueKai,https://www.crunchbase.com/organization/bluekai,Series D,"$15,000,000","Jan 20, 2012",Late Stage Venture,,Yes,4,3,"206,369"
Series A - Yadu,https://www.crunchbase.com/funding_round/yadu-series-a--918ffbf8,Yadu,https://www.crunchbase.com/organization/yadu,Series A,,"Aug 18, 2006",Early Stage Venture,,Yes,1,,"206,938"
Series B - Grab,https://www.crunchbase.com/funding_round/grabtaxi-series-b--16dbd141,Grab,https://www.crunchbase.com/organization/grabtaxi,Series B,"$15,000,000","May 28, 2014",Early Stage Venture,,Yes,3,2,"207,316"
Series A - Hubs1,https://www.crunchbase.com/funding_round/hubs1-series-a--397ad6bf,Hubs1,https://www.crunchbase.com/organization/hubs1,Series A,"$2,000,000","Oct 1, 2008",Early Stage Venture,,Yes,2,,"207,396"
Seed Round - Lively,https://www.crunchbase.com/funding_round/lively-3-seed--79cde84c,Lively,https://www.crunchbase.com/organization/lively-3,Seed,"$4,000,000","Oct 25, 2016",Seed,,Yes,7,2,"207,525"
Series B - Edianbao,https://www.crunchbase.com/funding_round/edianbao-series-b--9fe6b9a9,Edianbao,https://www.crunchbase.com/organization/edianbao,Series B,,"May 17, 2013",Early Stage Venture,,Yes,1,,"207,916"
Series D - Turbine,https://www.crunchbase.com/funding_round/turbine-series-d--55fc67b5,Turbine,https://www.crunchbase.com/organization/turbine,Series D,"$6,600,000","Aug 10, 2009",Late Stage Venture,,Yes,1,1,"208,267"
Venture Round - Chushou,https://www.crunchbase.com/funding_round/chushou-series-unknown--8ca00cdc,Chushou,https://www.crunchbase.com/organization/chushou,Venture - Series Unknown,"CN¥400,000,000","Jan 2, 2017",,,Yes,4,,"209,012"
Series D - SoundCloud,https://www.crunchbase.com/funding_round/soundcloud-series-d--2e48be82,SoundCloud,https://www.crunchbase.com/organization/soundcloud,Series D,"$60,000,000","Jan 25, 2014",Late Stage Venture,"$640,000,000",Yes,6,5,"209,781"
Series B - Operator,https://www.crunchbase.com/funding_round/operator-2-series-b--cbe11128,Operator,https://www.crunchbase.com/organization/operator-2,Series B,"$15,000,000","Sep 22, 2016",Early Stage Venture,"$100,000,000",Yes,6,,"209,849"
Series A - DAQO NEW ENERGY CORP,https://www.crunchbase.com/funding_round/daqo-new-energy-corp-series-a--ef360634,DAQO NEW ENERGY CORP,https://www.crunchbase.com/organization/daqo-new-energy-corp,Series A,,"Nov 20, 2009",Early Stage Venture,,Yes,1,,"210,193"
Venture Round - PerformanceRetail,https://www.crunchbase.com/funding_round/performanceretail-series-unknown--9385f540,PerformanceRetail,https://www.crunchbase.com/organization/performanceretail,Venture - Series Unknown,"$15,000,000","Feb 9, 2004",,,Yes,3,,"210,978"
Series C - BlueKai,https://www.crunchbase.com/funding_round/bluekai-series-c--3a7a777a,BlueKai,https://www.crunchbase.com/organization/bluekai,Series C,"$21,400,000","Feb 1, 2010",Late Stage Venture,,Yes,3,3,"184,648"
Series B - Domo,https://www.crunchbase.com/funding_round/domo-series-b--f58d0b02,Domo,https://www.crunchbase.com/organization/domo,Series B,"$60,000,000","Mar 11, 2013",Early Stage Venture,"$250,000,000",Yes,7,2,"185,170"
Series D - Domo,https://www.crunchbase.com/funding_round/domo-series-d--b492264c,Domo,https://www.crunchbase.com/organization/domo,Series D,"$210,000,000","Apr 8, 2015",Late Stage Venture,"$1,790,000,000",Yes,4,1,"186,165"
Series B - Lumension,https://www.crunchbase.com/funding_round/lumension-series-b--c26bf800,Lumension,https://www.crunchbase.com/organization/lumension,Series B,"$5,000,000","Jan 28, 2005",Early Stage Venture,,Yes,4,,"187,281"
Series C - Tujia,https://www.crunchbase.com/funding_round/tujia-series-c--3a27faf0,Tujia,https://www.crunchbase.com/organization/tujia,Series C,"$100,000,000","Jun 18, 2014",Late Stage Venture,,Yes,5,1,"187,603"
Series B - 21viaNet,https://www.crunchbase.com/funding_round/21vianet-series-b--4caea324,21viaNet,https://www.crunchbase.com/organization/21vianet,Series B,,"Feb 13, 2008",Early Stage Venture,,Yes,2,2,"187,808"
Series D - Sinosun Technology,https://www.crunchbase.com/funding_round/sinosun-technology-series-d--1a0a5c11,Sinosun Technology,https://www.crunchbase.com/organization/sinosun-technology,Series D,"$1,000,000","Dec 1, 2010",Late Stage Venture,,Yes,5,,"188,738"
Series B - Heptagon Advanced Micro Optics,https://www.crunchbase.com/funding_round/heptagon-advanced-micro-optics-series-b--907d32f3,Heptagon Advanced Micro Optics,https://www.crunchbase.com/organization/heptagon-advanced-micro-optics,Series B,,"Jun 25, 2009",Early Stage Venture,,Yes,2,,"188,902"
Series B - MediaV,https://www.crunchbase.com/funding_round/mediav-series-b--92a398b6,MediaV,https://www.crunchbase.com/organization/mediav,Series B,"$15,000,000","Aug 22, 2010",Early Stage Venture,,Yes,1,1,"189,761"
Series G - 2Wire,https://www.crunchbase.com/funding_round/2wire-series-g--185ee921,2Wire,https://www.crunchbase.com/organization/2wire,Series G,,"May 12, 2003",Late Stage Venture,,Yes,1,,"191,611"
Series A - Besunyen (Beijing Outsell Health),https://www.crunchbase.com/funding_round/besunyen-beijing-outsell-health-series-a--b548a1fb,Besunyen (Beijing Outsell Health),https://www.crunchbase.com/organization/besunyen-beijing-outsell-health,Series A,,"Sep 9, 2009",Early Stage Venture,,Yes,1,,"191,628"
Venture Round - Qunar.com,https://www.crunchbase.com/funding_round/qunar-com-series-unknown--a2d6f2bc,Qunar.com,https://www.crunchbase.com/organization/qunar-com,Venture - Series Unknown,"$57,000,000","Apr 14, 2013",,,Yes,3,1,"191,790"
Series B - RYB Education,https://www.crunchbase.com/funding_round/ryb-series-b--efd8ebe5,RYB Education,https://www.crunchbase.com/organization/ryb,Series B,,"Sep 26, 2011",Early Stage Venture,,Yes,1,,"191,802"
Series C - Focus,https://www.crunchbase.com/funding_round/focus-series-c--26ea3bea,Focus,https://www.crunchbase.com/organization/focus,Series C,"$12,170,000","Mar 6, 2008",Late Stage Venture,,Yes,3,1,"191,903"
Series A - Niu.com,https://www.crunchbase.com/funding_round/niu-com-series-a--b77a85c6,Niu.com,https://www.crunchbase.com/organization/niu-com,Series A,"$20,000,000","Jun 1, 2015",Early Stage Venture,,Yes,1,1,"192,709"
Series A - Yingying Licai,https://www.crunchbase.com/funding_round/yingying-licai-series-a--86d17240,Yingying Licai,https://www.crunchbase.com/organization/yingying-licai,Series A,"$10,000,000","Aug 8, 2014",Early Stage Venture,,Yes,1,1,"192,918"
Series C - Xenoport,https://www.crunchbase.com/funding_round/xenoport-series-c--ee6ad432,Xenoport,https://www.crunchbase.com/organization/xenoport,Series C,"$37,000,000","Jan 14, 2004",Late Stage Venture,,Yes,2,1,"193,227"
Series E - Guava Technologies,https://www.crunchbase.com/funding_round/guava-technologies-series-e--359a95d4,Guava Technologies,https://www.crunchbase.com/organization/guava-technologies,Series E,,"Nov 4, 2005",Late Stage Venture,,Yes,1,,"75,611"
Series C - Iwjw,https://www.crunchbase.com/funding_round/iwjw-iwjw-series-c--f3081103,Iwjw,https://www.crunchbase.com/organization/iwjw-iwjw,Series C,"$35,000,000","Dec 22, 2014",Late Stage Venture,,Yes,4,1,"75,723"
Series D - Houzz,https://www.crunchbase.com/funding_round/houzz-series-d--698a3ce6,Houzz,https://www.crunchbase.com/organization/houzz,Series D,"$165,000,000","Oct 1, 2014",Late Stage Venture,"$2,150,000,000",Yes,7,3,"77,175"
Series E - Intarcia Therapeutics,https://www.crunchbase.com/funding_round/intarcia-therapeutics-series-e--62cdbec0,Intarcia Therapeutics,https://www.crunchbase.com/organization/intarcia-therapeutics,Series E,"$50,000,000","Dec 1, 2004",Late Stage Venture,,Yes,4,1,"78,371"
Series A - Chaoli Hi-tech,https://www.crunchbase.com/funding_round/chaoli-hi-tech-series-a--9db6ed9b,Chaoli Hi-tech,https://www.crunchbase.com/organization/chaoli-hi-tech,Series A,,"Apr 13, 2007",Early Stage Venture,,Yes,1,,"78,660"
Series A - FlightCar,https://www.crunchbase.com/funding_round/flightcar-series-a--18e49d4e,FlightCar,https://www.crunchbase.com/organization/flightcar,Series A,"$13,500,000","Sep 10, 2014",Early Stage Venture,,Yes,7,3,"78,720"
Series B - Meilishuo,https://www.crunchbase.com/funding_round/meilishuo-series-b--4517b0ab,Meilishuo,https://www.crunchbase.com/organization/meilishuo,Series B,"$20,000,000","Jun 1, 2011",Early Stage Venture,,Yes,4,4,"78,840"
Venture Round - Sirna Therapeutics,https://www.crunchbase.com/funding_round/sirna-therapeutics-series-unknown--692edad5,Sirna Therapeutics,https://www.crunchbase.com/organization/sirna-therapeutics,Venture - Series Unknown,"$48,000,000","Apr 23, 2003",,,Yes,6,1,"79,473"
Series C - Percolate,https://www.crunchbase.com/funding_round/percolate-series-c--6099565f,Percolate,https://www.crunchbase.com/organization/percolate,Series C,"$40,000,000","May 14, 2015",Late Stage Venture,,Yes,8,6,"80,067"
Series C - Bokee,https://www.crunchbase.com/funding_round/bokee-series-c--61ca2762,Bokee,https://www.crunchbase.com/organization/bokee,Series C,"$10,000,000","Sep 28, 2005",Late Stage Venture,,Yes,4,,"80,202"
Series B - Bandpage,https://www.crunchbase.com/funding_round/bandpage-series-b--1dc83d86,Bandpage,https://www.crunchbase.com/organization/bandpage,Series B,"$16,000,000","Aug 31, 2011",Early Stage Venture,,Yes,3,2,"80,208"
Series A - Dianhuabang,https://www.crunchbase.com/funding_round/dianhuabang-series-a--53f3b4e0,Dianhuabang,https://www.crunchbase.com/organization/dianhuabang,Series A,"$10,000,000","Nov 5, 2014",Early Stage Venture,,Yes,1,,"83,235"
Series C - China Data Group (CDG),https://www.crunchbase.com/funding_round/china-data-group-cdg--series-c--f1996cd2,China Data Group (CDG),https://www.crunchbase.com/organization/china-data-group-cdg-,Series C,,"Mar 25, 2011",Late Stage Venture,,Yes,1,,"83,533"
Series C - 2Wire,https://www.crunchbase.com/funding_round/2wire-series-c--a1a20425,2Wire,https://www.crunchbase.com/organization/2wire,Series C,"$53,500,000","Apr 24, 2000",Late Stage Venture,,Yes,11,1,"83,751"
Series B - Douguo,https://www.crunchbase.com/funding_round/douguo-series-b--d3acca56,Douguo,https://www.crunchbase.com/organization/douguo,Series B,"$8,000,000","Nov 27, 2012",Early Stage Venture,,Yes,2,1,"85,631"
Series E - Isilon Systems,https://www.crunchbase.com/funding_round/isilon-series-e--81c0eb8c,Isilon Systems,https://www.crunchbase.com/organization/isilon,Series E,"$10,000,000","Jul 24, 2006",Late Stage Venture,,Yes,4,1,"85,956"
Venture Round - Tudou,https://www.crunchbase.com/funding_round/tudou-series-unknown--d6e55ace,Tudou,https://www.crunchbase.com/organization/tudou,Venture - Series Unknown,,"Aug 9, 2011",,,Yes,1,1,"89,042"
Series B - ZettaCom,https://www.crunchbase.com/funding_round/zettacom-series-b--d3e13ac9,ZettaCom,https://www.crunchbase.com/organization/zettacom,Series B,"$47,500,000","Jun 19, 2001",Early Stage Venture,,Yes,1,,"89,100"
Series A - Petkit,https://www.crunchbase.com/funding_round/petkit-series-a--8c7c67e2,Petkit,https://www.crunchbase.com/organization/petkit,Series A,,"Mar 18, 2015",Early Stage Venture,,Yes,1,1,"89,259"
Series B - Agora.io,https://www.crunchbase.com/funding_round/agora-io-series-b--7435f97f,Agora.io,https://www.crunchbase.com/organization/agora-io,Series B,"$20,000,000","Sep 15, 2015",Early Stage Venture,"$100,000,000",Yes,5,1,"89,284"
Series B - FlightCar,https://www.crunchbase.com/funding_round/flightcar-series-b--2c066268,FlightCar,https://www.crunchbase.com/organization/flightcar,Series B,"$20,718,608","Oct 2, 2015",Early Stage Venture,,Yes,9,3,"122,135"
Series C - Shiftgig,https://www.crunchbase.com/funding_round/shiftgig-series-c--d756dd87,Shiftgig,https://www.crunchbase.com/organization/shiftgig,Series C,"$20,000,000","Jan 17, 2017",Late Stage Venture,"$130,000,000",Yes,4,1,"99,728"
Series C - BitSight Technologies,https://www.crunchbase.com/funding_round/bitsight-technologies-series-c--a1dcb468,BitSight Technologies,https://www.crunchbase.com/organization/bitsight-technologies,Series C,"$40,000,000","Sep 15, 2016",Late Stage Venture,,Yes,8,3,"116,875"
Series B - Baobao,https://www.crunchbase.com/funding_round/baobao-series-b--52fc642b,Baobao,https://www.crunchbase.com/organization/baobao,Series B,"$15,000,000","Jul 20, 2016",Early Stage Venture,,Yes,4,,"130,221"
Series D - AlienVault,https://www.crunchbase.com/funding_round/alienvault-series-d--032a1783,AlienVault,https://www.crunchbase.com/organization/alienvault,Series D,"$3,500,000","Dec 20, 2013",Late Stage Venture,,Yes,3,2,"117,754"
Series D - InVisage Technologies,https://www.crunchbase.com/funding_round/invisage-technologies-series-d--d49ea1e7,InVisage Technologies,https://www.crunchbase.com/organization/invisage-technologies,Series D,"$27,500,000","Feb 13, 2013",Late Stage Venture,,Yes,6,4,"117,766"
Series C - GENBAND,https://www.crunchbase.com/funding_round/genband-series-c--74d006cf,GENBAND,https://www.crunchbase.com/organization/genband,Series C,"$15,000,000","Mar 20, 2007",Late Stage Venture,,Yes,7,1,"131,945"
Venture Round - Zendesk,https://www.crunchbase.com/funding_round/zendesk-series-unknown--748f79b3,Zendesk,https://www.crunchbase.com/organization/zendesk,Venture - Series Unknown,,"May 15, 2014",,,Yes,1,1,"132,662"
Series B - 7k7k.com,https://www.crunchbase.com/funding_round/7k7k-com-series-b--0625df1c,7k7k.com,https://www.crunchbase.com/organization/7k7k-com,Series B,,"Oct 10, 2012",Early Stage Venture,,Yes,1,1,"132,951"
Series E - InVisage Technologies,https://www.crunchbase.com/funding_round/invisage-technologies-series-e--8a410cb5,InVisage Technologies,https://www.crunchbase.com/organization/invisage-technologies,Series E,"$18,000,000","Apr 22, 2014",Late Stage Venture,,Yes,6,4,"135,680"
Series D - Conviva,https://www.crunchbase.com/funding_round/conviva-series-d--18686f59,Conviva,https://www.crunchbase.com/organization/conviva,Series D,"$15,000,000","Feb 6, 2012",Late Stage Venture,,Yes,5,6,"135,697"
Series A - Shiftgig,https://www.crunchbase.com/funding_round/shiftgig-series-a--9fdb2498,Shiftgig,https://www.crunchbase.com/organization/shiftgig,Series A,"$11,000,000","Nov 13, 2014",Early Stage Venture,,Yes,7,3,"69,830"
Series C - Quixey,https://www.crunchbase.com/funding_round/quixey-series-c--ad12d053,Quixey,https://www.crunchbase.com/organization/quixey,Series C,"$50,000,000","Oct 3, 2013",Late Stage Venture,,Yes,7,3,"70,377"
Venture Round - Netli,https://www.crunchbase.com/funding_round/netli-series-unknown--b2f2920a,Netli,https://www.crunchbase.com/organization/netli,Venture - Series Unknown,"$18,000,000","Feb 13, 2006",,,Yes,7,2,"125,138"
Series E - Vocera Communications,https://www.crunchbase.com/funding_round/vocera-communications-series-e--7429c9e7,Vocera Communications,https://www.crunchbase.com/organization/vocera-communications,Series E,,"Oct 17, 2005",Late Stage Venture,,Yes,1,1,"125,268"
Series C - Agility Communications,https://www.crunchbase.com/funding_round/agility-communications-series-c--9414b091,Agility Communications,https://www.crunchbase.com/organization/agility-communications,Series C,"$83,000,000","Sep 24, 2001",Late Stage Venture,,Yes,9,,"71,427"
Series E - Square,https://www.crunchbase.com/funding_round/square-series-e--2346cba0,Square,https://www.crunchbase.com/organization/square,Series E,"$150,000,000","Oct 3, 2014",Late Stage Venture,"$5,850,000,000",Yes,6,2,"72,529"
Series C - Bandpage,https://www.crunchbase.com/funding_round/bandpage-series-c--03185f37,Bandpage,https://www.crunchbase.com/organization/bandpage,Series C,"$9,300,000","Mar 30, 2014",Late Stage Venture,,Yes,4,3,"125,301"
Seed Round - Iris Automation,https://www.crunchbase.com/funding_round/iris-automation-inc-seed--f4e941ac,Iris Automation,https://www.crunchbase.com/organization/iris-automation-inc,Seed,"$1,500,000","Jan 18, 2017",Seed,,Yes,6,,"125,753"
Series B - PerformanceRetail,https://www.crunchbase.com/funding_round/performanceretail-series-b--f86a61c2,PerformanceRetail,https://www.crunchbase.com/organization/performanceretail,Series B,"$25,000,000","Feb 20, 2002",Early Stage Venture,,Yes,3,,"73,348"
Series D - Zendesk,https://www.crunchbase.com/funding_round/zendesk-series-d--c5110366,Zendesk,https://www.crunchbase.com/organization/zendesk,Series D,"$60,000,000","Sep 12, 2012",Late Stage Venture,,Yes,9,6,"125,805"
Seed Round - Totspot Inc,https://www.crunchbase.com/funding_round/totspot-2-seed--98a0a7ff,Totspot Inc,https://www.crunchbase.com/organization/totspot-2,Seed,"$1,800,000","Sep 1, 2014",Seed,,Yes,4,1,"73,849"
Series B - Boston Power,https://www.crunchbase.com/funding_round/bostonpower-series-b--e2a056dd,Boston Power,https://www.crunchbase.com/organization/bostonpower,Series B,"$15,600,000","Jan 17, 2007",Early Stage Venture,,Yes,3,3,"127,301"
Series F - InVisage Technologies,https://www.crunchbase.com/funding_round/invisage-technologies-series-f--c6b597a3,InVisage Technologies,https://www.crunchbase.com/organization/invisage-technologies,Series F,"$32,500,000","Dec 16, 2014",Late Stage Venture,,Yes,6,4,"128,070"
Series D - Opendoor,https://www.crunchbase.com/funding_round/opendoor-2-series-d--bd22f68f,Opendoor,https://www.crunchbase.com/organization/opendoor-2,Series D,"$210,000,000","Dec 1, 2016",Late Stage Venture,"$900,000,000",Yes,11,5,"128,201"
Venture Round - SuccessFactors,https://www.crunchbase.com/funding_round/successfactors-series-unknown--ee6558af,SuccessFactors,https://www.crunchbase.com/organization/successfactors,Venture - Series Unknown,,"Nov 20, 2007",,,Yes,1,,"138,304"
Venture Round - Newsummitbio,https://www.crunchbase.com/funding_round/newsummitbio-series-unknown--eca58712,Newsummitbio,https://www.crunchbase.com/organization/newsummitbio,Venture - Series Unknown,,"Jan 1, 2011",,,Yes,2,,"139,912"
Series B - Intarcia Therapeutics,https://www.crunchbase.com/funding_round/intarcia-therapeutics-series-b--d8a45eb0,Intarcia Therapeutics,https://www.crunchbase.com/organization/intarcia-therapeutics,Series B,"$50,000,000","Mar 20, 2007",Early Stage Venture,,Yes,7,3,"147,676"
Series D - Salesforce Buddy Media,https://www.crunchbase.com/funding_round/buddymedia-series-d--2d94bc53,Salesforce Buddy Media,https://www.crunchbase.com/organization/buddymedia,Series D,"$54,000,000","Aug 15, 2011",Late Stage Venture,,Yes,4,4,"147,699"
Series C - ZettaCom,https://www.crunchbase.com/funding_round/zettacom-series-c--667d340b,ZettaCom,https://www.crunchbase.com/organization/zettacom,Series C,"$19,200,000","Jul 9, 2003",Late Stage Venture,,Yes,14,3,"153,619"
Venture Round - Pandora,https://www.crunchbase.com/funding_round/pandora-series-unknown--ccf3d104,Pandora,https://www.crunchbase.com/organization/pandora,Venture - Series Unknown,,"Jun 15, 2011",,,Yes,1,1,"153,814"
