Transaction Name,Transaction Name URL,Organization Name,Organization Name URL,Funding Type,Money Raised,Announced Date,Funding Stage,Pre-Money Valuation,Equity Only Funding,Number of Investors,Number of Partner Investors,CB Rank (Funding Round)
Funding Round - Orchid Labs,https://www.crunchbase.com/funding_round/orchid-labs-undisclosed--b05d5630,Orchid Labs,https://www.crunchbase.com/organization/orchid-labs,Funding Round,"$36,128,073","Apr 20, 2018",,,Yes,7,,121
Seed Round - Etleap,https://www.crunchbase.com/funding_round/etleap-seed--259da4b1,Etleap,https://www.crunchbase.com/organization/etleap,Seed,"$1,500,000","Apr 24, 2018",Seed,,Yes,8,1,356
Series A - Foxtrot,https://www.crunchbase.com/funding_round/foxtrot-series-a--37e09e2e,Foxtrot,https://www.crunchbase.com/organization/foxtrot,Series A,"$6,000,000","Mar 15, 2018",Early Stage Venture,,Yes,8,,473
Series A - Element Inc,https://www.crunchbase.com/funding_round/element-inc-series-a--ffa5c36b,Element Inc,https://www.crunchbase.com/organization/element-inc,Series A,"$12,000,000","Apr 11, 2018",Early Stage Venture,,Yes,8,2,513
Seed Round - Dandelion (Home Geothermal),https://www.crunchbase.com/funding_round/dandelion-home-geothermal-seed--4dcf0958,Dandelion (Home Geothermal),https://www.crunchbase.com/organization/dandelion-home-geothermal,Seed,"$4,500,000","Mar 27, 2018",Seed,,Yes,8,,835
Series A - Atrium LTS,https://www.crunchbase.com/funding_round/atrium-lts-series-a--8f3868a1,Atrium LTS,https://www.crunchbase.com/organization/atrium-lts,Series A,"$10,500,000","Jun 15, 2017",Early Stage Venture,,Yes,91,6,841
Series A - Overtime,https://www.crunchbase.com/funding_round/overtime-series-a--7a34d690,Overtime,https://www.crunchbase.com/organization/overtime,Series A,"$9,500,000","Feb 14, 2018",Early Stage Venture,,Yes,17,,"1,156"
Seed Round - Intello,https://www.crunchbase.com/funding_round/intello-seed--0ff2283e,Intello,https://www.crunchbase.com/organization/intello,Seed,"$1,300,000","Feb 21, 2018",Seed,,Yes,8,,"2,091"
Seed Round - Grove,https://www.crunchbase.com/funding_round/grove-5-seed--0816a3a5,Grove,https://www.crunchbase.com/organization/grove-5,Seed,"$2,100,000","Jun 15, 2017",Seed,,Yes,9,1,"2,428"
Series A - Mirror,https://www.crunchbase.com/funding_round/mirror-439a-series-a--7c7055d5,Mirror,https://www.crunchbase.com/organization/mirror-439a,Series A,"$13,000,000","Feb 6, 2018",Early Stage Venture,,Yes,5,1,"2,942"
Series A - Brat,https://www.crunchbase.com/funding_round/brat-series-a--9d2a9cff,Brat,https://www.crunchbase.com/organization/brat,Series A,"$10,000,000","Nov 3, 2017",Early Stage Venture,,Yes,8,,"3,096"
Seed Round - Roman,https://www.crunchbase.com/funding_round/roman-2-seed--ad7e8582,Roman,https://www.crunchbase.com/organization/roman-2,Seed,"$3,100,000","Nov 7, 2017",Seed,,Yes,9,1,"3,099"
Seed Round - Shift,https://www.crunchbase.com/funding_round/shift-12-seed--e1ae01d9,Shift,https://www.crunchbase.com/organization/shift-12,Seed,"$4,000,000","Feb 28, 2018",Seed,,Yes,5,,"3,156"
Seed Round - Visor,https://www.crunchbase.com/funding_round/visor-seed--9361f088,Visor,https://www.crunchbase.com/organization/visor,Seed,"$6,500,000","Oct 10, 2017",Seed,,Yes,10,1,"3,198"
Seed Round - Element Inc,https://www.crunchbase.com/funding_round/element-inc-seed--abab7358,Element Inc,https://www.crunchbase.com/organization/element-inc,Seed,"$5,250,000","Jan 10, 2014",Seed,,Yes,5,,"3,222"
Series A - SmithRx,https://www.crunchbase.com/funding_round/smithrx-series-a--87e49da2,SmithRx,https://www.crunchbase.com/organization/smithrx,Series A,"$9,000,000","Jan 11, 2018",Early Stage Venture,,Yes,5,1,"3,258"
Series A - SelfMade,https://www.crunchbase.com/funding_round/selfmade-series-a--680c9c5e,SelfMade,https://www.crunchbase.com/organization/selfmade,Series A,"$8,000,000","Oct 17, 2017",Early Stage Venture,,Yes,8,,"3,293"
Series A - MissionU,https://www.crunchbase.com/funding_round/missionu-series-a--fb5cbd5a,MissionU,https://www.crunchbase.com/organization/missionu,Series A,"$8,500,000","Sep 14, 2017",Early Stage Venture,,Yes,8,1,"3,927"
Seed Round - Brat,https://www.crunchbase.com/funding_round/brat-seed--c84a2bcd,Brat,https://www.crunchbase.com/organization/brat,Seed,"$2,500,000","Jul 24, 2017",Seed,,Yes,6,,"4,271"
Seed Round - OpenSpace,https://www.crunchbase.com/funding_round/openspace-ai-seed--ff2bcb95,OpenSpace,https://www.crunchbase.com/organization/openspace-ai,Seed,"$3,450,000","Sep 1, 2017",Seed,,Yes,8,1,"4,341"
Series A - Jetty,https://www.crunchbase.com/funding_round/jetty-2-series-a--b198b746,Jetty,https://www.crunchbase.com/organization/jetty-2,Series A,"$11,500,000","Aug 8, 2017",Early Stage Venture,,Yes,6,2,"4,598"
Seed Round - WISE APPLE,https://www.crunchbase.com/funding_round/pak-d-seed--3b51a0e4,WISE APPLE,https://www.crunchbase.com/organization/pak-d,Seed,"$3,600,000","Aug 29, 2017",Seed,,Yes,8,1,"5,109"
Series B - NuORDER,https://www.crunchbase.com/funding_round/nuorder-series-b--c906b1c8,NuORDER,https://www.crunchbase.com/organization/nuorder,Series B,"$8,000,000","Aug 15, 2017",Early Stage Venture,,Yes,6,2,"5,607"
Series A - Brilliant,https://www.crunchbase.com/funding_round/brilliant-home-technology-series-a--5ecd90cf,Brilliant,https://www.crunchbase.com/organization/brilliant-home-technology,Series A,"$21,000,000","Oct 11, 2017",Early Stage Venture,,Yes,5,1,"5,987"
Series A - Flexport,https://www.crunchbase.com/funding_round/flexport-series-a--02c74cf9,Flexport,https://www.crunchbase.com/organization/flexport,Series A,"$6,900,000","Apr 1, 2014",Early Stage Venture,,Yes,41,10,"6,536"
Series B - Bread,https://www.crunchbase.com/funding_round/bread-series-b--88934d9a,Bread,https://www.crunchbase.com/organization/bread,Series B,"$126,000,000","Aug 2, 2017",Early Stage Venture,,Yes,8,6,"6,723"
Series A - SkySafe,https://www.crunchbase.com/funding_round/skysafe-series-a--0c553196,SkySafe,https://www.crunchbase.com/organization/skysafe,Series A,"$11,500,000","Jul 20, 2017",Early Stage Venture,,Yes,8,1,"7,940"
Seed Round - Embrace,https://www.crunchbase.com/funding_round/embrace-io-seed--ca1ba464,Embrace,https://www.crunchbase.com/organization/embrace-io,Seed,"$2,500,000","May 23, 2017",Seed,,Yes,16,4,"8,736"
Seed Round - Stedi,https://www.crunchbase.com/funding_round/stedi-seed--d223ab0f,Stedi,https://www.crunchbase.com/organization/stedi,Seed,"$2,700,000","Jul 10, 2017",Seed,,Yes,9,3,"9,955"
Series A - Maven Clinic,https://www.crunchbase.com/funding_round/maven-clinic-series-a--c8859935,Maven Clinic,https://www.crunchbase.com/organization/maven-clinic,Series A,"$10,800,000","Jul 25, 2017",Early Stage Venture,,Yes,7,3,"10,214"
Seed Round - Cabin,https://www.crunchbase.com/funding_round/cabin-2-seed--80d62231,Cabin,https://www.crunchbase.com/organization/cabin-2,Seed,"$3,300,000","Jun 28, 2017",Seed,,Yes,9,,"10,349"
Seed Round - Jetty,https://www.crunchbase.com/funding_round/jetty-2-seed--f357bfdc,Jetty,https://www.crunchbase.com/organization/jetty-2,Seed,"$4,000,000","Jan 15, 2016",Seed,,Yes,9,2,"10,706"
Seed Round - Modern Fertility,https://www.crunchbase.com/funding_round/modern-fertility-seed--5c3968ad,Modern Fertility,https://www.crunchbase.com/organization/modern-fertility,Seed,"$1,000,000","Aug 9, 2017",Seed,,Yes,4,1,"11,249"
Series A - Splash,https://www.crunchbase.com/funding_round/splashthat-series-a--c065e434,Splash,https://www.crunchbase.com/organization/splashthat,Series A,"$6,000,000","Mar 11, 2015",Early Stage Venture,,Yes,16,8,"15,067"
Convertible Note - Lever,https://www.crunchbase.com/funding_round/lever-convertible-note--997edb44,Lever,https://www.crunchbase.com/organization/lever,Convertible Note,"$2,800,000","Oct 1, 2012",,,No,5,2,"16,578"
Seed Round - 9GAG,https://www.crunchbase.com/funding_round/9gag-seed--631f0687,9GAG,https://www.crunchbase.com/organization/9gag,Seed,"$2,800,000","Jul 30, 2012",Seed,,Yes,9,3,"18,155"
Seed Round - Maven Clinic,https://www.crunchbase.com/funding_round/maven-clinic-seed--3b9127e1,Maven Clinic,https://www.crunchbase.com/organization/maven-clinic,Seed,"$2,300,000","Apr 1, 2016",Seed,,Yes,5,3,"18,384"
Seed Round - Amino Apps,https://www.crunchbase.com/funding_round/amino-apps-2-seed--b301a5ca,Amino Apps,https://www.crunchbase.com/organization/amino-apps-2,Seed,"$1,650,000","Jul 9, 2014",Seed,,Yes,14,4,"18,510"
Series A - Maxwell Health,https://www.crunchbase.com/funding_round/maxwell-health-series-a--c73c3483,Maxwell Health,https://www.crunchbase.com/organization/maxwell-health,Series A,"$2,000,000","Aug 5, 2013",Early Stage Venture,,Yes,8,4,"18,990"
Series A - Mohawk Group,https://www.crunchbase.com/funding_round/mohawk-group-series-a--7c259754,Mohawk Group,https://www.crunchbase.com/organization/mohawk-group,Series A,,"Jul 1, 2017",Early Stage Venture,,Yes,3,,"19,684"
Series A - RigUp,https://www.crunchbase.com/funding_round/rigup-series-a--f9060557,RigUp,https://www.crunchbase.com/organization/rigup,Series A,"$15,000,000","Apr 14, 2016",Early Stage Venture,,Yes,8,3,"19,705"
Series A - Flatiron Health,https://www.crunchbase.com/funding_round/flatiron-health-series-a--29264194,Flatiron Health,https://www.crunchbase.com/organization/flatiron-health,Series A,"$8,000,000","Jan 15, 2013",Early Stage Venture,,Yes,17,10,"23,248"
Seed Round - Luxe,https://www.crunchbase.com/funding_round/luxe-valet-seed--850aef26,Luxe,https://www.crunchbase.com/organization/luxe-valet,Seed,"$5,500,000","Oct 23, 2014",Seed,,Yes,21,10,"24,120"
Seed Round - MissionU,https://www.crunchbase.com/funding_round/missionu-seed--83062692,MissionU,https://www.crunchbase.com/organization/missionu,Seed,"$3,000,000","Oct 13, 2016",Seed,,Yes,7,5,"25,804"
Series A - Blue Apron,https://www.crunchbase.com/funding_round/blue-apron-series-a--a0bb1c33,Blue Apron,https://www.crunchbase.com/organization/blue-apron,Series A,"$3,000,000","Feb 19, 2013",Early Stage Venture,,Yes,10,5,"25,971"
Seed Round - Splash,https://www.crunchbase.com/funding_round/splashthat-seed--19cb8bf9,Splash,https://www.crunchbase.com/organization/splashthat,Seed,"$1,500,000","Mar 6, 2014",Seed,,Yes,14,5,"28,237"
Seed Round - MileWise,https://www.crunchbase.com/funding_round/milewise-seed--8acf8c83,MileWise,https://www.crunchbase.com/organization/milewise,Seed,"$1,500,000","Jan 14, 2011",Seed,,Yes,20,3,"29,652"
Convertible Note - ID.me,https://www.crunchbase.com/funding_round/id-me-convertible-note--c0d5501a,ID.me,https://www.crunchbase.com/organization/id-me,Convertible Note,"$3,000,000","Mar 17, 2013",,,No,5,2,"29,819"
Series D - Blue Apron,https://www.crunchbase.com/funding_round/blue-apron-series-d--d5a9767b,Blue Apron,https://www.crunchbase.com/organization/blue-apron,Series D,"$135,000,000","Jun 9, 2015",Late Stage Venture,"$2,000,000,000",Yes,9,4,"29,941"
Seed Round - Sunrise,https://www.crunchbase.com/funding_round/sunrise-seed--9af015f8,Sunrise,https://www.crunchbase.com/organization/sunrise,Seed,,"May 23, 2013",Seed,,Yes,2,2,"30,633"
Series A - Behance,https://www.crunchbase.com/funding_round/behance-series-a--843a68ce,Behance,https://www.crunchbase.com/organization/behance,Series A,"$6,500,000","May 14, 2012",Early Stage Venture,,Yes,10,3,"30,611"
Series A - SmartThings,https://www.crunchbase.com/funding_round/smartthings-series-a--b2111922,SmartThings,https://www.crunchbase.com/organization/smartthings,Series A,"$12,500,000","Nov 12, 2013",Early Stage Venture,,Yes,4,4,"30,772"
Series A - WayUp,https://www.crunchbase.com/funding_round/wayup-series-a--cef5c6a2,WayUp,https://www.crunchbase.com/organization/wayup,Series A,"$7,800,000","Apr 30, 2015",Early Stage Venture,,Yes,8,2,"32,252"
Venture Round - Scopely,https://www.crunchbase.com/funding_round/scopely-series-unknown--af9097a8,Scopely,https://www.crunchbase.com/organization/scopely,Venture - Series Unknown,"$8,500,000","Sep 19, 2012",,,Yes,28,7,"32,964"
Seed Round - Collective Retreats,https://www.crunchbase.com/funding_round/collective-retreats-seed--55622e05,Collective Retreats,https://www.crunchbase.com/organization/collective-retreats,Seed,"$2,500,000","Mar 15, 2017",Seed,,Yes,5,3,"33,075"
Series A - BarkBox,https://www.crunchbase.com/funding_round/barkbox-series-a--1e99904a,BarkBox,https://www.crunchbase.com/organization/barkbox,Series A,"$5,000,000","Apr 9, 2013",Early Stage Venture,,Yes,3,3,"34,524"
Seed Round - Casetext,https://www.crunchbase.com/funding_round/casetext-seed--854d3321,Casetext,https://www.crunchbase.com/organization/casetext,Seed,"$1,800,000","Oct 1, 2013",Seed,,Yes,17,3,"34,723"
Venture Round - Workpop,https://www.crunchbase.com/funding_round/workpop-series-unknown--40cba175,Workpop,https://www.crunchbase.com/organization/workpop,Venture - Series Unknown,"$8,200,000","Apr 1, 2016",,,Yes,7,4,"35,252"
Seed Round - Amplitude,https://www.crunchbase.com/funding_round/amplitude-seed--b6d99b8a,Amplitude,https://www.crunchbase.com/organization/amplitude,Seed,"$2,000,000","Jul 11, 2014",Seed,,Yes,8,2,"37,204"
Series A - Skillshare,https://www.crunchbase.com/funding_round/skillshare-series-a--ea119051,Skillshare,https://www.crunchbase.com/organization/skillshare,Series A,"$550,000","May 1, 2011",Early Stage Venture,,Yes,11,3,"38,102"
Series A - Boxed,https://www.crunchbase.com/funding_round/boxed-series-a--426cd2bc,Boxed,https://www.crunchbase.com/organization/boxed,Series A,"$6,500,000","May 13, 2014",Early Stage Venture,,Yes,13,11,"38,872"
Series A - GoButler / Angel.ai,https://www.crunchbase.com/funding_round/angel-ai-series-a--5085d4b2,GoButler / Angel.ai,https://www.crunchbase.com/organization/angel-ai,Series A,"$8,000,000","Jul 30, 2015",Early Stage Venture,,Yes,10,4,"38,702"
Series A - Spring Inc,https://www.crunchbase.com/funding_round/spring-inc-series-a--a7a2f849,Spring Inc,https://www.crunchbase.com/organization/spring-inc,Series A,"$7,500,000","Jul 9, 2014",Early Stage Venture,,Yes,9,5,"38,997"
Venture Round - Harry's,https://www.crunchbase.com/funding_round/harrys-series-unknown--ca264d12,Harry's,https://www.crunchbase.com/organization/harrys,Venture - Series Unknown,"$75,000,000","Nov 19, 2014",,,Yes,10,3,"39,145"
Series A - Clothia,https://www.crunchbase.com/funding_round/clothia-series-a--4f53acb0,Clothia,https://www.crunchbase.com/organization/clothia,Series A,"$440,000","Aug 15, 2011",Early Stage Venture,,Yes,4,3,"39,310"
Series A - 42Floors,https://www.crunchbase.com/funding_round/42floors-series-a--cc48bd0e,42Floors,https://www.crunchbase.com/organization/42floors,Series A,"$5,000,000","Nov 16, 2012",Early Stage Venture,,Yes,8,5,"39,194"
Series B - Lore,https://www.crunchbase.com/funding_round/lore-series-b--b6dfa826,Lore,https://www.crunchbase.com/organization/lore,Series B,"$5,000,000","Jan 3, 2012",Early Stage Venture,,Yes,6,4,"39,346"
Series A - Artsy,https://www.crunchbase.com/funding_round/art-sy-series-a--bb69ed07,Artsy,https://www.crunchbase.com/organization/art-sy,Series A,"$6,000,000","Nov 3, 2011",Early Stage Venture,,Yes,6,4,"39,320"
Series A - Thinknear,https://www.crunchbase.com/funding_round/thinknear-series-a--68cfaf94,Thinknear,https://www.crunchbase.com/organization/thinknear,Series A,"$1,630,000","Aug 13, 2011",Early Stage Venture,,Yes,15,5,"39,424"
Seed Round - storefront,https://www.crunchbase.com/funding_round/storefront-seed--409c1ee1,storefront,https://www.crunchbase.com/organization/storefront,Seed,"$1,600,000","Jun 26, 2013",Seed,,Yes,7,6,"40,803"
Seed Round - Cricket Health,https://www.crunchbase.com/funding_round/crickethealth-seed--23eb6f0a,Cricket Health,https://www.crunchbase.com/organization/crickethealth,Seed,"$2,600,000","Jan 28, 2016",Seed,,Yes,7,4,"41,816"
Convertible Note - Betable,https://www.crunchbase.com/funding_round/betable-convertible-note--29d94982,Betable,https://www.crunchbase.com/organization/betable,Convertible Note,,"Jul 9, 2012",,,No,15,2,"42,050"
Seed Round - WayUp,https://www.crunchbase.com/funding_round/wayup-seed--a44716dc,WayUp,https://www.crunchbase.com/organization/wayup,Seed,"$968,000","Sep 18, 2014",Seed,,Yes,11,3,"42,797"
Series A - Arcadia Power,https://www.crunchbase.com/funding_round/arcadia-power-2-series-a--017a1dfc,Arcadia Power,https://www.crunchbase.com/organization/arcadia-power-2,Series A,"$6,000,000","Jun 1, 2017",Early Stage Venture,,Yes,3,,"43,084"
Seed Round - SkySafe,https://www.crunchbase.com/funding_round/skysafe-seed--49b8c7cf,SkySafe,https://www.crunchbase.com/organization/skysafe,Seed,"$3,000,000","Apr 20, 2016",Seed,,Yes,11,3,"43,171"
Convertible Note - Cricket Health,https://www.crunchbase.com/funding_round/crickethealth-convertible-note--af033f64,Cricket Health,https://www.crunchbase.com/organization/crickethealth,Convertible Note,"$950,000","Jun 11, 2015",,,No,6,1,"44,037"
Seed Round - Clubhouse Software,https://www.crunchbase.com/funding_round/clubhouse-software-seed--b9d3b908,Clubhouse Software,https://www.crunchbase.com/organization/clubhouse-software,Seed,"$2,000,000","Sep 13, 2016",Seed,,Yes,9,3,"45,629"
Seed Round - Terminal 49,https://www.crunchbase.com/funding_round/terminal-49-seed--4da9f0f8,Terminal 49,https://www.crunchbase.com/organization/terminal-49,Seed,,"May 1, 2017",Seed,,Yes,8,,"49,078"
Series C - Spring Inc,https://www.crunchbase.com/funding_round/spring-inc-series-c--e57ee7f8,Spring Inc,https://www.crunchbase.com/organization/spring-inc,Series C,"$65,000,000","May 11, 2017",Late Stage Venture,,Yes,4,,"50,548"
Series B - Boxed,https://www.crunchbase.com/funding_round/boxed-series-b--cc52daad,Boxed,https://www.crunchbase.com/organization/boxed,Series B,"$25,000,000","Jan 14, 2015",Early Stage Venture,,Yes,18,12,"50,753"
Seed Round - AND CO,https://www.crunchbase.com/funding_round/and-co-seed--7dbca215,AND CO,https://www.crunchbase.com/organization/and-co,Seed,"$2,000,000","Mar 28, 2016",Seed,,Yes,5,2,"52,145"
Series A - Nucleus,https://www.crunchbase.com/funding_round/nucleus-series-a--52e5395d,Nucleus,https://www.crunchbase.com/organization/nucleus,Series A,"$5,600,000","Sep 21, 2016",Early Stage Venture,,Yes,10,3,"52,278"
Seed Round - The Black Tux,https://www.crunchbase.com/funding_round/the-black-tux-seed--0d940e35,The Black Tux,https://www.crunchbase.com/organization/the-black-tux,Seed,"$2,600,000","Feb 25, 2014",Seed,,Yes,10,8,"53,670"
Series A - GameChanger Media,https://www.crunchbase.com/funding_round/gamechanger-media-series-a--dcb3c280,GameChanger Media,https://www.crunchbase.com/organization/gamechanger-media,Series A,"$1,554,527","Jan 11, 2011",Early Stage Venture,,Yes,4,3,"53,942"
Series B - WayUp,https://www.crunchbase.com/funding_round/wayup-series-b--18c65395,WayUp,https://www.crunchbase.com/organization/wayup,Series B,"$18,500,000","Mar 23, 2017",Early Stage Venture,,Yes,10,3,"54,236"
Seed Round - Dasher,https://www.crunchbase.com/funding_round/dasher-seed--f0e28a64,Dasher,https://www.crunchbase.com/organization/dasher,Seed,"$1,250,000","Oct 14, 2014",Seed,,Yes,5,4,"156,022"
Series A - Casetext,https://www.crunchbase.com/funding_round/casetext-series-a--5f76de0f,Casetext,https://www.crunchbase.com/organization/casetext,Series A,"$7,000,000","Feb 3, 2015",Early Stage Venture,,Yes,7,4,"156,043"
Series A - Matterport,https://www.crunchbase.com/funding_round/matterport-series-a--91d59de8,Matterport,https://www.crunchbase.com/organization/matterport,Series A,"$5,600,000","Mar 7, 2013",Early Stage Venture,,Yes,7,5,"157,295"
Seed Round - Confide,https://www.crunchbase.com/funding_round/confide-seed--88ce3800,Confide,https://www.crunchbase.com/organization/confide,Seed,"$1,900,000","Feb 4, 2014",Seed,,Yes,13,5,"157,335"
Seed Round - IFTTT,https://www.crunchbase.com/funding_round/if-this-then-that-seed--b015e748,IFTTT,https://www.crunchbase.com/organization/if-this-then-that,Seed,"$1,500,000","Jan 1, 2012",Seed,,Yes,16,4,"165,486"
Series C - Warby Parker,https://www.crunchbase.com/funding_round/warby-parker-series-c--d4320583,Warby Parker,https://www.crunchbase.com/organization/warby-parker,Series C,"$60,000,000","Dec 20, 2013",Late Stage Venture,,Yes,7,5,"166,318"
Seed Round - Orange Chef,https://www.crunchbase.com/funding_round/the-orange-chef-seed--b4aab8fd,Orange Chef,https://www.crunchbase.com/organization/the-orange-chef,Seed,"$4,900,000","Feb 7, 2014",Seed,,Yes,20,3,"167,191"
Seed Round - makr,https://www.crunchbase.com/funding_round/makr-seed--c632ce78,makr,https://www.crunchbase.com/organization/makr,Seed,,"Nov 14, 2013",Seed,,Yes,4,4,"167,767"
Series A - ADstruc,https://www.crunchbase.com/funding_round/adstruc-series-a--cdc4996b,ADstruc,https://www.crunchbase.com/organization/adstruc,Series A,,"Jun 1, 2012",Early Stage Venture,,Yes,1,2,"171,134"
Seed Round - Carnival,https://www.crunchbase.com/funding_round/carnival-seed--4304dec6,Carnival,https://www.crunchbase.com/organization/carnival,Seed,"$2,400,000","Aug 27, 2013",Seed,,Yes,8,4,"171,393"
Seed Round - Olio Devices,https://www.crunchbase.com/funding_round/olio-devices-seed--e0d9829b,Olio Devices,https://www.crunchbase.com/organization/olio-devices,Seed,"$4,000,000","Oct 2, 2014",Seed,,Yes,9,3,"172,336"
Seed Round - LimitScreen Inc,https://www.crunchbase.com/funding_round/screen-3-seed--5c62b035,LimitScreen Inc,https://www.crunchbase.com/organization/screen-3,Seed,"$1,900,000","Feb 2, 2016",Seed,,Yes,7,2,"173,458"
Series A - Koa.la,https://www.crunchbase.com/funding_round/koa-la-series-a--9290badf,Koa.la,https://www.crunchbase.com/organization/koa-la,Series A,"$4,200,000","Mar 22, 2013",Early Stage Venture,,Yes,6,3,"174,009"
Seed Round - Harry's,https://www.crunchbase.com/funding_round/harrys-seed--c5e496a0,Harry's,https://www.crunchbase.com/organization/harrys,Seed,"$4,000,000","Aug 15, 2012",Seed,,Yes,7,2,"175,125"
Seed Round - Bowery Farming Inc,https://www.crunchbase.com/funding_round/bowery-farming-inc-seed--661e048f,Bowery Farming Inc,https://www.crunchbase.com/organization/bowery-farming-inc,Seed,"$7,500,000","Feb 24, 2017",Seed,,Yes,16,5,"176,417"
Series A - LOLA,https://www.crunchbase.com/funding_round/lola-series-a--3089afe6,LOLA,https://www.crunchbase.com/organization/lola,Series A,"$7,000,000","Dec 12, 2016",Early Stage Venture,,Yes,7,3,"178,296"
Seed Round - Voyat,https://www.crunchbase.com/funding_round/voyat-seed--39d55b83,Voyat,https://www.crunchbase.com/organization/voyat,Seed,"$1,800,000","Jul 29, 2014",Seed,,Yes,10,6,"178,674"
Angel Round - AND CO,https://www.crunchbase.com/funding_round/and-co-angel--d1b53396,AND CO,https://www.crunchbase.com/organization/and-co,Angel,"$500,000","Oct 20, 2015",Seed,,Yes,8,2,"180,699"
Convertible Note - Poptip,https://www.crunchbase.com/funding_round/poptip-convertible-note--9ab14d75,Poptip,https://www.crunchbase.com/organization/poptip,Convertible Note,"$472,000","Jun 5, 2012",,,No,8,2,"180,918"
Series A - Skillshare,https://www.crunchbase.com/funding_round/skillshare-series-a--3a513570,Skillshare,https://www.crunchbase.com/organization/skillshare,Series A,"$3,100,000","Aug 16, 2011",Early Stage Venture,,Yes,3,3,"54,899"
Series A - Oyster,https://www.crunchbase.com/funding_round/oysterbooks-com-series-a--870a9629,Oyster,https://www.crunchbase.com/organization/oysterbooks-com,Series A,"$14,000,000","Jan 14, 2014",Early Stage Venture,,Yes,6,4,"55,470"
Convertible Note - Splash,https://www.crunchbase.com/funding_round/splashthat-convertible-note--03b81e1f,Splash,https://www.crunchbase.com/organization/splashthat,Convertible Note,,"Jan 24, 2013",,,No,2,2,"114,282"
Series A - Maxwell Health,https://www.crunchbase.com/funding_round/maxwell-health-series-a--7a593522,Maxwell Health,https://www.crunchbase.com/organization/maxwell-health,Series A,"$6,000,000","Dec 17, 2013",Early Stage Venture,,Yes,7,5,"120,467"
Series A - Dataminr,https://www.crunchbase.com/funding_round/dataminr-series-a--74bf17ae,Dataminr,https://www.crunchbase.com/organization/dataminr,Series A,"$1,086,000","Jul 26, 2011",Early Stage Venture,,Yes,2,2,"126,502"
Seed Round - Pilot,https://www.crunchbase.com/funding_round/pilot-2-seed--199e1f16,Pilot,https://www.crunchbase.com/organization/pilot-2,Seed,"$3,300,000","May 1, 2015",Seed,,Yes,4,3,"131,238"
Seed Round - HyperScience,https://www.crunchbase.com/funding_round/hyperscience-seed--bfa01f59,HyperScience,https://www.crunchbase.com/organization/hyperscience,Seed,,"Jun 1, 2014",Seed,,Yes,8,2,"131,601"
Convertible Note - Simperium,https://www.crunchbase.com/funding_round/simperium-convertible-note--0bd0a073,Simperium,https://www.crunchbase.com/organization/simperium,Convertible Note,,"Aug 28, 2010",,,No,1,2,"57,128"
Seed Round - Giant Swarm,https://www.crunchbase.com/funding_round/giant-swarm-seed--c421317c,Giant Swarm,https://www.crunchbase.com/organization/giant-swarm,Seed,"$1,100,000","Jul 25, 2014",Seed,,Yes,7,2,"134,537"
Seed Round - Socratic,https://www.crunchbase.com/funding_round/socratic-seed--41c3c49e,Socratic,https://www.crunchbase.com/organization/socratic,Seed,"$1,500,000","Oct 8, 2013",Seed,,Yes,6,4,"134,540"
Series B - Fundera,https://www.crunchbase.com/funding_round/fundera-series-b--3d487dd3,Fundera,https://www.crunchbase.com/organization/fundera,Series B,"$15,500,000","Sep 17, 2015",Early Stage Venture,,Yes,9,4,"134,698"
Venture Round - Viro Media,https://www.crunchbase.com/funding_round/viro-media-series-unknown--62359df7,Viro Media,https://www.crunchbase.com/organization/viro-media,Venture - Series Unknown,"$2,500,000","Mar 22, 2017",,,Yes,7,6,"135,220"
Seed Round - Welcome (formerly ChatID),https://www.crunchbase.com/funding_round/chatid-seed--5afc6ad6,Welcome (formerly ChatID),https://www.crunchbase.com/organization/chatid,Seed,"$2,000,000","Jan 1, 2012",Seed,,Yes,18,3,"137,095"
Seed Round - Eleven James,https://www.crunchbase.com/funding_round/eleven-james-seed--683d772e,Eleven James,https://www.crunchbase.com/organization/eleven-james,Seed,"$1,400,000","Dec 3, 2013",Seed,,Yes,7,2,"137,467"
Series A - Yelp Reservations,https://www.crunchbase.com/funding_round/seatme-series-a--954b375a,Yelp Reservations,https://www.crunchbase.com/organization/seatme,Series A,,"Sep 7, 2012",Early Stage Venture,,Yes,1,2,"139,342"
Series A - ZOZI,https://www.crunchbase.com/funding_round/zozi-series-a--d170f056,ZOZI,https://www.crunchbase.com/organization/zozi,Series A,"$3,000,000","Aug 30, 2010",Early Stage Venture,,Yes,11,2,"140,309"
Seed Round - Colu,https://www.crunchbase.com/funding_round/colu-seed--d7d88ef0,Colu,https://www.crunchbase.com/organization/colu,Seed,"$2,500,000","Jan 27, 2015",Seed,,Yes,4,5,"142,465"
Series A - Moveline,https://www.crunchbase.com/funding_round/moveline-series-a--45eda967,Moveline,https://www.crunchbase.com/organization/moveline,Series A,,"Aug 21, 2013",Early Stage Venture,,Yes,4,3,"58,141"
Convertible Note - Tinfoil Security,https://www.crunchbase.com/funding_round/tinfoil-security-convertible-note--7a21a93e,Tinfoil Security,https://www.crunchbase.com/organization/tinfoil-security,Convertible Note,,"Sep 2, 2011",,,No,1,2,"58,367"
Series A - Kitchensurfing,https://www.crunchbase.com/funding_round/kitchensurfing-series-a--20734513,Kitchensurfing,https://www.crunchbase.com/organization/kitchensurfing,Series A,"$3,500,000","Apr 4, 2013",Early Stage Venture,,Yes,3,3,"142,883"
Seed Round - Tomfoolery,https://www.crunchbase.com/funding_round/tomfoolery-seed--6b42be1f,Tomfoolery,https://www.crunchbase.com/organization/tomfoolery,Seed,"$1,700,000","Jan 30, 2013",Seed,,Yes,9,2,"143,433"
Series A - Memoir,https://www.crunchbase.com/funding_round/memoir-series-a--d94a8763,Memoir,https://www.crunchbase.com/organization/memoir,Series A,"$5,500,000","Nov 21, 2014",Early Stage Venture,,Yes,5,3,"144,947"
Venture Round - SwipeGood,https://www.crunchbase.com/funding_round/swipegood-series-unknown--ed3f534e,SwipeGood,https://www.crunchbase.com/organization/swipegood,Venture - Series Unknown,"$500,000","Feb 10, 2011",,,Yes,6,2,"145,546"
Seed Round - Yieldbot,https://www.crunchbase.com/funding_round/yieldbot-seed--57b2e533,Yieldbot,https://www.crunchbase.com/organization/yieldbot,Seed,"$1,200,000","Dec 1, 2010",Seed,,Yes,8,6,"148,508"
Seed Round - Hii Def Inc.,https://www.crunchbase.com/funding_round/hii-def-inc-seed--818b704e,Hii Def Inc.,https://www.crunchbase.com/organization/hii-def-inc,Seed,,"Apr 19, 2011",Seed,,Yes,1,2,"149,123"
Seed Round - numberFire,https://www.crunchbase.com/funding_round/numberfire-seed--90dabd70,numberFire,https://www.crunchbase.com/organization/numberfire,Seed,"$750,000","Jan 5, 2012",Seed,,Yes,11,4,"150,481"
Seed Round - Kapost,https://www.crunchbase.com/funding_round/kapost-seed--9b3a51db,Kapost,https://www.crunchbase.com/organization/kapost,Seed,"$1,100,000","Sep 15, 2010",Seed,,Yes,10,4,"92,097"
Series A - CustomMade,https://www.crunchbase.com/funding_round/custommade-ventures-series-a--b45bdc70,CustomMade,https://www.crunchbase.com/organization/custommade-ventures,Series A,"$2,100,000","Nov 17, 2011",Early Stage Venture,,Yes,8,3,"92,473"
Series A - DoodleDeals Inc.,https://www.crunchbase.com/funding_round/doodledeals-inc-series-a--37964fe2,DoodleDeals Inc.,https://www.crunchbase.com/organization/doodledeals-inc,Series A,"$1,270,000","Feb 1, 2010",Early Stage Venture,,Yes,17,3,"61,356"
Seed Round - RebelMouse,https://www.crunchbase.com/funding_round/rebelmouse-seed--2696ef38,RebelMouse,https://www.crunchbase.com/organization/rebelmouse,Seed,"$2,500,000","Oct 26, 2012",Seed,,Yes,12,6,"151,107"
Seed Round - Splice,https://www.crunchbase.com/funding_round/splice-seed--5055c36d,Splice,https://www.crunchbase.com/organization/splice,Seed,"$2,750,000","Oct 9, 2013",Seed,,Yes,10,4,"151,318"
Seed Round - Dispatch,https://www.crunchbase.com/funding_round/dispatch-seed--af39c210,Dispatch,https://www.crunchbase.com/organization/dispatch,Seed,"$965,000","Nov 10, 2011",Seed,,Yes,14,3,"92,765"
Convertible Note - Hipster,https://www.crunchbase.com/funding_round/hipster-convertible-note--5a185161,Hipster,https://www.crunchbase.com/organization/hipster,Convertible Note,"$1,000,000","May 16, 2011",,,No,13,4,"81,571"
Venture Round - Universe,https://www.crunchbase.com/funding_round/universe-2-series-unknown--171e8b17,Universe,https://www.crunchbase.com/organization/universe-2,Venture - Series Unknown,"$3,200,000","Mar 22, 2017",,,Yes,6,6,"152,117"
"Series A - Guideline, Inc.",https://www.crunchbase.com/funding_round/guideline-technologies-inc-series-a--b51a0207,"Guideline, Inc.",https://www.crunchbase.com/organization/guideline-technologies-inc,Series A,"$7,000,000","Jul 19, 2016",Early Stage Venture,,Yes,6,4,"81,936"
Seed Round - ADstruc,https://www.crunchbase.com/funding_round/adstruc-seed--adc55766,ADstruc,https://www.crunchbase.com/organization/adstruc,Seed,"$18,000","Aug 5, 2010",Seed,,Yes,2,2,"94,306"
Seed Round - Oyster,https://www.crunchbase.com/funding_round/oysterbooks-com-seed--d4ebcbb7,Oyster,https://www.crunchbase.com/organization/oysterbooks-com,Seed,"$3,000,000","Oct 11, 2012",Seed,,Yes,9,3,"82,855"
Seed Round - ClassPass,https://www.crunchbase.com/funding_round/classpass-seed--09077871,ClassPass,https://www.crunchbase.com/organization/classpass,Seed,"$2,000,000","Mar 31, 2014",Seed,,Yes,17,4,"86,401"
Seed Round - Last Guide,https://www.crunchbase.com/funding_round/last-guide-seed--37010c86,Last Guide,https://www.crunchbase.com/organization/last-guide,Seed,"$2,100,000","Apr 10, 2014",Seed,,Yes,16,4,"86,649"
Series A - MyTime,https://www.crunchbase.com/funding_round/mytime-series-a--01b629f2,MyTime,https://www.crunchbase.com/organization/mytime,Series A,"$3,000,000","May 1, 2012",Early Stage Venture,,Yes,15,3,"181,292"
Seed Round - Trumaker,https://www.crunchbase.com/funding_round/trumaker-seed--37659d36,Trumaker,https://www.crunchbase.com/organization/trumaker,Seed,"$1,900,000","Oct 15, 2012",Seed,,Yes,8,6,"181,497"
Series A - Fundera,https://www.crunchbase.com/funding_round/fundera-series-a--8bf8bc65,Fundera,https://www.crunchbase.com/organization/fundera,Series A,"$3,400,000","Jan 1, 2014",Early Stage Venture,,Yes,8,3,"62,254"
Series A - Singly,https://www.crunchbase.com/funding_round/singly-series-a--c96836a3,Singly,https://www.crunchbase.com/organization/singly,Series A,"$7,000,000","Apr 23, 2012",Early Stage Venture,,Yes,8,3,"96,302"
Seed Round - ZOZI,https://www.crunchbase.com/funding_round/zozi-seed--8c54c618,ZOZI,https://www.crunchbase.com/organization/zozi,Seed,"$1,300,000","Aug 1, 2008",Seed,,Yes,7,2,"96,656"
Series A - Luxe,https://www.crunchbase.com/funding_round/luxe-valet-series-a--c8481f0a,Luxe,https://www.crunchbase.com/organization/luxe-valet,Series A,"$20,000,000","Feb 25, 2015",Early Stage Venture,,Yes,23,7,"96,949"
Seed Round - VSporto,https://www.crunchbase.com/funding_round/vsporto-seed--025642ec,VSporto,https://www.crunchbase.com/organization/vsporto,Seed,"$750,000","Jan 1, 2016",Seed,,Yes,7,3,"97,087"
Seed Round - Thanx,https://www.crunchbase.com/funding_round/thanx-seed--a36220a4,Thanx,https://www.crunchbase.com/organization/thanx,Seed,"$1,300,000","Jun 15, 2012",Seed,,Yes,6,3,"97,096"
Seed Round - Blitz Esports,https://www.crunchbase.com/funding_round/instant-esports-seed--9ecee2f3,Blitz Esports,https://www.crunchbase.com/organization/instant-esports,Seed,"$1,950,000","Nov 4, 2015",Seed,,Yes,4,2,"89,948"
Seed Round - LOLA,https://www.crunchbase.com/funding_round/lola-seed--26450e64,LOLA,https://www.crunchbase.com/organization/lola,Seed,"$3,000,000","Feb 18, 2016",Seed,,Yes,14,3,"90,342"
Seed Round - VTS,https://www.crunchbase.com/funding_round/vts-seed--a0aef5a2,VTS,https://www.crunchbase.com/organization/vts,Seed,"$2,120,000","Dec 20, 2013",Seed,,Yes,14,5,"91,322"
Seed Round - Dragon Innovation,https://www.crunchbase.com/funding_round/dragon-innovation-seed--7b7d1bec,Dragon Innovation,https://www.crunchbase.com/organization/dragon-innovation,Seed,"$2,300,000","Aug 8, 2013",Seed,,Yes,5,4,"193,671"
Series B - Blue Apron,https://www.crunchbase.com/funding_round/blue-apron-series-b--525c5554,Blue Apron,https://www.crunchbase.com/organization/blue-apron,Series B,"$5,000,000","Aug 15, 2013",Early Stage Venture,,Yes,4,3,"99,343"
Seed Round - Branch,https://www.crunchbase.com/funding_round/branch-seed--23f362ae,Branch,https://www.crunchbase.com/organization/branch,Seed,"$2,000,000","Mar 6, 2012",Seed,,Yes,9,4,"64,379"
Series A - Oscar Health,https://www.crunchbase.com/funding_round/oscar-series-a--308ee610,Oscar Health,https://www.crunchbase.com/organization/oscar,Series A,"$40,000,000","Jul 19, 2013",Early Stage Venture,,Yes,6,5,"102,004"
Seed Round - Flint and Tinder,https://www.crunchbase.com/funding_round/flint-and-tinder-seed--99b8ee32,Flint and Tinder,https://www.crunchbase.com/organization/flint-and-tinder,Seed,"$850,000","Oct 21, 2012",Seed,,Yes,4,2,"154,420"
Convertible Note - Zipline,https://www.crunchbase.com/funding_round/romotive-convertible-note--27d51aa2,Zipline,https://www.crunchbase.com/organization/romotive,Convertible Note,"$1,500,000","Dec 10, 2011",,,No,9,4,"64,949"
Angel Round - Giant Swarm,https://www.crunchbase.com/funding_round/giant-swarm-angel--873e5b0c,Giant Swarm,https://www.crunchbase.com/organization/giant-swarm,Angel,"$2,225,000","Mar 15, 2015",Seed,,Yes,6,2,"65,758"
Seed Round - Chain,https://www.crunchbase.com/funding_round/chain-2-seed--c051a16f,Chain,https://www.crunchbase.com/organization/chain-2,Seed,"$4,200,000","Jan 1, 2014",Seed,,Yes,6,2,"105,983"
Seed Round - Grand St.,https://www.crunchbase.com/funding_round/grand-st-seed--7b33e6ee,Grand St.,https://www.crunchbase.com/organization/grand-st,Seed,"$1,300,000","Apr 3, 2013",Seed,,Yes,9,4,"194,717"
Series A - Vine,https://www.crunchbase.com/funding_round/vine-series-a--a0c14a15,Vine,https://www.crunchbase.com/organization/vine,Series A,,"Jun 1, 2012",Early Stage Venture,,Yes,2,2,"195,043"
Series A - Handy,https://www.crunchbase.com/funding_round/handybook-series-a--22429e56,Handy,https://www.crunchbase.com/organization/handybook,Series A,"$10,000,000","Oct 22, 2013",Early Stage Venture,,Yes,4,3,"195,234"
Seed Round - ID.me,https://www.crunchbase.com/funding_round/id-me-seed--dea8354c,ID.me,https://www.crunchbase.com/organization/id-me,Seed,"$140,000","Jul 16, 2010",Seed,,Yes,1,2,"107,681"
Seed Round - MobileDay,https://www.crunchbase.com/funding_round/mobileday-seed--6a7e586f,MobileDay,https://www.crunchbase.com/organization/mobileday,Seed,"$1,475,000","Dec 27, 2011",Seed,,Yes,6,5,"107,692"
Series A - Kustomer,https://www.crunchbase.com/funding_round/kustomer-series-a--d22c0dbc,Kustomer,https://www.crunchbase.com/organization/kustomer,Series A,"$10,000,000","Sep 27, 2016",Early Stage Venture,,Yes,7,4,"66,126"
Seed Round - Nestio,https://www.crunchbase.com/funding_round/nestio-seed--8f50394b,Nestio,https://www.crunchbase.com/organization/nestio,Seed,"$1,500,000","Jul 9, 2013",Seed,,Yes,13,3,"196,127"
Series A - Trello,https://www.crunchbase.com/funding_round/trello-series-a--03cbfe20,Trello,https://www.crunchbase.com/organization/trello,Series A,"$10,340,000","Jul 24, 2014",Early Stage Venture,,Yes,3,3,"196,614"
Series A - Little Black Bag,https://www.crunchbase.com/funding_round/little-black-bag-series-a--fbc92636,Little Black Bag,https://www.crunchbase.com/organization/little-black-bag,Series A,"$2,750,000","Feb 2, 2012",Early Stage Venture,,Yes,3,2,"66,614"
Series A - Lore,https://www.crunchbase.com/funding_round/lore-series-a--a8f7d4bb,Lore,https://www.crunchbase.com/organization/lore,Series A,"$1,000,000","Jun 27, 2011",Early Stage Venture,,Yes,10,2,"66,883"
Seed Round - Crayon,https://www.crunchbase.com/funding_round/crayon-2-seed--ba6d58d3,Crayon,https://www.crunchbase.com/organization/crayon-2,Seed,"$3,350,000","Nov 10, 2016",Seed,,Yes,9,2,"109,114"
Convertible Note - Customer.io,https://www.crunchbase.com/funding_round/customer-io-convertible-note--891fc918,Customer.io,https://www.crunchbase.com/organization/customer-io,Convertible Note,"$250,000","May 1, 2012",,,No,2,2,"109,207"
Seed Round - to be,https://www.crunchbase.com/funding_round/to-be-seed--9693a631,to be,https://www.crunchbase.com/organization/to-be,Seed,,"Sep 21, 2012",Seed,,Yes,2,3,"197,326"
Series B - Plaid,https://www.crunchbase.com/funding_round/plaid-series-b--9faebc03,Plaid,https://www.crunchbase.com/organization/plaid,Series B,"$44,000,000","Jun 19, 2016",Early Stage Venture,,Yes,5,4,"197,629"
Seed Round - Kitchensurfing,https://www.crunchbase.com/funding_round/kitchensurfing-seed--f74f7042,Kitchensurfing,https://www.crunchbase.com/organization/kitchensurfing,Seed,"$1,000,000","Feb 14, 2013",Seed,,Yes,13,2,"197,697"
Venture Round - Assembly,https://www.crunchbase.com/funding_round/assembly-series-unknown--2a35fd71,Assembly,https://www.crunchbase.com/organization/assembly,Venture - Series Unknown,"$2,900,000","Nov 21, 2014",,,Yes,4,3,"198,295"
Convertible Note - Tomfoolery,https://www.crunchbase.com/funding_round/tomfoolery-convertible-note--119eb000,Tomfoolery,https://www.crunchbase.com/organization/tomfoolery,Convertible Note,,"Aug 16, 2013",,,No,1,2,"198,929"
Convertible Note - Seen,https://www.crunchbase.com/funding_round/seen-convertible-note--c65bc6de,Seen,https://www.crunchbase.com/organization/seen,Convertible Note,"$635,000","Nov 19, 2012",,,No,4,2,"110,776"
Convertible Note - Panna,https://www.crunchbase.com/funding_round/panna-convertible-note--f498afdb,Panna,https://www.crunchbase.com/organization/panna,Convertible Note,,"Mar 18, 2013",,,No,1,2,"110,804"
Seed Round - RigUp,https://www.crunchbase.com/funding_round/rigup-seed--c85da556,RigUp,https://www.crunchbase.com/organization/rigup,Seed,"$3,000,000","Jun 4, 2014",Seed,,Yes,3,3,"111,111"
Convertible Note - Wholeshare,https://www.crunchbase.com/funding_round/wholeshare-convertible-note--c9160e5a,Wholeshare,https://www.crunchbase.com/organization/wholeshare,Convertible Note,,"Dec 17, 2013",,,No,1,2,"111,134"
Series B - Spring Inc,https://www.crunchbase.com/funding_round/spring-inc-series-b--2c144632,Spring Inc,https://www.crunchbase.com/organization/spring-inc,Series B,"$25,000,000","Apr 16, 2015",Early Stage Venture,,Yes,4,3,"68,461"
Seed Round - Panna,https://www.crunchbase.com/funding_round/panna-seed--3c295a96,Panna,https://www.crunchbase.com/organization/panna,Seed,"$1,350,000","May 6, 2013",Seed,,Yes,19,4,"199,893"
Seed Round - Wonder,https://www.crunchbase.com/funding_round/wonder-2-seed--ad501d93,Wonder,https://www.crunchbase.com/organization/wonder-2,Seed,,"Jul 2, 2013",Seed,,Yes,6,3,"200,180"
Seed Round - CrowdAI,https://www.crunchbase.com/funding_round/crowdai-seed--d1b88e96,CrowdAI,https://www.crunchbase.com/organization/crowdai,Seed,"$2,000,000","Jan 5, 2017",Seed,,Yes,5,3,"112,058"
Series A - OneDrop,https://www.crunchbase.com/funding_round/onedrop-series-a--14714ac5,OneDrop,https://www.crunchbase.com/organization/onedrop,Series A,"$8,000,000","Jun 4, 2015",Early Stage Venture,,Yes,6,3,"200,609"
Series B - BarkBox,https://www.crunchbase.com/funding_round/barkbox-series-b--bfea4dad,BarkBox,https://www.crunchbase.com/organization/barkbox,Series B,"$15,000,000","Jul 11, 2014",Early Stage Venture,,Yes,12,4,"120,850"
Seed Round - Airtable,https://www.crunchbase.com/funding_round/airtable-seed--2bd24fdb,Airtable,https://www.crunchbase.com/organization/airtable,Seed,"$3,000,000","Feb 25, 2015",Seed,,Yes,15,2,"201,081"
Seed Round - Nomi,https://www.crunchbase.com/funding_round/nomi-seed--0e79e1ee,Nomi,https://www.crunchbase.com/organization/nomi,Seed,"$3,000,000","Feb 11, 2013",Seed,,Yes,11,2,"201,421"
Seed Round - Clearbit,https://www.crunchbase.com/funding_round/clearbit-seed--48831f8c,Clearbit,https://www.crunchbase.com/organization/clearbit,Seed,"$2,000,000","Mar 3, 2015",Seed,,Yes,11,4,"201,474"
Convertible Note - Karma,https://www.crunchbase.com/funding_round/karma-convertible-note--7d577f04,Karma,https://www.crunchbase.com/organization/karma,Convertible Note,"$2,304,999","Nov 14, 2011",,,No,1,2,"201,482"
Series A - Wildcard,https://www.crunchbase.com/funding_round/wildcard-series-a--be5873f3,Wildcard,https://www.crunchbase.com/organization/wildcard,Series A,"$3,000,000","Jul 1, 2013",Early Stage Venture,,Yes,8,4,"113,873"
"Seed Round - Guideline, Inc.",https://www.crunchbase.com/funding_round/guideline-technologies-inc-seed--dda11023,"Guideline, Inc.",https://www.crunchbase.com/organization/guideline-technologies-inc,Seed,"$2,000,000","Aug 17, 2015",Seed,,Yes,8,3,"202,328"
Series B - GroupMe,https://www.crunchbase.com/funding_round/groupme-series-b--159399ce,GroupMe,https://www.crunchbase.com/organization/groupme,Series B,"$10,600,000","Jan 4, 2011",Early Stage Venture,,Yes,8,6,"121,346"
Convertible Note - Vamo,https://www.crunchbase.com/funding_round/vamo-convertible-note--ec56616d,Vamo,https://www.crunchbase.com/organization/vamo,Convertible Note,"$1,600,000","Jul 18, 2013",,,No,27,2,"159,544"
Seed Round - 42Floors,https://www.crunchbase.com/funding_round/42floors-seed--82a150cc,42Floors,https://www.crunchbase.com/organization/42floors,Seed,"$400,000","Dec 1, 2011",Seed,,Yes,8,2,"160,199"
Seed Round - Maven Clinic,https://www.crunchbase.com/funding_round/maven-clinic-seed--68b3f47b,Maven Clinic,https://www.crunchbase.com/organization/maven-clinic,Seed,"$2,200,000","Apr 9, 2015",Seed,,Yes,9,4,"160,390"
Seed Round - popexpert,https://www.crunchbase.com/funding_round/popexpert-seed--39929a4f,popexpert,https://www.crunchbase.com/organization/popexpert,Seed,"$2,000,000","May 21, 2013",Seed,,Yes,9,3,"160,472"
Seed Round - Hii Def Inc.,https://www.crunchbase.com/funding_round/hii-def-inc-seed--9006d485,Hii Def Inc.,https://www.crunchbase.com/organization/hii-def-inc,Seed,,"Aug 31, 2010",Seed,,Yes,1,2,"160,578"
Seed Round - Vengo Labs,https://www.crunchbase.com/funding_round/vengo-labs-seed--538f8b04,Vengo Labs,https://www.crunchbase.com/organization/vengo-labs,Seed,"$1,000,000","Feb 19, 2013",Seed,,Yes,8,3,"160,923"
Seed Round - LaunchRock,https://www.crunchbase.com/funding_round/launchrock-seed--674b17e0,LaunchRock,https://www.crunchbase.com/organization/launchrock,Seed,"$800,000","Nov 8, 2011",Seed,,Yes,8,2,"161,360"
Series A - Coopkanics,https://www.crunchbase.com/funding_round/coopkanics-series-a--a011c231,Coopkanics,https://www.crunchbase.com/organization/coopkanics,Series A,"$3,000,000","Jul 7, 2013",Early Stage Venture,,Yes,2,2,"161,586"
Seed Round - Simperium,https://www.crunchbase.com/funding_round/simperium-seed--65232301,Simperium,https://www.crunchbase.com/organization/simperium,Seed,,"Jan 1, 2010",Seed,,Yes,5,6,"163,534"
Seed Round - ADstruc,https://www.crunchbase.com/funding_round/adstruc-seed--be14e4d3,ADstruc,https://www.crunchbase.com/organization/adstruc,Seed,"$1,100,000","Sep 28, 2010",Seed,,Yes,11,4,"163,869"
Seed Round - Even Responsible Finance,https://www.crunchbase.com/funding_round/even-responsible-finance-seed--84bf472e,Even Responsible Finance,https://www.crunchbase.com/organization/even-responsible-finance,Seed,"$1,500,000","Dec 18, 2014",Seed,,Yes,5,3,"182,940"
Seed Round - Bezar,https://www.crunchbase.com/funding_round/bezar-seed--e4a49957,Bezar,https://www.crunchbase.com/organization/bezar,Seed,"$2,250,000","Nov 1, 2014",Seed,,Yes,21,6,"183,191"
Seed Round - Adcade,https://www.crunchbase.com/funding_round/adcade-seed--303276fa,Adcade,https://www.crunchbase.com/organization/adcade,Seed,"$1,500,000","Nov 1, 2012",Seed,,Yes,10,2,"183,391"
Seed Round - Amberjack,https://www.crunchbase.com/funding_round/amberjack-2-seed--9a73ce92,Amberjack,https://www.crunchbase.com/organization/amberjack-2,Seed,"$500,000","Apr 6, 2015",Seed,,Yes,7,2,"183,420"
Seed Round - Iodine,https://www.crunchbase.com/funding_round/iodine-seed--c3a96a83,Iodine,https://www.crunchbase.com/organization/iodine,Seed,"$2,500,000","Feb 28, 2014",Seed,,Yes,7,2,"183,579"
Convertible Note - Karma,https://www.crunchbase.com/funding_round/karma-convertible-note--d28b46f5,Karma,https://www.crunchbase.com/organization/karma,Convertible Note,,"Nov 18, 2013",,,No,1,2,"184,385"
Seed Round - Hightower,https://www.crunchbase.com/funding_round/hightower-seed--d370c3e6,Hightower,https://www.crunchbase.com/organization/hightower,Seed,"$2,120,000","Dec 20, 2013",Seed,,Yes,14,4,"202,465"
Seed Round - NuORDER,https://www.crunchbase.com/funding_round/nuorder-seed--a547f046,NuORDER,https://www.crunchbase.com/organization/nuorder,Seed,"$3,600,000","Oct 1, 2012",Seed,,Yes,9,5,"202,644"
Seed Round - Umi Kitchen,https://www.crunchbase.com/funding_round/umi-kitchen-seed--07ad68d4,Umi Kitchen,https://www.crunchbase.com/organization/umi-kitchen,Seed,"$1,400,000","Sep 26, 2016",Seed,,Yes,15,2,"203,882"
Series A - Shake,https://www.crunchbase.com/funding_round/shake-series-a--3b3227ef,Shake,https://www.crunchbase.com/organization/shake,Series A,"$3,000,000","Nov 20, 2013",Early Stage Venture,,Yes,7,8,"204,552"
Series A - GroupMe,https://www.crunchbase.com/funding_round/groupme-series-a--c2cf6ec6,GroupMe,https://www.crunchbase.com/organization/groupme,Series A,"$850,000","Aug 25, 2010",Early Stage Venture,,Yes,11,4,"204,800"
Series A - Bread,https://www.crunchbase.com/funding_round/bread-series-a--57b6beb5,Bread,https://www.crunchbase.com/organization/bread,Series A,"$14,300,000","Nov 10, 2015",Early Stage Venture,,Yes,10,7,"205,346"
Seed Round - Pickie,https://www.crunchbase.com/funding_round/pickie-seed--ddccbe1f,Pickie,https://www.crunchbase.com/organization/pickie,Seed,"$1,000,000","Oct 29, 2012",Seed,,Yes,12,3,"208,982"
"Seed Round - Fabric Technologies, Inc.",https://www.crunchbase.com/funding_round/fabric-insurance-agency-seed--d39d4b0f,"Fabric Technologies, Inc.",https://www.crunchbase.com/organization/fabric-insurance-agency,Seed,"$2,500,000","Mar 21, 2017",Seed,,Yes,6,2,"209,545"
Seed Round - Tulip Retail,https://www.crunchbase.com/funding_round/tulip-retail-seed--33a7c27e,Tulip Retail,https://www.crunchbase.com/organization/tulip-retail,Seed,"$2,400,000","Oct 3, 2013",Seed,,Yes,13,5,"209,642"
Seed Round - Kustomer,https://www.crunchbase.com/funding_round/kustomer-seed--1120a1db,Kustomer,https://www.crunchbase.com/organization/kustomer,Seed,"$2,500,000","Sep 4, 2015",Seed,,Yes,4,3,"209,645"
Seed Round - WorkRails,https://www.crunchbase.com/funding_round/workrails-seed--ad6c51a1,WorkRails,https://www.crunchbase.com/organization/workrails,Seed,"$2,300,000","Oct 7, 2016",Seed,,Yes,4,2,"210,056"
Seed Round - Joy,https://www.crunchbase.com/funding_round/joy-3-seed--0a15df00,Joy,https://www.crunchbase.com/organization/joy-3,Seed,"$2,500,000","Oct 18, 2016",Seed,,Yes,4,2,"210,135"
Seed Round - Niche,https://www.crunchbase.com/funding_round/the-niche-project-inc-seed--ea28f55d,Niche,https://www.crunchbase.com/organization/the-niche-project-inc,Seed,"$2,500,000","May 15, 2014",Seed,,Yes,10,3,"210,529"
Seed Round - Genies,https://www.crunchbase.com/funding_round/blend-systems-seed--5036d4e6,Genies,https://www.crunchbase.com/organization/blend-systems,Seed,"$2,700,000","Apr 22, 2014",Seed,,Yes,9,3,"210,761"
Series A - Fab,https://www.crunchbase.com/funding_round/fab-com-series-a--fd4cfc4d,Fab,https://www.crunchbase.com/organization/fab-com,Series A,"$7,700,000","Aug 11, 2011",Early Stage Venture,,Yes,17,7,"184,690"
Series A - Handy,https://www.crunchbase.com/funding_round/handybook-series-a--1c604635,Handy,https://www.crunchbase.com/organization/handybook,Series A,"$2,000,000","Oct 16, 2012",Early Stage Venture,,Yes,3,3,"185,159"
Convertible Note - MileWise,https://www.crunchbase.com/funding_round/milewise-convertible-note--6571b79d,MileWise,https://www.crunchbase.com/organization/milewise,Convertible Note,,"Jan 23, 2013",,,No,1,2,"185,844"
Seed Round - Memoir,https://www.crunchbase.com/funding_round/memoir-seed--8c792558,Memoir,https://www.crunchbase.com/organization/memoir,Seed,"$1,200,000","May 31, 2011",Seed,,Yes,10,3,"185,918"
Series A - Boxee,https://www.crunchbase.com/funding_round/boxee-series-a--fb342545,Boxee,https://www.crunchbase.com/organization/boxee,Series A,"$4,000,000","Nov 18, 2008",Early Stage Venture,,Yes,3,3,"186,470"
Seed Round - PillPack,https://www.crunchbase.com/funding_round/pillpack-seed--3eb3a651,PillPack,https://www.crunchbase.com/organization/pillpack,Seed,"$550,000","Apr 1, 2013",Seed,,Yes,8,3,"187,225"
Convertible Note - Fancy Hands,https://www.crunchbase.com/funding_round/fancy-hands-convertible-note--6ac6ab38,Fancy Hands,https://www.crunchbase.com/organization/fancy-hands,Convertible Note,,"Nov 18, 2011",,,No,4,3,"187,644"
Seed Round - Elepath,https://www.crunchbase.com/funding_round/elepath-seed--96a1931a,Elepath,https://www.crunchbase.com/organization/elepath,Seed,,"Nov 25, 2011",Seed,,Yes,4,2,"188,969"
Seed Round - SmartThings,https://www.crunchbase.com/funding_round/smartthings-seed--9a66435a,SmartThings,https://www.crunchbase.com/organization/smartthings,Seed,"$3,000,000","Dec 4, 2012",Seed,,Yes,26,3,"189,188"
Seed Round - Grovo,https://www.crunchbase.com/funding_round/grovo-seed--7e97f9f8,Grovo,https://www.crunchbase.com/organization/grovo,Seed,"$1,523,992","Sep 2, 2011",Seed,,Yes,8,2,"190,488"
Angel Round - Nestio,https://www.crunchbase.com/funding_round/nestio-angel--f9b76f9c,Nestio,https://www.crunchbase.com/organization/nestio,Angel,"$750,000","Jul 5, 2011",Seed,,Yes,6,2,"190,603"
Convertible Note - Hamlet,https://www.crunchbase.com/funding_round/hamlet-convertible-note--86823662,Hamlet,https://www.crunchbase.com/organization/hamlet,Convertible Note,,"Aug 20, 2015",,,No,4,2,"191,373"
Seed Round - Wander,https://www.crunchbase.com/funding_round/wander-seed--c2305cb3,Wander,https://www.crunchbase.com/organization/wander,Seed,"$1,200,000","Apr 19, 2012",Seed,,Yes,9,3,"192,690"
Series A - PillPack,https://www.crunchbase.com/funding_round/pillpack-series-a--51e81478,PillPack,https://www.crunchbase.com/organization/pillpack,Series A,"$3,500,000","Jul 1, 2013",Early Stage Venture,,Yes,11,4,"75,574"
Seed Round - Spoon University,https://www.crunchbase.com/funding_round/spoon-university-seed--bad19e3a,Spoon University,https://www.crunchbase.com/organization/spoon-university,Seed,"$2,000,000","Jul 14, 2015",Seed,"$6,000,000",Yes,11,3,"76,475"
Seed Round - Rebel,https://www.crunchbase.com/funding_round/rebelmail-seed--784974d5,Rebel,https://www.crunchbase.com/organization/rebelmail,Seed,"$2,000,000","Jun 10, 2014",Seed,,Yes,10,3,"77,780"
Convertible Note - Streak,https://www.crunchbase.com/funding_round/streak-convertible-note--88794c80,Streak,https://www.crunchbase.com/organization/streak,Convertible Note,"$1,900,000","Oct 15, 2012",,,No,9,2,"83,220"
Series A - DRAFT,https://www.crunchbase.com/funding_round/starstreet-series-a--a8a2f452,DRAFT,https://www.crunchbase.com/organization/starstreet,Series A,"$3,500,000","Feb 10, 2015",Early Stage Venture,,Yes,6,3,"84,165"
Series A - Automated Insights,https://www.crunchbase.com/funding_round/automated-insights-series-a--aa243461,Automated Insights,https://www.crunchbase.com/organization/automated-insights,Series A,"$1,300,000","Aug 1, 2010",Early Stage Venture,,Yes,4,3,"85,558"
Seed Round - MovieLine,https://www.crunchbase.com/funding_round/movieline-seed--d01b571f,MovieLine,https://www.crunchbase.com/organization/movieline,Seed,,"Oct 19, 2012",Seed,,Yes,1,2,"87,970"
Series A - Ando,https://www.crunchbase.com/funding_round/ando-series-a--e271d98c,Ando,https://www.crunchbase.com/organization/ando,Series A,"$7,000,000","Nov 1, 2016",Early Stage Venture,,Yes,14,3,"88,260"
Convertible Note - The Shared Web,https://www.crunchbase.com/funding_round/the-shared-web-convertible-note--9119b0b1,The Shared Web,https://www.crunchbase.com/organization/the-shared-web,Convertible Note,"$225,000","Jan 1, 2011",,,No,9,3,"91,514"
Series B - Amino Apps,https://www.crunchbase.com/funding_round/amino-apps-2-series-b--1474e1f7,Amino Apps,https://www.crunchbase.com/organization/amino-apps-2,Series B,"$19,200,000","Dec 15, 2016",Early Stage Venture,,Yes,6,5,"100,395"
"Series A - Estimote, Inc.",https://www.crunchbase.com/funding_round/estimote-series-a--d07cffdc,"Estimote, Inc.",https://www.crunchbase.com/organization/estimote,Series A,"$10,700,000","Jan 15, 2016",Early Stage Venture,,Yes,8,3,"100,428"
Seed Round - Singly,https://www.crunchbase.com/funding_round/singly-seed--4c23b19b,Singly,https://www.crunchbase.com/organization/singly,Seed,"$1,950,000","Feb 1, 2011",Seed,,Yes,2,2,"122,981"
Venture Round - Sproutling,https://www.crunchbase.com/funding_round/sproutling-series-unknown--133b1c39,Sproutling,https://www.crunchbase.com/organization/sproutling,Venture - Series Unknown,"$6,550,924","Jan 29, 2015",,,Yes,12,4,"123,476"
Angel Round - LOLA,https://www.crunchbase.com/funding_round/lola-angel--cb2b3246,LOLA,https://www.crunchbase.com/organization/lola,Angel,"$1,200,000","Jul 8, 2015",Seed,,Yes,7,2,"114,753"
Seed Round - Sunrise,https://www.crunchbase.com/funding_round/sunrise-seed--0f365e93,Sunrise,https://www.crunchbase.com/organization/sunrise,Seed,"$2,200,000","Jun 4, 2014",Seed,,Yes,23,2,"116,464"
Series B - Little Black Bag,https://www.crunchbase.com/funding_round/little-black-bag-series-b--74fc9d83,Little Black Bag,https://www.crunchbase.com/organization/little-black-bag,Series B,"$8,000,000","Aug 16, 2012",Early Stage Venture,,Yes,3,2,"116,503"
Seed Round - Cricket's Circle,https://www.crunchbase.com/funding_round/crickets-circle-seed--0405191e,Cricket's Circle,https://www.crunchbase.com/organization/crickets-circle,Seed,"$2,250,000","Oct 23, 2015",Seed,,Yes,5,3,"116,782"
Series A - Flatiron School,https://www.crunchbase.com/funding_round/flatiron-school-series-a--9e9c0d84,Flatiron School,https://www.crunchbase.com/organization/flatiron-school,Series A,"$5,500,000","Apr 9, 2014",Early Stage Venture,,Yes,3,3,"130,160"
Venture Round - Binti,https://www.crunchbase.com/funding_round/binti-series-unknown--f9e356e0,Binti,https://www.crunchbase.com/organization/binti,Venture - Series Unknown,,"Mar 20, 2015",,,Yes,13,4,"117,564"
Venture Round - Arcadia Power,https://www.crunchbase.com/funding_round/arcadia-power-2-series-unknown--7ce69b38,Arcadia Power,https://www.crunchbase.com/organization/arcadia-power-2,Venture - Series Unknown,"$3,500,000","Aug 18, 2016",,,Yes,2,2,"130,815"
Seed Round - msg.ai,https://www.crunchbase.com/funding_round/msg-ai-seed--5d66f3af,msg.ai,https://www.crunchbase.com/organization/msg-ai,Seed,"$2,600,000","Nov 1, 2015",Seed,,Yes,15,6,"118,542"
Seed Round - Lua,https://www.crunchbase.com/funding_round/lua-technologies-seed--0ba3e1c6,Lua,https://www.crunchbase.com/organization/lua-technologies,Seed,"$2,500,000","Jul 1, 2012",Seed,,Yes,25,3,"118,931"
Venture Round - Even Responsible Finance,https://www.crunchbase.com/funding_round/even-responsible-finance-series-unknown--32841785,Even Responsible Finance,https://www.crunchbase.com/organization/even-responsible-finance,Venture - Series Unknown,"$9,000,000","Apr 12, 2016",,,Yes,9,6,"132,577"
Convertible Note - Circa,https://www.crunchbase.com/funding_round/circa-convertible-note--e3dc8f89,Circa,https://www.crunchbase.com/organization/circa,Convertible Note,"$900,000","Apr 27, 2012",,,No,23,7,"132,699"
Convertible Note - Memoir,https://www.crunchbase.com/funding_round/memoir-convertible-note--cab4af1b,Memoir,https://www.crunchbase.com/organization/memoir,Convertible Note,,"Oct 15, 2013",,,No,9,7,"132,941"
Convertible Note - Pilot,https://www.crunchbase.com/funding_round/pilot-2-convertible-note--1f11313d,Pilot,https://www.crunchbase.com/organization/pilot-2,Convertible Note,"$775,000","Jan 28, 2015",,,No,8,2,"133,010"
Convertible Note - MovieLine,https://www.crunchbase.com/funding_round/movieline-convertible-note--dcd80a9e,MovieLine,https://www.crunchbase.com/organization/movieline,Convertible Note,,"Aug 15, 2013",,,No,1,2,"124,303"
Venture Round - CrowdTangle,https://www.crunchbase.com/funding_round/crowdtangle-series-unknown--ff630231,CrowdTangle,https://www.crunchbase.com/organization/crowdtangle,Venture - Series Unknown,"$2,200,000","May 7, 2014",,,Yes,8,3,"69,649"
Series A - Workpop,https://www.crunchbase.com/funding_round/workpop-series-a--0b674145,Workpop,https://www.crunchbase.com/organization/workpop,Series A,"$7,000,000","Sep 16, 2014",Early Stage Venture,,Yes,17,7,"71,619"
Series A - UpNext,https://www.crunchbase.com/funding_round/upnext-series-a--cff1cc16,UpNext,https://www.crunchbase.com/organization/upnext,Series A,"$556,799","Mar 14, 2011",Early Stage Venture,,Yes,7,3,"71,963"
Convertible Note - Artsy,https://www.crunchbase.com/funding_round/art-sy-convertible-note--4dc18710,Artsy,https://www.crunchbase.com/organization/art-sy,Convertible Note,"$1,250,000","Nov 24, 2010",,,No,18,4,"72,482"
Seed Round - Keychain Logistics,https://www.crunchbase.com/funding_round/keychain-logistics-seed--43fe623c,Keychain Logistics,https://www.crunchbase.com/organization/keychain-logistics,Seed,"$2,520,000","Jan 1, 2013",Seed,,Yes,10,3,"73,660"
Seed Round - Moveline,https://www.crunchbase.com/funding_round/moveline-seed--a5e91fd2,Moveline,https://www.crunchbase.com/organization/moveline,Seed,"$1,500,000","Oct 31, 2012",Seed,,Yes,13,5,"73,826"
Convertible Note - Scopely,https://www.crunchbase.com/funding_round/scopely-convertible-note--1d475fd4,Scopely,https://www.crunchbase.com/organization/scopely,Convertible Note,,"Apr 17, 2011",,,No,1,2,"127,188"
Seed Round - Wholeshare,https://www.crunchbase.com/funding_round/wholeshare-seed--97feffb2,Wholeshare,https://www.crunchbase.com/organization/wholeshare,Seed,"$1,800,000","Dec 18, 2015",Seed,,Yes,6,2,"137,881"
Seed Round - Move Loot,https://www.crunchbase.com/funding_round/move-loot-seed--d576db51,Move Loot,https://www.crunchbase.com/organization/move-loot,Seed,"$2,800,000","Jun 9, 2014",Seed,,Yes,13,2,"138,324"
Series B - Poppin,https://www.crunchbase.com/funding_round/poppin-series-b--5a4de187,Poppin,https://www.crunchbase.com/organization/poppin,Series B,"$11,100,000","May 2, 2013",Early Stage Venture,,Yes,7,4,"139,806"
Seed Round - Lua,https://www.crunchbase.com/funding_round/lua-technologies-seed--5e2823a3,Lua,https://www.crunchbase.com/organization/lua-technologies,Seed,,"May 1, 2013",Seed,,Yes,1,2,"150,206"
