Transaction Name,Transaction Name URL,Organization Name,Organization Name URL,Funding Type,Money Raised,Announced Date,Funding Stage,Pre-Money Valuation,Equity Only Funding,Number of Investors,Number of Partner Investors,CB Rank (Funding Round)
Series C - Tala (formerly InVenture),https://www.crunchbase.com/funding_round/inventure-series-c--9db1b488,Tala (formerly InVenture),https://www.crunchbase.com/organization/inventure,Series C,"$50,000,000","Apr 17, 2018",Late Stage Venture,,Yes,6,,159
Series A - Fortem Technologies,https://www.crunchbase.com/funding_round/fortem-technologies-series-a--af95cfb8,Fortem Technologies,https://www.crunchbase.com/organization/fortem-technologies,Series A,"$15,000,000","Mar 15, 2018",Early Stage Venture,,Yes,6,1,336
Series A - Swift Medical,https://www.crunchbase.com/funding_round/swift-medical-series-a--f900c0b0,Swift Medical,https://www.crunchbase.com/organization/swift-medical,Series A,"$11,600,000","Mar 29, 2018",Early Stage Venture,,Yes,5,1,463
Series B - Mythic,https://www.crunchbase.com/funding_round/isocline-series-b--244b52c1,Mythic,https://www.crunchbase.com/organization/isocline,Series B,"$40,000,000","Mar 20, 2018",Early Stage Venture,,Yes,7,2,598
Series A - 3fbio,https://www.crunchbase.com/funding_round/3fbio-series-a--85b162a6,3fbio,https://www.crunchbase.com/organization/3fbio,Series A,"£6,160,000","Apr 4, 2018",Early Stage Venture,,Yes,5,2,866
Funding Round - Mirror Emoji Keyboard,https://www.crunchbase.com/funding_round/mirror-ai-undisclosed--e038e832,Mirror Emoji Keyboard,https://www.crunchbase.com/organization/mirror-ai,Funding Round,"$3,500,000","Dec 13, 2017",,"$30,000,000",Yes,26,1,"1,284"
Series A - Atomwise,https://www.crunchbase.com/funding_round/atomwise-series-a--ac7e5931,Atomwise,https://www.crunchbase.com/organization/atomwise,Series A,"$45,000,000","Mar 7, 2018",Early Stage Venture,,Yes,9,1,"1,297"
Seed Round - Biobot Analytics,https://www.crunchbase.com/funding_round/biobot-analytics-seed--2deaa36d,Biobot Analytics,https://www.crunchbase.com/organization/biobot-analytics,Seed,"$1,505,000","Mar 26, 2018",Seed,,Yes,13,4,"1,640"
Seed Round - Quilt Data,https://www.crunchbase.com/funding_round/quilt-data-seed--60cc57ce,Quilt Data,https://www.crunchbase.com/organization/quilt-data,Seed,"$3,500,000","Aug 31, 2017",Seed,,Yes,10,1,"2,411"
Seed Round - Enzyme,https://www.crunchbase.com/funding_round/enzyme-2-seed--2418f78a,Enzyme,https://www.crunchbase.com/organization/enzyme-2,Seed,"$1,850,000","Oct 10, 2017",Seed,,Yes,9,,"2,427"
Seed Round - Pyka,https://www.crunchbase.com/funding_round/pyka-seed--1fd87e41,Pyka,https://www.crunchbase.com/organization/pyka,Seed,"$3,000,000","Aug 24, 2017",Seed,,Yes,10,,"2,458"
Series A - Nyriad,https://www.crunchbase.com/funding_round/nyriad-limited-series-a--86ce7c8a,Nyriad,https://www.crunchbase.com/organization/nyriad-limited,Series A,"$8,500,000","Feb 6, 2018",Early Stage Venture,,Yes,7,,"2,465"
Venture Round - evonetix,https://www.crunchbase.com/funding_round/evonetix-series-unknown--de7b3577,evonetix,https://www.crunchbase.com/organization/evonetix,Venture - Series Unknown,"$12,300,000","Jan 30, 2018",,,Yes,6,1,"2,730"
Series A - Cofactor Genomics,https://www.crunchbase.com/funding_round/cofactor-genomics-series-a--881ff6c2,Cofactor Genomics,https://www.crunchbase.com/organization/cofactor-genomics,Series A,"$18,000,000","Sep 18, 2017",Early Stage Venture,,Yes,10,3,"2,813"
Series B - Recursion Pharmaceuticals,https://www.crunchbase.com/funding_round/recursion-pharmaceuticals-series-b--be76c8ef,Recursion Pharmaceuticals,https://www.crunchbase.com/organization/recursion-pharmaceuticals,Series B,"$60,000,000","Oct 4, 2017",Early Stage Venture,,Yes,10,3,"2,854"
Seed Round - Akash Systems,https://www.crunchbase.com/funding_round/akash-systems-seed--5c672f50,Akash Systems,https://www.crunchbase.com/organization/akash-systems,Seed,"$3,100,000","Jan 30, 2018",Seed,,Yes,6,,"3,068"
Seed Round - Subtle Medical,https://www.crunchbase.com/funding_round/subtle-medical-seed--5cedce4b,Subtle Medical,https://www.crunchbase.com/organization/subtle-medical,Seed,,"Sep 1, 2017",Seed,,Yes,5,8,"3,173"
Seed Round - Asimov,https://www.crunchbase.com/funding_round/asimov-2-seed--7730676d,Asimov,https://www.crunchbase.com/organization/asimov-2,Seed,"$4,700,000","Dec 19, 2017",Seed,,Yes,4,1,"3,454"
"Series A - Bay Labs, Inc.",https://www.crunchbase.com/funding_round/bay-labs-inc-series-a--d6add807,"Bay Labs, Inc.",https://www.crunchbase.com/organization/bay-labs-inc,Series A,"$5,500,000","Dec 14, 2017",Early Stage Venture,,Yes,5,2,"3,640"
Series A - nTopology,https://www.crunchbase.com/funding_round/ntopology-series-a--2a4a6b12,nTopology,https://www.crunchbase.com/organization/ntopology,Series A,"$5,000,000","Nov 30, 2017",Early Stage Venture,,Yes,6,1,"3,669"
Seed Round - Jupiter Intelligence,https://www.crunchbase.com/funding_round/jupiter-intelligence-seed--d865af91,Jupiter Intelligence,https://www.crunchbase.com/organization/jupiter-intelligence,Seed,"$1,200,000","Feb 12, 2018",Seed,"$11,000,000",Yes,3,1,"3,751"
Series A - Freenome,https://www.crunchbase.com/funding_round/freenome-series-a--502920c9,Freenome,https://www.crunchbase.com/organization/freenome,Series A,"$7,000,000","Aug 28, 2017",Early Stage Venture,,Yes,12,1,"4,047"
Series A - Karius,https://www.crunchbase.com/funding_round/karius-series-a--65bc0a38,Karius,https://www.crunchbase.com/organization/karius,Series A,"$50,000,000","Aug 5, 2017",Early Stage Venture,,Yes,7,1,"4,064"
Seed Round - Anjuna,https://www.crunchbase.com/funding_round/anjuna-seed--6e4e652f,Anjuna,https://www.crunchbase.com/organization/anjuna,Seed,"$3,000,000","Jan 12, 2018",Seed,,Yes,5,1,"4,190"
Series A - Mythic,https://www.crunchbase.com/funding_round/isocline-series-a--c880b101,Mythic,https://www.crunchbase.com/organization/isocline,Series A,"$5,650,000","Nov 22, 2016",Early Stage Venture,,Yes,4,3,"4,236"
Series A - Fauna Inc.,https://www.crunchbase.com/funding_round/fauna-2-series-a--ac74b7e2,Fauna Inc.,https://www.crunchbase.com/organization/fauna-2,Series A,"$25,000,000","Sep 14, 2017",Early Stage Venture,,Yes,9,2,"4,437"
Venture Round - The Curious AI Company,https://www.crunchbase.com/funding_round/the-curious-al-company-series-unknown--1f205693,The Curious AI Company,https://www.crunchbase.com/organization/the-curious-al-company,Venture - Series Unknown,"$3,670,000","Sep 23, 2017",,,Yes,7,,"5,221"
Venture Round - Primer,https://www.crunchbase.com/funding_round/primer-7cbe-series-unknown--b5d22648,Primer,https://www.crunchbase.com/organization/primer-7cbe,Venture - Series Unknown,"$14,700,000","Oct 24, 2017",,,Yes,4,,"5,633"
Seed Round - Qassurance AI,https://www.crunchbase.com/funding_round/qassurance-ai-seed--5aacda7e,Qassurance AI,https://www.crunchbase.com/organization/qassurance-ai,Seed,,"Nov 10, 2017",Seed,,Yes,3,,"5,758"
Seed Round - OneChronos,https://www.crunchbase.com/funding_round/one-chronos-seed--b4e26234,OneChronos,https://www.crunchbase.com/organization/one-chronos,Seed,,"Dec 15, 2017",Seed,,Yes,4,,"6,199"
Series B - Plenty Inc.,https://www.crunchbase.com/funding_round/see-jane-farm-series-b--b8c25f54,Plenty Inc.,https://www.crunchbase.com/organization/see-jane-farm,Series B,"$200,000,000","Jul 19, 2017",Early Stage Venture,"$500,000,000",Yes,8,2,"6,909"
Series A - Insight Engines,https://www.crunchbase.com/funding_round/insight-engines-inc-series-a--2c0b8d95,Insight Engines,https://www.crunchbase.com/organization/insight-engines-inc,Series A,"$15,800,000","Jul 20, 2017",Early Stage Venture,,Yes,7,1,"8,265"
Venture Round - Retrofit,https://www.crunchbase.com/funding_round/retrofit-series-unknown--5803fd84,Retrofit,https://www.crunchbase.com/organization/retrofit,Venture - Series Unknown,"$2,700,000","Mar 15, 2012",,,Yes,20,4,"9,307"
Seed Round - ADVANO,https://www.crunchbase.com/funding_round/advano-seed--0dc8e30c,ADVANO,https://www.crunchbase.com/organization/advano,Seed,"$1,650,000","Jul 1, 2017",Seed,,Yes,5,,"10,181"
Series B - PerimeterX,https://www.crunchbase.com/funding_round/perimeterx-inc--series-b--0b10f2cb,PerimeterX,https://www.crunchbase.com/organization/perimeterx-inc-,Series B,"$23,000,000","Jul 25, 2017",Early Stage Venture,,Yes,3,2,"10,222"
Series A - Buoyant,https://www.crunchbase.com/funding_round/buoyant-series-a--4185e3f1,Buoyant,https://www.crunchbase.com/organization/buoyant,Series A,"$10,500,000","Jul 11, 2017",Early Stage Venture,,Yes,7,1,"11,611"
Series A - Gro Intelligence,https://www.crunchbase.com/funding_round/gro-intelligence-series-a--f3750f60,Gro Intelligence,https://www.crunchbase.com/organization/gro-intelligence,Series A,,"Oct 24, 2017",Early Stage Venture,,Yes,2,,"12,316"
Series B - Uber,https://www.crunchbase.com/funding_round/uber-series-b--5b1dc73e,Uber,https://www.crunchbase.com/organization/uber,Series B,"$37,000,000","Dec 7, 2011",Early Stage Venture,"$300,000,000",Yes,11,12,"15,581"
Seed Round - 3fbio,https://www.crunchbase.com/funding_round/3fbio-seed--5fb7e085,3fbio,https://www.crunchbase.com/organization/3fbio,Seed,"£461,000","Jul 16, 2017",Seed,,Yes,5,,"17,945"
Series A - BitFusion.io,https://www.crunchbase.com/funding_round/bitfusion-io-series-a--4264fe26,BitFusion.io,https://www.crunchbase.com/organization/bitfusion-io,Series A,"$6,800,000","May 1, 2017",Early Stage Venture,,Yes,8,1,"18,811"
Series D - Illumio,https://www.crunchbase.com/funding_round/illumio-series-d--36e1dc28,Illumio,https://www.crunchbase.com/organization/illumio,Series D,"$125,000,000","Jun 7, 2017",Late Stage Venture,"$1,000,000,000",Yes,8,3,"19,173"
Series A - Embark Trucks,https://www.crunchbase.com/funding_round/embark-3-series-a--75ec12c9,Embark Trucks,https://www.crunchbase.com/organization/embark-3,Series A,"$15,000,000","Jul 18, 2017",Early Stage Venture,"$75,000,000",Yes,5,,"20,995"
Series B - Alation,https://www.crunchbase.com/funding_round/alation-series-b--9dd27944,Alation,https://www.crunchbase.com/organization/alation,Series B,"$23,000,000","Jul 18, 2017",Early Stage Venture,,Yes,5,2,"21,105"
Series A - Element AI,https://www.crunchbase.com/funding_round/element-ai-series-a--19f50984,Element AI,https://www.crunchbase.com/organization/element-ai,Series A,"$102,000,000","Jun 14, 2017",Early Stage Venture,,Yes,8,,"23,841"
Seed Round - Luxe,https://www.crunchbase.com/funding_round/luxe-valet-seed--850aef26,Luxe,https://www.crunchbase.com/organization/luxe-valet,Seed,"$5,500,000","Oct 23, 2014",Seed,,Yes,21,10,"24,120"
Seed Round - Authy,https://www.crunchbase.com/funding_round/authy-inc-seed--6539f563,Authy,https://www.crunchbase.com/organization/authy-inc,Seed,"$2,300,000","Sep 8, 2014",Seed,,Yes,15,1,"24,488"
Seed Round - Cofactor Genomics,https://www.crunchbase.com/funding_round/cofactor-genomics-seed--a91827c3,Cofactor Genomics,https://www.crunchbase.com/organization/cofactor-genomics,Seed,"$2,630,000","Jul 31, 2015",Seed,,Yes,12,2,"26,096"
Seed Round - Karius,https://www.crunchbase.com/funding_round/karius-seed--71865574,Karius,https://www.crunchbase.com/organization/karius,Seed,"$5,000,000","Sep 22, 2014",Seed,,Yes,3,,"28,078"
Series A - Blockstream,https://www.crunchbase.com/funding_round/blockstream-series-a--73434d84,Blockstream,https://www.crunchbase.com/organization/blockstream,Series A,"$55,000,000","Feb 3, 2016",Early Stage Venture,,Yes,10,2,"28,138"
Seed Round - Starsky Robotics,https://www.crunchbase.com/funding_round/starsky-robotics-seed--1213f942,Starsky Robotics,https://www.crunchbase.com/organization/starsky-robotics,Seed,"$3,750,000","Mar 1, 2017",Seed,,Yes,15,1,"28,764"
Series A - Pivot Bio,https://www.crunchbase.com/funding_round/pivot-bio-series-a--9178e9db,Pivot Bio,https://www.crunchbase.com/organization/pivot-bio,Series A,"$15,996,489","Mar 23, 2016",Early Stage Venture,,Yes,4,1,"28,932"
Angel Round - InnaMed,https://www.crunchbase.com/funding_round/innamed-angel--ff5b8021,InnaMed,https://www.crunchbase.com/organization/innamed,Angel,"$700,000","Mar 21, 2017",Seed,,Yes,5,,"29,160"
Series A - Tala (formerly InVenture),https://www.crunchbase.com/funding_round/inventure-series-a--b467be7c,Tala (formerly InVenture),https://www.crunchbase.com/organization/inventure,Series A,"$10,000,000","Sep 3, 2015",Early Stage Venture,,Yes,8,3,"29,212"
Series A - Terrestrial Energy,https://www.crunchbase.com/funding_round/terrestrial-energy-series-a--f33ca4eb,Terrestrial Energy,https://www.crunchbase.com/organization/terrestrial-energy,Series A,"$10,000,000","Jan 7, 2016",Early Stage Venture,,Yes,1,,"29,366"
Series A - Citrine Informatics,https://www.crunchbase.com/funding_round/citrine-informatics-series-a--325f9037,Citrine Informatics,https://www.crunchbase.com/organization/citrine-informatics,Series A,"$7,600,000","Jun 8, 2017",Early Stage Venture,,Yes,5,,"31,632"
Series A - Transcriptic,https://www.crunchbase.com/funding_round/transcriptic-series-a--240a9b00,Transcriptic,https://www.crunchbase.com/organization/transcriptic,Series A,"$13,400,000","Nov 17, 2016",Early Stage Venture,,Yes,5,,"32,498"
Seed Round - Compose,https://www.crunchbase.com/funding_round/mongohq-seed--a507eef6,Compose,https://www.crunchbase.com/organization/mongohq,Seed,"$417,000","Jun 24, 2011",Seed,,Yes,7,,"33,097"
Series A - Redbooth,https://www.crunchbase.com/funding_round/redbooth-series-a--0de6d1be,Redbooth,https://www.crunchbase.com/organization/redbooth,Series A,"$5,000,000","Oct 22, 2013",Early Stage Venture,,Yes,3,1,"33,309"
Seed Round - honeycomb.io,https://www.crunchbase.com/funding_round/hound-seed--51915013,honeycomb.io,https://www.crunchbase.com/organization/hound,Seed,"$2,000,000","Jan 4, 2016",Seed,,Yes,7,,"34,420"
Series A - Nylas,https://www.crunchbase.com/funding_round/inbox-2-series-a--73e0b680,Nylas,https://www.crunchbase.com/organization/inbox-2,Series A,"$8,000,000","Jan 27, 2015",Early Stage Venture,,Yes,8,2,"34,443"
Series A - Mythic,https://www.crunchbase.com/funding_round/isocline-series-a--804cfa9f,Mythic,https://www.crunchbase.com/organization/isocline,Series A,"$6,000,000","Jun 5, 2017",Early Stage Venture,,Yes,4,2,"35,447"
Series A - Kurbo Health,https://www.crunchbase.com/funding_round/kurbo-health-series-a--288e8835,Kurbo Health,https://www.crunchbase.com/organization/kurbo-health,Series A,"$5,827,000","Jul 29, 2014",Early Stage Venture,,Yes,7,,"35,665"
Seed Round - Amplitude,https://www.crunchbase.com/funding_round/amplitude-seed--b6d99b8a,Amplitude,https://www.crunchbase.com/organization/amplitude,Seed,"$2,000,000","Jul 11, 2014",Seed,,Yes,8,2,"37,204"
Series C - SentinelOne,https://www.crunchbase.com/funding_round/sentinel-series-c--ab42cd8c,SentinelOne,https://www.crunchbase.com/organization/sentinel,Series C,"$70,000,000","Jan 25, 2017",Late Stage Venture,,Yes,8,2,"37,403"
Series B - Tala (formerly InVenture),https://www.crunchbase.com/funding_round/inventure-series-b--a86576b4,Tala (formerly InVenture),https://www.crunchbase.com/organization/inventure,Series B,"$30,000,000","Feb 22, 2017",Early Stage Venture,,Yes,7,4,"37,988"
Seed Round - strongDM,https://www.crunchbase.com/funding_round/strongdm-seed--420fb786,strongDM,https://www.crunchbase.com/organization/strongdm,Seed,"$800,000","May 11, 2015",Seed,,Yes,13,2,"37,979"
Series C - Metamarkets,https://www.crunchbase.com/funding_round/metamarkets-series-c--dcf40611,Metamarkets,https://www.crunchbase.com/organization/metamarkets,Series C,"$15,000,000","Feb 24, 2015",Late Stage Venture,,Yes,8,6,"38,808"
Series A - Square,https://www.crunchbase.com/funding_round/square-series-a--c59de648,Square,https://www.crunchbase.com/organization/square,Series A,"$10,000,000","Nov 1, 2009",Early Stage Venture,"$30,000,000",Yes,19,5,"39,055"
Series A - Locu,https://www.crunchbase.com/funding_round/locu-series-a--1269c391,Locu,https://www.crunchbase.com/organization/locu,Series A,"$4,000,000","Apr 23, 2012",Early Stage Venture,,Yes,8,4,"39,071"
Venture Round - SRCH2,https://www.crunchbase.com/funding_round/srch2-series-unknown--baf2018c,SRCH2,https://www.crunchbase.com/organization/srch2,Venture - Series Unknown,,"Apr 24, 2013",,,Yes,9,1,"39,085"
Series B - Factual,https://www.crunchbase.com/funding_round/factual-series-b--87d8ac11,Factual,https://www.crunchbase.com/organization/factual,Series B,"$35,000,000","Dec 10, 2015",Early Stage Venture,,Yes,11,5,"38,979"
Series B - 21.co,https://www.crunchbase.com/funding_round/21e6-series-b--b58f3c0c,21.co,https://www.crunchbase.com/organization/21e6,Series B,"$116,000,000","Mar 10, 2015",Early Stage Venture,,Yes,13,4,"39,254"
Venture Round - Womply,https://www.crunchbase.com/funding_round/womply-series-unknown--b3f311bb,Womply,https://www.crunchbase.com/organization/womply,Venture - Series Unknown,,"Jan 1, 2014",,,Yes,11,7,"39,203"
Series C - Planet,https://www.crunchbase.com/funding_round/planet-labs-series-c--27e8c4c8,Planet,https://www.crunchbase.com/organization/planet-labs,Series C,"$70,000,000","Jan 20, 2015",Late Stage Venture,,Yes,16,6,"39,411"
Series A - Area 1 Security,https://www.crunchbase.com/funding_round/area-1-security-series-a--4d7e78d6,Area 1 Security,https://www.crunchbase.com/organization/area-1-security,Series A,"$8,000,000","Dec 10, 2014",Early Stage Venture,,Yes,6,2,"39,486"
Series B - Area 1 Security,https://www.crunchbase.com/funding_round/area-1-security-series-b--33043abf,Area 1 Security,https://www.crunchbase.com/organization/area-1-security,Series B,"$15,000,000","Oct 14, 2015",Early Stage Venture,,Yes,7,3,"39,551"
"Series B - BlueData Software, Inc.",https://www.crunchbase.com/funding_round/bluedata-software-series-b--1eda9e2b,"BlueData Software, Inc.",https://www.crunchbase.com/organization/bluedata-software,Series B,"$15,000,000","Sep 24, 2013",Early Stage Venture,,Yes,5,3,"40,950"
Seed Round - Rescale,https://www.crunchbase.com/funding_round/rescale-seed--1ac6db27,Rescale,https://www.crunchbase.com/organization/rescale,Seed,,"Apr 1, 2012",Seed,,Yes,6,,"41,234"
Series A - Ginkgo Bioworks,https://www.crunchbase.com/funding_round/ginkgo-bioworks-series-a--ab01908c,Ginkgo Bioworks,https://www.crunchbase.com/organization/ginkgo-bioworks,Series A,"$9,000,000","Mar 18, 2015",Early Stage Venture,,Yes,7,2,"42,619"
Series A - BlueTalon,https://www.crunchbase.com/funding_round/bluetalon-series-a--d09d5366,BlueTalon,https://www.crunchbase.com/organization/bluetalon,Series A,"$16,000,000","Aug 25, 2016",Early Stage Venture,,Yes,8,3,"42,823"
Seed Round - Merlon Intelligence,https://www.crunchbase.com/funding_round/merlon-intelligence-seed--7c5b0275,Merlon Intelligence,https://www.crunchbase.com/organization/merlon-intelligence,Seed,"$7,650,000","May 23, 2017",Seed,,Yes,5,1,"43,157"
Series D - Tradeshift,https://www.crunchbase.com/funding_round/tradeshift-series-d--30d12564,Tradeshift,https://www.crunchbase.com/organization/tradeshift,Series D,"$75,000,000","Jun 9, 2016",Late Stage Venture,"$425,000,000",Yes,8,1,"45,426"
Series A - Aporeto,https://www.crunchbase.com/funding_round/aporeto-series-a--dc0955d4,Aporeto,https://www.crunchbase.com/organization/aporeto,Series A,"$11,200,000","May 18, 2017",Early Stage Venture,,Yes,3,1,"47,130"
Venture Round - Cape Analytics,https://www.crunchbase.com/funding_round/cape-analytics-series-unknown--e916b33e,Cape Analytics,https://www.crunchbase.com/organization/cape-analytics,Venture - Series Unknown,"$14,000,000","Nov 10, 2016",,,Yes,9,2,"47,259"
Seed Round - Haven,https://www.crunchbase.com/funding_round/haven-seed--020614ba,Haven,https://www.crunchbase.com/organization/haven,Seed,"$3,000,000","Mar 12, 2015",Seed,,Yes,5,1,"47,543"
Series A - Diassess,https://www.crunchbase.com/funding_round/diassess-series-a--c9f408ee,Diassess,https://www.crunchbase.com/organization/diassess,Series A,,"Oct 9, 2015",Early Stage Venture,,Yes,5,1,"49,080"
Series C - LendUp,https://www.crunchbase.com/funding_round/lendup-series-c--9cb2baa5,LendUp,https://www.crunchbase.com/organization/lendup,Series C,"$47,500,000","Aug 22, 2016",Late Stage Venture,,Yes,10,2,"49,545"
Series B - Rigetti Computing,https://www.crunchbase.com/funding_round/rigetti-computing-series-b--ef181967,Rigetti Computing,https://www.crunchbase.com/organization/rigetti-computing,Series B,"$40,000,000","Mar 28, 2017",Early Stage Venture,,Yes,7,1,"49,837"
Series A - Transcriptic,https://www.crunchbase.com/funding_round/transcriptic-series-a--53bebd20,Transcriptic,https://www.crunchbase.com/organization/transcriptic,Series A,"$8,500,000","Feb 19, 2015",Early Stage Venture,,Yes,9,1,"51,055"
Series A - Rescale,https://www.crunchbase.com/funding_round/rescale-series-a--58b3d8b4,Rescale,https://www.crunchbase.com/organization/rescale,Series A,"$14,000,000","May 18, 2016",Early Stage Venture,,Yes,8,2,"51,087"
Seed Round - honeycomb.io,https://www.crunchbase.com/funding_round/hound-seed--4e76c7de,honeycomb.io,https://www.crunchbase.com/organization/hound,Seed,"$2,000,000","Apr 11, 2017",Seed,,Yes,4,,"52,397"
Seed Round - BitFusion.io,https://www.crunchbase.com/funding_round/bitfusion-io-seed--0b4a08f6,BitFusion.io,https://www.crunchbase.com/organization/bitfusion-io,Seed,"$1,450,000","May 5, 2015",Seed,,Yes,5,,"52,510"
Seed Round - Fortem Technologies,https://www.crunchbase.com/funding_round/fortem-technologies-seed--95d447a0,Fortem Technologies,https://www.crunchbase.com/organization/fortem-technologies,Seed,"$5,500,000","May 6, 2017",Seed,,Yes,2,,"52,642"
Series A - Desktop Metal,https://www.crunchbase.com/funding_round/desktop-metal-series-a--7337621d,Desktop Metal,https://www.crunchbase.com/organization/desktop-metal,Series A,"$14,000,000","Oct 27, 2015",Early Stage Venture,,Yes,7,,"52,913"
Seed Round - Neptune.io,https://www.crunchbase.com/funding_round/neptune-io-seed--1fd59327,Neptune.io,https://www.crunchbase.com/organization/neptune-io,Seed,"$1,000,000","Nov 11, 2014",Seed,,Yes,11,,"53,030"
Venture Round - BlueTalon,https://www.crunchbase.com/funding_round/bluetalon-series-unknown--1099c294,BlueTalon,https://www.crunchbase.com/organization/bluetalon,Venture - Series Unknown,"$6,499,995","Feb 26, 2015",,,Yes,7,2,"53,363"
Series A - Vouch Financial,https://www.crunchbase.com/funding_round/vouch-financial-series-a--b15de150,Vouch Financial,https://www.crunchbase.com/organization/vouch-financial,Series A,"$6,000,000","May 14, 2015",Early Stage Venture,,Yes,8,1,"53,372"
Seed Round - Aporeto,https://www.crunchbase.com/funding_round/aporeto-seed--220e5230,Aporeto,https://www.crunchbase.com/organization/aporeto,Seed,"$3,300,000","Dec 1, 2015",Seed,,Yes,2,,"53,419"
Venture Round - Buoyant,https://www.crunchbase.com/funding_round/buoyant-series-unknown--2471ad99,Buoyant,https://www.crunchbase.com/organization/buoyant,Venture - Series Unknown,"$3,499,990","Apr 22, 2015",,,Yes,3,,"53,713"
Series A - Citus Data,https://www.crunchbase.com/funding_round/citus-data-series-a--8d71541d,Citus Data,https://www.crunchbase.com/organization/citus-data,Series A,"$9,500,000","Oct 20, 2015",Early Stage Venture,,Yes,3,2,"154,752"
Series A - Alation,https://www.crunchbase.com/funding_round/alation-series-a--085c13c8,Alation,https://www.crunchbase.com/organization/alation,Series A,"$8,950,000","Mar 4, 2015",Early Stage Venture,,Yes,5,2,"155,240"
Series A - PerimeterX,https://www.crunchbase.com/funding_round/perimeterx-inc--series-a--83664ae1,PerimeterX,https://www.crunchbase.com/organization/perimeterx-inc-,Series A,"$9,000,000","Sep 30, 2015",Early Stage Venture,,Yes,3,1,"155,480"
Series A - Mesosphere,https://www.crunchbase.com/funding_round/mesosphere-series-a--a5e4ed7d,Mesosphere,https://www.crunchbase.com/organization/mesosphere,Series A,"$10,500,000","Jun 9, 2014",Early Stage Venture,,Yes,3,1,"156,073"
Seed Round - SlidePay,https://www.crunchbase.com/funding_round/slidepay-seed--61f005b8,SlidePay,https://www.crunchbase.com/organization/slidepay,Seed,"$1,300,000","Jun 25, 2012",Seed,,Yes,6,,"156,573"
Series A - Compose,https://www.crunchbase.com/funding_round/mongohq-series-a--79997c26,Compose,https://www.crunchbase.com/organization/mongohq,Series A,"$6,000,000","Oct 19, 2012",Early Stage Venture,,Yes,3,1,"157,061"
Seed Round - TempoDB,https://www.crunchbase.com/funding_round/tempo-seed--0ce08224,TempoDB,https://www.crunchbase.com/organization/tempo,Seed,"$750,000","May 1, 2012",Seed,,Yes,7,1,"157,554"
Series B - Platfora,https://www.crunchbase.com/funding_round/platfora-series-b--c6f25606,Platfora,https://www.crunchbase.com/organization/platfora,Series B,"$20,000,000","Nov 13, 2012",Early Stage Venture,,Yes,6,3,"165,162"
Seed Round - Fauna Inc.,https://www.crunchbase.com/funding_round/fauna-2-seed--22391c7a,Fauna Inc.,https://www.crunchbase.com/organization/fauna-2,Seed,"$4,500,000","Sep 20, 2016",Seed,,Yes,6,,"165,246"
Series A - Kaggle,https://www.crunchbase.com/funding_round/kaggle-series-a--4b6bcc75,Kaggle,https://www.crunchbase.com/organization/kaggle,Series A,"$11,000,000","Nov 2, 2011",Early Stage Venture,,Yes,8,2,"165,673"
Seed Round - Transcriptic,https://www.crunchbase.com/funding_round/transcriptic-seed--9f1b57e5,Transcriptic,https://www.crunchbase.com/organization/transcriptic,Seed,"$2,800,000","Feb 14, 2014",Seed,,Yes,4,1,"166,148"
Seed Round - Area 1 Security,https://www.crunchbase.com/funding_round/area-1-security-seed--bcd3dabe,Area 1 Security,https://www.crunchbase.com/organization/area-1-security,Seed,"$2,500,000","May 5, 2014",Seed,,Yes,7,1,"166,877"
Seed Round - Sandstorm,https://www.crunchbase.com/funding_round/sandstorm-seed--c9eea6aa,Sandstorm,https://www.crunchbase.com/organization/sandstorm,Seed,"$1,300,000","Jan 15, 2015",Seed,,Yes,2,,"167,986"
Seed Round - Gradle,https://www.crunchbase.com/funding_round/gradle-seed--08acf446,Gradle,https://www.crunchbase.com/organization/gradle,Seed,"$4,200,000","Dec 10, 2015",Seed,,Yes,2,,"168,345"
Venture Round - Fliptop,https://www.crunchbase.com/funding_round/fliptop-series-unknown--cdc7cc2c,Fliptop,https://www.crunchbase.com/organization/fliptop,Venture - Series Unknown,"$4,600,000","Mar 1, 2013",,,Yes,4,1,"168,993"
Venture Round - Ranker,https://www.crunchbase.com/funding_round/ranker-series-unknown--0cda1cb5,Ranker,https://www.crunchbase.com/organization/ranker,Venture - Series Unknown,"$2,000,000","Jun 27, 2013",,,Yes,9,1,"169,701"
Seed Round - PatientBank,https://www.crunchbase.com/funding_round/patientbank-seed--ff50ed85,PatientBank,https://www.crunchbase.com/organization/patientbank,Seed,,"Dec 15, 2016",Seed,,Yes,10,,"170,879"
Seed Round - CircleCI,https://www.crunchbase.com/funding_round/circle-ci-seed--feaec7d0,CircleCI,https://www.crunchbase.com/organization/circle-ci,Seed,"$1,500,000","Feb 25, 2013",Seed,,Yes,10,,"171,067"
Series B - Vicarious,https://www.crunchbase.com/funding_round/vicarious-systems-inc-series-b--501d0470,Vicarious,https://www.crunchbase.com/organization/vicarious-systems-inc,Series B,"$12,000,000","Nov 6, 2014",Early Stage Venture,,Yes,15,5,"173,810"
Series B - Blue River Technology,https://www.crunchbase.com/funding_round/blue-river-technology-series-b--78380e8e,Blue River Technology,https://www.crunchbase.com/organization/blue-river-technology,Series B,"$17,000,000","Dec 16, 2015",Early Stage Venture,,Yes,6,1,"173,910"
Series B - Zymergen,https://www.crunchbase.com/funding_round/zymergen-series-b--2eec442e,Zymergen,https://www.crunchbase.com/organization/zymergen,Series B,"$130,000,000","Oct 11, 2016",Early Stage Venture,,Yes,10,1,"174,055"
Seed Round - Swiftype,https://www.crunchbase.com/funding_round/swiftype-seed--c9be55bb,Swiftype,https://www.crunchbase.com/organization/swiftype,Seed,"$1,700,000","Aug 15, 2013",Seed,,Yes,15,2,"174,089"
Seed Round - HireAthena,https://www.crunchbase.com/funding_round/backops-seed--46689661,HireAthena,https://www.crunchbase.com/organization/backops,Seed,"$1,500,000","Nov 6, 2012",Seed,,Yes,2,,"174,359"
Seed Round - Declara,https://www.crunchbase.com/funding_round/declara-seed--30210d5e,Declara,https://www.crunchbase.com/organization/declara,Seed,"$5,000,000","Sep 27, 2013",Seed,,Yes,4,,"174,971"
Series B - 3Scan,https://www.crunchbase.com/funding_round/3scan-series-b--33f73bf3,3Scan,https://www.crunchbase.com/organization/3scan,Series B,"$14,000,000","Jul 6, 2016",Early Stage Venture,,Yes,6,2,"176,424"
Series A - Recursion Pharmaceuticals,https://www.crunchbase.com/funding_round/recursion-pharmaceuticals-series-a--61f55b5b,Recursion Pharmaceuticals,https://www.crunchbase.com/organization/recursion-pharmaceuticals,Series A,"$12,900,000","Oct 3, 2016",Early Stage Venture,,Yes,6,1,"177,059"
Seed Round - Priceonomics,https://www.crunchbase.com/funding_round/priceonomics-seed--3f5f759e,Priceonomics,https://www.crunchbase.com/organization/priceonomics,Seed,"$1,500,000","May 4, 2012",Seed,,Yes,28,1,"177,999"
Series A - Recursion Pharmaceuticals,https://www.crunchbase.com/funding_round/recursion-pharmaceuticals-series-a--6255d3d0,Recursion Pharmaceuticals,https://www.crunchbase.com/organization/recursion-pharmaceuticals,Series A,"$2,150,000","Nov 22, 2016",Early Stage Venture,,Yes,6,1,"178,023"
Seed Round - LiftIgniter,https://www.crunchbase.com/funding_round/liftigniter-seed--da15d391,LiftIgniter,https://www.crunchbase.com/organization/liftigniter,Seed,"$1,800,000","Mar 25, 2015",Seed,,Yes,9,,"178,068"
Series A - Checkr,https://www.crunchbase.com/funding_round/checkr-series-a--96368488,Checkr,https://www.crunchbase.com/organization/checkr,Series A,"$9,000,000","Oct 14, 2014",Early Stage Venture,,Yes,17,2,"178,110"
Convertible Note - Paperspace,https://www.crunchbase.com/funding_round/paperspace-convertible-note--6fd79c6b,Paperspace,https://www.crunchbase.com/organization/paperspace,Convertible Note,"$1,700,000","Apr 20, 2015",,,No,4,1,"178,650"
Seed Round - Molecular Stethoscope,https://www.crunchbase.com/funding_round/molecular-stethoscope-seed--601c2fc6,Molecular Stethoscope,https://www.crunchbase.com/organization/molecular-stethoscope,Seed,"$8,199,999","Jan 5, 2017",Seed,,Yes,3,,"178,682"
Seed Round - Firebase,https://www.crunchbase.com/funding_round/firebase-seed--45fdec43,Firebase,https://www.crunchbase.com/organization/firebase,Seed,"$1,400,000","May 24, 2012",Seed,,Yes,8,2,"179,135"
Series A - Blue River Technology,https://www.crunchbase.com/funding_round/blue-river-technology-series-a--a4138dc7,Blue River Technology,https://www.crunchbase.com/organization/blue-river-technology,Series A,"$10,000,000","Mar 19, 2014",Early Stage Venture,,Yes,3,1,"179,291"
Seed Round - Scaled Inference,https://www.crunchbase.com/funding_round/scaled-inference-seed--db5c4c4f,Scaled Inference,https://www.crunchbase.com/organization/scaled-inference,Seed,,"Jun 29, 2014",Seed,,Yes,8,2,"55,627"
Venture Round - Aura Frames,https://www.crunchbase.com/funding_round/pushd-series-unknown--3aedee86,Aura Frames,https://www.crunchbase.com/organization/pushd,Venture - Series Unknown,"$1,040,000","Dec 26, 2013",,,Yes,1,,"56,406"
Seed Round - Keen IO,https://www.crunchbase.com/funding_round/keen-seed--fbb5ccd0,Keen IO,https://www.crunchbase.com/organization/keen,Seed,"$750,000","Jun 10, 2012",Seed,,Yes,20,,"114,262"
Series D - Rocket Lab,https://www.crunchbase.com/funding_round/rocket-lab-series-d--e8e57ca8,Rocket Lab,https://www.crunchbase.com/organization/rocket-lab,Series D,"$75,000,000","Mar 21, 2017",Late Stage Venture,"$925,000,000",Yes,6,1,"118,390"
Seed Round - Carsabi,https://www.crunchbase.com/funding_round/carsabi-seed--8305faab,Carsabi,https://www.crunchbase.com/organization/carsabi,Seed,,"Jan 1, 2012",Seed,,Yes,2,,"56,652"
Debt Financing - doxIQ,https://www.crunchbase.com/funding_round/doxiq-debt-financing--151f9843,doxIQ,https://www.crunchbase.com/organization/doxiq,Debt Financing,"$240,000","Aug 23, 2013",,,No,1,,"126,477"
Series A - Interana,https://www.crunchbase.com/funding_round/interana-series-a--9fe37711,Interana,https://www.crunchbase.com/organization/interana,Series A,"$8,199,999","Oct 7, 2014",Early Stage Venture,,Yes,3,1,"126,842"
Angel Round - Capella Space,https://www.crunchbase.com/funding_round/capella-space-angel--bdc33a15,Capella Space,https://www.crunchbase.com/organization/capella-space,Angel,,"May 15, 2016",Seed,,Yes,4,,"133,728"
Venture Round - Bitdeli,https://www.crunchbase.com/funding_round/bitdeli-series-unknown--3ba61ec3,Bitdeli,https://www.crunchbase.com/organization/bitdeli,Venture - Series Unknown,"$209,999","Jun 11, 2012",,,Yes,1,,"57,153"
Seed Round - Quettra,https://www.crunchbase.com/funding_round/quettra-seed--6113e84b,Quettra,https://www.crunchbase.com/organization/quettra,Seed,"$2,900,000","Aug 8, 2014",Seed,,Yes,11,3,"57,219"
Series A - Confluent,https://www.crunchbase.com/funding_round/confluent-series-a--586a6937,Confluent,https://www.crunchbase.com/organization/confluent,Series A,"$6,900,000","Nov 6, 2014",Early Stage Venture,,Yes,3,1,"134,766"
Seed Round - Space Monkey,https://www.crunchbase.com/funding_round/space-monkey-seed--44dd1863,Space Monkey,https://www.crunchbase.com/organization/space-monkey,Seed,"$2,250,000","Jul 12, 2012",Seed,,Yes,6,1,"134,862"
Series A - Health Gorilla,https://www.crunchbase.com/funding_round/informedika-series-a--81af7f31,Health Gorilla,https://www.crunchbase.com/organization/informedika,Series A,"$2,405,915","May 7, 2015",Early Stage Venture,,Yes,6,,"136,005"
Series B - Loggly,https://www.crunchbase.com/funding_round/loggly-series-b--16428a93,Loggly,https://www.crunchbase.com/organization/loggly,Series B,"$10,500,000","Sep 3, 2013",Early Stage Venture,,Yes,5,1,"136,570"
Seed Round - Metabiota,https://www.crunchbase.com/funding_round/metabiota-seed--064581d9,Metabiota,https://www.crunchbase.com/organization/metabiota,Seed,"$2,800,000","Mar 20, 2014",Seed,,Yes,11,2,"137,251"
Series A - 3Scan,https://www.crunchbase.com/funding_round/3scan-series-a--44ca72d2,3Scan,https://www.crunchbase.com/organization/3scan,Series A,"$6,673,012","Dec 5, 2014",Early Stage Venture,,Yes,4,2,"137,753"
Series A - Feedzai,https://www.crunchbase.com/funding_round/feedzai-series-a--cdd4dcba,Feedzai,https://www.crunchbase.com/organization/feedzai,Series A,"$2,400,000","Feb 19, 2013",Early Stage Venture,,Yes,2,1,"138,621"
Series A - LendUp,https://www.crunchbase.com/funding_round/lendup-series-a--0c0cda5b,LendUp,https://www.crunchbase.com/organization/lendup,Series A,"$14,000,000","Nov 12, 2013",Early Stage Venture,,Yes,5,2,"140,957"
Series C - MemSQL,https://www.crunchbase.com/funding_round/memsql-series-c--3975b7a7,MemSQL,https://www.crunchbase.com/organization/memsql,Series C,"$36,000,000","Apr 21, 2016",Late Stage Venture,,Yes,7,2,"141,633"
Series A - Declara,https://www.crunchbase.com/funding_round/declara-series-a--a5c353be,Declara,https://www.crunchbase.com/organization/declara,Series A,"$16,000,000","Apr 23, 2014",Early Stage Venture,"$100,000,000",Yes,4,,"58,305"
Seed Round - Freshplum,https://www.crunchbase.com/funding_round/freshplum-seed--0ea3beb1,Freshplum,https://www.crunchbase.com/organization/freshplum,Seed,"$1,440,000","Nov 2, 2011",Seed,,Yes,15,,"58,820"
Seed Round - Citus Data,https://www.crunchbase.com/funding_round/citus-data-seed--2bc23bad,Citus Data,https://www.crunchbase.com/organization/citus-data,Seed,"$1,650,000","Jun 27, 2012",Seed,,Yes,11,3,"58,994"
Series C - Planet,https://www.crunchbase.com/funding_round/planet-labs-series-c--c3bc33a8,Planet,https://www.crunchbase.com/organization/planet-labs,Series C,"$23,000,000","Apr 14, 2015",Late Stage Venture,,Yes,5,2,"143,510"
Seed Round - Rigetti Computing,https://www.crunchbase.com/funding_round/rigetti-computing-seed--509d63f2,Rigetti Computing,https://www.crunchbase.com/organization/rigetti-computing,Seed,"$2,500,000","Apr 15, 2014",Seed,,Yes,18,2,"145,768"
Series B - Zoom,https://www.crunchbase.com/funding_round/zoom-video-communications-series-b--43542bc8,Zoom,https://www.crunchbase.com/organization/zoom-video-communications,Series B,"$6,500,000","Sep 24, 2013",Early Stage Venture,,Yes,5,4,"60,249"
Series A - Standard Treasury,https://www.crunchbase.com/funding_round/standard-treasury-series-a--a489df01,Standard Treasury,https://www.crunchbase.com/organization/standard-treasury,Series A,"$2,700,000","May 28, 2014",Early Stage Venture,,Yes,18,3,"87,634"
Series A - Cloudability,https://www.crunchbase.com/funding_round/cloudability-series-a--2d35d3ba,Cloudability,https://www.crunchbase.com/organization/cloudability,Series A,"$8,700,000","Jul 12, 2012",Early Stage Venture,,Yes,7,,"150,890"
Series A - ParStream,https://www.crunchbase.com/funding_round/parstream-series-a--aca50c6e,ParStream,https://www.crunchbase.com/organization/parstream,Series A,"$5,600,000","Aug 14, 2012",Early Stage Venture,,Yes,5,1,"151,630"
Series A - Virtual Power Systems,https://www.crunchbase.com/funding_round/virtual-power-systems-series-a--b5ec04a2,Virtual Power Systems,https://www.crunchbase.com/organization/virtual-power-systems,Series A,"$5,700,000","Feb 20, 2014",Early Stage Venture,,Yes,3,1,"151,670"
Seed Round - Presdo,https://www.crunchbase.com/funding_round/presdo-seed--59db0781,Presdo,https://www.crunchbase.com/organization/presdo,Seed,"$2,025,000","Aug 3, 2015",Seed,,Yes,7,2,"81,808"
Seed Round - Signifyd,https://www.crunchbase.com/funding_round/signifyd-seed--e9b2128c,Signifyd,https://www.crunchbase.com/organization/signifyd,Seed,"$2,000,000","Dec 19, 2012",Seed,,Yes,8,2,"94,343"
Series A - Nervana,https://www.crunchbase.com/funding_round/nervana-systems-series-a--09a88778,Nervana,https://www.crunchbase.com/organization/nervana-systems,Series A,"$20,500,000","Jun 4, 2015",Early Stage Venture,,Yes,9,3,"84,332"
Convertible Note - Trusted Insight,https://www.crunchbase.com/funding_round/trusted-insight-convertible-note--6bfea6c1,Trusted Insight,https://www.crunchbase.com/organization/trusted-insight,Convertible Note,"$2,700,000","Aug 21, 2013",,,No,11,1,"95,399"
Series A - Elastic,https://www.crunchbase.com/funding_round/elasticsearch-series-a--5848bd61,Elastic,https://www.crunchbase.com/organization/elasticsearch,Series A,"$10,000,000","Nov 8, 2012",Early Stage Venture,,Yes,3,1,"87,189"
Series B - MemSQL,https://www.crunchbase.com/funding_round/memsql-series-b--ff68be49,MemSQL,https://www.crunchbase.com/organization/memsql,Series B,"$35,000,000","Jan 22, 2014",Early Stage Venture,,Yes,4,2,"87,276"
Seed Round - Paperspace,https://www.crunchbase.com/funding_round/paperspace-seed--95ead3d6,Paperspace,https://www.crunchbase.com/organization/paperspace,Seed,"$4,000,000","Oct 4, 2016",Seed,,Yes,4,,"88,642"
Series A - Luxe,https://www.crunchbase.com/funding_round/luxe-valet-series-a--c8481f0a,Luxe,https://www.crunchbase.com/organization/luxe-valet,Series A,"$20,000,000","Feb 25, 2015",Early Stage Venture,,Yes,23,7,"96,949"
Seed Round - Apcera,https://www.crunchbase.com/funding_round/apcera-seed--8d70386b,Apcera,https://www.crunchbase.com/organization/apcera,Seed,"$2,200,000","May 8, 2012",Seed,,Yes,4,,"63,463"
Series A - Apollo,https://www.crunchbase.com/funding_round/meteor-series-a--6620c44e,Apollo,https://www.crunchbase.com/organization/meteor,Series A,"$11,200,000","Jul 25, 2012",Early Stage Venture,,Yes,6,1,"63,489"
Series A - Planet,https://www.crunchbase.com/funding_round/planet-labs-series-a--64598b05,Planet,https://www.crunchbase.com/organization/planet-labs,Series A,"$13,100,000","Jun 25, 2013",Early Stage Venture,,Yes,7,2,"97,362"
Series C - Interana,https://www.crunchbase.com/funding_round/interana-series-c--2aac69de,Interana,https://www.crunchbase.com/organization/interana,Series C,"$18,000,000","Nov 1, 2016",Late Stage Venture,,Yes,6,3,"97,411"
Series A - Impermium,https://www.crunchbase.com/funding_round/impermium-series-a--163e8162,Impermium,https://www.crunchbase.com/organization/impermium,Series A,"$8,000,000","Nov 17, 2011",Early Stage Venture,,Yes,6,3,"97,421"
Debt Financing - Bagaveev Corporation,https://www.crunchbase.com/funding_round/bagaveev-corporation-debt-financing--c2e773b0,Bagaveev Corporation,https://www.crunchbase.com/organization/bagaveev-corporation,Debt Financing,"$535,000","Apr 1, 2014",,,No,2,,"93,489"
Seed Round - GetGoing,https://www.crunchbase.com/funding_round/getgoing-inc-seed--eff7e226,GetGoing,https://www.crunchbase.com/organization/getgoing-inc,Seed,"$2,500,000","Jan 1, 2012",Seed,,Yes,8,2,"63,762"
Series A - Zoom,https://www.crunchbase.com/funding_round/zoom-video-communications-series-a--de179633,Zoom,https://www.crunchbase.com/organization/zoom-video-communications,Series A,"$6,000,000","Jan 28, 2013",Early Stage Venture,"$6,000,000",Yes,5,3,"100,600"
Seed Round - Diassess,https://www.crunchbase.com/funding_round/diassess-seed--0a669e08,Diassess,https://www.crunchbase.com/organization/diassess,Seed,"$120,000","Dec 1, 2014",Seed,,Yes,2,,"193,473"
Series A - Agenovir Corporation,https://www.crunchbase.com/funding_round/agenovir-corporation-series-a--3567f992,Agenovir Corporation,https://www.crunchbase.com/organization/agenovir-corporation,Series A,"$10,600,000","May 17, 2016",Early Stage Venture,,Yes,3,,"193,739"
Seed Round - Qumulo,https://www.crunchbase.com/funding_round/qumulo-seed--9a45760f,Qumulo,https://www.crunchbase.com/organization/qumulo,Seed,"$2,300,000","Mar 1, 2012",Seed,,Yes,2,1,"101,297"
Seed Round - MixRank,https://www.crunchbase.com/funding_round/mixrank-seed--0466df1b,MixRank,https://www.crunchbase.com/organization/mixrank,Seed,"$1,500,000","Nov 18, 2011",Seed,,Yes,18,3,"101,386"
Series A - Timeful,https://www.crunchbase.com/funding_round/timeful-series-a--0f9c183c,Timeful,https://www.crunchbase.com/organization/timeful,Series A,"$7,000,000","May 16, 2014",Early Stage Venture,,Yes,6,1,"154,209"
Series A - Vium,https://www.crunchbase.com/funding_round/mousera-series-a--fbc1a125,Vium,https://www.crunchbase.com/organization/mousera,Series A,"$8,800,000","Oct 29, 2014",Early Stage Venture,,Yes,4,,"64,799"
Series B - Interana,https://www.crunchbase.com/funding_round/interana-series-b--72301c7e,Interana,https://www.crunchbase.com/organization/interana,Series B,"$20,000,000","Jan 21, 2015",Early Stage Venture,,Yes,7,2,"65,493"
Series A - Oration,https://www.crunchbase.com/funding_round/oration-series-a--56283320,Oration,https://www.crunchbase.com/organization/oration,Series A,"$11,200,000","Dec 16, 2015",Early Stage Venture,,Yes,8,1,"194,324"
Seed Round - Virool,https://www.crunchbase.com/funding_round/virool-seed--50a925d4,Virool,https://www.crunchbase.com/organization/virool,Seed,,"Jul 1, 2012",Seed,,Yes,6,1,"194,817"
Seed Round - PerimeterX,https://www.crunchbase.com/funding_round/perimeterx-inc--seed--ea0ce12c,PerimeterX,https://www.crunchbase.com/organization/perimeterx-inc-,Seed,"$2,500,000","Jan 21, 2015",Seed,,Yes,2,1,"195,246"
Seed Round - Clusterk,https://www.crunchbase.com/funding_round/clusterk-seed--1d2b2322,Clusterk,https://www.crunchbase.com/organization/clusterk,Seed,,"Feb 1, 2014",Seed,,Yes,1,,"196,536"
Venture Round - Womply,https://www.crunchbase.com/funding_round/womply-series-unknown--dbba519c,Womply,https://www.crunchbase.com/organization/womply,Venture - Series Unknown,"$20,000,000","Aug 1, 2014",,,Yes,11,4,"108,904"
Series B - Desktop Metal,https://www.crunchbase.com/funding_round/desktop-metal-series-b--31ce7129,Desktop Metal,https://www.crunchbase.com/organization/desktop-metal,Series B,"$33,760,835","Apr 25, 2016",Early Stage Venture,,Yes,5,1,"67,035"
Seed Round - Pepperdata,https://www.crunchbase.com/funding_round/pepperdata-seed--77a42316,Pepperdata,https://www.crunchbase.com/organization/pepperdata,Seed,"$2,000,000","Nov 12, 2012",Seed,,Yes,6,1,"67,302"
Series B - Databricks,https://www.crunchbase.com/funding_round/databricks-series-b--f0c822da,Databricks,https://www.crunchbase.com/organization/databricks,Series B,"$33,000,000","Jun 30, 2014",Early Stage Venture,,Yes,3,2,"67,416"
Seed Round - BlueTalon,https://www.crunchbase.com/funding_round/bluetalon-seed--33aa3ce3,BlueTalon,https://www.crunchbase.com/organization/bluetalon,Seed,"$1,500,000","Feb 21, 2014",Seed,,Yes,1,1,"67,474"
"Seed Round - Enlitic, Inc.",https://www.crunchbase.com/funding_round/enlitic-seed--eac26174,"Enlitic, Inc.",https://www.crunchbase.com/organization/enlitic,Seed,"$5,000,000","Oct 28, 2014",Seed,,Yes,3,1,"109,163"
Seed Round - Sequence Bio,https://www.crunchbase.com/funding_round/sequence-bio-seed--3d843284,Sequence Bio,https://www.crunchbase.com/organization/sequence-bio,Seed,"$3,000,000","Aug 3, 2016",Seed,,Yes,4,1,"197,243"
Seed Round - MindSumo,https://www.crunchbase.com/funding_round/mindsumo-seed--84516222,MindSumo,https://www.crunchbase.com/organization/mindsumo,Seed,"$1,000,000","Mar 1, 2012",Seed,,Yes,6,1,"197,747"
Series A - Metabiota,https://www.crunchbase.com/funding_round/metabiota-series-a--e1caa188,Metabiota,https://www.crunchbase.com/organization/metabiota,Series A,"$31,000,000","May 20, 2015",Early Stage Venture,,Yes,12,4,"110,098"
Seed Round - Filestack,https://www.crunchbase.com/funding_round/ink-mobility-seed--8351af00,Filestack,https://www.crunchbase.com/organization/ink-mobility,Seed,"$1,800,000","Jun 18, 2013",Seed,,Yes,10,1,"110,307"
Series C - Illumio,https://www.crunchbase.com/funding_round/illumio-series-c--3e0e99dc,Illumio,https://www.crunchbase.com/organization/illumio,Series C,"$100,000,000","Apr 14, 2015",Late Stage Venture,"$900,000,000",Yes,12,3,"198,274"
Seed Round - Aura Frames,https://www.crunchbase.com/funding_round/pushd-seed--7d29a015,Aura Frames,https://www.crunchbase.com/organization/pushd,Seed,"$1,350,000","Jul 20, 2012",Seed,,Yes,2,1,"198,561"
Seed Round - PipelineDB,https://www.crunchbase.com/funding_round/pipelinedb-seed--15986b73,PipelineDB,https://www.crunchbase.com/organization/pipelinedb,Seed,,"May 31, 2014",Seed,,Yes,14,,"199,650"
Seed Round - DroneDeploy,https://www.crunchbase.com/funding_round/dronedeploy-seed--610fb633,DroneDeploy,https://www.crunchbase.com/organization/dronedeploy,Seed,"$2,000,000","Sep 19, 2014",Seed,,Yes,5,3,"68,299"
Seed Round - Swiftype,https://www.crunchbase.com/funding_round/swiftype-seed--17bbd8bc,Swiftype,https://www.crunchbase.com/organization/swiftype,Seed,,"Jan 1, 2012",Seed,,Yes,4,,"200,643"
Series B - Prism Skylabs,https://www.crunchbase.com/funding_round/prism-skylabs-series-b--714bb6b7,Prism Skylabs,https://www.crunchbase.com/organization/prism-skylabs,Series B,"$15,000,000","Oct 22, 2013",Early Stage Venture,,Yes,6,3,"112,417"
Series A - Zymergen,https://www.crunchbase.com/funding_round/zymergen-series-a--0f14ff05,Zymergen,https://www.crunchbase.com/organization/zymergen,Series A,"$42,140,000","Jun 16, 2015",Early Stage Venture,,Yes,10,1,"112,495"
Seed Round - Gusto,https://www.crunchbase.com/funding_round/gusto-seed--b62e5f04,Gusto,https://www.crunchbase.com/organization/gusto,Seed,"$6,100,000","Dec 11, 2012",Seed,,Yes,16,,"112,563"
Seed Round - Amiato,https://www.crunchbase.com/funding_round/amiato-seed--1b7494fd,Amiato,https://www.crunchbase.com/organization/amiato,Seed,"$2,000,000","Mar 15, 2013",Seed,,Yes,6,2,"68,696"
"Series A - BlueData Software, Inc.",https://www.crunchbase.com/funding_round/bluedata-software-series-a--19761ae9,"BlueData Software, Inc.",https://www.crunchbase.com/organization/bluedata-software,Series A,"$4,000,000","Feb 14, 2013",Early Stage Venture,,Yes,4,1,"200,998"
Seed Round - Airtable,https://www.crunchbase.com/funding_round/airtable-seed--2bd24fdb,Airtable,https://www.crunchbase.com/organization/airtable,Seed,"$3,000,000","Feb 25, 2015",Seed,,Yes,15,2,"201,081"
Series A - Kentik,https://www.crunchbase.com/funding_round/cloudhelix-inc-series-a--339955a7,Kentik,https://www.crunchbase.com/organization/cloudhelix-inc,Series A,"$12,100,000","Jun 30, 2015",Early Stage Venture,,Yes,6,2,"201,220"
Seed Round - Atomwise,https://www.crunchbase.com/funding_round/atomwise-seed--c3d91782,Atomwise,https://www.crunchbase.com/organization/atomwise,Seed,"$6,000,000","Jun 3, 2015",Seed,,Yes,8,,"201,360"
Seed Round - Bagaveev Corporation,https://www.crunchbase.com/funding_round/bagaveev-corporation-seed--28d9fb52,Bagaveev Corporation,https://www.crunchbase.com/organization/bagaveev-corporation,Seed,,"Apr 1, 2015",Seed,,Yes,3,1,"112,678"
Seed Round - Appurify,https://www.crunchbase.com/funding_round/appurify-seed--66605cab,Appurify,https://www.crunchbase.com/organization/appurify,Seed,"$1,750,000","Apr 1, 2012",Seed,,Yes,11,2,"113,026"
Series A - Haven,https://www.crunchbase.com/funding_round/haven-series-a--20d76330,Haven,https://www.crunchbase.com/organization/haven,Series A,"$11,000,000","May 3, 2016",Early Stage Venture,,Yes,7,3,"201,709"
"Series B - Piston Cloud Computing, Inc.",https://www.crunchbase.com/funding_round/piston-cloud-computing-series-b--9b20a741,"Piston Cloud Computing, Inc.",https://www.crunchbase.com/organization/piston-cloud-computing,Series B,"$6,400,000","Jan 30, 2014",Early Stage Venture,,Yes,6,3,"202,336"
Series A - DroneDeploy,https://www.crunchbase.com/funding_round/dronedeploy-series-a--bdf644f3,DroneDeploy,https://www.crunchbase.com/organization/dronedeploy,Series A,"$9,000,000","Mar 31, 2015",Early Stage Venture,,Yes,4,4,"121,177"
Seed Round - Periscope Data,https://www.crunchbase.com/funding_round/periscope-inc-seed--5901439f,Periscope Data,https://www.crunchbase.com/organization/periscope-inc,Seed,,"Dec 26, 2012",Seed,,Yes,7,1,"158,733"
"Series A - GraphSQL, Inc.",https://www.crunchbase.com/funding_round/graphsql-series-a--3459b1f2,"GraphSQL, Inc.",https://www.crunchbase.com/organization/graphsql,Series A,"$29,736,000","Dec 12, 2015",Early Stage Venture,,Yes,6,1,"158,907"
Venture Round - Scalus,https://www.crunchbase.com/funding_round/scalus-series-unknown--db5088e4,Scalus,https://www.crunchbase.com/organization/scalus,Venture - Series Unknown,"$10,000,000","Oct 20, 2015",,,Yes,4,2,"161,395"
Seed Round - CloudCoreo,https://www.crunchbase.com/funding_round/cloudcoreo-seed--08eafd4e,CloudCoreo,https://www.crunchbase.com/organization/cloudcoreo,Seed,"$2,900,000","Oct 11, 2016",Seed,,Yes,4,2,"164,143"
Series A - Appurify,https://www.crunchbase.com/funding_round/appurify-series-a--12cab97e,Appurify,https://www.crunchbase.com/organization/appurify,Series A,"$4,500,000","May 28, 2013",Early Stage Venture,,Yes,8,2,"164,448"
Series A - Vium,https://www.crunchbase.com/funding_round/mousera-series-a--108bfe93,Vium,https://www.crunchbase.com/organization/mousera,Series A,"$20,000,004","Jun 9, 2015",Early Stage Venture,,Yes,5,,"182,263"
Seed Round - Filestack,https://www.crunchbase.com/funding_round/ink-mobility-seed--72cec160,Filestack,https://www.crunchbase.com/organization/ink-mobility,Seed,,"Jul 12, 2012",Seed,,Yes,4,,"203,164"
"Series B - Piston Cloud Computing, Inc.",https://www.crunchbase.com/funding_round/piston-cloud-computing-series-b--f331708f,"Piston Cloud Computing, Inc.",https://www.crunchbase.com/organization/piston-cloud-computing,Series B,"$8,000,000","Feb 4, 2013",Early Stage Venture,,Yes,6,4,"205,456"
Seed Round - RolePoint,https://www.crunchbase.com/funding_round/rolepoint-seed--b76d3f86,RolePoint,https://www.crunchbase.com/organization/rolepoint,Seed,"$5,000,000","Jan 1, 2013",Seed,,Yes,25,4,"206,048"
Seed Round - SigOpt,https://www.crunchbase.com/funding_round/sigopt-seed--14ab5809,SigOpt,https://www.crunchbase.com/organization/sigopt,Seed,"$2,000,000","Jun 16, 2015",Seed,,Yes,3,,"207,181"
Series A - MemSQL,https://www.crunchbase.com/funding_round/memsql-series-a--ffa2cefe,MemSQL,https://www.crunchbase.com/organization/memsql,Series A,"$5,000,000","Jan 18, 2013",Early Stage Venture,,Yes,3,1,"207,424"
Series A - SentinelOne,https://www.crunchbase.com/funding_round/sentinel-series-a--57853692,SentinelOne,https://www.crunchbase.com/organization/sentinel,Series A,"$12,000,000","Apr 23, 2014",Early Stage Venture,,Yes,6,1,"208,309"
Seed Round - Redbooth,https://www.crunchbase.com/funding_round/redbooth-seed--7bf2f8d9,Redbooth,https://www.crunchbase.com/organization/redbooth,Seed,"$1,500,000","Jan 1, 2013",Seed,,Yes,2,,"208,842"
Angel Round - Uber,https://www.crunchbase.com/funding_round/uber-angel--c76f9429,Uber,https://www.crunchbase.com/organization/uber,Angel,"$1,250,000","Oct 15, 2010",Seed,"$4,000,000",Yes,29,9,"210,318"
Seed Round - Authy,https://www.crunchbase.com/funding_round/authy-inc-seed--e386ce51,Authy,https://www.crunchbase.com/organization/authy-inc,Seed,"$750,000","Aug 1, 2012",Seed,,Yes,8,,"211,705"
Series A - Prism Skylabs,https://www.crunchbase.com/funding_round/prism-skylabs-series-a--7bfaa106,Prism Skylabs,https://www.crunchbase.com/organization/prism-skylabs,Series A,"$7,499,700","Oct 16, 2012",Early Stage Venture,,Yes,13,4,"212,019"
Seed Round - GitPrime,https://www.crunchbase.com/funding_round/gitprime-seed--c048da85,GitPrime,https://www.crunchbase.com/organization/gitprime,Seed,"$800,000","Apr 15, 2015",Seed,,Yes,1,,"185,274"
Series C - Loggly,https://www.crunchbase.com/funding_round/loggly-series-c--d783f582,Loggly,https://www.crunchbase.com/organization/loggly,Series C,"$15,000,000","Oct 14, 2014",Late Stage Venture,,Yes,6,1,"185,372"
Seed Round - Simpler,https://www.crunchbase.com/funding_round/simpler-seed--79b8e6fb,Simpler,https://www.crunchbase.com/organization/simpler,Seed,"$1,200,000","Mar 26, 2013",Seed,,Yes,5,,"186,019"
Seed Round - Layer,https://www.crunchbase.com/funding_round/layer-seed--5838e093,Layer,https://www.crunchbase.com/organization/layer,Seed,"$6,000,000","Oct 29, 2013",Seed,,Yes,10,,"189,283"
Series A - Freenome,https://www.crunchbase.com/funding_round/freenome-series-a--26431a69,Freenome,https://www.crunchbase.com/organization/freenome,Series A,"$65,000,000","Mar 1, 2017",Early Stage Venture,,Yes,11,1,"189,941"
Seed Round - CardSpring,https://www.crunchbase.com/funding_round/cardspring-seed--3c1ec858,CardSpring,https://www.crunchbase.com/organization/cardspring,Seed,,"May 4, 2011",Seed,,Yes,7,,"189,994"
Series A - ClassDojo,https://www.crunchbase.com/funding_round/classdojo-series-a--26164045,ClassDojo,https://www.crunchbase.com/organization/classdojo,Series A,"$8,500,000","Apr 2, 2013",Early Stage Venture,,Yes,7,6,"190,904"
Series A - SigOpt,https://www.crunchbase.com/funding_round/sigopt-series-a--99521f00,SigOpt,https://www.crunchbase.com/organization/sigopt,Series A,"$6,600,000","Aug 24, 2016",Early Stage Venture,,Yes,5,,"191,120"
Seed Round - Sliced Investing,https://www.crunchbase.com/funding_round/slicedinvesting-seed--0e868cdb,Sliced Investing,https://www.crunchbase.com/organization/slicedinvesting,Seed,"$2,000,000","Nov 17, 2014",Seed,,Yes,10,4,"75,907"
Series B - Kentik,https://www.crunchbase.com/funding_round/cloudhelix-inc-series-b--5c1d0a68,Kentik,https://www.crunchbase.com/organization/cloudhelix-inc,Series B,"$23,000,000","Aug 4, 2016",Early Stage Venture,,Yes,8,2,"79,077"
Seed Round - RealCrowd,https://www.crunchbase.com/funding_round/realcrowd-seed--123cbedd,RealCrowd,https://www.crunchbase.com/organization/realcrowd,Seed,"$1,600,000","Mar 26, 2014",Seed,,Yes,5,,"79,396"
Seed Round - Mattermark,https://www.crunchbase.com/funding_round/mattermark-seed--5d07d54d,Mattermark,https://www.crunchbase.com/organization/mattermark,Seed,"$400,000","Jul 1, 2013",Seed,,Yes,16,,"79,496"
Series B - SentinelOne,https://www.crunchbase.com/funding_round/sentinel-series-b--1d188b47,SentinelOne,https://www.crunchbase.com/organization/sentinel,Series B,"$25,000,000","Oct 13, 2015",Early Stage Venture,,Yes,8,2,"82,558"
Seed Round - Vurb,https://www.crunchbase.com/funding_round/vurb-seed--b0008063,Vurb,https://www.crunchbase.com/organization/vurb,Seed,"$2,000,000","Feb 20, 2013",Seed,,Yes,18,1,"83,775"
Seed Round - LendUp,https://www.crunchbase.com/funding_round/lendup-seed--f612afc5,LendUp,https://www.crunchbase.com/organization/lendup,Seed,,"Oct 10, 2012",Seed,,Yes,14,2,"85,542"
Seed Round - Pachyderm,https://www.crunchbase.com/funding_round/pachyderm-seed--2b2fd660,Pachyderm,https://www.crunchbase.com/organization/pachyderm,Seed,"$2,000,000","Jun 10, 2015",Seed,,Yes,12,,"99,938"
Series A - Cask,https://www.crunchbase.com/funding_round/cask-series-a--dd8e9cf6,Cask,https://www.crunchbase.com/organization/cask,Series A,"$10,000,000","Nov 14, 2012",Early Stage Venture,,Yes,5,1,"100,012"
Venture Round - Weotta,https://www.crunchbase.com/funding_round/weotta-series-unknown--c4e06aa9,Weotta,https://www.crunchbase.com/organization/weotta,Venture - Series Unknown,,"May 30, 2013",,,Yes,5,,"102,681"
Series B - Amplitude,https://www.crunchbase.com/funding_round/amplitude-series-b--119b2dbc,Amplitude,https://www.crunchbase.com/organization/amplitude,Series B,"$15,000,000","Jun 8, 2016",Early Stage Venture,,Yes,5,2,"114,820"
Seed Round - Layer,https://www.crunchbase.com/funding_round/layer-seed--5bbcb5a2,Layer,https://www.crunchbase.com/organization/layer,Seed,"$1,500,000","Sep 13, 2013",Seed,,Yes,8,1,"116,223"
Series B - Planet,https://www.crunchbase.com/funding_round/planet-labs-series-b--5586e28f,Planet,https://www.crunchbase.com/organization/planet-labs,Series B,"$52,000,000","Dec 18, 2013",Early Stage Venture,,Yes,12,5,"116,593"
Series C - Pluribus Networks,https://www.crunchbase.com/funding_round/pluribus-networks-series-c--b9d626ad,Pluribus Networks,https://www.crunchbase.com/organization/pluribus-networks,Series C,"$24,000,000","Dec 5, 2012",Late Stage Venture,"$143,000,000",Yes,4,2,"116,626"
Seed Round - ShopLogic,https://www.crunchbase.com/funding_round/shoplogic-seed--d59c6498,ShopLogic,https://www.crunchbase.com/organization/shoplogic,Seed,"$250,000","Oct 1, 2011",Seed,,Yes,2,2,"116,847"
Angel Round - Parse,https://www.crunchbase.com/funding_round/parse-angel--100fe93a,Parse,https://www.crunchbase.com/organization/parse,Angel,"$1,500,000","Aug 4, 2011",Seed,,Yes,15,,"123,989"
Seed Round - Realm,https://www.crunchbase.com/funding_round/realm-2-seed--d3385360,Realm,https://www.crunchbase.com/organization/realm-2,Seed,"$1,900,000","Jun 1, 2011",Seed,,Yes,11,,"124,065"
"Venture Round - GraphSQL, Inc.",https://www.crunchbase.com/funding_round/graphsql-series-unknown--1090a8d5,"GraphSQL, Inc.",https://www.crunchbase.com/organization/graphsql,Venture - Series Unknown,,"Jan 1, 2014",,,Yes,5,,"117,074"
"Seed Round - GraphSQL, Inc.",https://www.crunchbase.com/funding_round/graphsql-seed--0a519817,"GraphSQL, Inc.",https://www.crunchbase.com/organization/graphsql,Seed,"$2,546,269","Nov 14, 2013",Seed,,Yes,3,,"130,036"
Series A - StreamSets,https://www.crunchbase.com/funding_round/streamsets-series-a--cf221426,StreamSets,https://www.crunchbase.com/organization/streamsets,Series A,"$12,500,000","Sep 24, 2015",Early Stage Venture,,Yes,5,,"117,500"
Series C - LiveIntent,https://www.crunchbase.com/funding_round/liveintent-series-c--0be35fc3,LiveIntent,https://www.crunchbase.com/organization/liveintent,Series C,"$20,000,000","Jan 15, 2014",Late Stage Venture,,Yes,5,,"131,688"
Seed Round - SentinelOne,https://www.crunchbase.com/funding_round/sentinel-seed--061d73f3,SentinelOne,https://www.crunchbase.com/organization/sentinel,Seed,"$2,500,000","Aug 8, 2013",Seed,,Yes,4,1,"132,814"
Series B - Jump Ramp,https://www.crunchbase.com/funding_round/jump-ramp-games-series-b--bdc0a04b,Jump Ramp,https://www.crunchbase.com/organization/jump-ramp-games,Series B,"$4,400,000","Oct 14, 2013",Early Stage Venture,,Yes,8,6,"135,671"
Seed Round - Freenome,https://www.crunchbase.com/funding_round/freenome-seed--18b60769,Freenome,https://www.crunchbase.com/organization/freenome,Seed,"$5,550,000","Jun 9, 2016",Seed,,Yes,4,,"70,924"
Series B - LendUp,https://www.crunchbase.com/funding_round/lendup-series-b--99c76acc,LendUp,https://www.crunchbase.com/organization/lendup,Series B,"$50,000,000","Jan 20, 2016",Early Stage Venture,,Yes,7,2,"70,970"
Series B - Evolv Technology,https://www.crunchbase.com/funding_round/evolv-technologies-series-b--951ef034,Evolv Technology,https://www.crunchbase.com/organization/evolv-technologies,Series B,"$18,000,000","Mar 14, 2017",Early Stage Venture,,Yes,5,1,"125,099"
Series A - Descartes Labs,https://www.crunchbase.com/funding_round/descartes-labs-series-a--716fc9af,Descartes Labs,https://www.crunchbase.com/organization/descartes-labs,Series A,"$5,000,000","Nov 17, 2015",Early Stage Venture,,Yes,5,,"71,582"
Seed Round - Morta Security,https://www.crunchbase.com/funding_round/morta-security-seed--4e28f7ac,Morta Security,https://www.crunchbase.com/organization/morta-security,Seed,"$1,000,000","Feb 13, 2013",Seed,,Yes,7,,"71,738"
Seed Round - Mesosphere,https://www.crunchbase.com/funding_round/mesosphere-seed--b31dbcce,Mesosphere,https://www.crunchbase.com/organization/mesosphere,Seed,"$2,250,000","May 14, 2013",Seed,,Yes,6,,"72,442"
Seed Round - TradeBlock,https://www.crunchbase.com/funding_round/tradeblock-seed--d7270f6c,TradeBlock,https://www.crunchbase.com/organization/tradeblock,Seed,"$2,800,000","Jul 16, 2014",Seed,,Yes,8,1,"72,980"
Series A - Amplitude,https://www.crunchbase.com/funding_round/amplitude-series-a--b1330c9c,Amplitude,https://www.crunchbase.com/organization/amplitude,Series A,"$9,000,000","Aug 5, 2015",Early Stage Venture,,Yes,6,1,"73,093"
Seed Round - Capella Space,https://www.crunchbase.com/funding_round/capella-space-seed--e17ed188,Capella Space,https://www.crunchbase.com/organization/capella-space,Seed,,"Oct 15, 2016",Seed,,Yes,2,1,"74,639"
Seed Round - CloudMedx Inc,https://www.crunchbase.com/funding_round/cloudmedx-seed--a2fc4721,CloudMedx Inc,https://www.crunchbase.com/organization/cloudmedx,Seed,,"May 1, 2015",Seed,,Yes,8,,"139,434"
"Series A - Enlitic, Inc.",https://www.crunchbase.com/funding_round/enlitic-series-a--2a83641a,"Enlitic, Inc.",https://www.crunchbase.com/organization/enlitic,Series A,"$10,000,000","Oct 27, 2015",Early Stage Venture,,Yes,3,,"129,046"
Series A - Qumulo,https://www.crunchbase.com/funding_round/qumulo-series-a--6d3b6a57,Qumulo,https://www.crunchbase.com/organization/qumulo,Series A,"$24,500,000","Nov 20, 2012",Early Stage Venture,,Yes,4,2,"147,257"
Seed Round - Pivot Bio,https://www.crunchbase.com/funding_round/pivot-bio-seed--e5f225c2,Pivot Bio,https://www.crunchbase.com/organization/pivot-bio,Seed,"$750,000","Oct 1, 2014",Seed,,Yes,2,1,"147,387"
Angel Round - Redbooth,https://www.crunchbase.com/funding_round/redbooth-angel--5010c7a8,Redbooth,https://www.crunchbase.com/organization/redbooth,Angel,"$1,500,000","May 10, 2012",Seed,,Yes,5,,"154,073"
Seed Round - Kurbo Health,https://www.crunchbase.com/funding_round/kurbo-health-seed--80387a84,Kurbo Health,https://www.crunchbase.com/organization/kurbo-health,Seed,,"Sep 27, 2013",Seed,,Yes,4,,"154,095"
