Transaction Name,Transaction Name URL,Organization Name,Organization Name URL,Funding Type,Money Raised,Announced Date,Funding Stage,Pre-Money Valuation,Equity Only Funding,Number of Investors,Number of Partner Investors,CB Rank (Funding Round)
Series A - Igloohome,https://www.crunchbase.com/funding_round/igloohome-series-a--ae5dd581,Igloohome,https://www.crunchbase.com/organization/igloohome,Series A,"$4,000,000","Apr 4, 2018",Early Stage Venture,,Yes,6,1,118
Seed Round - Sprout Solutions,https://www.crunchbase.com/funding_round/sprout-solutions-seed--902453e2,Sprout Solutions,https://www.crunchbase.com/organization/sprout-solutions,Seed,"$1,600,000","Apr 24, 2018",Seed,,Yes,3,1,182
Seed Round - News Deeply,https://www.crunchbase.com/funding_round/news-deeply-seed--7c0bc699,News Deeply,https://www.crunchbase.com/organization/news-deeply,Seed,"$2,400,000","Mar 1, 2015",Seed,,Yes,11,,"2,092"
"Seed Round - HAAWK, Inc.",https://www.crunchbase.com/funding_round/haawk-inc-seed--fc1f779e,"HAAWK, Inc.",https://www.crunchbase.com/organization/haawk-inc,Seed,"$2,500,000","Sep 20, 2017",Seed,,Yes,9,1,"2,941"
Seed Round - ZUZU Hospitality Solutions,https://www.crunchbase.com/funding_round/zuzuhotels-seed--c1705939,ZUZU Hospitality Solutions,https://www.crunchbase.com/organization/zuzuhotels,Seed,"$2,000,000","Oct 23, 2017",Seed,,Yes,5,,"4,201"
Series B - Zilingo,https://www.crunchbase.com/funding_round/zilingo-series-b--d381a194,Zilingo,https://www.crunchbase.com/organization/zilingo,Series B,"$18,000,000","Sep 12, 2017",Early Stage Venture,,Yes,8,2,"4,538"
Series B - VideoAmp,https://www.crunchbase.com/funding_round/videoamp-series-b--4bba8117,VideoAmp,https://www.crunchbase.com/organization/videoamp,Series B,"$21,400,000","Aug 31, 2017",Early Stage Venture,,Yes,7,1,"4,545"
Series A - Snapcart,https://www.crunchbase.com/funding_round/snapcart-series-a--63dc3651,Snapcart,https://www.crunchbase.com/organization/snapcart,Series A,"$10,000,000","Oct 25, 2017",Early Stage Venture,,Yes,6,2,"4,740"
Seed Round - Helpster,https://www.crunchbase.com/funding_round/helpster-seed--7a4116b8,Helpster,https://www.crunchbase.com/organization/helpster,Seed,"$2,500,000","Dec 12, 2017",Seed,,Yes,3,,"5,129"
Series B - Smartkarma,https://www.crunchbase.com/funding_round/smartkarma-series-b--059e3c40,Smartkarma,https://www.crunchbase.com/organization/smartkarma,Series B,"$13,500,000","Nov 6, 2017",Early Stage Venture,,Yes,4,1,"5,240"
Series A - MyDoc,https://www.crunchbase.com/funding_round/mydoc-series-a--45532e6d,MyDoc,https://www.crunchbase.com/organization/mydoc,Series A,"$5,200,000","Sep 21, 2017",Early Stage Venture,,Yes,4,1,"5,593"
Series A - GIZTIX,https://www.crunchbase.com/funding_round/giztix-series-a--1be604fe,GIZTIX,https://www.crunchbase.com/organization/giztix,Series A,"$1,650,000","Nov 22, 2017",Early Stage Venture,,Yes,3,1,"5,963"
Seed Round - News Deeply,https://www.crunchbase.com/funding_round/news-deeply-seed--617cff1b,News Deeply,https://www.crunchbase.com/organization/news-deeply,Seed,"$3,100,000","Oct 18, 2017",Seed,,Yes,6,,"6,206"
Seed Round - Landit,https://www.crunchbase.com/funding_round/landit-seed--d01e32dc,Landit,https://www.crunchbase.com/organization/landit,Seed,,"Jul 6, 2017",Seed,,Yes,5,2,"6,386"
Seed Round - Wootag,https://www.crunchbase.com/funding_round/wootag-seed--ed96a684,Wootag,https://www.crunchbase.com/organization/wootag,Seed,"$2,700,000","Oct 4, 2017",Seed,,Yes,3,1,"6,407"
Seed Round - Parcel Perform Pte. Ltd.,https://www.crunchbase.com/funding_round/parcel-perform-pte-ltd-seed--29132eb3,Parcel Perform Pte. Ltd.,https://www.crunchbase.com/organization/parcel-perform-pte-ltd,Seed,"$1,100,000","Jan 22, 2018",Seed,,Yes,2,1,"6,777"
Series A - CashShield,https://www.crunchbase.com/funding_round/cashshield-series-a--3d1b6696,CashShield,https://www.crunchbase.com/organization/cashshield,Series A,"$5,500,000","Sep 14, 2017",Early Stage Venture,,Yes,3,1,"7,143"
Seed Round - MicroSec,https://www.crunchbase.com/funding_round/microsec-seed--e7ae2990,MicroSec,https://www.crunchbase.com/organization/microsec,Seed,,"Jan 31, 2018",Seed,,Yes,2,,"7,801"
Seed Round - KYKLO,https://www.crunchbase.com/funding_round/kyklo-seed--50af5287,KYKLO,https://www.crunchbase.com/organization/kyklo,Seed,,"Mar 1, 2018",Seed,,Yes,2,,"7,861"
Series B - Red Dot Payment,https://www.crunchbase.com/funding_round/red-dot-payment-series-b--f6190eff,Red Dot Payment,https://www.crunchbase.com/organization/red-dot-payment,Series B,"$5,200,000","Sep 11, 2017",Early Stage Venture,,Yes,4,,"8,297"
Series A - JOANY,https://www.crunchbase.com/funding_round/impact-health-series-a--f69bb27a,JOANY,https://www.crunchbase.com/organization/impact-health,Series A,"$13,000,000","Jul 17, 2017",Early Stage Venture,,Yes,6,2,"8,322"
Venture Round - Bambu,https://www.crunchbase.com/funding_round/bambu-series-unknown--51ed826b,Bambu,https://www.crunchbase.com/organization/bambu,Venture - Series Unknown,"$1,000,000","Nov 7, 2017",,,Yes,3,2,"8,385"
Series A - Kalibrr,https://www.crunchbase.com/funding_round/kalibrr-series-a--a875f8ec,Kalibrr,https://www.crunchbase.com/organization/kalibrr,Series A,"$5,507,171","Jan 20, 2017",Early Stage Venture,,Yes,1,,"8,561"
Angel Round - Luxola,https://www.crunchbase.com/funding_round/luxola-angel--7ddfabda,Luxola,https://www.crunchbase.com/organization/luxola,Angel,"$600,000","Jun 1, 2012",Seed,,Yes,3,,"10,280"
Venture Round - Ematic Solutions,https://www.crunchbase.com/funding_round/ematic-solutions-series-unknown--38f7f5fe,Ematic Solutions,https://www.crunchbase.com/organization/ematic-solutions,Venture - Series Unknown,,"Sep 7, 2017",,,Yes,2,,"10,957"
Series A - 17hats,https://www.crunchbase.com/funding_round/17hats-series-a--e9fe8e0a,17hats,https://www.crunchbase.com/organization/17hats,Series A,,"Aug 8, 2017",Early Stage Venture,,Yes,2,,"10,960"
Series A - Pike13,https://www.crunchbase.com/funding_round/pike13-series-a--d4939cbe,Pike13,https://www.crunchbase.com/organization/pike13,Series A,"$3,500,000","Jan 4, 2016",Early Stage Venture,,Yes,5,4,"11,642"
Venture Round - Poseidon Fund,https://www.crunchbase.com/funding_round/poseidon-fund-series-unknown--b26defd3,Poseidon Fund,https://www.crunchbase.com/organization/poseidon-fund,Venture - Series Unknown,,"Aug 23, 2017",,,Yes,1,,"13,312"
Venture Round - Doxcheck,https://www.crunchbase.com/funding_round/doxcheck-series-unknown--bf2dbd3e,Doxcheck,https://www.crunchbase.com/organization/doxcheck,Venture - Series Unknown,,"Aug 8, 2016",,,Yes,1,,"13,315"
Seed Round - QLIPP,https://www.crunchbase.com/funding_round/qlipp-seed--a5fd1bfb,QLIPP,https://www.crunchbase.com/organization/qlipp,Seed,,"Aug 25, 2016",Seed,,Yes,1,,"13,323"
Venture Round - smove,https://www.crunchbase.com/funding_round/smove-series-unknown--71d96b2f,smove,https://www.crunchbase.com/organization/smove,Venture - Series Unknown,,"Apr 11, 2017",,,Yes,1,,"13,328"
Seed Round - Attonics Systems,https://www.crunchbase.com/funding_round/attonics-systems-seed--05cdcc05,Attonics Systems,https://www.crunchbase.com/organization/attonics-systems,Seed,,"Dec 7, 2017",Seed,,Yes,1,,"13,329"
Seed Round - Transcelestial Technologies,https://www.crunchbase.com/funding_round/transcelestial-technologies-seed--6abb5a23,Transcelestial Technologies,https://www.crunchbase.com/organization/transcelestial-technologies,Seed,,"Dec 18, 2017",Seed,,Yes,1,,"13,232"
Series A - Glissade,https://www.crunchbase.com/funding_round/glissade-series-a--dfc9cb48,Glissade,https://www.crunchbase.com/organization/glissade,Series A,,"Jun 23, 2017",Early Stage Venture,,Yes,1,,"13,175"
Venture Round - Taidii,https://www.crunchbase.com/funding_round/taidii-series-unknown--9a440fa2,Taidii,https://www.crunchbase.com/organization/taidii,Venture - Series Unknown,,"Nov 1, 2016",,,Yes,1,,"13,234"
Venture Round - Healint,https://www.crunchbase.com/funding_round/healint-series-unknown--479527dc,Healint,https://www.crunchbase.com/organization/healint,Venture - Series Unknown,,"Jun 6, 2017",,,Yes,1,,"13,186"
Venture Round - PicoCandy,https://www.crunchbase.com/funding_round/picocandy-series-unknown--fb4e42af,PicoCandy,https://www.crunchbase.com/organization/picocandy,Venture - Series Unknown,,"Nov 7, 2017",,,Yes,1,,"13,195"
Seed Round - Daatrics,https://www.crunchbase.com/funding_round/daatrics-seed--ae87f4f8,Daatrics,https://www.crunchbase.com/organization/daatrics,Seed,,"Aug 28, 2017",Seed,,Yes,1,,"13,202"
Series A - Spiralytics,https://www.crunchbase.com/funding_round/spiralytics-series-a--ccf29ab8,Spiralytics,https://www.crunchbase.com/organization/spiralytics,Series A,,"Apr 21, 2017",Early Stage Venture,,Yes,1,,"13,203"
Venture Round - WoBe,https://www.crunchbase.com/funding_round/wobe-series-unknown--4e7ee1c1,WoBe,https://www.crunchbase.com/organization/wobe,Venture - Series Unknown,,"Sep 28, 2017",,,Yes,1,,"13,304"
Seed Round - engageSPARK,https://www.crunchbase.com/funding_round/engagespark-seed--926f055e,engageSPARK,https://www.crunchbase.com/organization/engagespark,Seed,,"May 31, 2017",Seed,,Yes,1,,"13,305"
Venture Round - OpenPort,https://www.crunchbase.com/funding_round/openport-series-unknown--ff2187b5,OpenPort,https://www.crunchbase.com/organization/openport,Venture - Series Unknown,,"Apr 19, 2017",,,Yes,1,,"13,306"
Seed Round - Hardskills,https://www.crunchbase.com/funding_round/hardskills-seed--fcba57c8,Hardskills,https://www.crunchbase.com/organization/hardskills,Seed,,"Jun 30, 2017",Seed,,Yes,1,,"13,208"
Seed Round - GrowSari,https://www.crunchbase.com/funding_round/growsari-seed--418c5102,GrowSari,https://www.crunchbase.com/organization/growsari,Seed,,"Mar 22, 2017",Seed,,Yes,1,,"13,309"
Venture Round - Kaligo Solutions,https://www.crunchbase.com/funding_round/kaligo-series-unknown--7c79aa8a,Kaligo Solutions,https://www.crunchbase.com/organization/kaligo,Venture - Series Unknown,,"Jun 16, 2016",,,Yes,1,,"13,210"
Venture Round - PortfolioQuest,https://www.crunchbase.com/funding_round/portfolioquest-series-unknown--c0d75a4e,PortfolioQuest,https://www.crunchbase.com/organization/portfolioquest,Venture - Series Unknown,,"Jul 31, 2017",,,Yes,1,,"13,311"
Venture Round - CreoPop,https://www.crunchbase.com/funding_round/creopop-series-unknown--ee361c8a,CreoPop,https://www.crunchbase.com/organization/creopop,Venture - Series Unknown,,"Sep 29, 2016",,,Yes,1,,"13,180"
Seed Round - Juvo Labs,https://www.crunchbase.com/funding_round/juvo-labs-seed--008eae6b,Juvo Labs,https://www.crunchbase.com/organization/juvo-labs,Seed,,"Jun 14, 2016",Seed,,Yes,1,,"13,182"
Seed Round - Advent Integra Solutions,https://www.crunchbase.com/funding_round/advent-integra-solutions-seed--2e87b3a8,Advent Integra Solutions,https://www.crunchbase.com/organization/advent-integra-solutions,Seed,,"Mar 4, 2013",Seed,,Yes,1,,"13,183"
Venture Round - Oddle,https://www.crunchbase.com/funding_round/oddle-series-unknown--cb43dfd4,Oddle,https://www.crunchbase.com/organization/oddle,Venture - Series Unknown,,"Nov 25, 2016",,,Yes,1,,"13,238"
Venture Round - Lynk,https://www.crunchbase.com/funding_round/the-straits-network-series-unknown--02f0cbde,Lynk,https://www.crunchbase.com/organization/the-straits-network,Venture - Series Unknown,,"Jan 18, 2018",,,Yes,1,,"13,241"
Seed Round - Omnistream,https://www.crunchbase.com/funding_round/omnistream-seed--ebc62533,Omnistream,https://www.crunchbase.com/organization/omnistream,Seed,,"Dec 20, 2017",Seed,,Yes,1,,"13,242"
Seed Round - Bridge Southeast Asia,https://www.crunchbase.com/funding_round/bridge-southeast-asia-seed--cb3bc652,Bridge Southeast Asia,https://www.crunchbase.com/organization/bridge-southeast-asia,Seed,,"Mar 17, 2017",Seed,,Yes,1,,"13,243"
Venture Round - PicoCandy,https://www.crunchbase.com/funding_round/picocandy-series-unknown--517f8a97,PicoCandy,https://www.crunchbase.com/organization/picocandy,Venture - Series Unknown,,"Nov 28, 2016",,,Yes,1,,"13,245"
Seed Round - Panalyt,https://www.crunchbase.com/funding_round/panalyt-seed--66b9c10b,Panalyt,https://www.crunchbase.com/organization/panalyt,Seed,,"Dec 19, 2017",Seed,,Yes,1,,"13,276"
Venture Round - Doxcheck,https://www.crunchbase.com/funding_round/doxcheck-series-unknown--f74af0d9,Doxcheck,https://www.crunchbase.com/organization/doxcheck,Venture - Series Unknown,,"Jun 12, 2017",,,Yes,1,,"13,277"
Venture Round - Structo,https://www.crunchbase.com/funding_round/structo-series-unknown--2459a167,Structo,https://www.crunchbase.com/organization/structo,Venture - Series Unknown,,"Nov 25, 2015",,,Yes,1,,"13,281"
Seed Round - jumper.ai,https://www.crunchbase.com/funding_round/jumper-ai-seed--d24155e9,jumper.ai,https://www.crunchbase.com/organization/jumper-ai,Seed,,"Feb 7, 2018",Seed,,Yes,1,,"13,185"
Seed Round - Sprout,https://www.crunchbase.com/funding_round/sprout-6-seed--c93e6124,Sprout,https://www.crunchbase.com/organization/sprout-6,Seed,,"Nov 30, 2017",Seed,,Yes,1,,"13,188"
Venture Round - Hardskills,https://www.crunchbase.com/funding_round/hardskills-series-unknown--3619a63b,Hardskills,https://www.crunchbase.com/organization/hardskills,Venture - Series Unknown,,"Dec 8, 2017",,,Yes,1,,"13,220"
Venture Round - OpenPort,https://www.crunchbase.com/funding_round/openport-series-unknown--2e14dc57,OpenPort,https://www.crunchbase.com/organization/openport,Venture - Series Unknown,,"Sep 20, 2017",,,Yes,1,,"13,290"
Seed Round - Zyllem,https://www.crunchbase.com/funding_round/zyllem-seed--c62d954a,Zyllem,https://www.crunchbase.com/organization/zyllem,Seed,,"Jul 17, 2017",Seed,,Yes,1,,"13,293"
Venture Round - Ematic Solutions,https://www.crunchbase.com/funding_round/ematic-solutions-series-unknown--f4b371fc,Ematic Solutions,https://www.crunchbase.com/organization/ematic-solutions,Venture - Series Unknown,,"Nov 25, 2016",,,Yes,1,,"13,297"
Venture Round - VIPDiskon,https://www.crunchbase.com/funding_round/vipdiskon-series-unknown--824b32e6,VIPDiskon,https://www.crunchbase.com/organization/vipdiskon,Venture - Series Unknown,,"Dec 12, 2017",,,Yes,1,,"13,300"
Venture Round - CreoPop,https://www.crunchbase.com/funding_round/creopop-series-unknown--5abbf7cf,CreoPop,https://www.crunchbase.com/organization/creopop,Venture - Series Unknown,,"Apr 11, 2017",,,Yes,1,,"13,301"
Venture Round - Zumata,https://www.crunchbase.com/funding_round/zumata-ltd-series-unknown--f8b063a2,Zumata,https://www.crunchbase.com/organization/zumata-ltd,Venture - Series Unknown,,"Apr 16, 2017",,,Yes,1,,"13,256"
Venture Round - Kaligo Solutions,https://www.crunchbase.com/funding_round/kaligo-series-unknown--91eab051,Kaligo Solutions,https://www.crunchbase.com/organization/kaligo,Venture - Series Unknown,,"Oct 25, 2017",,,Yes,1,,"13,268"
Venture Round - Wavecell,https://www.crunchbase.com/funding_round/wavecell-series-unknown--7cd8e9e5,Wavecell,https://www.crunchbase.com/organization/wavecell,Venture - Series Unknown,,"Dec 5, 2016",,,Yes,1,,"13,270"
Venture Round - Structo,https://www.crunchbase.com/funding_round/structo-series-unknown--13e98134,Structo,https://www.crunchbase.com/organization/structo,Venture - Series Unknown,,"Sep 5, 2016",,,Yes,1,,"13,271"
Venture Round - Silent Eight Pte. Ltd.,https://www.crunchbase.com/funding_round/silent-eight-search-series-unknown--efaee48c,Silent Eight Pte. Ltd.,https://www.crunchbase.com/organization/silent-eight-search,Venture - Series Unknown,,"Dec 29, 2016",,,Yes,1,,"13,272"
Seed Round - ACK3 Bionetics,https://www.crunchbase.com/funding_round/ack3-bionetics-seed--7b3e41f9,ACK3 Bionetics,https://www.crunchbase.com/organization/ack3-bionetics,Seed,,"Jan 20, 2015",Seed,,Yes,1,,"13,146"
Venture Round - Hipvan,https://www.crunchbase.com/funding_round/hipvan-series-unknown--a62ad9b6,Hipvan,https://www.crunchbase.com/organization/hipvan,Venture - Series Unknown,,"Oct 10, 2017",,,Yes,1,,"13,147"
Seed Round - Stylist in Pocket,https://www.crunchbase.com/funding_round/stylist-in-pocket-seed--c0b05330,Stylist in Pocket,https://www.crunchbase.com/organization/stylist-in-pocket,Seed,,"Jun 23, 2016",Seed,,Yes,1,,"13,148"
Seed Round - Maria Health,https://www.crunchbase.com/funding_round/maria-health-seed--310c0715,Maria Health,https://www.crunchbase.com/organization/maria-health,Seed,,"Oct 19, 2017",Seed,,Yes,1,,"13,149"
Seed Round - Ackcio,https://www.crunchbase.com/funding_round/ackcio-seed--776fdef4,Ackcio,https://www.crunchbase.com/organization/ackcio,Seed,,"Dec 14, 2017",Seed,,Yes,1,,"13,150"
Venture Round - Oddle,https://www.crunchbase.com/funding_round/oddle-series-unknown--ed2fb9d8,Oddle,https://www.crunchbase.com/organization/oddle,Venture - Series Unknown,,"Mar 20, 2017",,,Yes,1,,"13,151"
Venture Round - Exborders (SYW Pte Ltd) ,https://www.crunchbase.com/funding_round/shop-your-world-series-unknown--2f46a9cd,Exborders (SYW Pte Ltd) ,https://www.crunchbase.com/organization/shop-your-world,Venture - Series Unknown,,"Sep 5, 2017",,,Yes,1,,"13,155"
Seed Round - Lemnis Technologies,https://www.crunchbase.com/funding_round/lemnis-technologies-seed--d7d235e4,Lemnis Technologies,https://www.crunchbase.com/organization/lemnis-technologies,Seed,,"Oct 13, 2017",Seed,,Yes,1,,"19,722"
Seed Round - Whisk,https://www.crunchbase.com/funding_round/whisk-3-seed--12101292,Whisk,https://www.crunchbase.com/organization/whisk-3,Seed,,"Sep 25, 2013",Seed,,Yes,3,,"19,888"
Series B - SimpleReach,https://www.crunchbase.com/funding_round/simplereach-series-b--8de5e81f,SimpleReach,https://www.crunchbase.com/organization/simplereach,Series B,"$13,600,000","Apr 21, 2017",Early Stage Venture,,Yes,7,4,"20,945"
Convertible Note - cielo24,https://www.crunchbase.com/funding_round/cielo24-convertible-note--1b56b89d,cielo24,https://www.crunchbase.com/organization/cielo24,Convertible Note,,"Jun 23, 2016",,,No,5,1,"23,264"
Seed Round - Pray.com,https://www.crunchbase.com/funding_round/pray-seed--edd1f31a,Pray.com,https://www.crunchbase.com/organization/pray,Seed,"$2,000,000","Jun 29, 2017",Seed,,Yes,5,,"23,679"
Series A - Lynk,https://www.crunchbase.com/funding_round/the-straits-network-series-a--7d16e76d,Lynk,https://www.crunchbase.com/organization/the-straits-network,Series A,"$4,000,000","Apr 26, 2017",Early Stage Venture,,Yes,5,,"26,303"
Angel Round - NetworkBe,https://www.crunchbase.com/funding_round/network-be-angel--96c0e35c,NetworkBe,https://www.crunchbase.com/organization/network-be,Angel,,"Apr 1, 2017",Seed,,Yes,5,,"27,139"
Seed Round - JOANY,https://www.crunchbase.com/funding_round/impact-health-seed--f2e8fd2e,JOANY,https://www.crunchbase.com/organization/impact-health,Seed,"$3,025,000","Mar 29, 2017",Seed,,Yes,4,,"27,847"
Venture Round - The Venue Report,https://www.crunchbase.com/funding_round/the-venue-report-series-unknown--953a1437,The Venue Report,https://www.crunchbase.com/organization/the-venue-report,Venture - Series Unknown,,"Dec 31, 2016",,,Yes,3,,"28,094"
Venture Round - TallyGo,https://www.crunchbase.com/funding_round/clearpath-series-unknown--3acc508a,TallyGo,https://www.crunchbase.com/organization/clearpath,Venture - Series Unknown,,"Sep 1, 2016",,,Yes,2,,"28,274"
Convertible Note - Capsul Jewelry,https://www.crunchbase.com/funding_round/capsul-jewelry-convertible-note--928ce91e,Capsul Jewelry,https://www.crunchbase.com/organization/capsul-jewelry,Convertible Note,,"Jan 1, 2017",,,No,2,,"28,273"
Seed Round - Local ID,https://www.crunchbase.com/funding_round/local-store-identity-seed--15204474,Local ID,https://www.crunchbase.com/organization/local-store-identity,Seed,"$1,900,000","Jun 10, 2015",Seed,,Yes,10,2,"29,582"
Seed Round - PortfolioQuest,https://www.crunchbase.com/funding_round/portfolioquest-seed--b2da2470,PortfolioQuest,https://www.crunchbase.com/organization/portfolioquest,Seed,"$750,000","Nov 9, 2016",Seed,,Yes,3,,"29,718"
Seed Round - Kitterly,https://www.crunchbase.com/funding_round/kitterly-seed--ce60f8cd,Kitterly,https://www.crunchbase.com/organization/kitterly,Seed,"$650,000","Jan 3, 2017",Seed,,Yes,4,,"30,087"
Seed Round - Gem,https://www.crunchbase.com/funding_round/gem-seed--06e2dc01,Gem,https://www.crunchbase.com/organization/gem,Seed,"$2,000,000","Sep 17, 2014",Seed,,Yes,14,4,"30,306"
Angel Round - Gem,https://www.crunchbase.com/funding_round/gem-angel--58842074,Gem,https://www.crunchbase.com/organization/gem,Angel,"$1,500,000","Feb 11, 2014",Seed,,Yes,9,3,"30,322"
Seed Round - KYKLO,https://www.crunchbase.com/funding_round/kyklo-seed--6545a4ef,KYKLO,https://www.crunchbase.com/organization/kyklo,Seed,"$200,000","Mar 1, 2016",Seed,,Yes,1,,"31,170"
Seed Round - Markett,https://www.crunchbase.com/funding_round/markett-seed--1a9fca5f,Markett,https://www.crunchbase.com/organization/markett,Seed,"$1,953,255","Nov 4, 2016",Seed,,Yes,5,,"33,600"
Series A - Pike13,https://www.crunchbase.com/funding_round/pike13-series-a--40e85a84,Pike13,https://www.crunchbase.com/organization/pike13,Series A,"$1,000,000","Mar 21, 2016",Early Stage Venture,,Yes,1,,"34,898"
Series B - Wavecell,https://www.crunchbase.com/funding_round/wavecell-series-b--00a0d588,Wavecell,https://www.crunchbase.com/organization/wavecell,Series B,"$8,150,000","Jun 7, 2017",Early Stage Venture,,Yes,3,1,"35,048"
Seed Round - PartySlate,https://www.crunchbase.com/funding_round/partyslate-seed--c3b7fc00,PartySlate,https://www.crunchbase.com/organization/partyslate,Seed,"$1,900,000","Feb 24, 2017",Seed,,Yes,7,1,"35,169"
Series A - Science,https://www.crunchbase.com/funding_round/science-series-a--4f9ec0c8,Science,https://www.crunchbase.com/organization/science,Series A,"$10,000,000","Nov 16, 2011",Early Stage Venture,,Yes,5,3,"35,898"
"Series F - Phunware, Inc.",https://www.crunchbase.com/funding_round/phunware-series-f--fa98a23a,"Phunware, Inc.",https://www.crunchbase.com/organization/phunware,Series F,"$22,000,000","Nov 1, 2016",Late Stage Venture,,Yes,4,1,"36,008"
Series A - SHIFT,https://www.crunchbase.com/funding_round/shift-series-a--fa6398e3,SHIFT,https://www.crunchbase.com/organization/shift,Series A,"$2,000,000","Feb 1, 2011",Early Stage Venture,,Yes,14,5,"38,557"
Series A - CapLinked,https://www.crunchbase.com/funding_round/caplinked-series-a--97d1824d,CapLinked,https://www.crunchbase.com/organization/caplinked,Series A,"$2,100,000","Nov 29, 2012",Early Stage Venture,,Yes,8,2,"39,383"
Seed Round - Credit Key,https://www.crunchbase.com/funding_round/credit-key-seed--2ec67a26,Credit Key,https://www.crunchbase.com/organization/credit-key,Seed,,"Jul 7, 2016",Seed,,Yes,3,,"41,130"
Seed Round - StackCommerce,https://www.crunchbase.com/funding_round/stackcommerce-seed--d11d39b2,StackCommerce,https://www.crunchbase.com/organization/stackcommerce,Seed,"$800,000","Jul 24, 2012",Seed,,Yes,7,,"41,301"
Seed Round - aureso,https://www.crunchbase.com/funding_round/aureso-seed--c3118f24,aureso,https://www.crunchbase.com/organization/aureso,Seed,,"Jun 14, 2017",Seed,,Yes,3,,"42,007"
Series A - MycoTechnology,https://www.crunchbase.com/funding_round/mycotechnology-series-a--2dc2274f,MycoTechnology,https://www.crunchbase.com/organization/mycotechnology,Series A,"$9,200,000","Oct 15, 2015",Early Stage Venture,,Yes,6,,"42,444"
Venture Round - KEY Concierge,https://www.crunchbase.com/funding_round/key-travel-concierge-series-unknown--83dc3027,KEY Concierge,https://www.crunchbase.com/organization/key-travel-concierge,Venture - Series Unknown,,"Mar 1, 2017",,,Yes,2,1,"42,890"
Seed Round - Fama,https://www.crunchbase.com/funding_round/fama-seed--56df573b,Fama,https://www.crunchbase.com/organization/fama,Seed,"$1,500,000","Dec 23, 2015",Seed,,Yes,9,3,"42,896"
Venture Round - SourceSage,https://www.crunchbase.com/funding_round/sourcesage-series-unknown--a4a776fd,SourceSage,https://www.crunchbase.com/organization/sourcesage,Venture - Series Unknown,,"Jan 1, 2017",,,Yes,2,1,"42,930"
Seed Round - Afini,https://www.crunchbase.com/funding_round/afini-seed--c71a3ace,Afini,https://www.crunchbase.com/organization/afini,Seed,,"Apr 7, 2017",Seed,,Yes,2,,"43,440"
Seed Round - JOANY,https://www.crunchbase.com/funding_round/impact-health-seed--ad19adee,JOANY,https://www.crunchbase.com/organization/impact-health,Seed,"$1,300,000","Apr 27, 2016",Seed,,Yes,7,,"44,144"
Seed Round - Tradesparq,https://www.crunchbase.com/funding_round/tradesparq-seed--4d1cb7ad,Tradesparq,https://www.crunchbase.com/organization/tradesparq,Seed,,"Apr 12, 2012",Seed,,Yes,2,,"46,566"
Seed Round - mPath,https://www.crunchbase.com/funding_round/m-path-seed--d0aa4dd0,mPath,https://www.crunchbase.com/organization/m-path,Seed,"$3,650,000","Jan 1, 2014",Seed,,Yes,9,1,"47,306"
Seed Round - Ellie,https://www.crunchbase.com/funding_round/ellie-seed--1984984a,Ellie,https://www.crunchbase.com/organization/ellie,Seed,"$2,000,000","Feb 1, 2013",Seed,,Yes,5,1,"47,302"
Series A - Coins.ph,https://www.crunchbase.com/funding_round/coins-ph-series-a--6308bfed,Coins.ph,https://www.crunchbase.com/organization/coins-ph,Series A,"$5,000,000","Oct 23, 2016",Early Stage Venture,,Yes,8,2,"48,121"
Seed Round - SourceSage,https://www.crunchbase.com/funding_round/sourcesage-seed--48c8da86,SourceSage,https://www.crunchbase.com/organization/sourcesage,Seed,,"Jan 1, 2016",Seed,,Yes,2,,"48,743"
Venture Round - Ditto Labs,https://www.crunchbase.com/funding_round/ditto-labs-series-unknown--dfea6f82,Ditto Labs,https://www.crunchbase.com/organization/ditto-labs,Venture - Series Unknown,"$4,000,000","Aug 6, 2015",,,Yes,3,2,"48,981"
Venture Round - Structo,https://www.crunchbase.com/funding_round/structo-series-unknown--40d9d018,Structo,https://www.crunchbase.com/organization/structo,Venture - Series Unknown,,"Apr 1, 2017",,,Yes,1,,"49,318"
Venture Round - Strong Ventures,https://www.crunchbase.com/funding_round/strong-ventures-series-unknown--69faafba,Strong Ventures,https://www.crunchbase.com/organization/strong-ventures,Venture - Series Unknown,,"Jun 1, 2014",,,Yes,1,,"49,330"
Venture Round - OpenX,https://www.crunchbase.com/funding_round/openx-series-unknown--a43fc8c7,OpenX,https://www.crunchbase.com/organization/openx,Venture - Series Unknown,,"Nov 1, 2014",,,Yes,1,,"49,424"
Venture Round - Linqia,https://www.crunchbase.com/funding_round/linqia-series-unknown--eee21137,Linqia,https://www.crunchbase.com/organization/linqia,Venture - Series Unknown,,"Dec 1, 2014",,,Yes,1,,"49,431"
Venture Round - Naritiv,https://www.crunchbase.com/funding_round/naritiv-series-unknown--cba15a1d,Naritiv,https://www.crunchbase.com/organization/naritiv,Venture - Series Unknown,,"Jul 1, 2012",,,Yes,1,,"49,320"
Venture Round - BeTheBeast,https://www.crunchbase.com/funding_round/bethebeast-series-unknown--034c937d,BeTheBeast,https://www.crunchbase.com/organization/bethebeast,Venture - Series Unknown,,"Feb 1, 2017",,,Yes,1,,"49,321"
Venture Round - Amplify.LA,https://www.crunchbase.com/funding_round/amplify-la-series-unknown--e3d6b1d7,Amplify.LA,https://www.crunchbase.com/organization/amplify-la,Venture - Series Unknown,,"Oct 1, 2011",,,Yes,1,,"49,432"
Venture Round - 500 Startups,https://www.crunchbase.com/funding_round/500-startups-series-unknown--000d09f4,500 Startups,https://www.crunchbase.com/organization/500-startups,Venture - Series Unknown,,"Oct 1, 2011",,,Yes,1,,"49,399"
Venture Round - CloudMondo,https://www.crunchbase.com/funding_round/cloudmondo-series-unknown--eba786c0,CloudMondo,https://www.crunchbase.com/organization/cloudmondo,Venture - Series Unknown,,"Jan 1, 2016",,,Yes,1,,"49,401"
Venture Round - AuditBoard,https://www.crunchbase.com/funding_round/soxhub-series-unknown--fd432a44,AuditBoard,https://www.crunchbase.com/organization/soxhub,Venture - Series Unknown,,"Sep 1, 2015",,,Yes,1,,"49,341"
Venture Round - WoBe,https://www.crunchbase.com/funding_round/wobe-series-unknown--7be33bc3,WoBe,https://www.crunchbase.com/organization/wobe,Venture - Series Unknown,,"Mar 1, 2017",,,Yes,1,,"49,366"
Venture Round - Arena Alpha,https://www.crunchbase.com/funding_round/arena-alpha-series-unknown--3b9def16,Arena Alpha,https://www.crunchbase.com/organization/arena-alpha,Venture - Series Unknown,,"Dec 1, 2015",,,Yes,1,,"49,336"
Venture Round - Craftyful,https://www.crunchbase.com/funding_round/craftyful-series-unknown--6684b88e,Craftyful,https://www.crunchbase.com/organization/craftyful,Venture - Series Unknown,,"Sep 1, 2013",,,Yes,1,,"49,344"
Venture Round - TransferSoft,https://www.crunchbase.com/funding_round/transfersoft-series-unknown--8cf43aa6,TransferSoft,https://www.crunchbase.com/organization/transfersoft,Venture - Series Unknown,,"Jun 1, 2014",,,Yes,1,,"49,347"
Venture Round - Glispa Create (formerly justAd),https://www.crunchbase.com/funding_round/justad-tv-series-unknown--2745e692,Glispa Create (formerly justAd),https://www.crunchbase.com/organization/justad-tv,Venture - Series Unknown,,"Jun 1, 2014",,,Yes,1,,"49,349"
Venture Round - Nativo,https://www.crunchbase.com/funding_round/postrelease-series-unknown--dae2466a,Nativo,https://www.crunchbase.com/organization/postrelease,Venture - Series Unknown,,"Oct 1, 2013",,,Yes,1,,"49,406"
Venture Round - Discotech,https://www.crunchbase.com/funding_round/discotech-series-unknown--a21ee8cd,Discotech,https://www.crunchbase.com/organization/discotech,Venture - Series Unknown,,"Feb 1, 2017",,,Yes,1,,"49,408"
Venture Round - Pathmatics,https://www.crunchbase.com/funding_round/pathmatics-series-unknown--a9d5c757,Pathmatics,https://www.crunchbase.com/organization/pathmatics,Venture - Series Unknown,,"Apr 1, 2014",,,Yes,1,,"49,409"
Venture Round - FGL.com,https://www.crunchbase.com/funding_round/fgl-series-unknown--a1407a1f,FGL.com,https://www.crunchbase.com/organization/fgl,Venture - Series Unknown,,"Jul 1, 2013",,,Yes,1,,"49,411"
Venture Round - miiddle,https://www.crunchbase.com/funding_round/miiddle-inc-series-unknown--02eb1afb,miiddle,https://www.crunchbase.com/organization/miiddle-inc,Venture - Series Unknown,,"Sep 1, 2016",,,Yes,1,,"49,413"
Venture Round - Songspace,https://www.crunchbase.com/funding_round/songspace-series-unknown--255eeaed,Songspace,https://www.crunchbase.com/organization/songspace,Venture - Series Unknown,,"Apr 1, 2015",,,Yes,1,,"49,415"
Venture Round - Maven Ventures,https://www.crunchbase.com/funding_round/maven-ventures-vc-series-unknown--9cd810c5,Maven Ventures,https://www.crunchbase.com/organization/maven-ventures-vc,Venture - Series Unknown,,"Dec 1, 2014",,,Yes,1,,"49,373"
Venture Round - RxVantage,https://www.crunchbase.com/funding_round/rxvantage-series-unknown--eafc74ff,RxVantage,https://www.crunchbase.com/organization/rxvantage,Venture - Series Unknown,,"Jun 1, 2014",,,Yes,1,,"49,338"
Venture Round - Adatos,https://www.crunchbase.com/funding_round/adatos-series-unknown--45c7b4a9,Adatos,https://www.crunchbase.com/organization/adatos,Venture - Series Unknown,,"Apr 1, 2017",,,Yes,1,,"49,380"
Venture Round - Shelvspace,https://www.crunchbase.com/funding_round/shelvspace-series-unknown--d73fb770,Shelvspace,https://www.crunchbase.com/organization/shelvspace,Venture - Series Unknown,,"Dec 1, 2015",,,Yes,1,,"49,383"
Venture Round - India Boulevard,https://www.crunchbase.com/funding_round/india-boulevard-series-unknown--7179b807,India Boulevard,https://www.crunchbase.com/organization/india-boulevard,Venture - Series Unknown,,"Nov 1, 2015",,,Yes,1,,"49,385"
Venture Round - Ayannah,https://www.crunchbase.com/funding_round/ayannah-series-unknown--d66752bd,Ayannah,https://www.crunchbase.com/organization/ayannah,Venture - Series Unknown,,"Feb 1, 2012",,,Yes,1,2,"49,388"
Venture Round - Commaful,https://www.crunchbase.com/funding_round/comma-2-series-unknown--38617652,Commaful,https://www.crunchbase.com/organization/comma-2,Venture - Series Unknown,,"Aug 1, 2015",,,Yes,1,,"49,340"
Venture Round - Thrively,https://www.crunchbase.com/funding_round/thrively-series-unknown--70defe19,Thrively,https://www.crunchbase.com/organization/thrively,Venture - Series Unknown,,"Mar 1, 2016",,,Yes,1,,"49,370"
Seed Round - Yoi Corp,https://www.crunchbase.com/funding_round/yoi-seed--9853e0fd,Yoi Corp,https://www.crunchbase.com/organization/yoi,Seed,"$1,500,000","Dec 1, 2014",Seed,,Yes,8,1,"50,149"
Series A - ShipHawk,https://www.crunchbase.com/funding_round/shiphawk-series-a--e1df8cea,ShipHawk,https://www.crunchbase.com/organization/shiphawk,Series A,"$5,000,000","Oct 6, 2014",Early Stage Venture,,Yes,8,1,"50,266"
Series B - Amplify.LA,https://www.crunchbase.com/funding_round/amplify-la-series-b--ebce6db4,Amplify.LA,https://www.crunchbase.com/organization/amplify-la,Series B,"$8,100,000","Jan 15, 2014",Early Stage Venture,,Yes,18,3,"50,249"
Series A - Quickly,https://www.crunchbase.com/funding_round/quickly-series-a--16bcd2c5,Quickly,https://www.crunchbase.com/organization/quickly,Series A,"$7,000,000","May 5, 2015",Early Stage Venture,,Yes,3,2,"52,047"
Venture Round - Leaseville,https://www.crunchbase.com/funding_round/leaseville-series-unknown--649c947d,Leaseville,https://www.crunchbase.com/organization/leaseville,Venture - Series Unknown,,"Oct 1, 2015",,,Yes,2,,"52,052"
Venture Round - Ring Router,https://www.crunchbase.com/funding_round/ring-router-series-unknown--8c1420e5,Ring Router,https://www.crunchbase.com/organization/ring-router,Venture - Series Unknown,,"Nov 1, 2014",,,Yes,2,,"52,051"
Venture Round - Social Annex,https://www.crunchbase.com/funding_round/social-annex-series-unknown--4bcb66af,Social Annex,https://www.crunchbase.com/organization/social-annex,Venture - Series Unknown,,"Mar 23, 2012",,,Yes,2,,"52,057"
Angel Round - TripScope,https://www.crunchbase.com/funding_round/tripscope-angel--fec25bab,TripScope,https://www.crunchbase.com/organization/tripscope,Angel,"$1,200,000","Nov 11, 2015",Seed,,Yes,3,,"52,059"
Seed Round - PureWow,https://www.crunchbase.com/funding_round/purewow-seed--b694862f,PureWow,https://www.crunchbase.com/organization/purewow,Seed,"$2,500,000","May 5, 2015",Seed,,Yes,11,6,"52,032"
Series A - CloudAccess,https://www.crunchbase.com/funding_round/cloudaccess-series-a--683d6e0b,CloudAccess,https://www.crunchbase.com/organization/cloudaccess,Series A,"$650,000","Oct 22, 2012",Early Stage Venture,,Yes,1,,"52,067"
Seed Round - HelloTech,https://www.crunchbase.com/funding_round/hellotech-seed--49215e4b,HelloTech,https://www.crunchbase.com/organization/hellotech,Seed,"$2,500,000","Jan 27, 2015",Seed,,Yes,9,2,"52,072"
Venture Round - The Baby Box Co.,https://www.crunchbase.com/funding_round/the-baby-box-co-series-unknown--650c18f4,The Baby Box Co.,https://www.crunchbase.com/organization/the-baby-box-co,Venture - Series Unknown,,"Jul 1, 2016",,,Yes,2,,"52,023"
Seed Round - Instaread,https://www.crunchbase.com/funding_round/instaread-seed--97446ca6,Instaread,https://www.crunchbase.com/organization/instaread,Seed,,"Sep 19, 2014",Seed,,Yes,2,,"52,028"
Debt Financing - Staff Ranker,https://www.crunchbase.com/funding_round/staff-ranker-debt-financing--5552bf56,Staff Ranker,https://www.crunchbase.com/organization/staff-ranker,Debt Financing,"$272,500","Feb 18, 2014",,,No,1,,"52,020"
Seed Round - Markkit,https://www.crunchbase.com/funding_round/markkit-seed--058034d9,Markkit,https://www.crunchbase.com/organization/markkit,Seed,,"Nov 25, 2013",Seed,,Yes,6,3,"52,021"
Seed Round - Dealflicks,https://www.crunchbase.com/funding_round/dealflicks-seed--2b427ac3,Dealflicks,https://www.crunchbase.com/organization/dealflicks,Seed,"$1,700,000","Jul 21, 2014",Seed,,Yes,18,3,"52,999"
Seed Round - Laurel & Wolf,https://www.crunchbase.com/funding_round/laurelandwolf-seed--4382703e,Laurel & Wolf,https://www.crunchbase.com/organization/laurelandwolf,Seed,"$1,100,000","Jul 20, 2014",Seed,,Yes,10,,"53,009"
Seed Round - Contender.com,https://www.crunchbase.com/funding_round/contender-seed--e6b6072e,Contender.com,https://www.crunchbase.com/organization/contender,Seed,,"Jan 1, 2016",Seed,,Yes,3,1,"54,128"
Series B - The Bouqs Company,https://www.crunchbase.com/funding_round/the-bouqs-company-series-b--6bd94758,The Bouqs Company,https://www.crunchbase.com/organization/the-bouqs-company,Series B,"$12,000,000","Feb 3, 2016",Early Stage Venture,,Yes,9,1,"54,308"
Series A - The Bouqs Company,https://www.crunchbase.com/funding_round/the-bouqs-company-series-a--7441350f,The Bouqs Company,https://www.crunchbase.com/organization/the-bouqs-company,Series A,"$6,000,000","Jun 26, 2014",Early Stage Venture,,Yes,12,1,"54,349"
Seed Round - Moka,https://www.crunchbase.com/funding_round/moka-seed--d84c6745,Moka,https://www.crunchbase.com/organization/moka,Seed,,"Oct 1, 2015",Seed,,Yes,1,,"154,992"
Seed Round - unGlue,https://www.crunchbase.com/funding_round/unglue-seed--a1288dec,unGlue,https://www.crunchbase.com/organization/unglue,Seed,"$1,500,000","Mar 2, 2017",Seed,,Yes,5,,"155,133"
Series A - EAT Club,https://www.crunchbase.com/funding_round/eat-club-series-a--3b01489c,EAT Club,https://www.crunchbase.com/organization/eat-club,Series A,"$5,000,000","Apr 3, 2013",Early Stage Venture,,Yes,7,2,"156,079"
Seed Round - ALL DAY MEDIA,https://www.crunchbase.com/funding_round/all-day-media-seed--2760c042,ALL DAY MEDIA,https://www.crunchbase.com/organization/all-day-media,Seed,"$2,301,600","Aug 2, 2016",Seed,,Yes,12,,"156,692"
Seed Round - Doxcheck,https://www.crunchbase.com/funding_round/doxcheck-seed--11a0ab66,Doxcheck,https://www.crunchbase.com/organization/doxcheck,Seed,,"Apr 15, 2015",Seed,,Yes,1,,"157,224"
"Venture Round - Internet America, Inc.",https://www.crunchbase.com/funding_round/internet-america-inc-series-unknown--780b27b9,"Internet America, Inc.",https://www.crunchbase.com/organization/internet-america-inc,Venture - Series Unknown,,"May 1, 2002",,,Yes,1,,"158,182"
Seed Round - Snapcart,https://www.crunchbase.com/funding_round/snapcart-seed--77a3ac00,Snapcart,https://www.crunchbase.com/organization/snapcart,Seed,"$1,675,000","Jan 5, 2016",Seed,,Yes,4,,"165,088"
Seed Round - Four Eyes,https://www.crunchbase.com/funding_round/four-eyes-seed--1ed106a8,Four Eyes,https://www.crunchbase.com/organization/four-eyes,Seed,"$350,000","Sep 12, 2014",Seed,,Yes,3,,"165,156"
Series A - MyNewFinancialAdvisor,https://www.crunchbase.com/funding_round/mynewfinancialadvisor-com-series-a--b1fc04ce,MyNewFinancialAdvisor,https://www.crunchbase.com/organization/mynewfinancialadvisor-com,Series A,"$1,500,000","Sep 11, 2013",Early Stage Venture,,Yes,1,,"167,053"
Seed Round - Nine Star,https://www.crunchbase.com/funding_round/nine-star-seed--82183b01,Nine Star,https://www.crunchbase.com/organization/nine-star,Seed,,"May 1, 2006",Seed,,Yes,2,,"167,174"
Series A - Smartkarma,https://www.crunchbase.com/funding_round/smartkarma-series-a--68ed3a75,Smartkarma,https://www.crunchbase.com/organization/smartkarma,Series A,"$4,700,000","Jun 1, 2016",Early Stage Venture,,Yes,2,1,"168,220"
Seed Round - Fresco News,https://www.crunchbase.com/funding_round/fresco-news-seed--55fdfb54,Fresco News,https://www.crunchbase.com/organization/fresco-news,Seed,"$1,200,000","Sep 21, 2015",Seed,,Yes,14,,"169,535"
Venture Round - Ranker,https://www.crunchbase.com/funding_round/ranker-series-unknown--0cda1cb5,Ranker,https://www.crunchbase.com/organization/ranker,Venture - Series Unknown,"$2,000,000","Jun 27, 2013",,,Yes,9,1,"169,701"
Seed Round - FloQast,https://www.crunchbase.com/funding_round/floqast-seed--7709c3cc,FloQast,https://www.crunchbase.com/organization/floqast,Seed,"$1,300,000","Nov 5, 2014",Seed,,Yes,3,1,"170,470"
Convertible Note - smove,https://www.crunchbase.com/funding_round/smove-convertible-note--47da6fc8,smove,https://www.crunchbase.com/organization/smove,Convertible Note,"SGD1,200,000","May 1, 2013",,,No,1,,"171,222"
Venture Round - Cognition Technologies,https://www.crunchbase.com/funding_round/cognition-technologies-series-unknown--0d036adb,Cognition Technologies,https://www.crunchbase.com/organization/cognition-technologies,Venture - Series Unknown,"$2,700,000","Jul 15, 2008",,,Yes,4,,"171,234"
Seed Round - Igloohome,https://www.crunchbase.com/funding_round/igloohome-seed--9b614bbb,Igloohome,https://www.crunchbase.com/organization/igloohome,Seed,"$1,250,000","Dec 16, 2015",Seed,,Yes,3,,"174,130"
Venture Round - Ranker,https://www.crunchbase.com/funding_round/ranker-series-unknown--1a2f0b40,Ranker,https://www.crunchbase.com/organization/ranker,Venture - Series Unknown,"$800,000","Feb 4, 2010",,,Yes,2,,"177,140"
Venture Round - Information Gateway,https://www.crunchbase.com/funding_round/information-gateway-series-unknown--24e0ae62,Information Gateway,https://www.crunchbase.com/organization/information-gateway,Venture - Series Unknown,,"Oct 1, 2003",,,Yes,1,,"177,243"
"Venture Round - Small World Kids, Inc.",https://www.crunchbase.com/funding_round/small-world-kids-inc-series-unknown--143deb8a,"Small World Kids, Inc.",https://www.crunchbase.com/organization/small-world-kids-inc,Venture - Series Unknown,,"Jul 1, 2005",,,Yes,1,,"178,310"
Seed Round - AFINITY,https://www.crunchbase.com/funding_round/affinity-networks-seed--28bde7ec,AFINITY,https://www.crunchbase.com/organization/affinity-networks,Seed,"$500,000","Feb 20, 2014",Seed,,Yes,8,,"180,087"
Venture Round - Media Matchmaker,https://www.crunchbase.com/funding_round/media-matchmaker-series-unknown--29dbc7bd,Media Matchmaker,https://www.crunchbase.com/organization/media-matchmaker,Venture - Series Unknown,,"Jun 15, 2005",,,Yes,2,,"180,345"
Convertible Note - FanBread,https://www.crunchbase.com/funding_round/fanbread-convertible-note--4b1d7aba,FanBread,https://www.crunchbase.com/organization/fanbread,Convertible Note,"$800,000","Jun 1, 2014",,,No,7,,"114,257"
Seed Round - Lynk,https://www.crunchbase.com/funding_round/the-straits-network-seed--e0bf0a0c,Lynk,https://www.crunchbase.com/organization/the-straits-network,Seed,,"Jan 7, 2015",Seed,,Yes,1,,"118,047"
Seed Round - Tradesparq,https://www.crunchbase.com/funding_round/tradesparq-seed--b0811477,Tradesparq,https://www.crunchbase.com/organization/tradesparq,Seed,,"Jun 30, 2014",Seed,,Yes,1,,"118,080"
Venture Round - Gimmie,https://www.crunchbase.com/funding_round/gimmie-series-unknown--ee93b1ac,Gimmie,https://www.crunchbase.com/organization/gimmie,Venture - Series Unknown,"$500,000","Jan 13, 2014",,,Yes,1,,"56,876"
Venture Round - Red Dot Payment,https://www.crunchbase.com/funding_round/red-dot-payment-series-unknown--ae94e17f,Red Dot Payment,https://www.crunchbase.com/organization/red-dot-payment,Venture - Series Unknown,,"Aug 12, 2016",,,Yes,4,,"127,543"
Series A - Exborders (SYW Pte Ltd) ,https://www.crunchbase.com/funding_round/shop-your-world-series-a--f88f9007,Exborders (SYW Pte Ltd) ,https://www.crunchbase.com/organization/shop-your-world,Series A,"SGD3,000,000","Oct 29, 2015",Early Stage Venture,,Yes,3,2,"128,710"
Convertible Note - smove,https://www.crunchbase.com/funding_round/smove-convertible-note--eb7f1db2,smove,https://www.crunchbase.com/organization/smove,Convertible Note,"SGD1,200,000","Sep 1, 2015",,,No,2,,"131,613"
Venture Round - PLDT,https://www.crunchbase.com/funding_round/pldt-series-unknown--b68b4f30,PLDT,https://www.crunchbase.com/organization/pldt,Venture - Series Unknown,,"Nov 1, 2002",,,Yes,1,,"133,938"
Convertible Note - DataStreamX,https://www.crunchbase.com/funding_round/datastreamx-convertible-note--e05973c8,DataStreamX,https://www.crunchbase.com/organization/datastreamx,Convertible Note,"$450,000","Dec 5, 2016",,,No,1,,"134,417"
Series A - VideoAmp,https://www.crunchbase.com/funding_round/videoamp-series-a--a8f9cdec,VideoAmp,https://www.crunchbase.com/organization/videoamp,Series A,"$13,000,000","Nov 11, 2015",Early Stage Venture,,Yes,7,1,"57,805"
Series A - SimpleReach,https://www.crunchbase.com/funding_round/simplereach-series-a--a92dfc04,SimpleReach,https://www.crunchbase.com/organization/simplereach,Series A,"$9,000,000","Jul 11, 2014",Early Stage Venture,,Yes,6,3,"57,894"
Seed Round - DSTLD,https://www.crunchbase.com/funding_round/dstld-seed--9a82d904,DSTLD,https://www.crunchbase.com/organization/dstld,Seed,"$1,000,000","Apr 18, 2013",Seed,,Yes,7,,"57,975"
Seed Round - BeTheBeast,https://www.crunchbase.com/funding_round/bethebeast-seed--cb71d6b8,BeTheBeast,https://www.crunchbase.com/organization/bethebeast,Seed,,"May 1, 2015",Seed,,Yes,1,,"137,487"
Series A - Hipvan,https://www.crunchbase.com/funding_round/hipvan-series-a--ae484988,Hipvan,https://www.crunchbase.com/organization/hipvan,Series A,"$3,320,000","Oct 7, 2015",Early Stage Venture,,Yes,5,,"140,597"
Series A - Ardent Capital,https://www.crunchbase.com/funding_round/ardent-capital-series-a--ded47e91,Ardent Capital,https://www.crunchbase.com/organization/ardent-capital,Series A,,"Jun 3, 2013",Early Stage Venture,,Yes,3,,"59,115"
Seed Round - Clutter,https://www.crunchbase.com/funding_round/clutter-seed--c66c20c8,Clutter,https://www.crunchbase.com/organization/clutter,Seed,"$2,000,000","May 18, 2015",Seed,,Yes,11,,"59,349"
Venture Round - Marketfish,https://www.crunchbase.com/funding_round/marketfish-series-unknown--8671d887,Marketfish,https://www.crunchbase.com/organization/marketfish,Venture - Series Unknown,"$1,500,000","Sep 1, 2010",,,Yes,3,1,"59,400"
Seed Round - Gimmie,https://www.crunchbase.com/funding_round/gimmie-seed--78e95b50,Gimmie,https://www.crunchbase.com/organization/gimmie,Seed,"$520,000","Jan 11, 2013",Seed,,Yes,2,,"145,016"
Venture Round - Vator,https://www.crunchbase.com/funding_round/vator-inc-series-unknown--bb1763dd,Vator,https://www.crunchbase.com/organization/vator-inc,Venture - Series Unknown,,"Mar 1, 2008",,,Yes,1,,"145,116"
Seed Round - Tradesparq,https://www.crunchbase.com/funding_round/tradesparq-seed--a5dc2103,Tradesparq,https://www.crunchbase.com/organization/tradesparq,Seed,"$500,000","Jul 16, 2012",Seed,,Yes,1,,"87,331"
Seed Round - Alpha Outpost,https://www.crunchbase.com/funding_round/alpha-outpost-seed--e4d3839c,Alpha Outpost,https://www.crunchbase.com/organization/alpha-outpost,Seed,,"Nov 24, 2015",Seed,,Yes,3,,"87,336"
Venture Round - Chikka,https://www.crunchbase.com/funding_round/chikka-series-unknown--62d6b136,Chikka,https://www.crunchbase.com/organization/chikka,Venture - Series Unknown,,"Sep 1, 2002",,,Yes,1,,"87,558"
Seed Round - Healint,https://www.crunchbase.com/funding_round/healint-seed--daabcc9e,Healint,https://www.crunchbase.com/organization/healint,Seed,"$1,000,000","Mar 27, 2015",Seed,,Yes,3,,"147,808"
Seed Round - Ematic Solutions,https://www.crunchbase.com/funding_round/ematic-solutions-seed--23209627,Ematic Solutions,https://www.crunchbase.com/organization/ematic-solutions,Seed,"$2,400,000","Mar 15, 2017",Seed,,Yes,4,,"61,169"
Debt Financing - Akana,https://www.crunchbase.com/funding_round/soa-software-debt-financing--26419e74,Akana,https://www.crunchbase.com/organization/soa-software,Debt Financing,"$10,000,000","Mar 28, 2014",,,No,3,,"150,636"
Convertible Note - smove,https://www.crunchbase.com/funding_round/smove-convertible-note--ac8fdffb,smove,https://www.crunchbase.com/organization/smove,Convertible Note,"SGD1,200,000","Sep 5, 2014",,,No,3,,"61,249"
"Series C - Phunware, Inc.",https://www.crunchbase.com/funding_round/phunware-series-c--4a9652bf,"Phunware, Inc.",https://www.crunchbase.com/organization/phunware,Series C,,"Jun 1, 2011",Late Stage Venture,,Yes,3,1,"151,145"
Seed Round - The Idealists,https://www.crunchbase.com/funding_round/idealists-seed--600c2ebe,The Idealists,https://www.crunchbase.com/organization/idealists,Seed,"$1,700,000","Jul 8, 2013",Seed,,Yes,8,1,"81,193"
Seed Round - Arsenic,https://www.crunchbase.com/funding_round/arsenic-seed--982c5455,Arsenic,https://www.crunchbase.com/organization/arsenic,Seed,,"Nov 15, 2015",Seed,,Yes,2,,"94,540"
Venture Round - Adly,https://www.crunchbase.com/funding_round/ad-ly-series-unknown--d0bcd01f,Adly,https://www.crunchbase.com/organization/ad-ly,Venture - Series Unknown,"$2,000,000","May 23, 2013",,,Yes,2,1,"152,858"
Seed Round - Vow To Be Chic,https://www.crunchbase.com/funding_round/vow-to-be-chic-seed--a8d4c119,Vow To Be Chic,https://www.crunchbase.com/organization/vow-to-be-chic,Seed,,"Apr 1, 2014",Seed,,Yes,5,,"152,969"
Seed Round - Caarly,https://www.crunchbase.com/funding_round/caarly-seed--d912b0b4,Caarly,https://www.crunchbase.com/organization/caarly,Seed,,"May 15, 2015",Seed,,Yes,1,,"83,118"
Seed Round - AFINITY,https://www.crunchbase.com/funding_round/affinity-networks-seed--fa99b0fa,AFINITY,https://www.crunchbase.com/organization/affinity-networks,Seed,"$500,000","Feb 10, 2015",Seed,,Yes,7,,"61,749"
Series A - MaestroDev,https://www.crunchbase.com/funding_round/maestrodev-series-a--fd1c8172,MaestroDev,https://www.crunchbase.com/organization/maestrodev,Series A,,"Jul 11, 2011",Early Stage Venture,,Yes,1,,"84,945"
Venture Round - webtide,https://www.crunchbase.com/funding_round/webtide-series-unknown--5faa8b81,webtide,https://www.crunchbase.com/organization/webtide,Venture - Series Unknown,,"Apr 1, 2007",,,Yes,1,,"87,070"
Seed Round - Naritiv,https://www.crunchbase.com/funding_round/naritiv-seed--3d75b6f4,Naritiv,https://www.crunchbase.com/organization/naritiv,Seed,"$1,200,000","Jan 1, 2015",Seed,,Yes,19,,"95,742"
Seed Round - Snapcart,https://www.crunchbase.com/funding_round/snapcart-seed--a8e6d473,Snapcart,https://www.crunchbase.com/organization/snapcart,Seed,"$3,000,000","Mar 27, 2017",Seed,,Yes,3,,"88,369"
Venture Round - DigitalGlobe,https://www.crunchbase.com/funding_round/digitalglobe-series-unknown--cdcf434e,DigitalGlobe,https://www.crunchbase.com/organization/digitalglobe,Venture - Series Unknown,,"Mar 1, 2004",,,Yes,1,,"89,648"
Venture Round - Technorati,https://www.crunchbase.com/funding_round/technorati-series-unknown--57987516,Technorati,https://www.crunchbase.com/organization/technorati,Venture - Series Unknown,,"Mar 1, 2008",,,Yes,1,,"62,922"
Venture Round - Pollenizer,https://www.crunchbase.com/funding_round/pollenizer-series-unknown--eba1fce5,Pollenizer,https://www.crunchbase.com/organization/pollenizer,Venture - Series Unknown,,"Jun 30, 2014",,,Yes,1,,"96,855"
Seed Round - Squabbler,https://www.crunchbase.com/funding_round/squabbler-seed--b04ff6f9,Squabbler,https://www.crunchbase.com/organization/squabbler,Seed,,"Feb 15, 2013",Seed,,Yes,11,,"96,859"
Series A - Ayannah,https://www.crunchbase.com/funding_round/ayannah-series-a--4ddca574,Ayannah,https://www.crunchbase.com/organization/ayannah,Series A,"$1,500,000","Oct 2, 2014",Early Stage Venture,,Yes,5,1,"97,186"
Seed Round - Uncovet,https://www.crunchbase.com/funding_round/uncovet-seed--dd2cf67d,Uncovet,https://www.crunchbase.com/organization/uncovet,Seed,"$1,300,000","May 21, 2013",Seed,,Yes,4,,"91,487"
Venture Round - Luxola,https://www.crunchbase.com/funding_round/luxola-series-unknown--ee72ddb4,Luxola,https://www.crunchbase.com/organization/luxola,Venture - Series Unknown,,"Aug 12, 2015",,,Yes,1,,"93,300"
Seed Round - Connexity,https://www.crunchbase.com/funding_round/connexity-seed--5f7430f1,Connexity,https://www.crunchbase.com/organization/connexity,Seed,"$3,000,000","Aug 2, 2012",Seed,,Yes,3,1,"63,759"
Series A - Invested.in,https://www.crunchbase.com/funding_round/invested-in-series-a--13eaed7a,Invested.in,https://www.crunchbase.com/organization/invested-in,Series A,"$880,000","Jan 19, 2012",Early Stage Venture,,Yes,4,,"63,991"
Series A - Zilingo,https://www.crunchbase.com/funding_round/zilingo-series-a--a1ed3cd7,Zilingo,https://www.crunchbase.com/organization/zilingo,Series A,"$8,000,000","Sep 5, 2016",Early Stage Venture,,Yes,7,1,"64,020"
Venture Round - XCast Labs,https://www.crunchbase.com/funding_round/xcast-labs-series-unknown--d364cd70,XCast Labs,https://www.crunchbase.com/organization/xcast-labs,Venture - Series Unknown,,"Mar 1, 2012",,,Yes,1,,"97,867"
Venture Round - Frenzoo,https://www.crunchbase.com/funding_round/frenzoo-series-unknown--ce3aeeaa,Frenzoo,https://www.crunchbase.com/organization/frenzoo,Venture - Series Unknown,"$1,000,000","May 10, 2012",,,Yes,4,,"193,775"
Seed Round - Greyloft,https://www.crunchbase.com/funding_round/greyloft-seed--27a6c086,Greyloft,https://www.crunchbase.com/organization/greyloft,Seed,"$1,100,000","Sep 28, 2016",Seed,,Yes,5,,"64,282"
Seed Round - Nemesis,https://www.crunchbase.com/funding_round/nemesis-seed--8d602dae,Nemesis,https://www.crunchbase.com/organization/nemesis,Seed,"$1,600,000","Feb 1, 2015",Seed,,Yes,2,,"101,926"
Venture Round - MINDBODY,https://www.crunchbase.com/funding_round/mindbody-series-unknown--b1ccdd04,MINDBODY,https://www.crunchbase.com/organization/mindbody,Venture - Series Unknown,,"Oct 1, 2005",,,Yes,2,,"101,388"
Venture Round - Novint Technologies,https://www.crunchbase.com/funding_round/novint-technologies-series-unknown--accf35ac,Novint Technologies,https://www.crunchbase.com/organization/novint-technologies,Venture - Series Unknown,,"May 1, 2004",,,Yes,1,,"103,674"
Seed Round - Ringadoc,https://www.crunchbase.com/funding_round/ringadoc-seed--0fab8109,Ringadoc,https://www.crunchbase.com/organization/ringadoc,Seed,"$700,000","May 16, 2013",Seed,,Yes,8,,"105,252"
Venture Round - Silent Eight Pte. Ltd.,https://www.crunchbase.com/funding_round/silent-eight-search-series-unknown--ca14992d,Silent Eight Pte. Ltd.,https://www.crunchbase.com/organization/silent-eight-search,Venture - Series Unknown,,"Jul 15, 2015",,,Yes,1,,"105,447"
Seed Round - AppAddictive,https://www.crunchbase.com/funding_round/appaddictive-seed--d42aa955,AppAddictive,https://www.crunchbase.com/organization/appaddictive,Seed,"$1,200,000","Jan 19, 2012",Seed,,Yes,2,1,"105,852"
"Series F - Phunware, Inc.",https://www.crunchbase.com/funding_round/phunware-series-f--a8a77690,"Phunware, Inc.",https://www.crunchbase.com/organization/phunware,Series F,"$19,300,000","Dec 30, 2015",Late Stage Venture,,Yes,5,2,"194,527"
Seed Round - VideoAmp,https://www.crunchbase.com/funding_round/videoamp-seed--f302a896,VideoAmp,https://www.crunchbase.com/organization/videoamp,Seed,"$2,200,000","Dec 12, 2014",Seed,,Yes,10,,"106,390"
Series A - Coin-In,https://www.crunchbase.com/funding_round/p4rc-series-a--5061b7a6,Coin-In,https://www.crunchbase.com/organization/p4rc,Series A,,"Feb 6, 2013",Early Stage Venture,,Yes,4,,"195,301"
Seed Round - Invested.in,https://www.crunchbase.com/funding_round/invested-in-seed--1f2edf1b,Invested.in,https://www.crunchbase.com/organization/invested-in,Seed,"$830,000","Nov 1, 2012",Seed,,Yes,16,,"107,114"
Seed Round - Smartkarma,https://www.crunchbase.com/funding_round/smartkarma-seed--172ee68a,Smartkarma,https://www.crunchbase.com/organization/smartkarma,Seed,"$2,800,000","Jan 15, 2015",Seed,,Yes,1,,"107,461"
Series A - Naritiv,https://www.crunchbase.com/funding_round/naritiv-series-a--aa4fd541,Naritiv,https://www.crunchbase.com/organization/naritiv,Series A,"$3,000,000","Jan 28, 2016",Early Stage Venture,,Yes,7,,"107,963"
Seed Round - Zumata,https://www.crunchbase.com/funding_round/zumata-ltd-seed--5025b8f6,Zumata,https://www.crunchbase.com/organization/zumata-ltd,Seed,,"Jun 30, 2014",Seed,,Yes,1,,"108,272"
Series A - 17hats,https://www.crunchbase.com/funding_round/17hats-series-a--56195451,17hats,https://www.crunchbase.com/organization/17hats,Series A,"$4,000,000","Oct 15, 2015",Early Stage Venture,,Yes,1,,"119,579"
Series B - Ayannah,https://www.crunchbase.com/funding_round/ayannah-series-b--a8089a31,Ayannah,https://www.crunchbase.com/organization/ayannah,Series B,"$3,000,000","Dec 29, 2015",Early Stage Venture,,Yes,7,2,"66,543"
Series A - Vow To Be Chic,https://www.crunchbase.com/funding_round/vow-to-be-chic-series-a--c966ccb0,Vow To Be Chic,https://www.crunchbase.com/organization/vow-to-be-chic,Series A,"$5,000,000","Jun 15, 2016",Early Stage Venture,,Yes,8,1,"108,693"
Seed Round - Bridg,https://www.crunchbase.com/funding_round/bridg-seed--0c6ba807,Bridg,https://www.crunchbase.com/organization/bridg,Seed,,"Apr 18, 2013",Seed,,Yes,3,,"108,830"
Series A - Cursive Labs,https://www.crunchbase.com/funding_round/cursive-labs-series-a--360a8039,Cursive Labs,https://www.crunchbase.com/organization/cursive-labs,Series A,"$2,200,000","May 7, 2015",Early Stage Venture,,Yes,5,1,"108,945"
Seed Round - JOANY,https://www.crunchbase.com/funding_round/impact-health-seed--b407ab48,JOANY,https://www.crunchbase.com/organization/impact-health,Seed,"$1,650,000","Oct 23, 2016",Seed,,Yes,6,,"110,063"
Seed Round - FanBread,https://www.crunchbase.com/funding_round/fanbread-seed--1c083773,FanBread,https://www.crunchbase.com/organization/fanbread,Seed,"$1,605,000","May 1, 2015",Seed,"$6,000,000",Yes,5,2,"197,884"
Seed Round - Weaver Labs,https://www.crunchbase.com/funding_round/weaverlabs-seed--5f1f9bfe,Weaver Labs,https://www.crunchbase.com/organization/weaverlabs,Seed,,"Dec 1, 2014",Seed,,Yes,4,,"110,326"
Seed Round - Saleswhale,https://www.crunchbase.com/funding_round/saleswhale-seed--31f11aaf,Saleswhale,https://www.crunchbase.com/organization/saleswhale,Seed,"$1,200,000","Apr 10, 2017",Seed,,Yes,8,,"198,999"
Seed Round - Telly,https://www.crunchbase.com/funding_round/twitvid-seed--5925cf3a,Telly,https://www.crunchbase.com/organization/twitvid,Seed,,"Oct 1, 2009",Seed,,Yes,1,,"199,785"
Convertible Note - cielo24,https://www.crunchbase.com/funding_round/cielo24-convertible-note--a12e2c1d,cielo24,https://www.crunchbase.com/organization/cielo24,Convertible Note,"$1,070,926","Sep 12, 2016",,,No,5,1,"111,477"
Seed Round - BeTheBeast,https://www.crunchbase.com/funding_round/bethebeast-seed--47fcbd60,BeTheBeast,https://www.crunchbase.com/organization/bethebeast,Seed,,"Nov 15, 2013",Seed,,Yes,1,,"200,116"
Seed Round - 17hats,https://www.crunchbase.com/funding_round/17hats-seed--d583fa6d,17hats,https://www.crunchbase.com/organization/17hats,Seed,"$1,250,000","Feb 18, 2015",Seed,,Yes,1,,"200,814"
Series A - Wavecell,https://www.crunchbase.com/funding_round/wavecell-series-a--7e7721c6,Wavecell,https://www.crunchbase.com/organization/wavecell,Series A,"$1,600,000","Dec 15, 2015",Early Stage Venture,,Yes,2,1,"112,114"
Series A - Moka,https://www.crunchbase.com/funding_round/moka-series-a--529e9e97,Moka,https://www.crunchbase.com/organization/moka,Series A,"$1,900,000","Jun 2, 2016",Early Stage Venture,,Yes,4,,"160,337"
Venture Round - Exist,https://www.crunchbase.com/funding_round/exist-global-series-unknown--0cdfd482,Exist,https://www.crunchbase.com/organization/exist-global,Venture - Series Unknown,,"Dec 1, 2006",,,Yes,1,,"160,696"
Seed Round - Ematic Solutions,https://www.crunchbase.com/funding_round/ematic-solutions-seed--4286e9bf,Ematic Solutions,https://www.crunchbase.com/organization/ematic-solutions,Seed,"$1,060,000","Dec 2, 2015",Seed,,Yes,3,,"161,559"
Series A - ShipHawk,https://www.crunchbase.com/funding_round/shiphawk-series-a--fc4aad97,ShipHawk,https://www.crunchbase.com/organization/shiphawk,Series A,"$1,000,000","Dec 1, 2013",Early Stage Venture,"$4,000,000",Yes,1,,"161,721"
Venture Round - Kout,https://www.crunchbase.com/funding_round/kout-series-unknown--31eaa01c,Kout,https://www.crunchbase.com/organization/kout,Venture - Series Unknown,"$1,600,000","Apr 1, 2013",,,Yes,2,,"162,167"
Seed Round - MatchMe,https://www.crunchbase.com/funding_round/matchme-2-seed--c2ec4649,MatchMe,https://www.crunchbase.com/organization/matchme-2,Seed,,"May 15, 2015",Seed,,Yes,1,,"162,540"
Venture Round - Morphlabs,https://www.crunchbase.com/funding_round/morph-labs-series-unknown--6b025c74,Morphlabs,https://www.crunchbase.com/organization/morph-labs,Venture - Series Unknown,,"Feb 11, 2011",,,Yes,1,,"163,684"
Series A - Ranker,https://www.crunchbase.com/funding_round/ranker-series-a--bded8847,Ranker,https://www.crunchbase.com/organization/ranker,Series A,"$1,300,000","Apr 4, 2011",Early Stage Venture,,Yes,7,2,"164,341"
Venture Round - Playsino,https://www.crunchbase.com/funding_round/playsino-series-unknown--182cb9dc,Playsino,https://www.crunchbase.com/organization/playsino,Venture - Series Unknown,"$1,500,000","Apr 20, 2012",,,Yes,5,,"182,862"
Seed Round - ZAP Group,https://www.crunchbase.com/funding_round/zap-com-seed--cbcc7ec9,ZAP Group,https://www.crunchbase.com/organization/zap-com,Seed,,"Oct 15, 2015",Seed,,Yes,1,,"183,204"
Venture Round - Viagogo,https://www.crunchbase.com/funding_round/viagogo-series-unknown--1a4f86e6,Viagogo,https://www.crunchbase.com/organization/viagogo,Venture - Series Unknown,,"Mar 1, 2005",,,Yes,2,,"202,694"
Seed Round - Gushcloud International ,https://www.crunchbase.com/funding_round/gushcloud-seed--8e92fa0a,Gushcloud International ,https://www.crunchbase.com/organization/gushcloud,Seed,,"Aug 12, 2015",Seed,,Yes,1,,"205,248"
Series A - StrikeAd,https://www.crunchbase.com/funding_round/strikead-series-a--140dad61,StrikeAd,https://www.crunchbase.com/organization/strikead,Series A,"$7,000,000","Sep 17, 2013",Early Stage Venture,,Yes,7,3,"207,613"
"Seed Round - Migo, Inc.",https://www.crunchbase.com/funding_round/migo-seed--a47ad2a9,"Migo, Inc.",https://www.crunchbase.com/organization/migo,Seed,"$1,775,000","Feb 1, 2017",Seed,,Yes,4,,"208,103"
Series A - Bridg,https://www.crunchbase.com/funding_round/bridg-series-a--a4a2f3bb,Bridg,https://www.crunchbase.com/organization/bridg,Series A,,"Jan 6, 2015",Early Stage Venture,,Yes,4,2,"209,092"
Seed Round - CreoPop,https://www.crunchbase.com/funding_round/creopop-seed--539a6d01,CreoPop,https://www.crunchbase.com/organization/creopop,Seed,"SGD2,000,000","Jun 2, 2015",Seed,,Yes,5,,"209,991"
"Venture Round - Prospect Medical Holdings, Inc.",https://www.crunchbase.com/funding_round/prospect-medical-holdings-inc-series-unknown--e805a8f8,"Prospect Medical Holdings, Inc.",https://www.crunchbase.com/organization/prospect-medical-holdings-inc,Venture - Series Unknown,,"Apr 1, 2004",,,Yes,1,,"184,481"
Series A - Glints,https://www.crunchbase.com/funding_round/glints-series-a--eccc6830,Glints,https://www.crunchbase.com/organization/glints,Series A,"SGD2,700,000","Sep 5, 2016",Early Stage Venture,,Yes,8,1,"188,432"
Seed Round - The Bouqs Company,https://www.crunchbase.com/funding_round/the-bouqs-company-seed--2a2e2c23,The Bouqs Company,https://www.crunchbase.com/organization/the-bouqs-company,Seed,"$1,100,000","Jun 25, 2013",Seed,,Yes,8,,"189,918"
Series B - Thunder,https://www.crunchbase.com/funding_round/paperg-series-b--def90e9f,Thunder,https://www.crunchbase.com/organization/paperg,Series B,"$7,000,000","Sep 29, 2015",Early Stage Venture,,Yes,7,1,"190,063"
Seed Round - Ayannah,https://www.crunchbase.com/funding_round/ayannah-seed--a642e46c,Ayannah,https://www.crunchbase.com/organization/ayannah,Seed,"$1,000,000","Jun 18, 2013",Seed,,Yes,2,2,"190,330"
Series A - FloQast,https://www.crunchbase.com/funding_round/floqast-series-a--fcb87c28,FloQast,https://www.crunchbase.com/organization/floqast,Series A,"$6,500,000","Mar 16, 2016",Early Stage Venture,,Yes,5,2,"191,993"
Seed Round - ARCSTONE,https://www.crunchbase.com/funding_round/arcstone-seed--810ab3ee,ARCSTONE,https://www.crunchbase.com/organization/arcstone,Seed,,"Nov 18, 2015",Seed,,Yes,4,,"192,120"
Venture Round - Organic To Go,https://www.crunchbase.com/funding_round/organic-to-go-series-unknown--35fed444,Organic To Go,https://www.crunchbase.com/organization/organic-to-go,Venture - Series Unknown,,"Jan 1, 2006",,,Yes,1,,"192,334"
Seed Round - TradeGecko,https://www.crunchbase.com/funding_round/tradegecko-seed--f36c4d35,TradeGecko,https://www.crunchbase.com/organization/tradegecko,Seed,"$1,200,000","Dec 17, 2012",Seed,,Yes,4,2,"192,898"
Venture Round - Kaligo Solutions,https://www.crunchbase.com/funding_round/kaligo-series-unknown--d4b14bde,Kaligo Solutions,https://www.crunchbase.com/organization/kaligo,Venture - Series Unknown,,"Aug 1, 2015",,,Yes,2,,"193,206"
Venture Round - Spark Marketing and Research,https://www.crunchbase.com/funding_round/spark-marketing-and-research-series-unknown--c004b79e,Spark Marketing and Research,https://www.crunchbase.com/organization/spark-marketing-and-research,Venture - Series Unknown,,"Jul 1, 2006",,,Yes,1,,"193,312"
Series A - Mobile Content Networks,https://www.crunchbase.com/funding_round/mobile-content-networks-series-a--5fcdc3c9,Mobile Content Networks,https://www.crunchbase.com/organization/mobile-content-networks,Series A,"$6,000,000","Oct 24, 2006",Early Stage Venture,,Yes,4,,"75,192"
Seed Round - Einsights,https://www.crunchbase.com/funding_round/einsights-seed--9a188480,Einsights,https://www.crunchbase.com/organization/einsights,Seed,,"Oct 15, 2015",Seed,,Yes,1,,"75,901"
Venture Round - Clupedia,https://www.crunchbase.com/funding_round/clupedia-series-unknown--a23f3d36,Clupedia,https://www.crunchbase.com/organization/clupedia,Venture - Series Unknown,,"Jun 1, 2007",,,Yes,1,,"78,000"
Seed Round - Postcard on the Run,https://www.crunchbase.com/funding_round/postcard-on-the-run-seed--69f5772c,Postcard on the Run,https://www.crunchbase.com/organization/postcard-on-the-run,Seed,"$1,300,000","Nov 22, 2012",Seed,,Yes,7,2,"78,360"
Seed Round - Rexter,https://www.crunchbase.com/funding_round/rexter-seed--21b3d485,Rexter,https://www.crunchbase.com/organization/rexter,Seed,"$400,000","Jan 1, 2012",Seed,,Yes,2,,"79,682"
Series A - DSTLD,https://www.crunchbase.com/funding_round/dstld-series-a--a32de4ac,DSTLD,https://www.crunchbase.com/organization/dstld,Series A,"$4,400,000","Nov 10, 2014",Early Stage Venture,,Yes,10,,"79,898"
Venture Round - YouMail,https://www.crunchbase.com/funding_round/youmail-series-unknown--198a219e,YouMail,https://www.crunchbase.com/organization/youmail,Venture - Series Unknown,,"Apr 1, 2011",,,Yes,1,,"79,961"
Seed Round - PicoCandy,https://www.crunchbase.com/funding_round/picocandy-seed--2e6350d0,PicoCandy,https://www.crunchbase.com/organization/picocandy,Seed,,"Mar 14, 2015",Seed,,Yes,1,,"80,263"
Seed Round - EAT Club,https://www.crunchbase.com/funding_round/eat-club-seed--11e35ea9,EAT Club,https://www.crunchbase.com/organization/eat-club,Seed,"$1,500,000","Jun 1, 2011",Seed,,Yes,8,1,"80,890"
Venture Round - Xyleme,https://www.crunchbase.com/funding_round/xylem-series-unknown--3c1a500a,Xyleme,https://www.crunchbase.com/organization/xylem,Venture - Series Unknown,,"Jan 1, 2011",,,Yes,1,,"83,135"
Series A - CARD.com,https://www.crunchbase.com/funding_round/card-com-series-a--5a005ab4,CARD.com,https://www.crunchbase.com/organization/card-com,Series A,"$3,000,000","Dec 5, 2013",Early Stage Venture,,Yes,5,,"88,318"
Seed Round - CtrlWorks,https://www.crunchbase.com/funding_round/ctrlworks-seed--9418e4a4,CtrlWorks,https://www.crunchbase.com/organization/ctrlworks,Seed,"$1,300,000","Jun 5, 2015",Seed,,Yes,3,,"98,687"
Venture Round - Coins.ph,https://www.crunchbase.com/funding_round/coins-ph-series-unknown--5d95a2ee,Coins.ph,https://www.crunchbase.com/organization/coins-ph,Venture - Series Unknown,,"Dec 1, 2015",,,Yes,1,,"99,438"
"Venture Round - MoAnima, Inc.",https://www.crunchbase.com/funding_round/moanima-inc-series-unknown--5a189a54,"MoAnima, Inc.",https://www.crunchbase.com/organization/moanima-inc,Venture - Series Unknown,,"Jul 1, 2010",,,Yes,1,,"99,471"
Series A - Surf Air,https://www.crunchbase.com/funding_round/surf-air-series-a--069b9f57,Surf Air,https://www.crunchbase.com/organization/surf-air,Series A,"$3,759,387","Jun 6, 2012",Early Stage Venture,,Yes,12,2,"100,151"
"Series B - Optimal, Inc.",https://www.crunchbase.com/funding_round/optimal-series-b--9ec1f48f,"Optimal, Inc.",https://www.crunchbase.com/organization/optimal,Series B,"$4,500,000","Jun 1, 2013",Early Stage Venture,,Yes,10,2,"100,511"
Seed Round - Structo,https://www.crunchbase.com/funding_round/structo-seed--d9e2fb2d,Structo,https://www.crunchbase.com/organization/structo,Seed,,"Apr 1, 2014",Seed,,Yes,2,,"102,163"
Seed Round - Ribbon,https://www.crunchbase.com/funding_round/ribbon-seed--0c6eca5f,Ribbon,https://www.crunchbase.com/organization/ribbon,Seed,"$1,630,000","Feb 5, 2013",Seed,,Yes,6,1,"104,711"
Seed Round - Helpster,https://www.crunchbase.com/funding_round/helpster-seed--76b2deb1,Helpster,https://www.crunchbase.com/organization/helpster,Seed,"$2,100,000","Nov 14, 2016",Seed,,Yes,2,,"104,806"
Seed Round - Breaker,https://www.crunchbase.com/funding_round/breaker-seed--8fdcdbfb,Breaker,https://www.crunchbase.com/organization/breaker,Seed,"$2,000,000","Jan 2, 2014",Seed,,Yes,2,,"105,023"
Series B - TakeLessons,https://www.crunchbase.com/funding_round/takelessons-com-series-b--473cf47f,TakeLessons,https://www.crunchbase.com/organization/takelessons-com,Series B,"$4,000,000","Jan 1, 2013",Early Stage Venture,,Yes,6,4,"123,125"
Seed Round - Groupsite,https://www.crunchbase.com/funding_round/collectivex-seed--d300529d,Groupsite,https://www.crunchbase.com/organization/collectivex,Seed,"$2,000,000","Dec 1, 2009",Seed,,Yes,1,,"114,867"
Series A - Exborders (SYW Pte Ltd) ,https://www.crunchbase.com/funding_round/shop-your-world-series-a--3f8035d5,Exborders (SYW Pte Ltd) ,https://www.crunchbase.com/organization/shop-your-world,Series A,,"Sep 18, 2013",Early Stage Venture,,Yes,3,1,"116,682"
Series A - Make It Work,https://www.crunchbase.com/funding_round/make-it-work-series-a--ea1fbd5c,Make It Work,https://www.crunchbase.com/organization/make-it-work,Series A,"$1,000,000","Nov 15, 2005",Early Stage Venture,,Yes,2,,"123,651"
Seed Round - EVENTup,https://www.crunchbase.com/funding_round/eventup-seed--8bd0978e,EVENTup,https://www.crunchbase.com/organization/eventup,Seed,"$1,800,000","Jun 4, 2012",Seed,,Yes,5,1,"131,641"
Seed Round - Dealflicks,https://www.crunchbase.com/funding_round/dealflicks-seed--a4f6f93c,Dealflicks,https://www.crunchbase.com/organization/dealflicks,Seed,"$2,900,000","Oct 27, 2015",Seed,,Yes,4,,"118,760"
Series A - cielo24,https://www.crunchbase.com/funding_round/cielo24-series-a--f9973545,cielo24,https://www.crunchbase.com/organization/cielo24,Series A,"$5,100,000","Oct 13, 2015",Early Stage Venture,,Yes,6,1,"132,211"
Seed Round - SodaHead,https://www.crunchbase.com/funding_round/sodahead-seed--1b72b864,SodaHead,https://www.crunchbase.com/organization/sodahead,Seed,,"Sep 1, 2006",Seed,,Yes,2,,"133,046"
"Venture Round - Praized Media, Inc.",https://www.crunchbase.com/funding_round/praized-media-inc-series-unknown--69632b2e,"Praized Media, Inc.",https://www.crunchbase.com/organization/praized-media-inc,Venture - Series Unknown,,"Sep 1, 2009",,,Yes,1,,"133,060"
Seed Round - Kalibrr,https://www.crunchbase.com/funding_round/kalibrr-seed--2c32fe02,Kalibrr,https://www.crunchbase.com/organization/kalibrr,Seed,,"Dec 18, 2013",Seed,,Yes,4,,"133,152"
Series A - TradeGecko,https://www.crunchbase.com/funding_round/tradegecko-series-a--091f4b0f,TradeGecko,https://www.crunchbase.com/organization/tradegecko,Series A,"$6,500,000","Apr 21, 2015",Early Stage Venture,,Yes,3,1,"135,456"
Series A - StyleHaul,https://www.crunchbase.com/funding_round/stylehaul-series-a--3ddf477e,StyleHaul,https://www.crunchbase.com/organization/stylehaul,Series A,"$4,400,000","Feb 2, 2012",Early Stage Venture,,Yes,6,1,"70,037"
Seed Round - Eko,https://www.crunchbase.com/funding_round/eko-seed--2efac762,Eko,https://www.crunchbase.com/organization/eko,Seed,"$1,000,000","Apr 9, 2014",Seed,,Yes,3,,"71,267"
Venture Round - Winc,https://www.crunchbase.com/funding_round/clubw-com-series-unknown--81a3af90,Winc,https://www.crunchbase.com/organization/clubw-com,Venture - Series Unknown,"$3,100,000","Feb 7, 2013",,,Yes,7,3,"71,356"
Series A - Red Dot Payment,https://www.crunchbase.com/funding_round/red-dot-payment-series-a--e744d443,Red Dot Payment,https://www.crunchbase.com/organization/red-dot-payment,Series A,,"Sep 2, 2014",Early Stage Venture,,Yes,2,,"71,611"
Seed Round - RadPad,https://www.crunchbase.com/funding_round/radpad-seed--256a6f9c,RadPad,https://www.crunchbase.com/organization/radpad,Seed,"$600,000","Nov 6, 2013",Seed,,Yes,7,1,"72,389"
Seed Round - Postcard on the Run,https://www.crunchbase.com/funding_round/postcard-on-the-run-seed--756899e7,Postcard on the Run,https://www.crunchbase.com/organization/postcard-on-the-run,Seed,"$1,832,595","Aug 9, 2012",Seed,,Yes,5,2,"73,094"
Seed Round - DFR Asia,https://www.crunchbase.com/funding_round/dfr-asia-seed--81ce0c8a,DFR Asia,https://www.crunchbase.com/organization/dfr-asia,Seed,,"Jun 13, 2015",Seed,,Yes,1,,"73,390"
Seed Round - BeTheBeast,https://www.crunchbase.com/funding_round/bethebeast-seed--dd0334c9,BeTheBeast,https://www.crunchbase.com/organization/bethebeast,Seed,,"Oct 3, 2014",Seed,,Yes,1,,"125,986"
Venture Round - ZAP Group,https://www.crunchbase.com/funding_round/zap-com-series-unknown--2438af0e,ZAP Group,https://www.crunchbase.com/organization/zap-com,Venture - Series Unknown,"$850,000","Jun 6, 2014",,,Yes,2,,"73,770"
Venture Round - Stacck,https://www.crunchbase.com/funding_round/stacck-series-unknown--853e6265,Stacck,https://www.crunchbase.com/organization/stacck,Venture - Series Unknown,,"Dec 1, 2015",,,Yes,3,,"143,758"
Seed Round - Art of Click,https://www.crunchbase.com/funding_round/art-of-click-seed--f7ec6bad,Art of Click,https://www.crunchbase.com/organization/art-of-click,Seed,"SGD589,000","Oct 9, 2013",Seed,,Yes,2,,"143,901"
Seed Round - Gradient X,https://www.crunchbase.com/funding_round/gradient-x-seed--0d11f498,Gradient X,https://www.crunchbase.com/organization/gradient-x,Seed,"$3,750,000","Jun 20, 2012",Seed,,Yes,11,4,"150,388"
Series A - Pie,https://www.crunchbase.com/funding_round/pie-computing-series-a--1bbe41f5,Pie,https://www.crunchbase.com/organization/pie-computing,Series A,"$1,200,000","Jun 4, 2015",Early Stage Venture,,Yes,5,,"153,898"
