Transaction Name,Transaction Name URL,Organization Name,Organization Name URL,Funding Type,Money Raised,Announced Date,Funding Stage,Pre-Money Valuation,Equity Only Funding,Number of Investors,Number of Partner Investors,CB Rank (Funding Round)
Series A - TheWaveVR,https://www.crunchbase.com/funding_round/thewave-series-a--5a9376e5,TheWaveVR,https://www.crunchbase.com/organization/thewave,Series A,"$6,000,000","Apr 19, 2018",Early Stage Venture,,Yes,9,1,24
Series B - Expel,https://www.crunchbase.com/funding_round/expel-series-b--416dc116,Expel,https://www.crunchbase.com/organization/expel,Series B,"$20,000,000","Apr 10, 2018",Early Stage Venture,,Yes,7,3,195
Seed Round - Eden Health,https://www.crunchbase.com/funding_round/eden-health-seed--55738353,Eden Health,https://www.crunchbase.com/organization/eden-health,Seed,"$4,000,000","Mar 20, 2018",Seed,,Yes,5,,214
Series A - Red Balloon Security,https://www.crunchbase.com/funding_round/red-balloon-secrurity-series-a--c5d18392,Red Balloon Security,https://www.crunchbase.com/organization/red-balloon-secrurity,Series A,"$21,900,000","Apr 3, 2018",Early Stage Venture,,Yes,4,,310
Series A - 11 Honore,https://www.crunchbase.com/funding_round/11-honore-series-a--92571fdf,11 Honore,https://www.crunchbase.com/organization/11-honore,Series A,"$8,000,000","Mar 19, 2018",Early Stage Venture,,Yes,5,1,447
Venture Round - SEMrush,https://www.crunchbase.com/funding_round/semrush-series-unknown--62110bc7,SEMrush,https://www.crunchbase.com/organization/semrush,Venture - Series Unknown,"$40,000,000","Apr 24, 2018",,,Yes,3,,657
Series E - BetterCloud,https://www.crunchbase.com/funding_round/bettercloud-series-e--5f8588c0,BetterCloud,https://www.crunchbase.com/organization/bettercloud,Series E,"$60,000,000","Apr 5, 2018",Late Stage Venture,,Yes,6,4,752
Series A - Voicera,https://www.crunchbase.com/funding_round/workfit-series-a--f9bd1ab0,Voicera,https://www.crunchbase.com/organization/workfit,Series A,"$14,500,000","Mar 7, 2018",Early Stage Venture,,Yes,10,1,"1,146"
Series A - Overtime,https://www.crunchbase.com/funding_round/overtime-series-a--7a34d690,Overtime,https://www.crunchbase.com/organization/overtime,Series A,"$9,500,000","Feb 14, 2018",Early Stage Venture,,Yes,17,,"1,156"
Series B - Pioneer Square Labs,https://www.crunchbase.com/funding_round/pioneer-square-labs-series-b--f6671a3f,Pioneer Square Labs,https://www.crunchbase.com/organization/pioneer-square-labs,Series B,"$15,000,000","Jan 18, 2018",Early Stage Venture,,Yes,18,1,"1,487"
Series D - Icertis,https://www.crunchbase.com/funding_round/icertis-series-d--da247a14,Icertis,https://www.crunchbase.com/organization/icertis,Series D,"$50,000,000","Feb 8, 2018",Late Stage Venture,"$450,000,000",Yes,8,2,"2,157"
Seed Round - Streem Inc,https://www.crunchbase.com/funding_round/streem-inc-seed--80563837,Streem Inc,https://www.crunchbase.com/organization/streem-inc,Seed,"$1,725,000","Dec 19, 2017",Seed,,Yes,9,1,"2,362"
Seed Round - Pyka,https://www.crunchbase.com/funding_round/pyka-seed--1fd87e41,Pyka,https://www.crunchbase.com/organization/pyka,Seed,"$3,000,000","Aug 24, 2017",Seed,,Yes,10,,"2,458"
Seed Round - Workast,https://www.crunchbase.com/funding_round/workast-seed--9279b825,Workast,https://www.crunchbase.com/organization/workast,Seed,"$1,850,000","Feb 15, 2018",Seed,,Yes,4,,"2,578"
Series B - Livelike,https://www.crunchbase.com/funding_round/livelike-series-b--8c70b72e,Livelike,https://www.crunchbase.com/organization/livelike,Series B,"$9,600,000","Feb 16, 2018",Early Stage Venture,,Yes,6,,"2,603"
Seed Round - ZenBusiness Inc.,https://www.crunchbase.com/funding_round/zenbusiness-seed--6afd7439,ZenBusiness Inc.,https://www.crunchbase.com/organization/zenbusiness,Seed,"$4,500,000","Feb 15, 2018",Seed,,Yes,6,,"2,830"
Venture Round - LumaTax,https://www.crunchbase.com/funding_round/lumatax-series-unknown--28b6bf51,LumaTax,https://www.crunchbase.com/organization/lumatax,Venture - Series Unknown,"$3,000,000","Jan 17, 2018",,,Yes,4,1,"3,098"
Series B - Thrive Global,https://www.crunchbase.com/funding_round/thrive-global-series-b--0054d2cf,Thrive Global,https://www.crunchbase.com/organization/thrive-global,Series B,"$30,000,000","Nov 29, 2017",Early Stage Venture,"$90,000,000",Yes,7,1,"3,108"
Series A - Candid,https://www.crunchbase.com/funding_round/candid-4-series-a--75536de4,Candid,https://www.crunchbase.com/organization/candid-4,Series A,"$15,000,000","Nov 21, 2017",Early Stage Venture,,Yes,7,1,"3,332"
Series A - Optimus Ride,https://www.crunchbase.com/funding_round/optimus-ride-series-a--b8ebf166,Optimus Ride,https://www.crunchbase.com/organization/optimus-ride,Series A,"$18,000,000","Nov 2, 2017",Early Stage Venture,,Yes,6,3,"3,472"
"Seed Round - Allure Security Technology, Inc.",https://www.crunchbase.com/funding_round/allure-security-technology-inc-seed--20c695bf,"Allure Security Technology, Inc.",https://www.crunchbase.com/organization/allure-security-technology-inc,Seed,"$5,300,000","Jan 25, 2018",Seed,,Yes,4,1,"3,518"
Series A - YieldStreet,https://www.crunchbase.com/funding_round/yieldstreet-series-a--1b15f9f0,YieldStreet,https://www.crunchbase.com/organization/yieldstreet,Series A,"$12,800,000","Jan 10, 2018",Early Stage Venture,,Yes,5,3,"3,740"
Seed Round - Sanctuary,https://www.crunchbase.com/funding_round/sanctuary-seed--17d4cf42,Sanctuary,https://www.crunchbase.com/organization/sanctuary,Seed,"$1,500,000","Dec 7, 2017",Seed,,Yes,5,2,"3,808"
Seed Round - Bambee,https://www.crunchbase.com/funding_round/bambee-seed--58bbefbc,Bambee,https://www.crunchbase.com/organization/bambee,Seed,"$3,000,000","Jun 1, 2016",Seed,,Yes,7,,"3,939"
Series D - Acorns,https://www.crunchbase.com/funding_round/acorns-grow-series-d--32eb1dde,Acorns,https://www.crunchbase.com/organization/acorns-grow,Series D,"$35,000,000","Apr 21, 2016",Late Stage Venture,,Yes,7,,"4,034"
Seed Round - TRAY,https://www.crunchbase.com/funding_round/vendsy-inc-seed--45ecef1f,TRAY,https://www.crunchbase.com/organization/vendsy-inc,Seed,,"Sep 14, 2017",Seed,,Yes,4,4,"4,041"
Series D - Acorns,https://www.crunchbase.com/funding_round/acorns-grow-series-d--9647f57f,Acorns,https://www.crunchbase.com/organization/acorns-grow,Series D,"$35,000,000","Jul 20, 2017",Late Stage Venture,,Yes,6,,"4,189"
Seed Round - FanAI Inc.,https://www.crunchbase.com/funding_round/fanai-inc-seed--f1f14867,FanAI Inc.,https://www.crunchbase.com/organization/fanai-inc,Seed,"$1,800,000","Jul 24, 2017",Seed,,Yes,13,11,"4,540"
Seed Round - WISE APPLE,https://www.crunchbase.com/funding_round/pak-d-seed--3b51a0e4,WISE APPLE,https://www.crunchbase.com/organization/pak-d,Seed,"$3,600,000","Aug 29, 2017",Seed,,Yes,8,1,"5,109"
Series A - Allset,https://www.crunchbase.com/funding_round/allset-series-a--3cc988a2,Allset,https://www.crunchbase.com/organization/allset,Series A,"$5,000,000","Oct 17, 2017",Early Stage Venture,,Yes,6,2,"5,117"
Seed Round - Boost Insurance,https://www.crunchbase.com/funding_round/boost-insurance-seed--3b6cc151,Boost Insurance,https://www.crunchbase.com/organization/boost-insurance,Seed,"$3,000,000","Sep 26, 2017",Seed,,Yes,5,1,"5,169"
Series A - Flutterwave,https://www.crunchbase.com/funding_round/flutterwave-series-a--e89d89f7,Flutterwave,https://www.crunchbase.com/organization/flutterwave,Series A,"$10,000,000","Jul 31, 2017",Early Stage Venture,,Yes,7,3,"5,454"
Series B - NuORDER,https://www.crunchbase.com/funding_round/nuorder-series-b--c906b1c8,NuORDER,https://www.crunchbase.com/organization/nuorder,Series B,"$8,000,000","Aug 15, 2017",Early Stage Venture,,Yes,6,2,"5,607"
Seed Round - Peanut,https://www.crunchbase.com/funding_round/peanut-2-seed--bb853889,Peanut,https://www.crunchbase.com/organization/peanut-2,Seed,,"Nov 20, 2017",Seed,,Yes,4,2,"5,720"
Series C - Resonate,https://www.crunchbase.com/funding_round/resonate-networks-series-c--860f0342,Resonate,https://www.crunchbase.com/organization/resonate-networks,Series C,"$8,000,000","Nov 7, 2017",Late Stage Venture,,Yes,3,1,"6,140"
Series A - Nimble TV,https://www.crunchbase.com/funding_round/nimble-tv-series-a--c5a0439d,Nimble TV,https://www.crunchbase.com/organization/nimble-tv,Series A,"$4,500,000","Sep 14, 2012",Early Stage Venture,,Yes,6,2,"6,617"
Series B - Bread,https://www.crunchbase.com/funding_round/bread-series-b--88934d9a,Bread,https://www.crunchbase.com/organization/bread,Series B,"$126,000,000","Aug 2, 2017",Early Stage Venture,,Yes,8,6,"6,723"
Series B - Karmic Labs,https://www.crunchbase.com/funding_round/karmic-labs-series-b--fe7f64d5,Karmic Labs,https://www.crunchbase.com/organization/karmic-labs,Series B,"$17,200,000","Jul 19, 2017",Early Stage Venture,,Yes,7,2,"6,986"
Seed Round - Knowsy,https://www.crunchbase.com/funding_round/knowsy-seed--04f66bb9,Knowsy,https://www.crunchbase.com/organization/knowsy,Seed,"$2,000,000","Oct 1, 2015",Seed,,Yes,3,1,"7,000"
Series B - Recurly,https://www.crunchbase.com/funding_round/recurly-series-b--8c77b5a3,Recurly,https://www.crunchbase.com/organization/recurly,Series B,,"Oct 1, 2014",Early Stage Venture,,Yes,2,2,"7,005"
Seed Round - Billie,https://www.crunchbase.com/funding_round/billie-seed--e27c01fb,Billie,https://www.crunchbase.com/organization/billie,Seed,,"Nov 1, 2017",Seed,,Yes,1,1,"7,004"
Seed Round - WONDER,https://www.crunchbase.com/funding_round/wonder-4-seed--4d208301,WONDER,https://www.crunchbase.com/organization/wonder-4,Seed,,"Jul 1, 2016",Seed,,Yes,14,,"7,046"
Series B - AXIOS Media,https://www.crunchbase.com/funding_round/axios-series-b--31f9c2b2,AXIOS Media,https://www.crunchbase.com/organization/axios,Series B,"$20,000,000","Nov 17, 2017",Early Stage Venture,,Yes,2,,"7,604"
Series B - CareSync,https://www.crunchbase.com/funding_round/caresync-series-b--cd48cdd2,CareSync,https://www.crunchbase.com/organization/caresync,Series B,"$26,500,000","Aug 1, 2017",Early Stage Venture,,Yes,5,,"9,003"
Series A - AwesomenessTV,https://www.crunchbase.com/funding_round/awesomeness-tv-series-a--a3c7838e,AwesomenessTV,https://www.crunchbase.com/organization/awesomeness-tv,Series A,"$3,500,000","Aug 7, 2012",Early Stage Venture,,Yes,10,2,"9,304"
Series B - Amplero,https://www.crunchbase.com/funding_round/amplero-series-b--dd03cad0,Amplero,https://www.crunchbase.com/organization/amplero,Series B,"$17,500,000","Aug 29, 2017",Early Stage Venture,,Yes,5,3,"9,549"
Series A - Hubble Contacts,https://www.crunchbase.com/funding_round/hubble-contacts-series-a--33fb5b96,Hubble Contacts,https://www.crunchbase.com/organization/hubble-contacts,Series A,"$10,000,000","Aug 28, 2017",Early Stage Venture,,Yes,5,1,"9,773"
Series C - Acorns,https://www.crunchbase.com/funding_round/acorns-grow-series-c--6c0f6f3f,Acorns,https://www.crunchbase.com/organization/acorns-grow,Series C,"$23,000,000","Feb 15, 2015",Late Stage Venture,"$83,000,000",Yes,7,2,"11,566"
Series B - BlueCart,https://www.crunchbase.com/funding_round/bluecart-series-b--d5a7e8e6,BlueCart,https://www.crunchbase.com/organization/bluecart,Series B,"$5,000,000","Apr 13, 2018",Early Stage Venture,,Yes,1,1,"12,381"
Series B - Wonderbly,https://www.crunchbase.com/funding_round/lost-my-name-series-b--0a96e2f6,Wonderbly,https://www.crunchbase.com/organization/lost-my-name,Series B,"$8,500,000","Jun 6, 2017",Early Stage Venture,,Yes,6,,"12,737"
Series C - Deposit Solutions,https://www.crunchbase.com/funding_round/deposit-solutions-series-c--ec714571,Deposit Solutions,https://www.crunchbase.com/organization/deposit-solutions,Series C,"$20,000,000","Nov 30, 2017",Late Stage Venture,,Yes,2,1,"12,910"
Series C - Flashpoint,https://www.crunchbase.com/funding_round/flashpoint-partners-series-c--ccf9b55c,Flashpoint,https://www.crunchbase.com/organization/flashpoint-partners,Series C,"$28,000,000","Jul 12, 2017",Late Stage Venture,,Yes,7,5,"14,686"
Series B - Klout,https://www.crunchbase.com/funding_round/klout-series-b--edaf4eb0,Klout,https://www.crunchbase.com/organization/klout,Series B,"$8,500,000","Jan 10, 2011",Early Stage Venture,,Yes,11,6,"14,837"
Series A - Vertical Mass,https://www.crunchbase.com/funding_round/vertical-mass-series-a--f22b8be6,Vertical Mass,https://www.crunchbase.com/organization/vertical-mass,Series A,"$5,000,000","Oct 18, 2016",Early Stage Venture,,Yes,9,3,"15,578"
Series A - BitPesa,https://www.crunchbase.com/funding_round/bitpesa-series-a--6c422706,BitPesa,https://www.crunchbase.com/organization/bitpesa,Series A,"$4,250,000","Aug 30, 2017",Early Stage Venture,,Yes,2,2,"18,334"
Venture Round - The Young Turks,https://www.crunchbase.com/funding_round/the-young-turks-series-unknown--15d48008,The Young Turks,https://www.crunchbase.com/organization/the-young-turks,Venture - Series Unknown,"$20,000,000","Aug 8, 2017",,,Yes,4,2,"19,108"
Seed Round - Wallaroo Labs,https://www.crunchbase.com/funding_round/sendence-seed--46d1720a,Wallaroo Labs,https://www.crunchbase.com/organization/sendence,Seed,"$1,500,000","Jul 11, 2017",Seed,,Yes,5,1,"19,262"
Series C - Clique,https://www.crunchbase.com/funding_round/clique-media-3-series-c--e45c3572,Clique,https://www.crunchbase.com/organization/clique-media-3,Series C,"$15,000,000","Jun 27, 2017",Late Stage Venture,,Yes,6,,"22,785"
Seed Round - Voicera,https://www.crunchbase.com/funding_round/workfit-seed--92a813fa,Voicera,https://www.crunchbase.com/organization/workfit,Seed,"$5,500,000","Feb 27, 2017",Seed,,Yes,8,1,"23,383"
Seed Round - ClearGraph,https://www.crunchbase.com/funding_round/argo-seed--fde97657,ClearGraph,https://www.crunchbase.com/organization/argo,Seed,"$1,500,000","Mar 11, 2016",Seed,,Yes,3,1,"23,439"
Series A - HealthReveal,https://www.crunchbase.com/funding_round/healthreveal-series-a--f97d91e1,HealthReveal,https://www.crunchbase.com/organization/healthreveal,Series A,"$10,800,000","Feb 10, 2017",Early Stage Venture,,Yes,4,1,"23,936"
Series B - Bright Health,https://www.crunchbase.com/funding_round/bright-health-series-b--1ba500dc,Bright Health,https://www.crunchbase.com/organization/bright-health,Series B,"$160,000,000","Jun 1, 2017",Early Stage Venture,,Yes,8,4,"24,399"
Series A - Klout,https://www.crunchbase.com/funding_round/klout-series-a--c32d0c5f,Klout,https://www.crunchbase.com/organization/klout,Series A,"$1,500,000","Apr 28, 2010",Early Stage Venture,,Yes,17,6,"25,869"
Convertible Note - Fresh Nation,https://www.crunchbase.com/funding_round/fresh-nation-convertible-note--b1ce5014,Fresh Nation,https://www.crunchbase.com/organization/fresh-nation,Convertible Note,"$2,500,000","Jan 20, 2017",,,No,4,,"25,930"
Series A - Blue Apron,https://www.crunchbase.com/funding_round/blue-apron-series-a--a0bb1c33,Blue Apron,https://www.crunchbase.com/organization/blue-apron,Series A,"$3,000,000","Feb 19, 2013",Early Stage Venture,,Yes,10,5,"25,971"
Series A - QUALIA (formed QBC Holdings Inc. 2015),https://www.crunchbase.com/funding_round/localresponse-series-a--82a17989,QUALIA (formed QBC Holdings Inc. 2015),https://www.crunchbase.com/organization/localresponse,Series A,"$3,000,000","May 4, 2008",Early Stage Venture,,Yes,2,,"26,214"
Series A - Pioneer Square Labs,https://www.crunchbase.com/funding_round/pioneer-square-labs-series-a--1897c15c,Pioneer Square Labs,https://www.crunchbase.com/organization/pioneer-square-labs,Series A,"$12,500,000","Oct 1, 2015",Early Stage Venture,,Yes,19,4,"26,334"
Series A - Scopely,https://www.crunchbase.com/funding_round/scopely-series-a--51bf4ec8,Scopely,https://www.crunchbase.com/organization/scopely,Series A,"$35,000,000","Nov 13, 2014",Early Stage Venture,,Yes,13,4,"27,023"
Series B - Button,https://www.crunchbase.com/funding_round/button-series-b--736cc38f,Button,https://www.crunchbase.com/organization/button,Series B,"$20,000,000","Jan 25, 2017",Early Stage Venture,,Yes,5,1,"28,344"
Series A - BitPesa,https://www.crunchbase.com/funding_round/bitpesa-series-a--53b9ff89,BitPesa,https://www.crunchbase.com/organization/bitpesa,Series A,"$2,500,000","Jan 30, 2017",Early Stage Venture,,Yes,8,3,"28,578"
"Convertible Note - FairClaims, Inc.",https://www.crunchbase.com/funding_round/arbiclaims-inc-convertible-note--21c97180,"FairClaims, Inc.",https://www.crunchbase.com/organization/arbiclaims-inc,Convertible Note,"$1,800,000","Jul 12, 2017",,,No,3,,"28,749"
Series A - PebblePost,https://www.crunchbase.com/funding_round/pebblepost-series-a--755012fe,PebblePost,https://www.crunchbase.com/organization/pebblepost,Series A,"$6,500,000","May 12, 2016",Early Stage Venture,,Yes,4,1,"28,906"
Series A - Karmic Labs,https://www.crunchbase.com/funding_round/karmic-labs-series-a--665a5822,Karmic Labs,https://www.crunchbase.com/organization/karmic-labs,Series A,"$5,000,000","Jul 8, 2015",Early Stage Venture,,Yes,3,,"29,729"
Series A - Managed by Q,https://www.crunchbase.com/funding_round/managed-by-q-series-a--f661465b,Managed by Q,https://www.crunchbase.com/organization/managed-by-q,Series A,"$15,000,000","Jun 18, 2015",Early Stage Venture,,Yes,16,5,"30,638"
Seed Round - Thirty Madison,https://www.crunchbase.com/funding_round/thirty-madison-seed--b4ef2881,Thirty Madison,https://www.crunchbase.com/organization/thirty-madison,Seed,"$2,749,996","May 19, 2017",Seed,,Yes,1,,"31,463"
Venture Round - Scopely,https://www.crunchbase.com/funding_round/scopely-series-unknown--af9097a8,Scopely,https://www.crunchbase.com/organization/scopely,Venture - Series Unknown,"$8,500,000","Sep 19, 2012",,,Yes,28,7,"32,964"
Series B - Layer,https://www.crunchbase.com/funding_round/layer-series-b--83879a99,Layer,https://www.crunchbase.com/organization/layer,Series B,"$15,000,000","Mar 5, 2017",Early Stage Venture,,Yes,5,,"33,457"
Series A - Icertis,https://www.crunchbase.com/funding_round/icertis-series-a--9fdbdcaa,Icertis,https://www.crunchbase.com/organization/icertis,Series A,"$6,000,000","Apr 28, 2015",Early Stage Venture,,Yes,2,2,"34,030"
Series B - Icertis,https://www.crunchbase.com/funding_round/icertis-series-b--e70691f2,Icertis,https://www.crunchbase.com/organization/icertis,Series B,"$15,000,000","Mar 10, 2016",Early Stage Venture,,Yes,3,1,"34,055"
Series B - Scopely,https://www.crunchbase.com/funding_round/scopely-series-b--87010381,Scopely,https://www.crunchbase.com/organization/scopely,Series B,"$55,000,000","Jul 26, 2016",Early Stage Venture,,Yes,6,,"35,617"
Series B - Shipt,https://www.crunchbase.com/funding_round/shipt-2-series-b--8edbab3a,Shipt,https://www.crunchbase.com/organization/shipt-2,Series B,"$40,000,000","Jun 5, 2017",Early Stage Venture,,Yes,3,1,"35,840"
Series A - Highlight,https://www.crunchbase.com/funding_round/highlight-series-a--4ac2b0ec,Highlight,https://www.crunchbase.com/organization/highlight,Series A,"$4,000,000","Dec 12, 2013",Early Stage Venture,,Yes,6,2,"37,992"
Series A - Media Armor,https://www.crunchbase.com/funding_round/media-armor-series-a--83befaec,Media Armor,https://www.crunchbase.com/organization/media-armor,Series A,"$1,530,000","Feb 10, 2012",Early Stage Venture,,Yes,8,1,"38,109"
Series A - Cotopaxi,https://www.crunchbase.com/funding_round/cotopaxi-series-a--a2a159d5,Cotopaxi,https://www.crunchbase.com/organization/cotopaxi,Series A,"$6,500,000","Mar 24, 2015",Early Stage Venture,,Yes,8,3,"38,689"
Series A - Boxed,https://www.crunchbase.com/funding_round/boxed-series-a--426cd2bc,Boxed,https://www.crunchbase.com/organization/boxed,Series A,"$6,500,000","May 13, 2014",Early Stage Venture,,Yes,13,11,"38,872"
Series C - Klout,https://www.crunchbase.com/funding_round/klout-series-c--3a7de8b1,Klout,https://www.crunchbase.com/organization/klout,Series C,"$30,000,000","Jan 1, 2012",Late Stage Venture,,Yes,11,7,"39,073"
Series A - Thrive Global,https://www.crunchbase.com/funding_round/thrive-global-series-a--30586b16,Thrive Global,https://www.crunchbase.com/organization/thrive-global,Series A,"$7,000,000","Aug 11, 2016",Early Stage Venture,"$33,000,000",Yes,16,4,"39,021"
Venture Round - Validately,https://www.crunchbase.com/funding_round/validately-series-unknown--5994053c,Validately,https://www.crunchbase.com/organization/validately,Venture - Series Unknown,,"Aug 1, 2011",,,Yes,3,1,"39,167"
Series B - Deposit Solutions,https://www.crunchbase.com/funding_round/deposit-solutions-series-b--32278990,Deposit Solutions,https://www.crunchbase.com/organization/deposit-solutions,Series B,"€15,000,000","Jul 21, 2016",Early Stage Venture,"€110,000,000",Yes,5,3,"39,168"
Series A - Openbucks,https://www.crunchbase.com/funding_round/openbucks-series-a--3ea38427,Openbucks,https://www.crunchbase.com/organization/openbucks,Series A,"$4,800,000","Jul 16, 2012",Early Stage Venture,,Yes,15,2,"39,600"
Venture Round - Comparably,https://www.crunchbase.com/funding_round/comparably-series-unknown--a322064c,Comparably,https://www.crunchbase.com/organization/comparably,Venture - Series Unknown,"$7,250,000","Jan 30, 2017",,,Yes,8,,"39,721"
Seed Round - ShotTracker,https://www.crunchbase.com/funding_round/shottracker-seed--e5cbf71f,ShotTracker,https://www.crunchbase.com/organization/shottracker,Seed,"$5,000,000","Oct 19, 2016",Seed,,Yes,11,,"40,368"
"Series B - HealthVerity, Inc.",https://www.crunchbase.com/funding_round/healthverity-series-b--e7e06765,"HealthVerity, Inc.",https://www.crunchbase.com/organization/healthverity,Series B,"$10,000,000","Apr 26, 2017",Early Stage Venture,,Yes,2,1,"43,468"
"Series A - HealthVerity, Inc.",https://www.crunchbase.com/funding_round/healthverity-series-a--2cf828ce,"HealthVerity, Inc.",https://www.crunchbase.com/organization/healthverity,Series A,"$7,194,706","Apr 21, 2016",Early Stage Venture,,Yes,2,1,"43,456"
Series B - Thrive Market,https://www.crunchbase.com/funding_round/thrive-market-series-b--1b450cce,Thrive Market,https://www.crunchbase.com/organization/thrive-market,Series B,"$111,000,000","Jun 27, 2016",Early Stage Venture,,Yes,6,5,"44,234"
Convertible Note - Vantage Freight,https://www.crunchbase.com/funding_round/vantage-freight-convertible-note--a947df21,Vantage Freight,https://www.crunchbase.com/organization/vantage-freight,Convertible Note,,"Jun 13, 2017",,,No,1,,"44,271"
Seed Round - Seed Global Health,https://www.crunchbase.com/funding_round/seed-global-health-seed--6022e4fa,Seed Global Health,https://www.crunchbase.com/organization/seed-global-health,Seed,,"Jun 14, 2017",Seed,,Yes,1,,"44,276"
Seed Round - Shape Operating System Industries,https://www.crunchbase.com/funding_round/shape-operating-system-industries-seed--864ef85e,Shape Operating System Industries,https://www.crunchbase.com/organization/shape-operating-system-industries,Seed,,"Jun 16, 2017",Seed,,Yes,1,,"44,278"
Series B - Maker Studios,https://www.crunchbase.com/funding_round/maker-studios-series-b--a014a0aa,Maker Studios,https://www.crunchbase.com/organization/maker-studios,Series B,"$1,500,000","Apr 21, 2011",Early Stage Venture,,Yes,4,2,"45,057"
Series B - Plated,https://www.crunchbase.com/funding_round/plated-series-b--45988a49,Plated,https://www.crunchbase.com/organization/plated,Series B,"$35,000,000","Jul 16, 2015",Early Stage Venture,,Yes,5,1,"45,257"
Series A - StatMuse,https://www.crunchbase.com/funding_round/statmuse-series-a--dde0b0a6,StatMuse,https://www.crunchbase.com/organization/statmuse,Series A,"$10,000,000","Jan 27, 2015",Early Stage Venture,,Yes,10,1,"45,578"
Seed Round - Beep,https://www.crunchbase.com/funding_round/unmute-seed--38689595,Beep,https://www.crunchbase.com/organization/unmute,Seed,"$2,200,000","Jan 14, 2016",Seed,,Yes,7,,"45,618"
Series A - Raze,https://www.crunchbase.com/funding_round/raze-series-a--2c5e85d8,Raze,https://www.crunchbase.com/organization/raze,Series A,,"Mar 23, 2017",Early Stage Venture,,Yes,3,1,"46,072"
Series A - Thrive Market,https://www.crunchbase.com/funding_round/thrive-market-series-a--d082b2e8,Thrive Market,https://www.crunchbase.com/organization/thrive-market,Series A,"$32,879,160","Jul 30, 2015",Early Stage Venture,,Yes,18,3,"46,070"
"Series B - Dropoff, Inc.",https://www.crunchbase.com/funding_round/dropoff-inc-series-b--ddf6c657,"Dropoff, Inc.",https://www.crunchbase.com/organization/dropoff-inc,Series B,"$8,500,000","May 8, 2017",Early Stage Venture,"$23,000,000",Yes,4,1,"46,234"
Seed Round - Metadata,https://www.crunchbase.com/funding_round/metadata-seed--d861d6e1,Metadata,https://www.crunchbase.com/organization/metadata,Seed,"$2,000,000","May 20, 2016",Seed,,Yes,5,,"47,648"
Series B - Verse,https://www.crunchbase.com/funding_round/verse-2-series-b--282cf8d3,Verse,https://www.crunchbase.com/organization/verse-2,Series B,"$20,500,000","May 16, 2017",Early Stage Venture,,Yes,3,,"48,074"
Series A - Azimo,https://www.crunchbase.com/funding_round/azimo-series-a--5eb76893,Azimo,https://www.crunchbase.com/organization/azimo,Series A,"$10,000,000","Mar 11, 2014",Early Stage Venture,,Yes,9,2,"48,320"
Series B - PebblePost,https://www.crunchbase.com/funding_round/pebblepost-series-b--c7293a0b,PebblePost,https://www.crunchbase.com/organization/pebblepost,Series B,"$20,000,000","Feb 27, 2017",Early Stage Venture,,Yes,3,2,"49,089"
Seed Round - Poncho,https://www.crunchbase.com/funding_round/poncho-seed--709770b8,Poncho,https://www.crunchbase.com/organization/poncho,Seed,"$2,000,000","Apr 28, 2016",Seed,,Yes,9,1,"49,390"
Convertible Note - Shimmur,https://www.crunchbase.com/funding_round/shimmur-convertible-note--dc274899,Shimmur,https://www.crunchbase.com/organization/shimmur,Convertible Note,"$100,000","Mar 1, 2017",,,No,2,,"49,698"
Seed Round - Overtime,https://www.crunchbase.com/funding_round/overtime-seed--cfe9dbf1,Overtime,https://www.crunchbase.com/organization/overtime,Seed,"$2,500,000","Feb 22, 2017",Seed,,Yes,9,2,"50,198"
Series B - Amplify.LA,https://www.crunchbase.com/funding_round/amplify-la-series-b--ebce6db4,Amplify.LA,https://www.crunchbase.com/organization/amplify-la,Series B,"$8,100,000","Jan 15, 2014",Early Stage Venture,,Yes,18,3,"50,249"
Series B - Boxed,https://www.crunchbase.com/funding_round/boxed-series-b--cc52daad,Boxed,https://www.crunchbase.com/organization/boxed,Series B,"$25,000,000","Jan 14, 2015",Early Stage Venture,,Yes,18,12,"50,753"
Convertible Note - SteelHouse,https://www.crunchbase.com/funding_round/steelhouse-convertible-note--277e6cec,SteelHouse,https://www.crunchbase.com/organization/steelhouse,Convertible Note,,"May 19, 2017",,,No,1,1,"51,116"
Series A - Kheiron,https://www.crunchbase.com/funding_round/kheiron-series-a--542f2052,Kheiron,https://www.crunchbase.com/organization/kheiron,Series A,,"Apr 3, 2017",Early Stage Venture,,Yes,1,,"51,126"
Convertible Note - SteelHouse,https://www.crunchbase.com/funding_round/steelhouse-convertible-note--8449f0a8,SteelHouse,https://www.crunchbase.com/organization/steelhouse,Convertible Note,,"May 19, 2015",,,No,1,1,"51,099"
Convertible Note - Pepo,https://www.crunchbase.com/funding_round/pepo-convertible-note--7ce2efcb,Pepo,https://www.crunchbase.com/organization/pepo,Convertible Note,,"Mar 8, 2017",,,No,1,,"51,146"
Convertible Note - Dirty Lemon Beverages,https://www.crunchbase.com/funding_round/dirty-lemon-beverages-3-convertible-note--e7f6cc1f,Dirty Lemon Beverages,https://www.crunchbase.com/organization/dirty-lemon-beverages-3,Convertible Note,,"Jan 13, 2017",,,No,1,,"51,105"
Series A - Prynt,https://www.crunchbase.com/funding_round/prynt-series-a--16c923c3,Prynt,https://www.crunchbase.com/organization/prynt,Series A,"$7,000,000","Nov 15, 2016",Early Stage Venture,,Yes,7,1,"51,519"
Series A - The RealReal,https://www.crunchbase.com/funding_round/the-realreal-series-a--b2417cc3,The RealReal,https://www.crunchbase.com/organization/the-realreal,Series A,"$7,500,000","Jul 31, 2012",Early Stage Venture,,Yes,5,2,"52,035"
Series B - Hollar,https://www.crunchbase.com/funding_round/hollar-2-series-b--ae560f61,Hollar,https://www.crunchbase.com/organization/hollar-2,Series B,"$30,000,000","Nov 3, 2016",Early Stage Venture,,Yes,8,2,"52,237"
Series C - Salesforce Buddy Media,https://www.crunchbase.com/funding_round/buddymedia-series-c--845adb97,Salesforce Buddy Media,https://www.crunchbase.com/organization/buddymedia,Series C,"$23,000,000","Oct 19, 2010",Late Stage Venture,,Yes,5,3,"52,228"
Series B - Salesforce Buddy Media,https://www.crunchbase.com/funding_round/buddymedia-series-b--1ed644ba,Salesforce Buddy Media,https://www.crunchbase.com/organization/buddymedia,Series B,"$6,500,000","Apr 15, 2008",Early Stage Venture,,Yes,4,1,"52,955"
Seed Round - Purple Squirrel,https://www.crunchbase.com/funding_round/purple-squirrel-2-seed--72beb24c,Purple Squirrel,https://www.crunchbase.com/organization/purple-squirrel-2,Seed,"$2,700,000","Mar 21, 2017",Seed,,Yes,6,,"53,025"
Seed Round - Gunslinger Studios,https://www.crunchbase.com/funding_round/gunslinger-studios-seed--2a25054d,Gunslinger Studios,https://www.crunchbase.com/organization/gunslinger-studios,Seed,"$1,800,000","Dec 12, 2016",Seed,,Yes,8,1,"53,302"
"Series A - Dropoff, Inc.",https://www.crunchbase.com/funding_round/dropoff-inc-series-a--d8012816,"Dropoff, Inc.",https://www.crunchbase.com/organization/dropoff-inc,Series A,"$7,000,000","Jun 22, 2015",Early Stage Venture,,Yes,7,1,"53,684"
Series B - Cotopaxi,https://www.crunchbase.com/funding_round/cotopaxi-series-b--2c39d414,Cotopaxi,https://www.crunchbase.com/organization/cotopaxi,Series B,"$11,000,000","Feb 1, 2017",Early Stage Venture,,Yes,2,,"53,852"
Series B - Tynt,https://www.crunchbase.com/funding_round/tynt-series-b--8ba05bda,Tynt,https://www.crunchbase.com/organization/tynt,Series B,"$8,000,000","Apr 16, 2010",Early Stage Venture,,Yes,5,2,"54,029"
Series C - The RealReal,https://www.crunchbase.com/funding_round/the-realreal-series-c--c5294480,The RealReal,https://www.crunchbase.com/organization/the-realreal,Series C,"$20,374,359","May 1, 2014",Late Stage Venture,,Yes,8,4,"154,719"
Series A - Penrose Hill,https://www.crunchbase.com/funding_round/penrose-hill-series-a--a9f2410c,Penrose Hill,https://www.crunchbase.com/organization/penrose-hill,Series A,"$4,000,000","Feb 24, 2017",Early Stage Venture,,Yes,2,1,"154,764"
Series A - All Def Digital,https://www.crunchbase.com/funding_round/all-def-digital-series-a--452a2342,All Def Digital,https://www.crunchbase.com/organization/all-def-digital,Series A,"$5,000,000","Aug 6, 2014",Early Stage Venture,,Yes,4,1,"155,674"
Seed Round - Epoxy,https://www.crunchbase.com/funding_round/epoxy-seed--c6c536db,Epoxy,https://www.crunchbase.com/organization/epoxy,Seed,"$2,000,000","Mar 5, 2013",Seed,,Yes,5,2,"156,274"
Series A - Sourcepoint,https://www.crunchbase.com/funding_round/sourcepoint-series-a--aa344861,Sourcepoint,https://www.crunchbase.com/organization/sourcepoint,Series A,"$10,000,000","Jun 18, 2015",Early Stage Venture,,Yes,5,,"157,118"
Series B - Performance Horizon,https://www.crunchbase.com/funding_round/performance-horizon-group-series-b--10bb883b,Performance Horizon,https://www.crunchbase.com/organization/performance-horizon-group,Series B,"$10,000,000","Sep 23, 2014",Early Stage Venture,,Yes,3,4,"157,340"
Seed Round - Hubble Contacts,https://www.crunchbase.com/funding_round/hubble-contacts-seed--8d2f9058,Hubble Contacts,https://www.crunchbase.com/organization/hubble-contacts,Seed,"$3,700,000","Oct 15, 2016",Seed,,Yes,7,,"164,708"
Series A - BetterCloud,https://www.crunchbase.com/funding_round/bettercloud-series-a--5c536081,BetterCloud,https://www.crunchbase.com/organization/bettercloud,Series A,"$5,050,000","Jan 12, 2013",Early Stage Venture,,Yes,5,4,"165,505"
Series A - Plated,https://www.crunchbase.com/funding_round/plated-series-a--f8450575,Plated,https://www.crunchbase.com/organization/plated,Series A,"$15,000,000","Aug 9, 2014",Early Stage Venture,,Yes,9,5,"165,946"
Venture Round - Fisoc,https://www.crunchbase.com/funding_round/fisoc-series-unknown--f46a723f,Fisoc,https://www.crunchbase.com/organization/fisoc,Venture - Series Unknown,"$19,000,000","Apr 1, 2014",,,Yes,2,1,"166,326"
"Series B - Reloaded Games, Inc.",https://www.crunchbase.com/funding_round/reloaded-games-inc-series-b--09f909e2,"Reloaded Games, Inc.",https://www.crunchbase.com/organization/reloaded-games-inc,Series B,"$16,000,000","Jun 18, 2007",Early Stage Venture,,Yes,6,2,"166,607"
Series C - Icertis,https://www.crunchbase.com/funding_round/icertis-series-c--0ebf0f4c,Icertis,https://www.crunchbase.com/organization/icertis,Series C,"$25,000,000","Mar 29, 2017",Late Stage Venture,,Yes,5,2,"166,622"
Venture Round - Mighty Networks,https://www.crunchbase.com/funding_round/mightynetworks-series-unknown--5c91b0c5,Mighty Networks,https://www.crunchbase.com/organization/mightynetworks,Venture - Series Unknown,,"Dec 1, 2011",,,Yes,3,,"166,781"
Series A - OggiFinogi,https://www.crunchbase.com/funding_round/oggifinogi-series-a--73fd44c7,OggiFinogi,https://www.crunchbase.com/organization/oggifinogi,Series A,"$2,000,000","Aug 19, 2010",Early Stage Venture,,Yes,3,1,"167,884"
Series C - 33Across,https://www.crunchbase.com/funding_round/33across-series-c--a45d977b,33Across,https://www.crunchbase.com/organization/33across,Series C,"$13,100,000","Jul 19, 2012",Late Stage Venture,,Yes,9,3,"167,971"
Series A - Foodsby,https://www.crunchbase.com/funding_round/foodsby-series-a--4b6fea96,Foodsby,https://www.crunchbase.com/organization/foodsby,Series A,"$5,900,000","Mar 10, 2017",Early Stage Venture,,Yes,3,,"168,902"
Series C - App Annie,https://www.crunchbase.com/funding_round/app-annie-series-c--30ac4d6b,App Annie,https://www.crunchbase.com/organization/app-annie,Series C,"$15,000,000","Sep 18, 2013",Late Stage Venture,,Yes,5,4,"169,302"
Series A - Livefyre,https://www.crunchbase.com/funding_round/livefyre-series-a--0d3a08cf,Livefyre,https://www.crunchbase.com/organization/livefyre,Series A,"$800,000","Jul 6, 2010",Early Stage Venture,,Yes,8,,"171,144"
Series B - Flashpoint,https://www.crunchbase.com/funding_round/flashpoint-partners-series-b--cf483a74,Flashpoint,https://www.crunchbase.com/organization/flashpoint-partners,Series B,"$10,000,000","Jul 12, 2016",Early Stage Venture,,Yes,8,4,"171,636"
Series D - WorkFusion,https://www.crunchbase.com/funding_round/crowdcomputing-systems-series-d--903a081e,WorkFusion,https://www.crunchbase.com/organization/crowdcomputing-systems,Series D,"$35,000,000","Jan 26, 2017",Late Stage Venture,,Yes,6,6,"172,263"
Series A - AXIOS Media,https://www.crunchbase.com/funding_round/axios-series-a--ad16e8c8,AXIOS Media,https://www.crunchbase.com/organization/axios,Series A,"$10,000,000","Sep 1, 2016",Early Stage Venture,,Yes,7,,"172,296"
Series A - Teem,https://www.crunchbase.com/funding_round/eventboard-series-a--4b0bfa30,Teem,https://www.crunchbase.com/organization/eventboard,Series A,"$6,500,000","Nov 11, 2015",Early Stage Venture,,Yes,6,3,"172,675"
Series D - BetterCloud,https://www.crunchbase.com/funding_round/bettercloud-series-d--2d503d6b,BetterCloud,https://www.crunchbase.com/organization/bettercloud,Series D,"$25,000,000","Mar 26, 2015",Late Stage Venture,,Yes,9,3,"172,789"
Series B - SteelHouse,https://www.crunchbase.com/funding_round/steelhouse-series-b--8e499293,SteelHouse,https://www.crunchbase.com/organization/steelhouse,Series B,"$6,300,000","Dec 3, 2011",Early Stage Venture,,Yes,5,1,"172,888"
Series B - Braintree,https://www.crunchbase.com/funding_round/braintree-payment-solutions-series-b--9d4d9c77,Braintree,https://www.crunchbase.com/organization/braintree-payment-solutions,Series B,"$35,000,000","Sep 17, 2012",Early Stage Venture,,Yes,4,4,"174,014"
Seed Round - WorkFusion,https://www.crunchbase.com/funding_round/crowdcomputing-systems-seed--0c3f3e8d,WorkFusion,https://www.crunchbase.com/organization/crowdcomputing-systems,Seed,"$2,300,000","Jan 1, 2011",Seed,,Yes,2,2,"174,616"
Series A - elicit,https://www.crunchbase.com/funding_round/elicit-series-a--a011600a,elicit,https://www.crunchbase.com/organization/elicit,Series A,,"Aug 22, 2011",Early Stage Venture,,Yes,4,,"175,496"
"Series A - Vidible, now ONE by AOL",https://www.crunchbase.com/funding_round/vidible-series-a--c85571bd,"Vidible, now ONE by AOL",https://www.crunchbase.com/organization/vidible,Series A,"$3,350,673","Jan 3, 2014",Early Stage Venture,,Yes,3,2,"175,564"
Series B - M5 Networks,https://www.crunchbase.com/funding_round/m5-networks-series-b--f6a1ef07,M5 Networks,https://www.crunchbase.com/organization/m5-networks,Series B,"$3,200,000","Mar 21, 2008",Early Stage Venture,,Yes,2,,"175,623"
Venture Round - AlphaDraft,https://www.crunchbase.com/funding_round/alphadraft-series-unknown--0823340c,AlphaDraft,https://www.crunchbase.com/organization/alphadraft,Venture - Series Unknown,"$5,000,000","May 19, 2015",,,Yes,13,1,"176,388"
Series B - Everything But The House (EBTH),https://www.crunchbase.com/funding_round/everything-but-the-house-series-b--a571b0d1,Everything But The House (EBTH),https://www.crunchbase.com/organization/everything-but-the-house,Series B,"$30,000,000","Aug 24, 2015",Early Stage Venture,,Yes,5,1,"176,480"
Seed Round - rumr,https://www.crunchbase.com/funding_round/rumr-anonymous-messenger-seed--8d10a3e4,rumr,https://www.crunchbase.com/organization/rumr-anonymous-messenger,Seed,"$800,000","Nov 1, 2013",Seed,,Yes,2,1,"178,563"
Series A - QUALIA (formed QBC Holdings Inc. 2015),https://www.crunchbase.com/funding_round/localresponse-series-a--25e8e447,QUALIA (formed QBC Holdings Inc. 2015),https://www.crunchbase.com/organization/localresponse,Series A,"$1,550,000","Oct 29, 2008",Early Stage Venture,,Yes,3,2,"178,905"
Seed Round - Sensay,https://www.crunchbase.com/funding_round/sensay-seed--b1a54834,Sensay,https://www.crunchbase.com/organization/sensay,Seed,"$1,500,000","Jan 5, 2015",Seed,,Yes,5,,"178,965"
Series D - App Annie,https://www.crunchbase.com/funding_round/app-annie-series-d--3f39b65e,App Annie,https://www.crunchbase.com/organization/app-annie,Series D,"$17,000,000","May 28, 2014",Late Stage Venture,,Yes,4,5,"179,231"
Seed Round - Pepo,https://www.crunchbase.com/funding_round/pepo-seed--860de240,Pepo,https://www.crunchbase.com/organization/pepo,Seed,"$2,350,000","Dec 6, 2016",Seed,,Yes,11,1,"180,547"
Series C - PrecisionDemand,https://www.crunchbase.com/funding_round/lucid-commerce-series-c--b44fc1f6,PrecisionDemand,https://www.crunchbase.com/organization/lucid-commerce,Series C,"$8,000,000","Jul 29, 2011",Late Stage Venture,,Yes,4,3,"180,761"
Series A - Kaleo Software,https://www.crunchbase.com/funding_round/kaleo-software-series-a--77f84c49,Kaleo Software,https://www.crunchbase.com/organization/kaleo-software,Series A,"$7,000,000","Oct 20, 2015",Early Stage Venture,,Yes,4,2,"54,999"
Seed Round - The Dodo,https://www.crunchbase.com/funding_round/the-dodo-seed--e0eb947c,The Dodo,https://www.crunchbase.com/organization/the-dodo,Seed,"$2,000,000","Jan 14, 2014",Seed,,Yes,6,1,"55,081"
Series B - Teem,https://www.crunchbase.com/funding_round/eventboard-series-b--368c6332,Teem,https://www.crunchbase.com/organization/eventboard,Series B,"$13,500,000","Aug 17, 2016",Early Stage Venture,,Yes,5,3,"55,152"
Series A - TagMan,https://www.crunchbase.com/funding_round/positivefeedback-series-a--3ef9a299,TagMan,https://www.crunchbase.com/organization/positivefeedback,Series A,"$2,250,000","Jan 11, 2011",Early Stage Venture,,Yes,3,2,"55,369"
Seed Round - Dasher,https://www.crunchbase.com/funding_round/dasher-seed--f4f4faf7,Dasher,https://www.crunchbase.com/organization/dasher,Seed,"$840,000","Jun 10, 2015",Seed,,Yes,3,1,"55,597"
Seed Round - Pulse,https://www.crunchbase.com/funding_round/pulse-seed--a3e5722d,Pulse,https://www.crunchbase.com/organization/pulse,Seed,"$800,000","Oct 6, 2010",Seed,,Yes,5,,"55,776"
Seed Round - Kaleo Software,https://www.crunchbase.com/funding_round/kaleo-software-seed--cdc477fa,Kaleo Software,https://www.crunchbase.com/organization/kaleo-software,Seed,"$1,500,000","Jul 1, 2013",Seed,,Yes,5,1,"56,452"
Series B - Babble,https://www.crunchbase.com/funding_round/babble-series-b--9948a4b3,Babble,https://www.crunchbase.com/organization/babble,Series B,"$3,000,000","May 21, 2010",Early Stage Venture,,Yes,4,1,"56,492"
Series A - Eloquii,https://www.crunchbase.com/funding_round/eloquii-series-a--379dedad,Eloquii,https://www.crunchbase.com/organization/eloquii,Series A,"$6,000,000","Dec 2, 2014",Early Stage Venture,,Yes,6,1,"114,664"
Series B - Plain Vanilla,https://www.crunchbase.com/funding_round/plain-vanilla-series-b--27ddefb0,Plain Vanilla,https://www.crunchbase.com/organization/plain-vanilla,Series B,"$21,867,827","Dec 26, 2013",Early Stage Venture,,Yes,8,3,"118,388"
Series A - Custora,https://www.crunchbase.com/funding_round/custora-series-a--2b718c71,Custora,https://www.crunchbase.com/organization/custora,Series A,"$6,500,000","Apr 7, 2015",Early Stage Venture,,Yes,3,2,"120,091"
Seed Round - Foodsby,https://www.crunchbase.com/funding_round/foodsby-seed--7c4a6e2d,Foodsby,https://www.crunchbase.com/organization/foodsby,Seed,"$1,000,000","Mar 28, 2016",Seed,,Yes,2,1,"120,166"
Series A - Merchantry,https://www.crunchbase.com/funding_round/merchantry-series-a--53b64026,Merchantry,https://www.crunchbase.com/organization/merchantry,Series A,"$8,900,000","Sep 27, 2010",Early Stage Venture,,Yes,2,1,"120,176"
Venture Round - Skimlinks,https://www.crunchbase.com/funding_round/skimlinks-series-unknown--99efba18,Skimlinks,https://www.crunchbase.com/organization/skimlinks,Venture - Series Unknown,,"Apr 22, 2013",,,Yes,4,,"56,557"
Series D - Joyent,https://www.crunchbase.com/funding_round/joyent-series-d--89b5ab29,Joyent,https://www.crunchbase.com/organization/joyent,Series D,"$85,000,000","Jan 23, 2012",Late Stage Venture,,Yes,8,2,"56,792"
Venture Round - Seedling,https://www.crunchbase.com/funding_round/seedling-series-unknown--891d96c2,Seedling,https://www.crunchbase.com/organization/seedling,Venture - Series Unknown,"$7,000,000","Oct 29, 2014",,,Yes,6,,"121,631"
Series D - WideOrbit,https://www.crunchbase.com/funding_round/wideorbit-series-d--b21bb2d0,WideOrbit,https://www.crunchbase.com/organization/wideorbit,Series D,"$10,000,000","Oct 20, 2008",Late Stage Venture,"$92,000,000",Yes,4,2,"126,752"
Series B - Sometrics,https://www.crunchbase.com/funding_round/sometrics-series-b--083563e4,Sometrics,https://www.crunchbase.com/organization/sometrics,Series B,"$4,000,000","Oct 16, 2009",Early Stage Venture,,Yes,3,1,"127,509"
Series A - WorldWide Biggies,https://www.crunchbase.com/funding_round/worldwide-biggies-series-a--60cb8f60,WorldWide Biggies,https://www.crunchbase.com/organization/worldwide-biggies,Series A,"$9,000,000","Apr 1, 2007",Early Stage Venture,,Yes,4,2,"131,255"
Venture Round - Vizu Corporation,https://www.crunchbase.com/funding_round/vizu-series-unknown--0a575786,Vizu Corporation,https://www.crunchbase.com/organization/vizu,Venture - Series Unknown,"$6,750,000","Dec 1, 2009",,,Yes,4,2,"131,479"
Series B - BaubleBar,https://www.crunchbase.com/funding_round/baublebar-series-b--12266101,BaubleBar,https://www.crunchbase.com/organization/baublebar,Series B,"$10,000,000","Jul 29, 2014",Early Stage Venture,,Yes,7,1,"135,145"
Seed Round - Cord Project,https://www.crunchbase.com/funding_round/cord-project-seed--521bcbc4,Cord Project,https://www.crunchbase.com/organization/cord-project,Seed,"$1,800,000","Sep 4, 2014",Seed,,Yes,16,,"135,987"
Angel Round - Playdek,https://www.crunchbase.com/funding_round/incinerator-studios-angel--1f55f794,Playdek,https://www.crunchbase.com/organization/incinerator-studios,Angel,"$1,250,000","Aug 7, 2012",Seed,,Yes,5,2,"136,048"
Series A - Extreme Reach,https://www.crunchbase.com/funding_round/extreme-reach-series-a--537e824f,Extreme Reach,https://www.crunchbase.com/organization/extreme-reach,Series A,"$1,500,000","Jan 23, 2009",Early Stage Venture,,Yes,3,1,"136,341"
Series A - Vitals,https://www.crunchbase.com/funding_round/vitals-com-series-a--ec12670f,Vitals,https://www.crunchbase.com/organization/vitals-com,Series A,"$4,000,000","Jan 1, 2008",Early Stage Venture,,Yes,4,4,"136,578"
Debt Financing - Molio Inc.,https://www.crunchbase.com/funding_round/molio-debt-financing--40198b01,Molio Inc.,https://www.crunchbase.com/organization/molio,Debt Financing,"$1,000,000","Sep 30, 2015",,,No,6,2,"137,011"
Series A - GameSalad,https://www.crunchbase.com/funding_round/gamesalad-series-a--1cb79897,GameSalad,https://www.crunchbase.com/organization/gamesalad,Series A,,"Mar 9, 2012",Early Stage Venture,,Yes,6,2,"58,002"
Seed Round - Inverse,https://www.crunchbase.com/funding_round/inverse-seed--5d964e9a,Inverse,https://www.crunchbase.com/organization/inverse,Seed,,"Aug 12, 2015",Seed,,Yes,6,,"137,368"
Series A - The Dodo,https://www.crunchbase.com/funding_round/the-dodo-series-a--c186a1dc,The Dodo,https://www.crunchbase.com/organization/the-dodo,Series A,"$4,678,569","Sep 9, 2014",Early Stage Venture,,Yes,4,1,"137,537"
"Series B - OnePIN, Inc.",https://www.crunchbase.com/funding_round/onepin-series-b--ca22f61c,"OnePIN, Inc.",https://www.crunchbase.com/organization/onepin,Series B,"$8,000,000","Jun 7, 2007",Early Stage Venture,,Yes,3,2,"139,203"
Seed Round - Media Redefined,https://www.crunchbase.com/funding_round/media-redefined-seed--02757ce7,Media Redefined,https://www.crunchbase.com/organization/media-redefined,Seed,"$2,250,000","May 2, 2014",Seed,,Yes,3,1,"140,035"
Series A - M5 Networks,https://www.crunchbase.com/funding_round/m5-networks-series-a--656ea1d3,M5 Networks,https://www.crunchbase.com/organization/m5-networks,Series A,"$7,700,000","Sep 21, 2006",Early Stage Venture,,Yes,1,,"140,775"
Venture Round - NuORDER,https://www.crunchbase.com/funding_round/nuorder-series-unknown--98d3f0bb,NuORDER,https://www.crunchbase.com/organization/nuorder,Venture - Series Unknown,"$2,800,000","Feb 1, 2015",,,Yes,4,3,"141,968"
Series A - Verse,https://www.crunchbase.com/funding_round/verse-2-series-a--3e2b0f75,Verse,https://www.crunchbase.com/organization/verse-2,Series A,"$8,300,000","Oct 24, 2016",Early Stage Venture,,Yes,3,,"141,982"
Series B - Resonate,https://www.crunchbase.com/funding_round/resonate-networks-series-b--bc3e3cdb,Resonate,https://www.crunchbase.com/organization/resonate-networks,Series B,"$22,000,000","Feb 22, 2012",Early Stage Venture,,Yes,3,4,"142,439"
Series C - Vitals,https://www.crunchbase.com/funding_round/vitals-com-series-c--1042a57b,Vitals,https://www.crunchbase.com/organization/vitals-com,Series C,"$22,000,000","Jun 18, 2013",Late Stage Venture,,Yes,4,4,"58,178"
Series A - etouches,https://www.crunchbase.com/funding_round/etouches-series-a--34199c4e,etouches,https://www.crunchbase.com/organization/etouches,Series A,,"Jun 9, 2010",Early Stage Venture,,Yes,3,1,"58,348"
Series B - LicenseStream,https://www.crunchbase.com/funding_round/licensestream-series-b--1a2a3531,LicenseStream,https://www.crunchbase.com/organization/licensestream,Series B,"$11,000,000","Jun 17, 2008",Early Stage Venture,,Yes,4,1,"142,760"
Series D - Doppelganger,https://www.crunchbase.com/funding_round/doppelganger-series-d--b5a2c953,Doppelganger,https://www.crunchbase.com/organization/doppelganger,Series D,"$11,000,000","Aug 1, 2007",Late Stage Venture,,Yes,6,1,"143,004"
Series B - Inventables,https://www.crunchbase.com/funding_round/inventables-series-b--0335d7b2,Inventables,https://www.crunchbase.com/organization/inventables,Series B,"$5,000,000","Oct 6, 2015",Early Stage Venture,,Yes,1,,"143,064"
Series A - Venmo,https://www.crunchbase.com/funding_round/venmo-series-a--f33fd5e7,Venmo,https://www.crunchbase.com/organization/venmo,Series A,,"Aug 1, 2011",Early Stage Venture,,Yes,4,3,"143,111"
Series A - LicenseStream,https://www.crunchbase.com/funding_round/licensestream-series-a--2202ddaa,LicenseStream,https://www.crunchbase.com/organization/licensestream,Series A,"$1,550,000","Feb 27, 2007",Early Stage Venture,,Yes,2,,"59,421"
Series A - Vizu Corporation,https://www.crunchbase.com/funding_round/vizu-series-a--3fd90128,Vizu Corporation,https://www.crunchbase.com/organization/vizu,Series A,"$2,900,000","Jan 31, 2007",Early Stage Venture,,Yes,2,1,"59,575"
Series C - Instantly,https://www.crunchbase.com/funding_round/instantly-series-c--a568d91e,Instantly,https://www.crunchbase.com/organization/instantly,Series C,"$10,250,000","Jun 22, 2010",Late Stage Venture,,Yes,3,3,"144,935"
Series A - Takkle,https://www.crunchbase.com/funding_round/takkle-series-a--a66f022a,Takkle,https://www.crunchbase.com/organization/takkle,Series A,"$7,000,000","Nov 1, 2007",Early Stage Venture,,Yes,4,,"145,136"
Series B - Sportgenic,https://www.crunchbase.com/funding_round/sportgenic-series-b--68d1f55b,Sportgenic,https://www.crunchbase.com/organization/sportgenic,Series B,"$10,000,000","Sep 9, 2008",Early Stage Venture,,Yes,4,2,"59,731"
Series A - Fortumo,https://www.crunchbase.com/funding_round/fortumo-series-a--df3aab62,Fortumo,https://www.crunchbase.com/organization/fortumo,Series A,"$10,000,000","Feb 22, 2013",Early Stage Venture,,Yes,2,1,"59,803"
Series C - Fisoc,https://www.crunchbase.com/funding_round/fisoc-series-c--0f1080ec,Fisoc,https://www.crunchbase.com/organization/fisoc,Series C,"$5,000,000","Dec 21, 2012",Late Stage Venture,,Yes,4,1,"146,020"
Series A - Blitsy,https://www.crunchbase.com/funding_round/blitsy-series-a--52f59227,Blitsy,https://www.crunchbase.com/organization/blitsy,Series A,"$3,600,000","May 7, 2015",Early Stage Venture,,Yes,7,1,"146,262"
Series A - Pump Audio,https://www.crunchbase.com/funding_round/pumpaudio-series-a--3118f95c,Pump Audio,https://www.crunchbase.com/organization/pumpaudio,Series A,"$2,500,000","Jun 1, 2007",Early Stage Venture,,Yes,3,1,"146,582"
Series B - All Def Digital,https://www.crunchbase.com/funding_round/all-def-digital-series-b--b7cb51c1,All Def Digital,https://www.crunchbase.com/organization/all-def-digital,Series B,"$10,000,000","Jun 29, 2016",Early Stage Venture,,Yes,7,1,"146,954"
Series C - Everything But The House (EBTH),https://www.crunchbase.com/funding_round/everything-but-the-house-series-c--a55e66c8,Everything But The House (EBTH),https://www.crunchbase.com/organization/everything-but-the-house,Series C,"$41,500,000","Oct 1, 2016",Late Stage Venture,,Yes,5,2,"148,205"
Series A - elicit,https://www.crunchbase.com/funding_round/elicit-series-a--0dda315d,elicit,https://www.crunchbase.com/organization/elicit,Series A,"$525,000","Apr 25, 2014",Early Stage Venture,,Yes,5,1,"148,303"
Series C - WorkFusion,https://www.crunchbase.com/funding_round/crowdcomputing-systems-series-c--8c646ac0,WorkFusion,https://www.crunchbase.com/organization/crowdcomputing-systems,Series C,"$14,000,000","Dec 21, 2015",Late Stage Venture,,Yes,5,6,"90,486"
Series A - Panvidea,https://www.crunchbase.com/funding_round/panvidea-series-a--0c063a6d,Panvidea,https://www.crunchbase.com/organization/panvidea,Series A,"$2,700,000","Mar 19, 2010",Early Stage Venture,,Yes,2,,"61,139"
Series A - BalconyTV,https://www.crunchbase.com/funding_round/balconytv-series-a--fe877044,BalconyTV,https://www.crunchbase.com/organization/balconytv,Series A,"$750,000","Jul 27, 2012",Early Stage Venture,,Yes,3,,"149,313"
Series A - Performance Horizon,https://www.crunchbase.com/funding_round/performance-horizon-group-series-a--2a855f45,Performance Horizon,https://www.crunchbase.com/organization/performance-horizon-group,Series A,"$3,100,000","Jul 18, 2012",Early Stage Venture,,Yes,2,2,"149,748"
Series B - NewsCred,https://www.crunchbase.com/funding_round/newscred-series-b--ec894b53,NewsCred,https://www.crunchbase.com/organization/newscred,Series B,"$15,000,000","Mar 19, 2013",Early Stage Venture,,Yes,5,4,"150,520"
Series B - Azimo,https://www.crunchbase.com/funding_round/azimo-series-b--d4ea035a,Azimo,https://www.crunchbase.com/organization/azimo,Series B,"$20,000,000","Jun 15, 2015",Early Stage Venture,"$100,000,000",Yes,7,3,"150,586"
Series A - Playdek,https://www.crunchbase.com/funding_round/incinerator-studios-series-a--a3b5825b,Playdek,https://www.crunchbase.com/organization/incinerator-studios,Series A,"$3,800,000","Mar 28, 2013",Early Stage Venture,,Yes,7,3,"92,083"
Series A - Playdots,https://www.crunchbase.com/funding_round/dots-series-a--6f028590,Playdots,https://www.crunchbase.com/organization/dots,Series A,"$10,200,000","Dec 16, 2014",Early Stage Venture,,Yes,6,1,"61,414"
Series B - BetterCloud,https://www.crunchbase.com/funding_round/bettercloud-series-b--b45a7887,BetterCloud,https://www.crunchbase.com/organization/bettercloud,Series B,"$6,000,000","Sep 25, 2013",Early Stage Venture,,Yes,5,4,"151,335"
"Series C - Netsertive, Inc",https://www.crunchbase.com/funding_round/netsertive-series-c--c3b045f2,"Netsertive, Inc",https://www.crunchbase.com/organization/netsertive,Series C,"$24,000,000","Oct 7, 2015",Late Stage Venture,,Yes,5,4,"92,999"
Series A - WorkFusion,https://www.crunchbase.com/funding_round/crowdcomputing-systems-series-a--0d1ecbb5,WorkFusion,https://www.crunchbase.com/organization/crowdcomputing-systems,Series A,"$5,000,000","Jul 9, 2013",Early Stage Venture,,Yes,4,3,"81,350"
Series B - Vuze,https://www.crunchbase.com/funding_round/vuze-series-b--224a74ce,Vuze,https://www.crunchbase.com/organization/vuze,Series B,"$12,000,000","Dec 1, 2006",Early Stage Venture,,Yes,4,3,"81,372"
"Series A - MapAnything, Inc.",https://www.crunchbase.com/funding_round/cloudbilt-series-a--4dee21b1,"MapAnything, Inc.",https://www.crunchbase.com/organization/cloudbilt,Series A,"$7,300,000","Dec 21, 2015",Early Stage Venture,,Yes,5,1,"152,399"
Convertible Note - Trustev,https://www.crunchbase.com/funding_round/trustev-convertible-note--74a9cdc9,Trustev,https://www.crunchbase.com/organization/trustev,Convertible Note,"€3,207,168","Nov 1, 2014",,,No,4,1,"152,440"
Series A - When I Work,https://www.crunchbase.com/funding_round/when-i-work-series-a--e775cfb2,When I Work,https://www.crunchbase.com/organization/when-i-work,Series A,"$4,000,000","Jan 8, 2014",Early Stage Venture,,Yes,3,1,"152,549"
Series B - HuffPost,https://www.crunchbase.com/funding_round/huffingtonpost-series-b--9241ae16,HuffPost,https://www.crunchbase.com/organization/huffingtonpost,Series B,"$5,000,000","Sep 1, 2007",Early Stage Venture,,Yes,4,1,"84,212"
Venture Round - TagMan,https://www.crunchbase.com/funding_round/positivefeedback-series-unknown--24f84c0e,TagMan,https://www.crunchbase.com/organization/positivefeedback,Venture - Series Unknown,"$5,000,000","Aug 22, 2013",,,Yes,3,2,"84,626"
Series C - Skimlinks,https://www.crunchbase.com/funding_round/skimlinks-series-c--1cb1e55b,Skimlinks,https://www.crunchbase.com/organization/skimlinks,Series C,"$16,000,000","Feb 4, 2015",Late Stage Venture,,Yes,5,3,"61,828"
Seed Round - Sliver.tv,https://www.crunchbase.com/funding_round/sliver-tv-seed--2f036f2a,Sliver.tv,https://www.crunchbase.com/organization/sliver-tv,Seed,"$4,000,000","Mar 30, 2016",Seed,,Yes,8,1,"95,280"
Series E - The RealReal,https://www.crunchbase.com/funding_round/the-realreal-series-e--3be3ed70,The RealReal,https://www.crunchbase.com/organization/the-realreal,Series E,"$40,000,000","Apr 21, 2016",Late Stage Venture,,Yes,11,4,"95,588"
Private Equity Round - Visto,https://www.crunchbase.com/funding_round/collectivemedia-private-equity--a33752e0,Visto,https://www.crunchbase.com/organization/collectivemedia,Private Equity,"$34,000,000","Jun 16, 2016",Private Equity,,Yes,4,2,"181,362"
Seed Round - Trustev,https://www.crunchbase.com/funding_round/trustev-seed--ff4435b0,Trustev,https://www.crunchbase.com/organization/trustev,Seed,"$3,000,000","Oct 30, 2013",Seed,,Yes,10,2,"62,316"
Series A - GameSalad,https://www.crunchbase.com/funding_round/gamesalad-series-a--5926679e,GameSalad,https://www.crunchbase.com/organization/gamesalad,Series A,"$6,100,000","Mar 9, 2011",Early Stage Venture,,Yes,13,4,"96,051"
Series A - Knock,https://www.crunchbase.com/funding_round/knockaway-series-a--b64ef6e7,Knock,https://www.crunchbase.com/organization/knockaway,Series A,"$32,500,000","Jan 31, 2017",Early Stage Venture,,Yes,6,2,"96,056"
Venture Round - PlumTV,https://www.crunchbase.com/funding_round/plumtv-series-unknown--03dbfcee,PlumTV,https://www.crunchbase.com/organization/plumtv,Venture - Series Unknown,"$4,400,000","Oct 13, 2012",,,Yes,8,1,"89,929"
Series A - When I Work,https://www.crunchbase.com/funding_round/when-i-work-series-a--18af3f15,When I Work,https://www.crunchbase.com/organization/when-i-work,Series A,"$5,000,000","Jul 13, 2015",Early Stage Venture,"$60,000,000",Yes,3,1,"90,333"
Venture Round - Fisoc,https://www.crunchbase.com/funding_round/fisoc-series-unknown--5f5856a7,Fisoc,https://www.crunchbase.com/organization/fisoc,Venture - Series Unknown,"$4,374,139","Jun 6, 2012",,,Yes,2,1,"97,395"
Series B - Blitsy,https://www.crunchbase.com/funding_round/blitsy-series-b--2d3b81f3,Blitsy,https://www.crunchbase.com/organization/blitsy,Series B,"$6,200,000","Jan 25, 2016",Early Stage Venture,,Yes,6,1,"97,398"
Seed Round - Optimus Ride,https://www.crunchbase.com/funding_round/optimus-ride-seed--89bc8853,Optimus Ride,https://www.crunchbase.com/organization/optimus-ride,Seed,"$5,250,000","Oct 11, 2016",Seed,,Yes,8,2,"93,117"
Series B - App Annie,https://www.crunchbase.com/funding_round/app-annie-series-b--1069c55e,App Annie,https://www.crunchbase.com/organization/app-annie,Series B,"$6,000,000","Aug 14, 2012",Early Stage Venture,,Yes,6,2,"93,547"
Series B - Koding,https://www.crunchbase.com/funding_round/koding-series-b--6090a03d,Koding,https://www.crunchbase.com/organization/koding,Series B,"$7,250,000","Dec 20, 2012",Early Stage Venture,,Yes,3,3,"63,879"
Series A - Shipt,https://www.crunchbase.com/funding_round/shipt-2-series-a--addb736c,Shipt,https://www.crunchbase.com/organization/shipt-2,Series A,"$20,000,000","Jul 27, 2016",Early Stage Venture,,Yes,3,1,"94,024"
Series A - Babble,https://www.crunchbase.com/funding_round/babble-series-a--5fdb3dbe,Babble,https://www.crunchbase.com/organization/babble,Series A,"$1,250,000","May 12, 2009",Early Stage Venture,,Yes,1,1,"94,804"
Series A - Sportgenic,https://www.crunchbase.com/funding_round/sportgenic-series-a--afad0cd6,Sportgenic,https://www.crunchbase.com/organization/sportgenic,Series A,"$1,489,687","Jul 1, 2008",Early Stage Venture,,Yes,3,2,"97,967"
Series A - Validic,https://www.crunchbase.com/funding_round/validic-series-a--e05426cf,Validic,https://www.crunchbase.com/organization/validic,Series A,"$5,000,000","Aug 12, 2014",Early Stage Venture,,Yes,6,,"98,007"
Series A - Expel,https://www.crunchbase.com/funding_round/expel-series-a--cacdb751,Expel,https://www.crunchbase.com/organization/expel,Series A,"$7,500,000","Sep 12, 2016",Early Stage Venture,,Yes,6,1,"100,684"
Series A - Everything But The House (EBTH),https://www.crunchbase.com/funding_round/everything-but-the-house-series-a--ee97d165,Everything But The House (EBTH),https://www.crunchbase.com/organization/everything-but-the-house,Series A,"$13,000,000","Nov 25, 2014",Early Stage Venture,,Yes,3,1,"98,960"
Series B - Wochit,https://www.crunchbase.com/funding_round/whochit-series-b--49d0a30c,Wochit,https://www.crunchbase.com/organization/whochit,Series B,"$11,000,000","May 12, 2014",Early Stage Venture,,Yes,4,4,"101,180"
Series A - MoVoxx,https://www.crunchbase.com/funding_round/movoxx-series-a--ab83a0f0,MoVoxx,https://www.crunchbase.com/organization/movoxx,Series A,,"Oct 30, 2008",Early Stage Venture,,Yes,4,,"65,191"
Series B - Sourcepoint,https://www.crunchbase.com/funding_round/sourcepoint-series-b--17b29f24,Sourcepoint,https://www.crunchbase.com/organization/sourcepoint,Series B,"$16,000,000","Jan 25, 2017",Early Stage Venture,,Yes,5,1,"103,961"
Seed Round - Curacity,https://www.crunchbase.com/funding_round/curaicty-seed--13b6b346,Curacity,https://www.crunchbase.com/organization/curaicty,Seed,"$1,500,000","Oct 20, 2015",Seed,,Yes,4,1,"105,297"
Series A - Wochit,https://www.crunchbase.com/funding_round/whochit-series-a--48a8565e,Wochit,https://www.crunchbase.com/organization/whochit,Series A,"$4,750,000","May 13, 2013",Early Stage Venture,,Yes,3,2,"194,439"
Series E - Octiv,https://www.crunchbase.com/funding_round/tinderbox-series-e--fadb0508,Octiv,https://www.crunchbase.com/organization/tinderbox,Series E,"$4,750,000","Sep 8, 2016",Late Stage Venture,,Yes,4,2,"194,627"
Series A - elicit,https://www.crunchbase.com/funding_round/elicit-series-a--21aefb28,elicit,https://www.crunchbase.com/organization/elicit,Series A,"$1,500,000","May 15, 2012",Early Stage Venture,,Yes,4,,"194,722"
Funding Round - ZergNet,https://www.crunchbase.com/funding_round/zergnet-undisclosed--1caf4628,ZergNet,https://www.crunchbase.com/organization/zergnet,Funding Round,"$6,000,000","Oct 22, 2015",,,Yes,4,,"195,304"
Series A - Maker Studios,https://www.crunchbase.com/funding_round/maker-studios-series-a--b97e69a8,Maker Studios,https://www.crunchbase.com/organization/maker-studios,Series A,"$1,500,000","Dec 1, 2010",Early Stage Venture,,Yes,4,1,"195,410"
Series A - Takkle,https://www.crunchbase.com/funding_round/takkle-series-a--5f4e155f,Takkle,https://www.crunchbase.com/organization/takkle,Series A,,"Nov 28, 2006",Early Stage Venture,,Yes,3,,"66,425"
Series C - WideOrbit,https://www.crunchbase.com/funding_round/wideorbit-series-c--e0e12dd0,WideOrbit,https://www.crunchbase.com/organization/wideorbit,Series C,"$14,500,000","Feb 15, 2008",Late Stage Venture,,Yes,6,1,"195,563"
Series B - Recurly,https://www.crunchbase.com/funding_round/recurly-series-b--68e18ce6,Recurly,https://www.crunchbase.com/organization/recurly,Series B,"$12,000,000","Oct 20, 2014",Early Stage Venture,,Yes,5,1,"196,271"
"Series B - Netsertive, Inc",https://www.crunchbase.com/funding_round/netsertive-series-b--224e311d,"Netsertive, Inc",https://www.crunchbase.com/organization/netsertive,Series B,"$7,300,000","Aug 14, 2012",Early Stage Venture,,Yes,3,3,"196,953"
Series B - Radiate Media,https://www.crunchbase.com/funding_round/radiate-media-series-b--15746641,Radiate Media,https://www.crunchbase.com/organization/radiate-media,Series B,"$22,000,000","Nov 1, 2011",Early Stage Venture,,Yes,3,,"67,160"
Series B - Ceros,https://www.crunchbase.com/funding_round/ceros-series-b--2160df2b,Ceros,https://www.crunchbase.com/organization/ceros,Series B,"$11,000,000","Aug 2, 2016",Early Stage Venture,,Yes,6,1,"197,351"
Series B - Saatchi Art,https://www.crunchbase.com/funding_round/saatchiart-series-b--54bf862b,Saatchi Art,https://www.crunchbase.com/organization/saatchiart,Series B,,"Apr 1, 2013",Early Stage Venture,,Yes,2,,"197,493"
Series A - DataScience.com,https://www.crunchbase.com/funding_round/datascience-inc--series-a--1be5c727,DataScience.com,https://www.crunchbase.com/organization/datascience-inc-,Series A,"$4,500,000","Jun 2, 2015",Early Stage Venture,,Yes,4,3,"197,619"
Series A - Hubble Contacts,https://www.crunchbase.com/funding_round/hubble-contacts-series-a--d9de637d,Hubble Contacts,https://www.crunchbase.com/organization/hubble-contacts,Series A,"$16,500,000","Mar 7, 2017",Early Stage Venture,,Yes,6,1,"198,615"
Seed Round - OmniVirt,https://www.crunchbase.com/funding_round/adsoptimal-social-nation-inc-seed--be04c12c,OmniVirt,https://www.crunchbase.com/organization/adsoptimal-social-nation-inc,Seed,,"Oct 10, 2016",Seed,,Yes,8,3,"198,786"
Series A - Fig,https://www.crunchbase.com/funding_round/fig-4-series-a--e0bfb623,Fig,https://www.crunchbase.com/organization/fig-4,Series A,"$7,840,000","Jan 19, 2017",Early Stage Venture,,Yes,5,2,"198,879"
Series A - Plain Vanilla,https://www.crunchbase.com/funding_round/plain-vanilla-series-a--3d8c72c7,Plain Vanilla,https://www.crunchbase.com/organization/plain-vanilla,Series A,"$2,500,000","Apr 9, 2013",Early Stage Venture,,Yes,9,3,"199,811"
Series A - Blinkist,https://www.crunchbase.com/funding_round/blinkist-series-a--61b9fcd8,Blinkist,https://www.crunchbase.com/organization/blinkist,Series A,"€4,000,000","Jan 7, 2016",Early Stage Venture,,Yes,5,2,"111,433"
Seed Round - HelloTech,https://www.crunchbase.com/funding_round/hellotech-seed--233711c0,HelloTech,https://www.crunchbase.com/organization/hellotech,Seed,"$2,000,000","May 26, 2015",Seed,,Yes,8,3,"68,347"
Seed Round - tuul,https://www.crunchbase.com/funding_round/tuul-seed--41907a86,tuul,https://www.crunchbase.com/organization/tuul,Seed,"$2,400,000","Jul 1, 2014",Seed,,Yes,3,3,"68,348"
Seed Round - Seedling,https://www.crunchbase.com/funding_round/seedling-seed--c9575c3e,Seedling,https://www.crunchbase.com/organization/seedling,Seed,"$2,500,000","Apr 25, 2013",Seed,,Yes,7,2,"199,951"
Series A - Trunk Club,https://www.crunchbase.com/funding_round/the-trunk-club-series-a--33866a1b,Trunk Club,https://www.crunchbase.com/organization/the-trunk-club,Series A,"$11,000,000","Sep 8, 2011",Early Stage Venture,,Yes,5,2,"200,674"
Series A - BaubleBar,https://www.crunchbase.com/funding_round/baublebar-series-a--c6b09df7,BaubleBar,https://www.crunchbase.com/organization/baublebar,Series A,"$4,500,000","Jul 23, 2012",Early Stage Venture,,Yes,2,1,"200,849"
Seed Round - Button,https://www.crunchbase.com/funding_round/button-seed--a6f0586f,Button,https://www.crunchbase.com/organization/button,Seed,"$2,250,000","Jul 10, 2014",Seed,,Yes,16,,"113,545"
Series B - Nativo,https://www.crunchbase.com/funding_round/postrelease-series-b--ac98d6e9,Nativo,https://www.crunchbase.com/organization/postrelease,Series B,"$20,000,000","Jun 30, 2015",Early Stage Venture,,Yes,6,2,"113,607"
Seed Round - Nomi,https://www.crunchbase.com/funding_round/nomi-seed--0e79e1ee,Nomi,https://www.crunchbase.com/organization/nomi,Seed,"$3,000,000","Feb 11, 2013",Seed,,Yes,11,2,"201,421"
Series A - Pulse,https://www.crunchbase.com/funding_round/pulse-series-a--5b098d10,Pulse,https://www.crunchbase.com/organization/pulse,Series A,"$9,000,000","Jun 16, 2011",Early Stage Venture,,Yes,4,2,"113,738"
Seed Round - Kingmaker,https://www.crunchbase.com/funding_round/kingmaker-seed--e5ff21c6,Kingmaker,https://www.crunchbase.com/organization/kingmaker,Seed,,"Jun 7, 2012",Seed,,Yes,1,,"114,202"
Series D - Livefyre,https://www.crunchbase.com/funding_round/livefyre-series-d--f9e10f4d,Livefyre,https://www.crunchbase.com/organization/livefyre,Series D,"$32,000,000","Feb 19, 2015",Late Stage Venture,,Yes,6,2,"159,239"
Series A - Connectivity,https://www.crunchbase.com/funding_round/connectivity-series-a--0378b6b3,Connectivity,https://www.crunchbase.com/organization/connectivity,Series A,"$10,350,000","Apr 24, 2014",Early Stage Venture,,Yes,7,2,"161,057"
Series A - Skurt,https://www.crunchbase.com/funding_round/skurt-series-a--0ad2ca25,Skurt,https://www.crunchbase.com/organization/skurt,Series A,"$10,000,000","Feb 21, 2017",Early Stage Venture,,Yes,8,4,"161,908"
Series B - WorkFusion,https://www.crunchbase.com/funding_round/crowdcomputing-systems-series-b--e8419695,WorkFusion,https://www.crunchbase.com/organization/crowdcomputing-systems,Series B,"$15,000,000","Apr 28, 2014",Early Stage Venture,,Yes,4,4,"162,329"
Series A - Marketbright,https://www.crunchbase.com/funding_round/marketbright-series-a--716198a7,Marketbright,https://www.crunchbase.com/organization/marketbright,Series A,,"Aug 1, 2008",Early Stage Venture,,Yes,2,1,"162,848"
Venture Round - Performance Horizon,https://www.crunchbase.com/funding_round/performance-horizon-group-series-unknown--0d650586,Performance Horizon,https://www.crunchbase.com/organization/performance-horizon-group,Venture - Series Unknown,,"Jan 24, 2012",,,Yes,2,2,"163,203"
Series C - Livefyre,https://www.crunchbase.com/funding_round/livefyre-series-c--bed08984,Livefyre,https://www.crunchbase.com/organization/livefyre,Series C,"$15,000,000","Feb 6, 2013",Late Stage Venture,,Yes,6,1,"163,211"
Seed Round - wedgies,https://www.crunchbase.com/funding_round/wedgies-seed--9473e111,wedgies,https://www.crunchbase.com/organization/wedgies,Seed,"$700,000","Dec 18, 2014",Seed,,Yes,4,2,"163,337"
Seed Round - TheWaveVR,https://www.crunchbase.com/funding_round/thewave-seed--2fd9cab3,TheWaveVR,https://www.crunchbase.com/organization/thewave,Seed,"$1,500,000","Apr 12, 2017",Seed,,Yes,5,1,"163,839"
Venture Round - M5 Networks,https://www.crunchbase.com/funding_round/m5-networks-series-unknown--62d944ad,M5 Networks,https://www.crunchbase.com/organization/m5-networks,Venture - Series Unknown,"$7,750,000","Sep 27, 2009",,,Yes,3,,"164,006"
Series B - Instantly,https://www.crunchbase.com/funding_round/instantly-series-b--3dd75c26,Instantly,https://www.crunchbase.com/organization/instantly,Series B,"$3,000,000","Jan 14, 2009",Early Stage Venture,,Yes,2,2,"164,226"
Series A - PeopleLinx,https://www.crunchbase.com/funding_round/peoplelinx-series-a--f45684c7,PeopleLinx,https://www.crunchbase.com/organization/peoplelinx,Series A,"$1,500,000","Jul 10, 2014",Early Stage Venture,,Yes,3,3,"164,369"
Series B - TagMan,https://www.crunchbase.com/funding_round/positivefeedback-series-b--cbde4534,TagMan,https://www.crunchbase.com/organization/positivefeedback,Series B,"$5,000,000","Oct 19, 2011",Early Stage Venture,,Yes,3,1,"183,213"
Series A - PeopleLinx,https://www.crunchbase.com/funding_round/peoplelinx-series-a--de88f522,PeopleLinx,https://www.crunchbase.com/organization/peoplelinx,Series A,"$3,200,000","Mar 19, 2013",Early Stage Venture,,Yes,5,2,"183,505"
Venture Round - Parent Media Group,https://www.crunchbase.com/funding_round/parent-media-group-series-unknown--b65f7d51,Parent Media Group,https://www.crunchbase.com/organization/parent-media-group,Venture - Series Unknown,"$515,000","Feb 1, 2012",,,Yes,3,,"183,574"
Seed Round - DigiSynd,https://www.crunchbase.com/funding_round/digisynd-seed--4cc84c01,DigiSynd,https://www.crunchbase.com/organization/digisynd,Seed,,"May 1, 2008",Seed,,Yes,3,,"183,975"
Series A - Supernova,https://www.crunchbase.com/funding_round/wearesupernova-series-a--f3fc4a8f,Supernova,https://www.crunchbase.com/organization/wearesupernova,Series A,"$6,000,000","Feb 1, 2012",Early Stage Venture,,Yes,3,1,"184,001"
Series A - HuffPost,https://www.crunchbase.com/funding_round/huffingtonpost-series-a--7f05940c,HuffPost,https://www.crunchbase.com/organization/huffingtonpost,Series A,"$5,000,000","Aug 1, 2006",Early Stage Venture,,Yes,4,1,"184,032"
Series C - JW Player,https://www.crunchbase.com/funding_round/jwplayer-series-c--09972a91,JW Player,https://www.crunchbase.com/organization/jwplayer,Series C,"$20,000,000","Sep 17, 2014",Late Stage Venture,,Yes,4,,"74,965"
Seed Round - NuORDER,https://www.crunchbase.com/funding_round/nuorder-seed--a547f046,NuORDER,https://www.crunchbase.com/organization/nuorder,Seed,"$3,600,000","Oct 1, 2012",Seed,,Yes,9,5,"202,644"
Series C - Munchery,https://www.crunchbase.com/funding_round/munchery-series-c--97c1583e,Munchery,https://www.crunchbase.com/organization/munchery,Series C,"$85,000,000","May 22, 2015",Late Stage Venture,,Yes,7,3,"204,223"
Series A - PeopleLinx,https://www.crunchbase.com/funding_round/peoplelinx-series-a--e947f245,PeopleLinx,https://www.crunchbase.com/organization/peoplelinx,Series A,"$3,460,983","Aug 20, 2015",Early Stage Venture,,Yes,3,2,"205,180"
Series A - Bread,https://www.crunchbase.com/funding_round/bread-series-a--57b6beb5,Bread,https://www.crunchbase.com/organization/bread,Series A,"$14,300,000","Nov 10, 2015",Early Stage Venture,,Yes,10,7,"205,346"
Series A - Nativo,https://www.crunchbase.com/funding_round/postrelease-series-a--541d8d74,Nativo,https://www.crunchbase.com/organization/postrelease,Series A,"$4,450,000","Apr 9, 2013",Early Stage Venture,,Yes,6,1,"206,011"
Series A - Savoteur (formerly Daily Secret),https://www.crunchbase.com/funding_round/daily-secret-series-a--72ce7506,Savoteur (formerly Daily Secret),https://www.crunchbase.com/organization/daily-secret,Series A,"$1,850,000","Mar 8, 2012",Early Stage Venture,,Yes,2,,"206,862"
Series A - ZergNet,https://www.crunchbase.com/funding_round/zergnet-series-a--71759f3d,ZergNet,https://www.crunchbase.com/organization/zergnet,Series A,"$3,200,000","Nov 5, 2014",Early Stage Venture,,Yes,4,,"207,130"
Series B - Clique,https://www.crunchbase.com/funding_round/clique-media-3-series-b--90e5077e,Clique,https://www.crunchbase.com/organization/clique-media-3,Series B,"$8,000,000","Aug 8, 2015",Early Stage Venture,,Yes,9,1,"207,177"
Series A - NuORDER,https://www.crunchbase.com/funding_round/nuorder-series-a--4e0482f5,NuORDER,https://www.crunchbase.com/organization/nuorder,Series A,"$7,500,000","Aug 1, 2013",Early Stage Venture,,Yes,4,3,"207,781"
Seed Round - PS XO,https://www.crunchbase.com/funding_round/ps-xo-seed--9ec5c160,PS XO,https://www.crunchbase.com/organization/ps-xo,Seed,"$7,000,000","Oct 29, 2014",Seed,,Yes,2,,"207,958"
Seed Round - Knozen,https://www.crunchbase.com/funding_round/knozen-seed--56478135,Knozen,https://www.crunchbase.com/organization/knozen,Seed,"$2,250,000","Nov 1, 2013",Seed,,Yes,5,1,"209,476"
Series A - HopSkipDrive,https://www.crunchbase.com/funding_round/hopskipdrive-series-a--84647bfc,HopSkipDrive,https://www.crunchbase.com/organization/hopskipdrive,Series A,"$10,200,000","Jan 26, 2016",Early Stage Venture,,Yes,6,2,"211,349"
Seed Round - Fight My Monster,https://www.crunchbase.com/funding_round/fight-my-monster-seed--8946e205,Fight My Monster,https://www.crunchbase.com/organization/fight-my-monster,Seed,"$2,100,000","Mar 1, 2012",Seed,,Yes,6,1,"211,876"
Venture Round - Mighty Networks,https://www.crunchbase.com/funding_round/mightynetworks-series-unknown--3744123d,Mighty Networks,https://www.crunchbase.com/organization/mightynetworks,Venture - Series Unknown,,"Dec 1, 2011",,,Yes,3,,"184,795"
Venture Round - HipSwap,https://www.crunchbase.com/funding_round/hipswap-series-unknown--426d9a63,HipSwap,https://www.crunchbase.com/organization/hipswap,Venture - Series Unknown,"$1,100,000","Mar 29, 2012",,,Yes,4,,"186,241"
Series B - Shoes of Prey,https://www.crunchbase.com/funding_round/shoes-of-prey-series-b--ade531db,Shoes of Prey,https://www.crunchbase.com/organization/shoes-of-prey,Series B,"$15,500,000","Dec 7, 2015",Early Stage Venture,,Yes,4,3,"187,392"
"Series B - MapAnything, Inc.",https://www.crunchbase.com/funding_round/cloudbilt-series-b--56bb59d3,"MapAnything, Inc.",https://www.crunchbase.com/organization/cloudbilt,Series B,"$33,100,000","Feb 2, 2017",Early Stage Venture,,Yes,8,1,"187,540"
Series B - etouches,https://www.crunchbase.com/funding_round/etouches-series-b--07e2e856,etouches,https://www.crunchbase.com/organization/etouches,Series B,"$7,750,000","Aug 21, 2012",Early Stage Venture,,Yes,3,2,"188,539"
Seed Round - Layer,https://www.crunchbase.com/funding_round/layer-seed--5838e093,Layer,https://www.crunchbase.com/organization/layer,Seed,"$6,000,000","Oct 29, 2013",Seed,,Yes,10,,"189,283"
Series B - Extreme Reach,https://www.crunchbase.com/funding_round/extreme-reach-series-b--a0359562,Extreme Reach,https://www.crunchbase.com/organization/extreme-reach,Series B,"$9,000,000","Jun 23, 2010",Early Stage Venture,,Yes,3,1,"189,523"
Series A - The Skimm,https://www.crunchbase.com/funding_round/the-skimm-series-a--0b99f9f1,The Skimm,https://www.crunchbase.com/organization/the-skimm,Series A,"$6,250,000","Dec 16, 2014",Early Stage Venture,,Yes,5,1,"189,875"
Series D - JW Player,https://www.crunchbase.com/funding_round/jwplayer-series-d--8c412d0a,JW Player,https://www.crunchbase.com/organization/jwplayer,Series D,"$20,000,000","Jan 5, 2016",Late Stage Venture,,Yes,4,,"192,456"
Series B - Adly,https://www.crunchbase.com/funding_round/ad-ly-series-b--5b8d3ce4,Adly,https://www.crunchbase.com/organization/ad-ly,Series B,"$5,000,000","May 11, 2010",Early Stage Venture,,Yes,3,1,"192,787"
Series A - Flashpoint,https://www.crunchbase.com/funding_round/flashpoint-partners-series-a--c9499f53,Flashpoint,https://www.crunchbase.com/organization/flashpoint-partners,Series A,"$5,000,000","Apr 17, 2015",Early Stage Venture,,Yes,5,2,"192,793"
Series A - Floored,https://www.crunchbase.com/funding_round/floored-series-a--6232dbd2,Floored,https://www.crunchbase.com/organization/floored,Series A,"$5,260,000","Dec 19, 2013",Early Stage Venture,,Yes,5,3,"192,899"
Venture Round - Ceros,https://www.crunchbase.com/funding_round/ceros-series-unknown--62020a0a,Ceros,https://www.crunchbase.com/organization/ceros,Venture - Series Unknown,"$6,200,000","Apr 3, 2014",,,Yes,3,,"193,062"
Series A - Epoxy,https://www.crunchbase.com/funding_round/epoxy-series-a--a019eee5,Epoxy,https://www.crunchbase.com/organization/epoxy,Series A,"$6,500,000","Jun 24, 2014",Early Stage Venture,,Yes,6,2,"193,203"
Series A - Clique,https://www.crunchbase.com/funding_round/clique-media-3-series-a--83ca9275,Clique,https://www.crunchbase.com/organization/clique-media-3,Series A,"$4,025,000","Apr 1, 2014",Early Stage Venture,,Yes,9,2,"193,299"
Convertible Note - Elite Daily,https://www.crunchbase.com/funding_round/elite-daily-convertible-note--7af691db,Elite Daily,https://www.crunchbase.com/organization/elite-daily,Convertible Note,"$1,500,000","Jun 14, 2014",,,No,5,,"76,188"
Series A - Immuta,https://www.crunchbase.com/funding_round/immuta-series-a--29c36474,Immuta,https://www.crunchbase.com/organization/immuta,Series A,"$8,000,000","Feb 16, 2017",Early Stage Venture,,Yes,3,,"76,637"
Seed Round - LumaTax,https://www.crunchbase.com/funding_round/lumatax-seed--0e7e7e71,LumaTax,https://www.crunchbase.com/organization/lumatax,Seed,"$2,000,000","Sep 14, 2016",Seed,,Yes,2,,"77,573"
Series B - The Skimm,https://www.crunchbase.com/funding_round/the-skimm-series-b--051887a3,The Skimm,https://www.crunchbase.com/organization/the-skimm,Series B,"$8,000,000","Jun 1, 2016",Early Stage Venture,,Yes,4,1,"78,033"
Series B - Livefyre,https://www.crunchbase.com/funding_round/livefyre-series-b--e0d8757f,Livefyre,https://www.crunchbase.com/organization/livefyre,Series B,"$4,500,000","Oct 17, 2011",Early Stage Venture,,Yes,9,1,"79,957"
Seed Round - Sensay,https://www.crunchbase.com/funding_round/sensay-seed--a69f04a1,Sensay,https://www.crunchbase.com/organization/sensay,Seed,"$4,500,000","Aug 2, 2016",Seed,,Yes,8,2,"80,600"
"Series A - Netsertive, Inc",https://www.crunchbase.com/funding_round/netsertive-series-a--3e717479,"Netsertive, Inc",https://www.crunchbase.com/organization/netsertive,Series A,"$4,475,002","Dec 13, 2010",Early Stage Venture,,Yes,2,2,"80,706"
Series A - Vettery,https://www.crunchbase.com/funding_round/vettery-series-a--e17e0c41,Vettery,https://www.crunchbase.com/organization/vettery,Series A,"$9,000,000","Aug 16, 2016",Early Stage Venture,,Yes,7,2,"80,800"
Series A - Nomi,https://www.crunchbase.com/funding_round/nomi-series-a--7dfce14f,Nomi,https://www.crunchbase.com/organization/nomi,Series A,"$10,000,000","Oct 16, 2013",Early Stage Venture,,Yes,4,,"80,951"
Venture Round - Ladies Who Launch,https://www.crunchbase.com/funding_round/ladies-who-launch-series-unknown--49d2fb02,Ladies Who Launch,https://www.crunchbase.com/organization/ladies-who-launch,Venture - Series Unknown,,"Jun 1, 2008",,,Yes,1,,"82,159"
Series D - Fisoc,https://www.crunchbase.com/funding_round/fisoc-series-d--a9bee46c,Fisoc,https://www.crunchbase.com/organization/fisoc,Series D,"$21,000,000","Sep 27, 2013",Late Stage Venture,,Yes,3,1,"82,163"
Series B - CareSync,https://www.crunchbase.com/funding_round/caresync-series-b--68820421,CareSync,https://www.crunchbase.com/organization/caresync,Series B,"$18,000,000","Oct 7, 2015",Early Stage Venture,,Yes,7,,"82,220"
Series A - Molio Inc.,https://www.crunchbase.com/funding_round/molio-series-a--9633d8df,Molio Inc.,https://www.crunchbase.com/organization/molio,Series A,"$3,000,000","Feb 3, 2015",Early Stage Venture,,Yes,6,2,"86,122"
Series B - The Dodo,https://www.crunchbase.com/funding_round/the-dodo-series-b--6ea87c46,The Dodo,https://www.crunchbase.com/organization/the-dodo,Series B,"$11,500,000","Nov 9, 2015",Early Stage Venture,,Yes,6,,"86,144"
Series A - Resonate,https://www.crunchbase.com/funding_round/resonate-networks-series-a--667fa022,Resonate,https://www.crunchbase.com/organization/resonate-networks,Series A,"$5,000,000","Jun 23, 2010",Early Stage Venture,,Yes,3,3,"87,930"
Venture Round - SteelHouse,https://www.crunchbase.com/funding_round/steelhouse-series-unknown--14aa2900,SteelHouse,https://www.crunchbase.com/organization/steelhouse,Venture - Series Unknown,"$8,250,000","Jul 11, 2012",,,Yes,6,1,"88,151"
Series A - Sometrics,https://www.crunchbase.com/funding_round/sometrics-series-a--46fdd638,Sometrics,https://www.crunchbase.com/organization/sometrics,Series A,"$1,550,000","May 14, 2008",Early Stage Venture,,Yes,3,1,"89,143"
Series B - PrecisionDemand,https://www.crunchbase.com/funding_round/lucid-commerce-series-b--36b8efc1,PrecisionDemand,https://www.crunchbase.com/organization/lucid-commerce,Series B,"$5,000,000","Apr 16, 2010",Early Stage Venture,,Yes,2,1,"91,771"
Series A - Visto,https://www.crunchbase.com/funding_round/collectivemedia-series-a--2f2cd0a3,Visto,https://www.crunchbase.com/organization/collectivemedia,Series A,,"Oct 1, 2007",Early Stage Venture,,Yes,2,,"91,895"
Series D - App Annie,https://www.crunchbase.com/funding_round/app-annie-series-d--4cd218fc,App Annie,https://www.crunchbase.com/organization/app-annie,Series D,"$55,000,000","Jan 13, 2015",Late Stage Venture,,Yes,5,6,"122,151"
Series B - TV Time,https://www.crunchbase.com/funding_round/whipclip-series-b--ada1d272,TV Time,https://www.crunchbase.com/organization/whipclip,Series B,"$20,000,000","Dec 3, 2014",Early Stage Venture,,Yes,12,2,"99,713"
Series D - The RealReal,https://www.crunchbase.com/funding_round/the-realreal-series-d--b1bc2cb6,The RealReal,https://www.crunchbase.com/organization/the-realreal,Series D,"$40,000,000","Apr 9, 2015",Late Stage Venture,,Yes,7,4,"100,047"
Seed Round - frame.ai,https://www.crunchbase.com/funding_round/frame-ai-seed--6a9544be,frame.ai,https://www.crunchbase.com/organization/frame-ai,Seed,"$1,500,000","Sep 13, 2016",Seed,,Yes,4,1,"100,322"
Series C - BaubleBar,https://www.crunchbase.com/funding_round/baublebar-series-c--1b3c38d3,BaubleBar,https://www.crunchbase.com/organization/baublebar,Series C,"$20,000,000","Jan 22, 2016",Late Stage Venture,,Yes,7,1,"100,442"
Series A - DataScience.com,https://www.crunchbase.com/funding_round/datascience-inc--series-a--d2c8e06e,DataScience.com,https://www.crunchbase.com/organization/datascience-inc-,Series A,"$22,000,000","Dec 12, 2015",Early Stage Venture,"$80,000,000",Yes,2,1,"122,988"
Series A - Wonderbly,https://www.crunchbase.com/funding_round/lost-my-name-series-a--f40170cc,Wonderbly,https://www.crunchbase.com/organization/lost-my-name,Series A,"$9,000,000","Jun 25, 2015",Early Stage Venture,,Yes,4,,"102,249"
Series E - App Annie,https://www.crunchbase.com/funding_round/app-annie-series-e--c849d46a,App Annie,https://www.crunchbase.com/organization/app-annie,Series E,"$63,000,000","Jan 13, 2016",Late Stage Venture,,Yes,6,5,"102,845"
Series A - Button,https://www.crunchbase.com/funding_round/button-series-a--e2470c65,Button,https://www.crunchbase.com/organization/button,Series A,"$12,300,000","Jan 22, 2015",Early Stage Venture,,Yes,8,1,"116,181"
Venture Round - Splash,https://www.crunchbase.com/funding_round/splashvr-series-unknown--f29c91d7,Splash,https://www.crunchbase.com/organization/splashvr,Venture - Series Unknown,"$2,500,000","Jun 24, 2016",,,Yes,7,,"116,302"
Seed Round - Nimble TV,https://www.crunchbase.com/funding_round/nimble-tv-seed--ea18b3aa,Nimble TV,https://www.crunchbase.com/organization/nimble-tv,Seed,"$1,650,000","Oct 27, 2011",Seed,,Yes,3,1,"123,994"
Series C - Vuze,https://www.crunchbase.com/funding_round/vuze-series-c--5feeed7c,Vuze,https://www.crunchbase.com/organization/vuze,Series C,"$20,000,000","Dec 1, 2007",Late Stage Venture,,Yes,5,3,"117,160"
"Series B - Netsertive, Inc",https://www.crunchbase.com/funding_round/netsertive-series-b--32a65922,"Netsertive, Inc",https://www.crunchbase.com/organization/netsertive,Series B,,"Sep 4, 2014",Early Stage Venture,,Yes,3,3,"130,132"
Seed Round - Combatant Gentlemen,https://www.crunchbase.com/funding_round/combatant-gentlemen-seed--4720e2c4,Combatant Gentlemen,https://www.crunchbase.com/organization/combatant-gentlemen,Seed,"$1,840,000","Jun 19, 2013",Seed,,Yes,8,1,"117,415"
Seed Round - Friendbuy,https://www.crunchbase.com/funding_round/friendbuy-seed--6565628e,Friendbuy,https://www.crunchbase.com/organization/friendbuy,Seed,"$1,500,000","Nov 15, 2010",Seed,,Yes,4,,"117,600"
Series C - Maker Studios,https://www.crunchbase.com/funding_round/maker-studios-series-c--a84d3c43,Maker Studios,https://www.crunchbase.com/organization/maker-studios,Series C,"$36,000,000","Dec 22, 2012",Late Stage Venture,,Yes,8,3,"131,705"
Series A - Vizu Corporation,https://www.crunchbase.com/funding_round/vizu-series-a--4263e3fd,Vizu Corporation,https://www.crunchbase.com/organization/vizu,Series A,"$6,750,000","Dec 1, 2005",Early Stage Venture,,Yes,4,,"131,982"
Series B - Blinkist,https://www.crunchbase.com/funding_round/blinkist-series-b--d3ce5572,Blinkist,https://www.crunchbase.com/organization/blinkist,Series B,"$9,000,000","Jan 27, 2017",Early Stage Venture,,Yes,1,1,"118,573"
Series B - Managed by Q,https://www.crunchbase.com/funding_round/managed-by-q-series-b--52bc9f06,Managed by Q,https://www.crunchbase.com/organization/managed-by-q,Series B,"$25,000,000","Apr 1, 2016",Early Stage Venture,,Yes,13,5,"118,755"
Convertible Note - wedgies,https://www.crunchbase.com/funding_round/wedgies-convertible-note--68d34922,wedgies,https://www.crunchbase.com/organization/wedgies,Convertible Note,"$1,200,000","Mar 26, 2015",,,No,7,,"132,319"
Series B - Merchantry,https://www.crunchbase.com/funding_round/merchantry-series-b--5c88bddb,Merchantry,https://www.crunchbase.com/organization/merchantry,Series B,"$7,000,000","May 7, 2013",Early Stage Venture,,Yes,3,2,"135,667"
Series A - Health Plan One,https://www.crunchbase.com/funding_round/health-plan-one-series-a--9c505082,Health Plan One,https://www.crunchbase.com/organization/health-plan-one,Series A,"$6,500,000","Apr 21, 2008",Early Stage Venture,,Yes,6,2,"69,138"
Series B - Savoteur (formerly Daily Secret),https://www.crunchbase.com/funding_round/daily-secret-series-b--aa2040e2,Savoteur (formerly Daily Secret),https://www.crunchbase.com/organization/daily-secret,Series B,"$1,250,000","Jan 29, 2014",Early Stage Venture,,Yes,3,1,"69,404"
Series A - Crowd Fusion,https://www.crunchbase.com/funding_round/crowd-fusion-series-a--35b73ad4,Crowd Fusion,https://www.crunchbase.com/organization/crowd-fusion,Series A,"$3,000,000","Jul 31, 2008",Early Stage Venture,,Yes,3,1,"69,497"
Series B - Sulia,https://www.crunchbase.com/funding_round/sulia-series-b--b89a327f,Sulia,https://www.crunchbase.com/organization/sulia,Series B,"$6,000,000","Jul 23, 2013",Early Stage Venture,,Yes,5,3,"70,971"
Series B - The RealReal,https://www.crunchbase.com/funding_round/the-realreal-series-b--f2f164f8,The RealReal,https://www.crunchbase.com/organization/the-realreal,Series B,"$14,000,000","Apr 2, 2013",Early Stage Venture,,Yes,9,3,"72,181"
Seed Round - MakersKit,https://www.crunchbase.com/funding_round/makerskit-seed--915696be,MakersKit,https://www.crunchbase.com/organization/makerskit,Seed,"$1,503,000","Jul 1, 2014",Seed,,Yes,6,1,"127,229"
Series A - Koding,https://www.crunchbase.com/funding_round/koding-series-a--5d718c57,Koding,https://www.crunchbase.com/organization/koding,Series A,"$2,000,000","Mar 15, 2012",Early Stage Venture,,Yes,2,2,"128,044"
Series A - Earnest Research,https://www.crunchbase.com/funding_round/the-earnest-research-company-series-a--d65f36e1,Earnest Research,https://www.crunchbase.com/organization/the-earnest-research-company,Series A,"$3,500,005","Aug 14, 2014",Early Stage Venture,,Yes,5,1,"141,030"
Series B - JW Player,https://www.crunchbase.com/funding_round/jwplayer-series-b--0ab3a455,JW Player,https://www.crunchbase.com/organization/jwplayer,Series B,"$4,000,000","Nov 2, 2012",Early Stage Venture,,Yes,2,,"141,434"
Series C - Performance Horizon,https://www.crunchbase.com/funding_round/performance-horizon-group-series-c--44f0dcb1,Performance Horizon,https://www.crunchbase.com/organization/performance-horizon-group,Series C,"$15,400,000","Jun 15, 2016",Late Stage Venture,,Yes,4,3,"143,995"
Series A - Extreme Reach,https://www.crunchbase.com/funding_round/extreme-reach-series-a--132edb5b,Extreme Reach,https://www.crunchbase.com/organization/extreme-reach,Series A,"$1,100,000","Mar 1, 2009",Early Stage Venture,,Yes,1,,"147,481"
Series B - Intent Media Works,https://www.crunchbase.com/funding_round/intent-media-works-series-b--f450a52a,Intent Media Works,https://www.crunchbase.com/organization/intent-media-works,Series B,"$10,000,000","Apr 16, 2007",Early Stage Venture,,Yes,2,,"147,752"
Seed Round - Seedling,https://www.crunchbase.com/funding_round/seedling-seed--f1a405b6,Seedling,https://www.crunchbase.com/organization/seedling,Seed,"$1,100,000","Nov 25, 2013",Seed,,Yes,7,,"149,888"
Venture Round - NiftyThrifty,https://www.crunchbase.com/funding_round/niftythrifty-series-unknown--099d407c,NiftyThrifty,https://www.crunchbase.com/organization/niftythrifty,Venture - Series Unknown,"$2,000,000","Aug 24, 2012",,,Yes,5,2,"153,333"
