Transaction Name,Transaction Name URL,Organization Name,Organization Name URL,Funding Type,Money Raised,Announced Date,Funding Stage,Pre-Money Valuation,Equity Only Funding,Number of Investors,Number of Partner Investors,CB Rank (Funding Round)
Series A -  CryptoKitties,https://www.crunchbase.com/funding_round/cryptokitties-series-a--1a34f2b9, CryptoKitties,https://www.crunchbase.com/organization/cryptokitties,Series A,"$12,000,000","Mar 21, 2018",Early Stage Venture,,Yes,16,2,90
Seed Round - ShopShops,https://www.crunchbase.com/funding_round/shopshops-seed--f83c4694,ShopShops,https://www.crunchbase.com/organization/shopshops,Seed,"$6,100,000","Apr 4, 2018",Seed,,Yes,6,,124
Series E - Shapeways,https://www.crunchbase.com/funding_round/shapeways-series-e--0daf5966,Shapeways,https://www.crunchbase.com/organization/shapeways,Series E,"$30,000,000","Apr 19, 2018",Late Stage Venture,,Yes,4,1,166
Series A - OB1,https://www.crunchbase.com/funding_round/ob1-series-a--9ec2fe81,OB1,https://www.crunchbase.com/organization/ob1,Series A,"$5,000,000","Mar 13, 2018",Early Stage Venture,,Yes,7,1,403
Series D - Sift Science,https://www.crunchbase.com/funding_round/sift-science-series-d--c995acbd,Sift Science,https://www.crunchbase.com/organization/sift-science,Series D,"$53,000,000","Mar 21, 2018",Late Stage Venture,,Yes,4,1,769
Initial Coin Offering - Blockstack,https://www.crunchbase.com/funding_round/blockstack-inc-initial-coin-offering--40589a75,Blockstack,https://www.crunchbase.com/organization/blockstack-inc,Initial Coin Offering,"$52,800,000","Dec 4, 2017",,,Yes,11,1,"2,022"
Series C - Carta,https://www.crunchbase.com/funding_round/eshares-series-c--762c7566,Carta,https://www.crunchbase.com/organization/eshares,Series C,"$42,000,000","Oct 11, 2017",Late Stage Venture,,Yes,13,6,"2,359"
Series D - Stash,https://www.crunchbase.com/funding_round/stash-5-series-d--cf571ea2,Stash,https://www.crunchbase.com/organization/stash-5,Series D,"$37,500,000","Feb 12, 2018",Late Stage Venture,,Yes,6,,"2,445"
Series B - DroneBase,https://www.crunchbase.com/funding_round/dronebase-series-b--d9f2686b,DroneBase,https://www.crunchbase.com/organization/dronebase,Series B,"$12,000,000","Feb 15, 2018",Early Stage Venture,,Yes,5,3,"2,608"
Series F - C2FO,https://www.crunchbase.com/funding_round/c2fo-series-f--52226226,C2FO,https://www.crunchbase.com/organization/c2fo,Series F,"$100,000,000","Feb 27, 2018",Late Stage Venture,,Yes,5,3,"2,789"
Seed Round - Algorand,https://www.crunchbase.com/funding_round/algorand-seed--5937cbeb,Algorand,https://www.crunchbase.com/organization/algorand,Seed,"$4,000,000","Feb 15, 2018",Seed,,Yes,2,,"2,880"
Series B - Quizlet,https://www.crunchbase.com/funding_round/quizlet-series-b--a4e276c9,Quizlet,https://www.crunchbase.com/organization/quizlet,Series B,"$20,000,000","Feb 6, 2018",Early Stage Venture,,Yes,5,,"3,007"
Initial Coin Offering - Filecoin,https://www.crunchbase.com/funding_round/filecoin-initial-coin-offering--7fbee466,Filecoin,https://www.crunchbase.com/organization/filecoin,Initial Coin Offering,"$257,000,000","Aug 10, 2017",,,Yes,9,1,"3,233"
Series B - Splice,https://www.crunchbase.com/funding_round/splice-series-b--da454359,Splice,https://www.crunchbase.com/organization/splice,Series B,"$35,000,000","Dec 14, 2017",Early Stage Venture,,Yes,4,2,"3,937"
Venture Round - BlockTower Capital,https://www.crunchbase.com/funding_round/blocktower-capital-series-unknown--f91a80d6,BlockTower Capital,https://www.crunchbase.com/organization/blocktower-capital,Venture - Series Unknown,"$140,000,000","Jan 4, 2018",,,Yes,2,,"4,494"
Venture Round - Dwolla,https://www.crunchbase.com/funding_round/dwolla-series-unknown--dbe1b4c0,Dwolla,https://www.crunchbase.com/organization/dwolla,Venture - Series Unknown,"$12,000,000","Feb 12, 2018",,,Yes,3,,"4,618"
Series B - PayJoy,https://www.crunchbase.com/funding_round/payjoy-series-b--f5621cf3,PayJoy,https://www.crunchbase.com/organization/payjoy,Series B,"$8,000,000","Sep 19, 2017",Early Stage Venture,,Yes,5,1,"4,966"
Series B - Shippo,https://www.crunchbase.com/funding_round/shippo-series-b--aa0e9ba4,Shippo,https://www.crunchbase.com/organization/shippo,Series B,"$20,000,000","Oct 31, 2017",Early Stage Venture,,Yes,4,,"5,079"
Series B - CoverWallet,https://www.crunchbase.com/funding_round/coverwallet-series-b--4ca180d7,CoverWallet,https://www.crunchbase.com/organization/coverwallet,Series B,"$18,500,000","Oct 12, 2017",Early Stage Venture,,Yes,5,2,"5,274"
Series C - RealtyShares,https://www.crunchbase.com/funding_round/realtyshares-series-c--03799099,RealtyShares,https://www.crunchbase.com/organization/realtyshares,Series C,"$28,000,000","Sep 14, 2017",Late Stage Venture,,Yes,6,5,"6,254"
Series A - Jobbatical,https://www.crunchbase.com/funding_round/jobbatical-series-a--1d4acad8,Jobbatical,https://www.crunchbase.com/organization/jobbatical,Series A,"$4,000,000","Sep 28, 2017",Early Stage Venture,,Yes,4,,"8,836"
Series B - Pilot,https://www.crunchbase.com/funding_round/pilot-2-series-b--f529a007,Pilot,https://www.crunchbase.com/organization/pilot-2,Series B,"$17,000,000","Sep 21, 2017",Early Stage Venture,,Yes,3,1,"9,391"
Series B - Science Exchange,https://www.crunchbase.com/funding_round/science-exchange-series-b--9fa10185,Science Exchange,https://www.crunchbase.com/organization/science-exchange,Series B,"$25,000,000","Mar 23, 2016",Early Stage Venture,,Yes,13,4,"14,631"
Seed Round - Amino Apps,https://www.crunchbase.com/funding_round/amino-apps-2-seed--b301a5ca,Amino Apps,https://www.crunchbase.com/organization/amino-apps-2,Seed,"$1,650,000","Jul 9, 2014",Seed,,Yes,14,4,"18,510"
Series C - Coinbase,https://www.crunchbase.com/funding_round/coinbase-series-c--480e9ee6,Coinbase,https://www.crunchbase.com/organization/coinbase,Series C,"$75,000,000","Jan 20, 2015",Late Stage Venture,,Yes,13,4,"18,830"
Series B - Figure 1,https://www.crunchbase.com/funding_round/figure-series-b--47211adb,Figure 1,https://www.crunchbase.com/organization/figure,Series B,"$10,000,000","Jun 13, 2017",Early Stage Venture,,Yes,7,3,"20,065"
Series C - Science Exchange,https://www.crunchbase.com/funding_round/science-exchange-series-c--05560575,Science Exchange,https://www.crunchbase.com/organization/science-exchange,Series C,"$28,000,000","Jun 29, 2017",Late Stage Venture,,Yes,4,2,"26,408"
Series B - SimScale,https://www.crunchbase.com/funding_round/simscale-series-b--f068ad41,SimScale,https://www.crunchbase.com/organization/simscale,Series B,,"Jan 24, 2017",Early Stage Venture,,Yes,3,1,"27,495"
Series F - Funding Circle,https://www.crunchbase.com/funding_round/funding-circle-series-f--2d3f9067,Funding Circle,https://www.crunchbase.com/organization/funding-circle,Series F,"$100,000,000","Jan 11, 2017",Late Stage Venture,,Yes,9,4,"29,148"
Series A - Behance,https://www.crunchbase.com/funding_round/behance-series-a--843a68ce,Behance,https://www.crunchbase.com/organization/behance,Series A,"$6,500,000","May 14, 2012",Early Stage Venture,,Yes,10,3,"30,611"
Series A - Shapeways,https://www.crunchbase.com/funding_round/shapeways-series-a--55230eaa,Shapeways,https://www.crunchbase.com/organization/shapeways,Series A,"$5,000,000","Sep 23, 2010",Early Stage Venture,,Yes,3,1,"30,803"
Series B - Etsy,https://www.crunchbase.com/funding_round/etsy-series-b--aa4385d1,Etsy,https://www.crunchbase.com/organization/etsy,Series B,,"Jan 1, 2007",Early Stage Venture,,Yes,2,2,"30,812"
Series B - Hailo,https://www.crunchbase.com/funding_round/hailo-series-b--f455149a,Hailo,https://www.crunchbase.com/organization/hailo,Series B,"$30,600,000","Dec 31, 2012",Early Stage Venture,,Yes,12,4,"31,147"
"Venture Round - Kickstarter, PBC",https://www.crunchbase.com/funding_round/kickstarter-series-unknown--87eae4a9,"Kickstarter, PBC",https://www.crunchbase.com/organization/kickstarter,Venture - Series Unknown,"$10,000,000","Mar 18, 2009",,,Yes,19,2,"31,223"
Series A - Science Exchange,https://www.crunchbase.com/funding_round/science-exchange-series-a--e43913ea,Science Exchange,https://www.crunchbase.com/organization/science-exchange,Series A,"$4,000,000","May 10, 2013",Early Stage Venture,,Yes,10,1,"32,346"
Series D - Duolingo,https://www.crunchbase.com/funding_round/duolingo-series-d--e0fe8ebb,Duolingo,https://www.crunchbase.com/organization/duolingo,Series D,"$45,000,000","Jun 10, 2015",Late Stage Venture,"$425,000,000",Yes,7,3,"32,481"
Series B - Coinbase,https://www.crunchbase.com/funding_round/coinbase-series-b--392e8db1,Coinbase,https://www.crunchbase.com/organization/coinbase,Series B,"$25,000,000","Dec 12, 2013",Early Stage Venture,,Yes,4,4,"32,802"
Series D - Shapeways,https://www.crunchbase.com/funding_round/shapeways-series-d--c8074acf,Shapeways,https://www.crunchbase.com/organization/shapeways,Series D,"$30,000,000","Jul 1, 2015",Late Stage Venture,,Yes,4,2,"33,153"
Seed Round - Flip,https://www.crunchbase.com/funding_round/flip-5-seed--d8427086,Flip,https://www.crunchbase.com/organization/flip-5,Seed,"$2,200,000","Jun 27, 2017",Seed,,Yes,3,,"33,557"
Series E - C2FO,https://www.crunchbase.com/funding_round/c2fo-series-e--909afc21,C2FO,https://www.crunchbase.com/organization/c2fo,Series E,"$40,000,000","Aug 11, 2015",Late Stage Venture,,Yes,7,3,"33,911"
Seed Round - Polychain Capital,https://www.crunchbase.com/funding_round/polychain-capital-seed--b213b69a,Polychain Capital,https://www.crunchbase.com/organization/polychain-capital,Seed,,"Dec 9, 2016",Seed,,Yes,7,3,"33,952"
Series A - YouNow,https://www.crunchbase.com/funding_round/younow-series-a--3eb057ed,YouNow,https://www.crunchbase.com/organization/younow,Series A,"$4,000,000","Aug 1, 2013",Early Stage Venture,,Yes,2,1,"35,167"
Series C - CircleUp,https://www.crunchbase.com/funding_round/circleup-series-c--f2b3fc86,CircleUp,https://www.crunchbase.com/organization/circleup,Series C,"$30,000,000","Nov 11, 2015",Late Stage Venture,,Yes,10,4,"37,990"
Series A - Duolingo,https://www.crunchbase.com/funding_round/duolingo-series-a--e8b84a3f,Duolingo,https://www.crunchbase.com/organization/duolingo,Series A,"$3,300,000","Oct 19, 2011",Early Stage Venture,,Yes,3,,"38,670"
Series A - Tracked.com,https://www.crunchbase.com/funding_round/tracked-com-series-a--cb7d0146,Tracked.com,https://www.crunchbase.com/organization/tracked-com,Series A,"$6,500,000","Jul 1, 2009",Early Stage Venture,,Yes,8,,"39,078"
Series A - PayJoy,https://www.crunchbase.com/funding_round/payjoy-series-a--e23e8b76,PayJoy,https://www.crunchbase.com/organization/payjoy,Series A,"$8,500,000","Jul 11, 2016",Early Stage Venture,,Yes,7,4,"39,100"
Series A - Numerai,https://www.crunchbase.com/funding_round/numerai-series-a--464be442,Numerai,https://www.crunchbase.com/organization/numerai,Series A,"$6,000,000","Dec 12, 2016",Early Stage Venture,"$54,000,000",Yes,4,2,"38,909"
Series A - Nurx,https://www.crunchbase.com/funding_round/nurx-series-a--ff049e03,Nurx,https://www.crunchbase.com/organization/nurx,Series A,"$5,300,000","Oct 31, 2016",Early Stage Venture,,Yes,4,,"39,005"
Series A - turntable.fm,https://www.crunchbase.com/funding_round/turntable-fm-series-a--ae17b040,turntable.fm,https://www.crunchbase.com/organization/turntable-fm,Series A,"$7,000,000","Sep 13, 2011",Early Stage Venture,,Yes,10,3,"38,929"
Series A - Hashable,https://www.crunchbase.com/funding_round/hashable-series-a--b391c1ea,Hashable,https://www.crunchbase.com/organization/hashable,Series A,"$4,000,000","Nov 19, 2010",Early Stage Venture,,Yes,5,2,"39,299"
Series A - Zynga,https://www.crunchbase.com/funding_round/zynga-series-a--66d64809,Zynga,https://www.crunchbase.com/organization/zynga,Series A,"$10,000,000","Jan 1, 2008",Early Stage Venture,,Yes,10,5,"39,377"
Series A - Clickable,https://www.crunchbase.com/funding_round/clickable-series-a--66c4fe0b,Clickable,https://www.crunchbase.com/organization/clickable,Series A,"$3,000,000","Nov 20, 2007",Early Stage Venture,,Yes,4,3,"39,348"
Series A - UCode,https://www.crunchbase.com/funding_round/ucode-series-a--59cad470,UCode,https://www.crunchbase.com/organization/ucode,Series A,"$1,700,000","Mar 15, 2015",Early Stage Venture,"$6,900,000",Yes,6,3,"39,615"
Series B - Clarifai,https://www.crunchbase.com/funding_round/clarifai-series-b--4e4dbdd7,Clarifai,https://www.crunchbase.com/organization/clarifai,Series B,"$30,000,000","Oct 25, 2016",Early Stage Venture,,Yes,5,2,"40,470"
Series D - Funding Circle,https://www.crunchbase.com/funding_round/funding-circle-series-d--6cb9724f,Funding Circle,https://www.crunchbase.com/organization/funding-circle,Series D,"$65,000,000","Jul 17, 2014",Late Stage Venture,,Yes,5,2,"41,118"
Series A - Pilot,https://www.crunchbase.com/funding_round/pilot-2-series-a--a64eecf2,Pilot,https://www.crunchbase.com/organization/pilot-2,Series A,"$12,000,000","Nov 1, 2016",Early Stage Venture,,Yes,2,1,"42,026"
Series A - Upgrade,https://www.crunchbase.com/funding_round/upgrade-series-a--a8456b47,Upgrade,https://www.crunchbase.com/organization/upgrade,Series A,"$60,000,000","Mar 13, 2017",Early Stage Venture,"$120,000,000",Yes,10,1,"45,430"
Series A - CrowdRise,https://www.crunchbase.com/funding_round/crowdrise-series-a--c5862ad3,CrowdRise,https://www.crunchbase.com/organization/crowdrise,Series A,"$23,000,000","Apr 22, 2014",Early Stage Venture,,Yes,6,2,"46,057"
Series A - Carta,https://www.crunchbase.com/funding_round/eshares-series-a--393694a8,Carta,https://www.crunchbase.com/organization/eshares,Series A,"$7,000,000","Jan 5, 2015",Early Stage Venture,,Yes,8,2,"46,391"
Seed Round - Blockstack,https://www.crunchbase.com/funding_round/blockstack-inc-seed--a768e104,Blockstack,https://www.crunchbase.com/organization/blockstack-inc,Seed,"$1,330,000","Nov 16, 2014",Seed,,Yes,8,1,"47,555"
Series A - Wattpad,https://www.crunchbase.com/funding_round/wattpad-series-a--c7f4338e,Wattpad,https://www.crunchbase.com/organization/wattpad,Series A,"$3,500,000","Sep 12, 2011",Early Stage Venture,,Yes,3,1,"54,027"
Series C - Wattpad,https://www.crunchbase.com/funding_round/wattpad-series-c--e56b41b2,Wattpad,https://www.crunchbase.com/organization/wattpad,Series C,"$46,000,000","Apr 8, 2014",Late Stage Venture,,Yes,8,5,"53,910"
Series C - Bug Labs,https://www.crunchbase.com/funding_round/buglabs-series-c--52ba567b,Bug Labs,https://www.crunchbase.com/organization/buglabs,Series C,,"Aug 14, 2008",Late Stage Venture,,Yes,3,1,"155,048"
Seed Round - DroneBase,https://www.crunchbase.com/funding_round/dronebase-seed--a89b3330,DroneBase,https://www.crunchbase.com/organization/dronebase,Seed,,"Apr 8, 2015",Seed,,Yes,4,,"155,673"
Series A - Casetext,https://www.crunchbase.com/funding_round/casetext-series-a--5f76de0f,Casetext,https://www.crunchbase.com/organization/casetext,Series A,"$7,000,000","Feb 3, 2015",Early Stage Venture,,Yes,7,4,"156,043"
Series D - Oddcast,https://www.crunchbase.com/funding_round/oddcast-series-d--a39f6d98,Oddcast,https://www.crunchbase.com/organization/oddcast,Series D,"$4,000,000","Jun 13, 2006",Late Stage Venture,,Yes,2,,"156,548"
Venture Round - Zemanta,https://www.crunchbase.com/funding_round/zemanta-series-unknown--d7474364,Zemanta,https://www.crunchbase.com/organization/zemanta,Venture - Series Unknown,"$2,000,000","Nov 5, 2013",,,Yes,4,3,"157,751"
Series A - Shippo,https://www.crunchbase.com/funding_round/shippo-series-a--e157148a,Shippo,https://www.crunchbase.com/organization/shippo,Series A,"$7,000,000","Sep 9, 2016",Early Stage Venture,,Yes,4,1,"166,452"
Series A - Codecademy,https://www.crunchbase.com/funding_round/codecademy-series-a--335c6815,Codecademy,https://www.crunchbase.com/organization/codecademy,Series A,"$2,500,000","Oct 27, 2011",Early Stage Venture,,Yes,9,1,"169,392"
Series B - AMEE,https://www.crunchbase.com/funding_round/amee-series-b--e4e6f9b7,AMEE,https://www.crunchbase.com/organization/amee,Series B,"$5,500,000","Feb 8, 2010",Early Stage Venture,,Yes,3,3,"170,072"
Seed Round - Tracked.com,https://www.crunchbase.com/funding_round/tracked-com-seed--edd0dd3a,Tracked.com,https://www.crunchbase.com/organization/tracked-com,Seed,"$5,000,000","Jul 1, 2008",Seed,,Yes,7,,"170,231"
Series B - Dwolla,https://www.crunchbase.com/funding_round/dwolla-series-b--e5583738,Dwolla,https://www.crunchbase.com/organization/dwolla,Series B,"$5,000,000","Feb 7, 2012",Early Stage Venture,,Yes,5,2,"171,019"
Series E - MongoDB,https://www.crunchbase.com/funding_round/mongodb-inc-series-e--fe8c68ed,MongoDB,https://www.crunchbase.com/organization/mongodb-inc,Series E,"$42,000,000","May 29, 2012",Late Stage Venture,,Yes,4,6,"173,170"
Series C - Clickable,https://www.crunchbase.com/funding_round/clickable-series-c--3072d83c,Clickable,https://www.crunchbase.com/organization/clickable,Series C,"$12,000,000","Oct 17, 2011",Late Stage Venture,,Yes,4,2,"175,359"
Series A - Figure 1,https://www.crunchbase.com/funding_round/figure-series-a--234534ad,Figure 1,https://www.crunchbase.com/organization/figure,Series A,"$5,000,000","Oct 15, 2015",Early Stage Venture,,Yes,4,3,"176,041"
Series B - MongoDB,https://www.crunchbase.com/funding_round/mongodb-inc-series-b--d15b53e6,MongoDB,https://www.crunchbase.com/organization/mongodb-inc,Series B,"$3,400,000","Nov 4, 2009",Early Stage Venture,,Yes,2,3,"176,679"
Seed Round - OB1,https://www.crunchbase.com/funding_round/ob1-seed--6be95adb,OB1,https://www.crunchbase.com/organization/ob1,Seed,"$1,000,000","Apr 24, 2015",Seed,,Yes,3,,"176,772"
Series C - Yieldmo,https://www.crunchbase.com/funding_round/yieldmo-series-c--ab6553e2,Yieldmo,https://www.crunchbase.com/organization/yieldmo,Series C,"$10,000,000","Oct 22, 2014",Late Stage Venture,,Yes,4,4,"179,702"
Series D - AdaptiveBlue,https://www.crunchbase.com/funding_round/adaptiveblue-series-d--e4fd1976,AdaptiveBlue,https://www.crunchbase.com/organization/adaptiveblue,Series D,"$12,000,000","Jan 11, 2012",Late Stage Venture,,Yes,4,2,"180,392"
Series C - C2FO,https://www.crunchbase.com/funding_round/c2fo-series-c--36995123,C2FO,https://www.crunchbase.com/organization/c2fo,Series C,"$18,000,000","Jul 23, 2013",Late Stage Venture,,Yes,4,4,"180,415"
Series A - Skillshare,https://www.crunchbase.com/funding_round/skillshare-series-a--3a513570,Skillshare,https://www.crunchbase.com/organization/skillshare,Series A,"$3,100,000","Aug 16, 2011",Early Stage Venture,,Yes,3,3,"54,899"
Series B - Edmodo,https://www.crunchbase.com/funding_round/edmodo-series-b--e468158b,Edmodo,https://www.crunchbase.com/organization/edmodo,Series B,"$15,000,000","Dec 8, 2011",Early Stage Venture,,Yes,4,4,"115,798"
Series B - Wattpad,https://www.crunchbase.com/funding_round/wattpad-series-b--eb1f73ea,Wattpad,https://www.crunchbase.com/organization/wattpad,Series B,"$17,300,000","Jun 6, 2012",Early Stage Venture,,Yes,3,3,"120,277"
Seed Round - Jobbatical,https://www.crunchbase.com/funding_round/jobbatical-seed--6b7a0ae9,Jobbatical,https://www.crunchbase.com/organization/jobbatical,Seed,"$2,000,000","Mar 2, 2016",Seed,,Yes,3,,"121,893"
Series B - Carta,https://www.crunchbase.com/funding_round/eshares-series-b--a1f9ffce,Carta,https://www.crunchbase.com/organization/eshares,Series B,"$17,000,000","Aug 13, 2015",Early Stage Venture,"$60,000,000",Yes,8,1,"127,522"
Series B - Clickable,https://www.crunchbase.com/funding_round/clickable-series-b--a51e1d58,Clickable,https://www.crunchbase.com/organization/clickable,Series B,"$14,500,000","Jul 30, 2008",Early Stage Venture,,Yes,3,2,"128,813"
Seed Round - Pilot,https://www.crunchbase.com/funding_round/pilot-2-seed--199e1f16,Pilot,https://www.crunchbase.com/organization/pilot-2,Seed,"$3,300,000","May 1, 2015",Seed,,Yes,4,3,"131,238"
Private Equity Round - MountainView Capital Holdings,https://www.crunchbase.com/funding_round/mountainview-capital-holdings-private-equity--93e60e88,MountainView Capital Holdings,https://www.crunchbase.com/organization/mountainview-capital-holdings,Private Equity,"$65,000,000","Nov 7, 2007",Private Equity,,Yes,1,,"57,134"
Series D - Dwolla,https://www.crunchbase.com/funding_round/dwolla-series-d--b3fca229,Dwolla,https://www.crunchbase.com/organization/dwolla,Series D,"$9,700,000","Sep 30, 2014",Late Stage Venture,,Yes,4,4,"134,396"
Series B - Heyzap,https://www.crunchbase.com/funding_round/heyzap-series-b--69d4fb28,Heyzap,https://www.crunchbase.com/organization/heyzap,Series B,"$4,300,000","Dec 1, 2012",Early Stage Venture,,Yes,2,1,"136,188"
Series A - Stack Overflow,https://www.crunchbase.com/funding_round/stack-overflow-series-a--db510d51,Stack Overflow,https://www.crunchbase.com/organization/stack-overflow,Series A,"$6,000,000","May 4, 2010",Early Stage Venture,,Yes,11,2,"136,448"
Series B - GoTenna,https://www.crunchbase.com/funding_round/gotenna-series-b--6db22936,GoTenna,https://www.crunchbase.com/organization/gotenna,Series B,"$7,500,000","Apr 13, 2017",Early Stage Venture,,Yes,6,2,"137,508"
Series A - Coinbase,https://www.crunchbase.com/funding_round/coinbase-series-a--d406d17f,Coinbase,https://www.crunchbase.com/organization/coinbase,Series A,"$6,109,590","May 7, 2013",Early Stage Venture,,Yes,8,2,"138,499"
Series A - Quizlet,https://www.crunchbase.com/funding_round/quizlet-series-a--337e1afc,Quizlet,https://www.crunchbase.com/organization/quizlet,Series A,"$12,000,000","Nov 23, 2015",Early Stage Venture,,Yes,4,4,"140,800"
Venture Round - UpCompany,https://www.crunchbase.com/funding_round/upcompany-series-unknown--2d8ed2f4,UpCompany,https://www.crunchbase.com/organization/upcompany,Venture - Series Unknown,"$5,730,000","Sep 25, 2009",,,Yes,2,1,"142,427"
Series A - WorkMarket,https://www.crunchbase.com/funding_round/work-market-series-a--c48cf305,WorkMarket,https://www.crunchbase.com/organization/work-market,Series A,"$6,000,000","Jun 14, 2010",Early Stage Venture,,Yes,2,,"58,522"
Series A - Indeed,https://www.crunchbase.com/funding_round/indeed-series-a--5021de1b,Indeed,https://www.crunchbase.com/organization/indeed,Series A,"$5,000,000","Aug 1, 2005",Early Stage Venture,,Yes,3,,"58,637"
Series A - Kitchensurfing,https://www.crunchbase.com/funding_round/kitchensurfing-series-a--20734513,Kitchensurfing,https://www.crunchbase.com/organization/kitchensurfing,Series A,"$3,500,000","Apr 4, 2013",Early Stage Venture,,Yes,3,3,"142,883"
Venture Round - Smart Balloon,https://www.crunchbase.com/funding_round/smart-balloon-series-unknown--2d9e3f69,Smart Balloon,https://www.crunchbase.com/organization/smart-balloon,Venture - Series Unknown,"$3,000,000","Jun 23, 2010",,,Yes,1,,"59,605"
Series A - koko,https://www.crunchbase.com/funding_round/koko-3-series-a--3c7cdaa8,koko,https://www.crunchbase.com/organization/koko-3,Series A,"$2,500,000","Aug 9, 2016",Early Stage Venture,,Yes,2,,"144,764"
Series A - SimScale,https://www.crunchbase.com/funding_round/simscale-series-a--4ff7ba61,SimScale,https://www.crunchbase.com/organization/simscale,Series A,,"Dec 1, 2015",Early Stage Venture,,Yes,3,2,"145,020"
Series C - Top Hat,https://www.crunchbase.com/funding_round/tophat-series-c--38f58b7a,Top Hat,https://www.crunchbase.com/organization/tophat,Series C,"$22,500,000","Feb 15, 2017",Late Stage Venture,,Yes,7,5,"145,675"
Series B - Flurry,https://www.crunchbase.com/funding_round/flurry-series-b--fd8d3bab,Flurry,https://www.crunchbase.com/organization/flurry,Series B,"$7,000,000","Jan 12, 2010",Early Stage Venture,,Yes,5,4,"146,673"
Series A - Simulmedia,https://www.crunchbase.com/funding_round/simulmedia-series-a--275393e9,Simulmedia,https://www.crunchbase.com/organization/simulmedia,Series A,"$4,000,000","Mar 6, 2009",Early Stage Venture,,Yes,2,1,"87,599"
Venture Round - Lending Club,https://www.crunchbase.com/funding_round/lendingclub-series-unknown--0b6de4cf,Lending Club,https://www.crunchbase.com/organization/lendingclub,Venture - Series Unknown,,"Sep 9, 2011",,,Yes,2,,"60,805"
Series C - AdaptiveBlue,https://www.crunchbase.com/funding_round/adaptiveblue-series-c--75bbd3c5,AdaptiveBlue,https://www.crunchbase.com/organization/adaptiveblue,Series C,"$6,000,000","Dec 5, 2010",Late Stage Venture,,Yes,3,2,"61,131"
Series A - Clarifai,https://www.crunchbase.com/funding_round/clarifai-series-a--fbc14b4d,Clarifai,https://www.crunchbase.com/organization/clarifai,Series A,"$10,000,000","Apr 28, 2015",Early Stage Venture,,Yes,10,,"61,142"
Series B - Sidecar Technologies,https://www.crunchbase.com/funding_round/side-cr-series-b--d0cd26e1,Sidecar Technologies,https://www.crunchbase.com/organization/side-cr,Series B,"$10,000,000","Feb 19, 2014",Early Stage Venture,,Yes,3,1,"149,258"
Venture Round - OpenBazaar,https://www.crunchbase.com/funding_round/openbazaar-series-unknown--a9abbf3e,OpenBazaar,https://www.crunchbase.com/organization/openbazaar,Venture - Series Unknown,"$3,000,000","Dec 13, 2016",,,Yes,3,,"149,296"
Series A - Tasty Labs,https://www.crunchbase.com/funding_round/tasty-labs-series-a--dd0363f1,Tasty Labs,https://www.crunchbase.com/organization/tasty-labs,Series A,"$3,000,000","Nov 24, 2010",Early Stage Venture,,Yes,5,1,"149,791"
Series B - Twilio,https://www.crunchbase.com/funding_round/twilio-series-b--6beca001,Twilio,https://www.crunchbase.com/organization/twilio,Series B,"$12,000,000","Nov 9, 2010",Early Stage Venture,,Yes,5,4,"150,455"
Series B - Duolingo,https://www.crunchbase.com/funding_round/duolingo-series-b--c9751068,Duolingo,https://www.crunchbase.com/organization/duolingo,Series B,"$15,000,000","Sep 17, 2012",Early Stage Venture,,Yes,2,1,"61,271"
Seed Round - Splice,https://www.crunchbase.com/funding_round/splice-seed--5055c36d,Splice,https://www.crunchbase.com/organization/splice,Seed,"$2,750,000","Oct 9, 2013",Seed,,Yes,10,4,"151,318"
Series B - C2FO,https://www.crunchbase.com/funding_round/c2fo-series-b--259f8b92,C2FO,https://www.crunchbase.com/organization/c2fo,Series B,"$9,100,000","Sep 5, 2012",Early Stage Venture,,Yes,1,1,"152,180"
Series A - Sift Science,https://www.crunchbase.com/funding_round/sift-science-series-a--73177453,Sift Science,https://www.crunchbase.com/organization/sift-science,Series A,"$4,000,000","Mar 19, 2013",Early Stage Venture,,Yes,7,3,"94,325"
Series D - Flurry,https://www.crunchbase.com/funding_round/flurry-series-d--4ebd2e02,Flurry,https://www.crunchbase.com/organization/flurry,Series D,"$12,500,000","Dec 6, 2013",Late Stage Venture,,Yes,5,2,"152,876"
Series A - Etsy,https://www.crunchbase.com/funding_round/etsy-series-a--56f16066,Etsy,https://www.crunchbase.com/organization/etsy,Series A,"$1,000,000","Nov 1, 2006",Early Stage Venture,,Yes,5,1,"95,541"
Series B - Casetext,https://www.crunchbase.com/funding_round/casetext-series-b--c2b5bd2f,Casetext,https://www.crunchbase.com/organization/casetext,Series B,"$12,000,000","Mar 22, 2017",Early Stage Venture,,Yes,3,1,"86,610"
Seed Round - Pinch Media,https://www.crunchbase.com/funding_round/pinch-media-seed--6b17c4e7,Pinch Media,https://www.crunchbase.com/organization/pinch-media,Seed,,"May 1, 2008",Seed,,Yes,6,,"181,444"
Series A - Clue App,https://www.crunchbase.com/funding_round/clue-app-series-a--2a97485f,Clue App,https://www.crunchbase.com/organization/clue-app,Series A,"$7,000,000","Oct 9, 2015",Early Stage Venture,,Yes,3,1,"181,679"
Series A - Disqus,https://www.crunchbase.com/funding_round/disqus-series-a--6cb69ef1,Disqus,https://www.crunchbase.com/organization/disqus,Series A,"$500,000","Mar 18, 2008",Early Stage Venture,,Yes,3,,"96,132"
Series B - Twitter,https://www.crunchbase.com/funding_round/twitter-series-b--012d17ab,Twitter,https://www.crunchbase.com/organization/twitter,Series B,"$15,000,000","Jun 24, 2008",Early Stage Venture,,Yes,6,3,"89,604"
Series B - Shapeways,https://www.crunchbase.com/funding_round/shapeways-series-b--9cdaa69e,Shapeways,https://www.crunchbase.com/organization/shapeways,Series B,"$6,200,000","Jun 19, 2012",Early Stage Venture,,Yes,3,3,"96,884"
Series D - Flurry,https://www.crunchbase.com/funding_round/flurry-series-d--01c48c81,Flurry,https://www.crunchbase.com/organization/flurry,Series D,"$25,000,000","Nov 1, 2012",Late Stage Venture,,Yes,7,5,"90,092"
Series D - Meetup,https://www.crunchbase.com/funding_round/meetup-series-d--a3dd28f5,Meetup,https://www.crunchbase.com/organization/meetup,Series D,"$7,500,000","Jul 23, 2008",Late Stage Venture,,Yes,3,4,"90,350"
Series A - CircleUp,https://www.crunchbase.com/funding_round/circleup-series-a--f6177377,CircleUp,https://www.crunchbase.com/organization/circleup,Series A,"$7,500,000","May 7, 2013",Early Stage Venture,,Yes,5,2,"90,367"
Series E - Tumblr Inc.,https://www.crunchbase.com/funding_round/tumblr-series-e--4dc08d15,Tumblr Inc.,https://www.crunchbase.com/organization/tumblr,Series E,"$85,000,000","Sep 26, 2011",Late Stage Venture,,Yes,8,7,"97,312"
Series C - Edmodo,https://www.crunchbase.com/funding_round/edmodo-series-c--b6be1fb0,Edmodo,https://www.crunchbase.com/organization/edmodo,Series C,"$25,000,000","Jul 19, 2012",Late Stage Venture,,Yes,7,5,"97,491"
Series C - Cloudflare,https://www.crunchbase.com/funding_round/cloudflare-series-c--b7b2d1b6,Cloudflare,https://www.crunchbase.com/organization/cloudflare,Series C,"$50,000,000","Dec 17, 2013",Late Stage Venture,"$1,000,000,000",Yes,5,3,"93,234"
Series B - Covestor,https://www.crunchbase.com/funding_round/covestor-series-b--fa7d05bd,Covestor,https://www.crunchbase.com/organization/covestor,Series B,"$12,750,000","Jun 13, 2013",Early Stage Venture,,Yes,4,3,"63,821"
Series A - Edmodo,https://www.crunchbase.com/funding_round/edmodo-series-a--e0daaf73,Edmodo,https://www.crunchbase.com/organization/edmodo,Series A,"$7,500,000","Dec 6, 2010",Early Stage Venture,,Yes,2,2,"93,949"
Series A - Twitter,https://www.crunchbase.com/funding_round/twitter-series-a--e172186f,Twitter,https://www.crunchbase.com/organization/twitter,Series A,"$5,000,000","Jul 29, 2007",Early Stage Venture,,Yes,11,4,"97,970"
Series C - Kik,https://www.crunchbase.com/funding_round/kik-interactive-series-c--a07c7f29,Kik,https://www.crunchbase.com/organization/kik-interactive,Series C,"$38,300,000","Nov 19, 2014",Late Stage Venture,,Yes,10,6,"97,996"
Series C - Simulmedia,https://www.crunchbase.com/funding_round/simulmedia-series-c--f744c105,Simulmedia,https://www.crunchbase.com/organization/simulmedia,Series C,"$6,000,000","Apr 30, 2012",Late Stage Venture,,Yes,3,2,"100,530"
Series C - Shapeways,https://www.crunchbase.com/funding_round/shapeways-series-c--5e6308d1,Shapeways,https://www.crunchbase.com/organization/shapeways,Series C,"$30,000,000","Apr 23, 2013",Late Stage Venture,,Yes,4,4,"193,519"
Series B - Simulmedia,https://www.crunchbase.com/funding_round/simulmedia-series-b--691f7a6d,Simulmedia,https://www.crunchbase.com/organization/simulmedia,Series B,"$8,000,000","Apr 21, 2010",Early Stage Venture,,Yes,3,2,"193,585"
Series C - Tumblr Inc.,https://www.crunchbase.com/funding_round/tumblr-series-c--1f67d19a,Tumblr Inc.,https://www.crunchbase.com/organization/tumblr,Series C,"$5,000,000","Apr 20, 2010",Late Stage Venture,,Yes,2,3,"99,255"
Series D - Tacoda,https://www.crunchbase.com/funding_round/tacoda-series-d--269c6437,Tacoda,https://www.crunchbase.com/organization/tacoda,Series D,"$7,000,000","Feb 9, 2007",Late Stage Venture,,Yes,4,1,"64,605"
Series B - Auxmoney,https://www.crunchbase.com/funding_round/auxmoney-series-b--00649a8b,Auxmoney,https://www.crunchbase.com/organization/auxmoney,Series B,"$16,000,000","May 13, 2014",Early Stage Venture,,Yes,6,5,"101,245"
Series C - Foursquare,https://www.crunchbase.com/funding_round/foursquare-series-c--41ec877c,Foursquare,https://www.crunchbase.com/organization/foursquare,Series C,"$50,000,000","Jun 24, 2011",Late Stage Venture,"$600,000,000",Yes,5,6,"101,375"
Series B - Tumblr Inc.,https://www.crunchbase.com/funding_round/tumblr-series-b--5887dafc,Tumblr Inc.,https://www.crunchbase.com/organization/tumblr,Series B,"$4,500,000","Dec 11, 2008",Early Stage Venture,,Yes,2,3,"105,606"
Seed Round - delicious,https://www.crunchbase.com/funding_round/delicious-seed--66da71ce,delicious,https://www.crunchbase.com/organization/delicious,Seed,,"Apr 1, 2005",Seed,,Yes,10,,"194,292"
Series B - Clue App,https://www.crunchbase.com/funding_round/clue-app-series-b--d0072c10,Clue App,https://www.crunchbase.com/organization/clue-app,Series B,"$20,000,000","Nov 30, 2016",Early Stage Venture,,Yes,9,2,"194,429"
Series A - Canvas Networks,https://www.crunchbase.com/funding_round/canvas-networks-series-a--8332d6f1,Canvas Networks,https://www.crunchbase.com/organization/canvas-networks,Series A,"$3,000,000","Jun 1, 2011",Early Stage Venture,,Yes,5,,"119,427"
Series D - Auxmoney,https://www.crunchbase.com/funding_round/auxmoney-series-d--61a4c5bd,Auxmoney,https://www.crunchbase.com/organization/auxmoney,Series D,,"Mar 1, 2016",Late Stage Venture,,Yes,4,4,"105,919"
Series A - Clickable,https://www.crunchbase.com/funding_round/clickable-series-a--357a3e88,Clickable,https://www.crunchbase.com/organization/clickable,Series A,"$3,000,000","Jul 1, 2007",Early Stage Venture,,Yes,6,2,"106,123"
Series B - Disqus,https://www.crunchbase.com/funding_round/disqus-series-b--94623ade,Disqus,https://www.crunchbase.com/organization/disqus,Series B,"$10,000,000","May 4, 2011",Early Stage Venture,,Yes,2,1,"65,977"
Series B - AdaptiveBlue,https://www.crunchbase.com/funding_round/adaptiveblue-series-b--869211ab,AdaptiveBlue,https://www.crunchbase.com/organization/adaptiveblue,Series B,"$4,520,000","Oct 10, 2008",Early Stage Venture,,Yes,2,1,"108,121"
Debt Financing - Foursquare,https://www.crunchbase.com/funding_round/foursquare-debt-financing--a1da23a9,Foursquare,https://www.crunchbase.com/organization/foursquare,Debt Financing,"$41,000,000","Apr 11, 2013",,,No,5,6,"119,865"
Series A - Tumblr Inc.,https://www.crunchbase.com/funding_round/tumblr-series-a--1a15d93c,Tumblr Inc.,https://www.crunchbase.com/organization/tumblr,Series A,"$750,000","Oct 31, 2007",Early Stage Venture,,Yes,5,3,"196,118"
Series C - Tacoda,https://www.crunchbase.com/funding_round/tacoda-series-c--9ddf4d9f,Tacoda,https://www.crunchbase.com/organization/tacoda,Series C,"$12,000,000","Mar 9, 2006",Late Stage Venture,,Yes,1,,"196,140"
Series A - DroneBase,https://www.crunchbase.com/funding_round/dronebase-series-a--38c43fca,DroneBase,https://www.crunchbase.com/organization/dronebase,Series A,"$6,837,370","Jun 13, 2016",Early Stage Venture,,Yes,4,2,"109,219"
Series C - Sidecar Technologies,https://www.crunchbase.com/funding_round/side-cr-series-c--08e2c03e,Sidecar Technologies,https://www.crunchbase.com/organization/side-cr,Series C,"$15,000,000","Sep 15, 2014",Late Stage Venture,,Yes,3,1,"197,221"
"Series B - TargetSpot, Inc.",https://www.crunchbase.com/funding_round/targetspot-series-b--1ac74c85,"TargetSpot, Inc.",https://www.crunchbase.com/organization/targetspot,Series B,"$8,600,000","Mar 11, 2008",Early Stage Venture,,Yes,4,2,"197,743"
Venture Round - Assembly,https://www.crunchbase.com/funding_round/assembly-series-unknown--2a35fd71,Assembly,https://www.crunchbase.com/organization/assembly,Venture - Series Unknown,"$2,900,000","Nov 21, 2014",,,Yes,4,3,"198,295"
Series B - Shapeways,https://www.crunchbase.com/funding_round/shapeways-series-b--f980d254,Shapeways,https://www.crunchbase.com/organization/shapeways,Series B,"$5,100,000","Nov 17, 2011",Early Stage Venture,,Yes,2,2,"110,736"
Series A - MongoDB,https://www.crunchbase.com/funding_round/mongodb-inc-series-a--ae4687a7,MongoDB,https://www.crunchbase.com/organization/mongodb-inc,Series A,"$1,500,000","Jul 21, 2008",Early Stage Venture,,Yes,1,1,"110,967"
Series B - Onefootball,https://www.crunchbase.com/funding_round/the-football-app-series-b--2cc12d79,Onefootball,https://www.crunchbase.com/organization/the-football-app,Series B,"$7,000,000","Oct 24, 2013",Early Stage Venture,,Yes,1,,"199,933"
Seed Round - Heyzap,https://www.crunchbase.com/funding_round/heyzap-seed--c4872c68,Heyzap,https://www.crunchbase.com/organization/heyzap,Seed,"$650,000","May 27, 2009",Seed,,Yes,5,1,"112,101"
Series B - RealtyShares,https://www.crunchbase.com/funding_round/realtyshares-series-b--319647f0,RealtyShares,https://www.crunchbase.com/organization/realtyshares,Series B,"$20,000,000","Feb 24, 2016",Early Stage Venture,,Yes,3,2,"200,640"
Series B - Veniam,https://www.crunchbase.com/funding_round/veniam-series-b--032d11e8,Veniam,https://www.crunchbase.com/organization/veniam,Series B,"$22,000,000","Feb 11, 2016",Early Stage Venture,,Yes,8,2,"200,766"
Series C - Funding Circle,https://www.crunchbase.com/funding_round/funding-circle-series-c--a89fb846,Funding Circle,https://www.crunchbase.com/organization/funding-circle,Series C,"$37,000,000","Oct 23, 2013",Late Stage Venture,,Yes,4,3,"112,340"
Series A - Outside.in,https://www.crunchbase.com/funding_round/outside-in-series-a--048f0874,Outside.in,https://www.crunchbase.com/organization/outside-in,Series A,"$3,000,000","May 19, 2008",Early Stage Venture,,Yes,5,2,"112,475"
Series D - SigFig,https://www.crunchbase.com/funding_round/sigfig-series-d--a6fed4b3,SigFig,https://www.crunchbase.com/organization/sigfig,Series D,"$33,000,000","May 24, 2016",Late Stage Venture,,Yes,7,2,"68,835"
Series B - WorkMarket,https://www.crunchbase.com/funding_round/work-market-series-b--771adde7,WorkMarket,https://www.crunchbase.com/organization/work-market,Series B,"$10,000,000","May 13, 2013",Early Stage Venture,,Yes,3,2,"201,034"
Series C - SigFig,https://www.crunchbase.com/funding_round/sigfig-series-c--cb6e1080,SigFig,https://www.crunchbase.com/organization/sigfig,Series C,"$11,000,000","Jun 15, 2014",Late Stage Venture,,Yes,3,1,"113,192"
Series C - Twitter,https://www.crunchbase.com/funding_round/twitter-series-c--7ef9b5f7,Twitter,https://www.crunchbase.com/organization/twitter,Series C,"$35,000,000","Feb 13, 2009",Late Stage Venture,,Yes,6,7,"201,508"
Series B - FeedBurner,https://www.crunchbase.com/funding_round/feedburner-series-b--6dcbda15,FeedBurner,https://www.crunchbase.com/organization/feedburner,Series B,"$7,000,000","Apr 6, 2005",Early Stage Venture,,Yes,4,3,"113,877"
Series A - Code Climate,https://www.crunchbase.com/funding_round/code-climate-series-a--9058d4bd,Code Climate,https://www.crunchbase.com/organization/code-climate,Series A,"$4,500,000","Oct 6, 2016",Early Stage Venture,,Yes,5,1,"121,200"
Series A - Firebase,https://www.crunchbase.com/funding_round/firebase-series-a--9a0a8292,Firebase,https://www.crunchbase.com/organization/firebase,Series A,"$5,600,000","Jun 20, 2013",Early Stage Venture,,Yes,2,2,"158,975"
Series A - Veniam,https://www.crunchbase.com/funding_round/veniam-series-a--e5e41890,Veniam,https://www.crunchbase.com/organization/veniam,Series A,"$4,900,000","Dec 2, 2014",Early Stage Venture,,Yes,3,,"159,785"
Series A - Bug Labs,https://www.crunchbase.com/funding_round/buglabs-series-a--247677b3,Bug Labs,https://www.crunchbase.com/organization/buglabs,Series A,"$500,000","Apr 9, 2006",Early Stage Venture,,Yes,1,,"161,310"
Series F - Twitter,https://www.crunchbase.com/funding_round/twitter-series-f--f6dd9ca0,Twitter,https://www.crunchbase.com/organization/twitter,Series F,"$200,000,000","Dec 15, 2010",Late Stage Venture,"$3,500,000,000",Yes,6,7,"161,450"
Series A - Blockstack,https://www.crunchbase.com/funding_round/blockstack-inc-series-a--dd63c9e8,Blockstack,https://www.crunchbase.com/organization/blockstack-inc,Series A,"$4,000,000","Jan 5, 2017",Early Stage Venture,,Yes,8,1,"161,520"
"Series A - TargetSpot, Inc.",https://www.crunchbase.com/funding_round/targetspot-series-a--71c0542f,"TargetSpot, Inc.",https://www.crunchbase.com/organization/targetspot,Series A,"$3,590,000","Apr 30, 2007",Early Stage Venture,,Yes,3,,"161,577"
Series B - Funding Circle,https://www.crunchbase.com/funding_round/funding-circle-series-b--853c34fa,Funding Circle,https://www.crunchbase.com/organization/funding-circle,Series B,"$16,000,000","Apr 2, 2012",Early Stage Venture,,Yes,2,1,"162,630"
Series C - WorkMarket,https://www.crunchbase.com/funding_round/work-market-series-c--ec9793b1,WorkMarket,https://www.crunchbase.com/organization/work-market,Series C,"$20,000,000","Jan 21, 2015",Late Stage Venture,,Yes,5,2,"163,391"
Series D - Stack Overflow,https://www.crunchbase.com/funding_round/stack-overflow-series-d--00be9789,Stack Overflow,https://www.crunchbase.com/organization/stack-overflow,Series D,"$40,000,000","Jan 20, 2015",Late Stage Venture,,Yes,5,4,"164,472"
Series A - Covestor,https://www.crunchbase.com/funding_round/covestor-series-a--5680602d,Covestor,https://www.crunchbase.com/organization/covestor,Series A,"$6,500,000","Apr 7, 2008",Early Stage Venture,,Yes,4,4,"183,674"
Series A - Twilio,https://www.crunchbase.com/funding_round/twilio-series-a--7bf27847,Twilio,https://www.crunchbase.com/organization/twilio,Series A,"$3,700,000","Dec 30, 2009",Early Stage Venture,,Yes,7,7,"183,678"
Series A - Auxmoney,https://www.crunchbase.com/funding_round/auxmoney-series-a--ed4f90e8,Auxmoney,https://www.crunchbase.com/organization/auxmoney,Series A,"$12,000,000","Mar 12, 2013",Early Stage Venture,,Yes,2,1,"183,801"
Series B - Stack Overflow,https://www.crunchbase.com/funding_round/stack-overflow-series-b--f26787e9,Stack Overflow,https://www.crunchbase.com/organization/stack-overflow,Series B,"$12,000,000","Mar 8, 2011",Early Stage Venture,,Yes,3,3,"183,974"
Series C - Duolingo,https://www.crunchbase.com/funding_round/duolingo-series-c--69ddeb3d,Duolingo,https://www.crunchbase.com/organization/duolingo,Series C,"$20,000,000","Feb 18, 2014",Late Stage Venture,,Yes,3,2,"184,415"
Series C - Codecademy,https://www.crunchbase.com/funding_round/codecademy-series-c--d3699b13,Codecademy,https://www.crunchbase.com/organization/codecademy,Series C,"$30,000,000","Jul 12, 2016",Late Stage Venture,,Yes,5,3,"75,103"
Series A - Wesabe,https://www.crunchbase.com/funding_round/wesabe-series-a--eed47add,Wesabe,https://www.crunchbase.com/organization/wesabe,Series A,"$4,000,000","Jun 1, 2007",Early Stage Venture,,Yes,2,,"204,040"
Series C - Simulmedia,https://www.crunchbase.com/funding_round/simulmedia-series-c--fafe0e97,Simulmedia,https://www.crunchbase.com/organization/simulmedia,Series C,"$9,250,000","May 11, 2011",Late Stage Venture,,Yes,3,2,"204,369"
Series D - MongoDB,https://www.crunchbase.com/funding_round/mongodb-inc-series-d--5266c115,MongoDB,https://www.crunchbase.com/organization/mongodb-inc,Series D,"$20,000,000","Sep 12, 2011",Late Stage Venture,,Yes,3,5,"204,795"
Series A - Figure 1,https://www.crunchbase.com/funding_round/figure-series-a--75ac1e50,Figure 1,https://www.crunchbase.com/organization/figure,Series A,"$4,000,000","Aug 6, 2014",Early Stage Venture,,Yes,4,3,"204,939"
Series B - Zynga,https://www.crunchbase.com/funding_round/zynga-series-b--72e4fdf2,Zynga,https://www.crunchbase.com/organization/zynga,Series B,"$25,000,000","Jul 18, 2008",Early Stage Venture,,Yes,5,5,"205,132"
Angel Round - Outside.in,https://www.crunchbase.com/funding_round/outside-in-angel--781aad3c,Outside.in,https://www.crunchbase.com/organization/outside-in,Angel,"$900,000","Feb 1, 2007",Seed,,Yes,9,1,"209,246"
Series D - SoundCloud,https://www.crunchbase.com/funding_round/soundcloud-series-d--2e48be82,SoundCloud,https://www.crunchbase.com/organization/soundcloud,Series D,"$60,000,000","Jan 25, 2014",Late Stage Venture,"$640,000,000",Yes,6,5,"209,781"
Angel Round - Outside.in,https://www.crunchbase.com/funding_round/outside-in-angel--b1992e35,Outside.in,https://www.crunchbase.com/organization/outside-in,Angel,"$1,500,000","Oct 1, 2007",Seed,,Yes,7,1,"211,573"
Series A - Foursquare,https://www.crunchbase.com/funding_round/foursquare-series-a--feae78ed,Foursquare,https://www.crunchbase.com/organization/foursquare,Series A,"$1,350,000","Sep 4, 2009",Early Stage Venture,,Yes,9,3,"184,776"
Series D - Etsy,https://www.crunchbase.com/funding_round/etsy-series-d--5fc9779f,Etsy,https://www.crunchbase.com/organization/etsy,Series D,"$27,000,000","Jan 1, 2008",Late Stage Venture,,Yes,4,3,"184,809"
Series C - MongoDB,https://www.crunchbase.com/funding_round/mongodb-inc-series-c--16868aae,MongoDB,https://www.crunchbase.com/organization/mongodb-inc,Series C,"$6,500,000","Dec 2, 2010",Late Stage Venture,,Yes,3,5,"185,087"
Seed Round - Mediachain,https://www.crunchbase.com/funding_round/mediachain-seed--8844abc9,Mediachain,https://www.crunchbase.com/organization/mediachain,Seed,"$1,500,000","Jun 1, 2016",Seed,,Yes,8,1,"185,223"
Series A - VHX,https://www.crunchbase.com/funding_round/vhx-series-a--a08de816,VHX,https://www.crunchbase.com/organization/vhx,Series A,"$3,200,000","Aug 29, 2013",Early Stage Venture,,Yes,6,,"185,534"
Series C - Sift Science,https://www.crunchbase.com/funding_round/sift-science-series-c--f48d6383,Sift Science,https://www.crunchbase.com/organization/sift-science,Series C,"$30,000,000","Jul 19, 2016",Late Stage Venture,,Yes,3,2,"185,757"
Series A - Boxee,https://www.crunchbase.com/funding_round/boxee-series-a--fb342545,Boxee,https://www.crunchbase.com/organization/boxee,Series A,"$4,000,000","Nov 18, 2008",Early Stage Venture,,Yes,3,3,"186,470"
Series A - Heyzap,https://www.crunchbase.com/funding_round/heyzap-series-a--a3357b7f,Heyzap,https://www.crunchbase.com/organization/heyzap,Series A,"$3,000,000","Jun 23, 2010",Early Stage Venture,,Yes,4,1,"188,003"
Venture Round - Dwolla,https://www.crunchbase.com/funding_round/dwolla-series-unknown--1ae311ea,Dwolla,https://www.crunchbase.com/organization/dwolla,Venture - Series Unknown,"$6,850,000","Jan 20, 2017",,,Yes,7,2,"189,725"
Venture Round - Zemanta,https://www.crunchbase.com/funding_round/zemanta-series-unknown--3416eeb9,Zemanta,https://www.crunchbase.com/organization/zemanta,Venture - Series Unknown,"$1,600,000","Aug 1, 2009",,,Yes,3,3,"189,787"
Series B - La Ruche qui dit Oui,https://www.crunchbase.com/funding_round/la-ruche-qui-dit-oui-series-b--316ff138,La Ruche qui dit Oui,https://www.crunchbase.com/organization/la-ruche-qui-dit-oui,Series B,"$9,000,000","Jun 16, 2015",Early Stage Venture,,Yes,4,3,"190,251"
Series A - Splice,https://www.crunchbase.com/funding_round/splice-series-a--99d5b022,Splice,https://www.crunchbase.com/organization/splice,Series A,"$4,500,000","Sep 17, 2014",Early Stage Venture,,Yes,8,2,"191,837"
Private Equity Round - Return Path,https://www.crunchbase.com/funding_round/return-path-private-equity--83d2cb01,Return Path,https://www.crunchbase.com/organization/return-path,Private Equity,"$35,000,000","Dec 2, 2014",Private Equity,,Yes,6,4,"76,766"
Series A - Outside.in,https://www.crunchbase.com/funding_round/outside-in-series-a--2f41fcb1,Outside.in,https://www.crunchbase.com/organization/outside-in,Series A,"$2,000,000","Dec 15, 2008",Early Stage Venture,,Yes,3,2,"77,755"
Series B - CircleUp,https://www.crunchbase.com/funding_round/circleup-series-b--1155ee1c,CircleUp,https://www.crunchbase.com/organization/circleup,Series B,"$14,000,000","Mar 26, 2014",Early Stage Venture,,Yes,5,3,"79,203"
Series C - Simulmedia,https://www.crunchbase.com/funding_round/simulmedia-series-c--ddd9b127,Simulmedia,https://www.crunchbase.com/organization/simulmedia,Series C,"$6,000,000","Feb 11, 2013",Late Stage Venture,,Yes,3,2,"80,014"
Series B - Codecademy,https://www.crunchbase.com/funding_round/codecademy-series-b--06dad2c2,Codecademy,https://www.crunchbase.com/organization/codecademy,Series B,"$10,000,000","Jun 18, 2012",Early Stage Venture,,Yes,5,2,"80,521"
Series B - Kik,https://www.crunchbase.com/funding_round/kik-interactive-series-b--b5f1165d,Kik,https://www.crunchbase.com/organization/kik-interactive,Series B,"$19,500,000","Apr 21, 2013",Early Stage Venture,,Yes,4,4,"85,775"
Series B - SigFig,https://www.crunchbase.com/funding_round/sigfig-series-b--0ec08604,SigFig,https://www.crunchbase.com/organization/sigfig,Series B,"$15,000,000","Jul 2, 2013",Early Stage Venture,,Yes,3,1,"86,233"
Series D - Simulmedia,https://www.crunchbase.com/funding_round/simulmedia-series-d--ec140abf,Simulmedia,https://www.crunchbase.com/organization/simulmedia,Series D,"$25,000,000","Dec 10, 2013",Late Stage Venture,,Yes,5,2,"88,063"
Series C - Flurry,https://www.crunchbase.com/funding_round/flurry-series-c--4d21cd23,Flurry,https://www.crunchbase.com/organization/flurry,Series C,"$15,000,000","Dec 8, 2010",Late Stage Venture,,Yes,5,5,"89,232"
Seed Round - Zemanta,https://www.crunchbase.com/funding_round/zemanta-seed--6b4324ce,Zemanta,https://www.crunchbase.com/organization/zemanta,Seed,"$750,000","Sep 15, 2008",Seed,,Yes,2,,"99,512"
Series A - Kik,https://www.crunchbase.com/funding_round/kik-interactive-series-a--b1b58e34,Kik,https://www.crunchbase.com/organization/kik-interactive,Series A,"$8,000,000","Mar 7, 2011",Early Stage Venture,,Yes,3,3,"99,796"
"Series C - TargetSpot, Inc.",https://www.crunchbase.com/funding_round/targetspot-series-c--0d642027,"TargetSpot, Inc.",https://www.crunchbase.com/organization/targetspot,Series C,"$8,000,000","Jan 11, 2011",Late Stage Venture,,Yes,4,4,"99,905"
Series B - Amino Apps,https://www.crunchbase.com/funding_round/amino-apps-2-series-b--1474e1f7,Amino Apps,https://www.crunchbase.com/organization/amino-apps-2,Series B,"$19,200,000","Dec 15, 2016",Early Stage Venture,,Yes,6,5,"100,395"
Series B - WorkMarket,https://www.crunchbase.com/funding_round/work-market-series-b--a03d65bf,WorkMarket,https://www.crunchbase.com/organization/work-market,Series B,"$5,000,000","Sep 1, 2011",Early Stage Venture,,Yes,3,2,"102,288"
Series B - Kitchensurfing,https://www.crunchbase.com/funding_round/kitchensurfing-series-b--f511b7f9,Kitchensurfing,https://www.crunchbase.com/organization/kitchensurfing,Series B,"$15,000,000","Mar 31, 2014",Early Stage Venture,,Yes,3,1,"102,421"
Seed Round - OB1,https://www.crunchbase.com/funding_round/ob1-seed--90362c79,OB1,https://www.crunchbase.com/organization/ob1,Seed,"$3,000,000","Dec 14, 2016",Seed,,Yes,3,,"102,789"
Series A - Amino Apps,https://www.crunchbase.com/funding_round/amino-apps-2-series-a--f4230726,Amino Apps,https://www.crunchbase.com/organization/amino-apps-2,Series A,"$6,500,000","Sep 24, 2015",Early Stage Venture,,Yes,2,1,"123,496"
Seed Round - OpenBazaar,https://www.crunchbase.com/funding_round/openbazaar-seed--2373b676,OpenBazaar,https://www.crunchbase.com/organization/openbazaar,Seed,"$1,000,000","Jun 11, 2015",Seed,,Yes,3,,"114,850"
Series B - Foursquare,https://www.crunchbase.com/funding_round/foursquare-series-b--beeaa656,Foursquare,https://www.crunchbase.com/organization/foursquare,Series B,"$20,000,000","Jun 29, 2010",Early Stage Venture,,Yes,6,5,"116,162"
Series B - Skillshare,https://www.crunchbase.com/funding_round/skillshare-series-b--f1af2175,Skillshare,https://www.crunchbase.com/organization/skillshare,Series B,"$12,000,000","May 26, 2016",Early Stage Venture,,Yes,4,2,"116,384"
Series A - Zynga,https://www.crunchbase.com/funding_round/zynga-series-a--eb198261,Zynga,https://www.crunchbase.com/organization/zynga,Series A,"$5,026,000","Feb 12, 2008",Early Stage Venture,,Yes,3,3,"123,967"
Series E - Foursquare,https://www.crunchbase.com/funding_round/foursquare-series-e--140ade1a,Foursquare,https://www.crunchbase.com/organization/foursquare,Series E,"$45,000,000","Jan 14, 2016",Late Stage Venture,"$300,000,000",Yes,6,6,"129,598"
Series D - Lending Club,https://www.crunchbase.com/funding_round/lendingclub-series-d--9efe0e04,Lending Club,https://www.crunchbase.com/organization/lendingclub,Series D,"$25,000,000","Aug 3, 2011",Late Stage Venture,,Yes,4,5,"118,731"
Series A - AMEE,https://www.crunchbase.com/funding_round/amee-series-a--f4914c92,AMEE,https://www.crunchbase.com/organization/amee,Series A,,"Jan 1, 2008",Early Stage Venture,,Yes,3,,"132,926"
Series D - Cloudflare,https://www.crunchbase.com/funding_round/cloudflare-series-d--86e2df31,Cloudflare,https://www.crunchbase.com/organization/cloudflare,Series D,"$110,000,000","Sep 22, 2015",Late Stage Venture,,Yes,10,3,"124,424"
Series A - AdaptiveBlue,https://www.crunchbase.com/funding_round/adaptiveblue-series-a--cfc173b0,AdaptiveBlue,https://www.crunchbase.com/organization/adaptiveblue,Series A,"$1,500,000","Feb 20, 2007",Early Stage Venture,,Yes,1,,"69,088"
Series B - SoundCloud,https://www.crunchbase.com/funding_round/soundcloud-series-b--3b74bb97,SoundCloud,https://www.crunchbase.com/organization/soundcloud,Series B,"$10,000,000","Jan 8, 2011",Early Stage Venture,,Yes,2,2,"69,629"
Series E - Return Path,https://www.crunchbase.com/funding_round/return-path-series-e--2452d083,Return Path,https://www.crunchbase.com/organization/return-path,Series E,"$10,000,000","Nov 3, 2008",Late Stage Venture,,Yes,1,1,"70,106"
Venture Round - DuckDuckGo,https://www.crunchbase.com/funding_round/duck-duck-go-series-unknown--5d9c6644,DuckDuckGo,https://www.crunchbase.com/organization/duck-duck-go,Venture - Series Unknown,"$3,000,000","Oct 13, 2011",,,Yes,7,,"70,517"
Series F - Etsy,https://www.crunchbase.com/funding_round/etsy-series-f--fab665c0,Etsy,https://www.crunchbase.com/organization/etsy,Series F,"$40,000,000","May 9, 2012",Late Stage Venture,,Yes,6,4,"70,982"
Venture Round - Zemanta,https://www.crunchbase.com/funding_round/zemanta-series-unknown--8dd312e0,Zemanta,https://www.crunchbase.com/organization/zemanta,Venture - Series Unknown,"$3,000,000","Nov 11, 2010",,,Yes,2,2,"125,129"
Series A - CoverWallet,https://www.crunchbase.com/funding_round/coverwallet-series-a--40be71f8,CoverWallet,https://www.crunchbase.com/organization/coverwallet,Series A,"$7,800,000","Nov 17, 2016",Early Stage Venture,,Yes,4,,"125,234"
Series B - Yieldmo,https://www.crunchbase.com/funding_round/yieldmo-series-b--054ec956,Yieldmo,https://www.crunchbase.com/organization/yieldmo,Series B,"$8,000,000","Dec 9, 2013",Early Stage Venture,,Yes,6,4,"71,603"
Series D - Edmodo,https://www.crunchbase.com/funding_round/edmodo-series-d--4efe5b7d,Edmodo,https://www.crunchbase.com/organization/edmodo,Series D,"$30,000,000","Aug 8, 2014",Late Stage Venture,,Yes,10,6,"125,359"
Series B - Outside.in,https://www.crunchbase.com/funding_round/outside-in-series-b--fc6c13a1,Outside.in,https://www.crunchbase.com/organization/outside-in,Series B,"$7,000,000","Dec 8, 2009",Early Stage Venture,,Yes,5,2,"73,337"
Series C - Etsy,https://www.crunchbase.com/funding_round/etsy-series-c--601c72ee,Etsy,https://www.crunchbase.com/organization/etsy,Series C,"$3,250,000","Jul 1, 2007",Late Stage Venture,,Yes,2,2,"126,221"
Venture Round - Skillshare,https://www.crunchbase.com/funding_round/skillshare-series-unknown--893a7671,Skillshare,https://www.crunchbase.com/organization/skillshare,Venture - Series Unknown,"$6,100,168","Feb 28, 2014",,,Yes,3,1,"73,646"
Series C - Boxee,https://www.crunchbase.com/funding_round/boxee-series-c--0a238c65,Boxee,https://www.crunchbase.com/organization/boxee,Series C,"$16,500,000","Mar 1, 2011",Late Stage Venture,,Yes,5,4,"73,670"
Series E - Return Path,https://www.crunchbase.com/funding_round/return-path-series-e--d1a51423,Return Path,https://www.crunchbase.com/organization/return-path,Series E,"$6,000,000","Jan 19, 2009",Late Stage Venture,,Yes,5,3,"73,790"
Series B - Boxee,https://www.crunchbase.com/funding_round/boxee-series-b--d73204cf,Boxee,https://www.crunchbase.com/organization/boxee,Series B,"$6,000,000","Aug 12, 2009",Early Stage Venture,,Yes,3,2,"73,797"
Series C - Twilio,https://www.crunchbase.com/funding_round/twilio-series-c--d7b6b1a0,Twilio,https://www.crunchbase.com/organization/twilio,Series C,"$17,000,000","Dec 7, 2011",Late Stage Venture,,Yes,3,2,"74,275"
Series D - Tumblr Inc.,https://www.crunchbase.com/funding_round/tumblr-series-d--47305214,Tumblr Inc.,https://www.crunchbase.com/organization/tumblr,Series D,"$30,000,000","Nov 19, 2010",Late Stage Venture,,Yes,3,4,"127,152"
Series B - Sift Science,https://www.crunchbase.com/funding_round/sift-science-series-b--bb3003cc,Sift Science,https://www.crunchbase.com/organization/sift-science,Series B,"$18,000,000","May 14, 2014",Early Stage Venture,,Yes,4,2,"141,388"
Series C - Dwolla,https://www.crunchbase.com/funding_round/dwolla-series-c--9566b721,Dwolla,https://www.crunchbase.com/organization/dwolla,Series C,"$16,500,000","May 1, 2013",Late Stage Venture,,Yes,4,3,"129,133"
