Transaction Name,Transaction Name URL,Organization Name,Organization Name URL,Funding Type,Money Raised,Announced Date,Funding Stage,Pre-Money Valuation,Equity Only Funding,Number of Investors,Number of Partner Investors,CB Rank (Funding Round)
Seed Round - Guestfriend,https://www.crunchbase.com/funding_round/guestfriend-seed--5914a19b,Guestfriend,https://www.crunchbase.com/organization/guestfriend,Seed,"$5,000,000","Apr 17, 2018",Seed,,Yes,3,,804
Seed Round - Comet.ml,https://www.crunchbase.com/funding_round/comet-ml-seed--a5410fff,Comet.ml,https://www.crunchbase.com/organization/comet-ml,Seed,"$2,300,000","Apr 5, 2018",Seed,,Yes,5,2,848
Series B - Pioneer Square Labs,https://www.crunchbase.com/funding_round/pioneer-square-labs-series-b--f6671a3f,Pioneer Square Labs,https://www.crunchbase.com/organization/pioneer-square-labs,Series B,"$15,000,000","Jan 18, 2018",Early Stage Venture,,Yes,18,1,"1,487"
Series A - Pilotworks,https://www.crunchbase.com/funding_round/homemade-2-series-a--e2de49a4,Pilotworks,https://www.crunchbase.com/organization/homemade-2,Series A,"$13,000,000","Dec 5, 2017",Early Stage Venture,,Yes,14,2,"1,945"
Seed Round - Cargo,https://www.crunchbase.com/funding_round/cargo-3-seed--2c6637f0,Cargo,https://www.crunchbase.com/organization/cargo-3,Seed,"$5,500,000","Jan 22, 2018",Seed,,Yes,9,2,"2,007"
Venture Round - ClassWallet,https://www.crunchbase.com/funding_round/classwallet-series-unknown--aa218c8d,ClassWallet,https://www.crunchbase.com/organization/classwallet,Venture - Series Unknown,"$735,000","Jan 31, 2018",,,Yes,7,,"2,029"
Seed Round - Farmcrowdy,https://www.crunchbase.com/funding_round/farmcrowdy-seed--f23ef3e6,Farmcrowdy,https://www.crunchbase.com/organization/farmcrowdy,Seed,"$1,000,000","Dec 18, 2017",Seed,,Yes,10,1,"2,050"
Seed Round - Upsie,https://www.crunchbase.com/funding_round/upsie-seed--7db2bf29,Upsie,https://www.crunchbase.com/organization/upsie,Seed,"$1,700,000","Jan 30, 2018",Seed,,Yes,10,2,"2,082"
Seed Round - SkyWatch,https://www.crunchbase.com/funding_round/skywatch-2-seed--f8c9c09b,SkyWatch,https://www.crunchbase.com/organization/skywatch-2,Seed,"CA$4,000,000","Feb 1, 2018",Seed,,Yes,7,,"2,358"
Series A - LevelTen Energy,https://www.crunchbase.com/funding_round/levelten-energy-series-a--125c618e,LevelTen Energy,https://www.crunchbase.com/organization/levelten-energy,Series A,"$6,800,000","Oct 16, 2017",Early Stage Venture,,Yes,6,1,"3,349"
Series C - Stemrad,https://www.crunchbase.com/funding_round/stemrad-series-c--9cf9abee,Stemrad,https://www.crunchbase.com/organization/stemrad,Series C,"$6,000,000","Dec 3, 2017",Late Stage Venture,,Yes,3,,"3,835"
Series A - SaaSOptics,https://www.crunchbase.com/funding_round/saasoptics-series-a--c2eaef1c,SaaSOptics,https://www.crunchbase.com/organization/saasoptics,Series A,"$5,000,000","Feb 1, 2018",Early Stage Venture,,Yes,4,,"4,081"
Seed Round - Shieldpay,https://www.crunchbase.com/funding_round/shieldpay-seed--7e6611f0,Shieldpay,https://www.crunchbase.com/organization/shieldpay,Seed,"$6,400,000","Aug 1, 2017",Seed,,Yes,5,,"4,263"
"Seed Round - ScaleFactor, Inc.",https://www.crunchbase.com/funding_round/scale-factor-consulting-seed--69fbc660,"ScaleFactor, Inc.",https://www.crunchbase.com/organization/scale-factor-consulting,Seed,"$2,500,000","Nov 9, 2017",Seed,,Yes,6,2,"4,358"
Series A - Data Nerds,https://www.crunchbase.com/funding_round/data-nerds-series-a--a27c993b,Data Nerds,https://www.crunchbase.com/organization/data-nerds,Series A,"$3,000,000","Dec 7, 2017",Early Stage Venture,,Yes,2,,"4,584"
Seed Round - Zego,https://www.crunchbase.com/funding_round/casaiq-seed--7b3b55e6,Zego,https://www.crunchbase.com/organization/casaiq,Seed,"$1,500,000","Dec 1, 2017",Seed,,Yes,5,,"4,659"
Seed Round - Splitty Travel Ltd.,https://www.crunchbase.com/funding_round/splitty-travel-ltd-seed--9d5242b1,Splitty Travel Ltd.,https://www.crunchbase.com/organization/splitty-travel-ltd,Seed,"$2,400,000","Dec 21, 2017",Seed,,Yes,4,1,"4,793"
Seed Round - Heartbeat,https://www.crunchbase.com/funding_round/heartbeat-3-seed--352a07c0,Heartbeat,https://www.crunchbase.com/organization/heartbeat-3,Seed,"$450,000","May 30, 2017",Seed,,Yes,5,,"5,723"
Seed Round - Popgun,https://www.crunchbase.com/funding_round/popgun-seed--91e64ef5,Popgun,https://www.crunchbase.com/organization/popgun,Seed,,"Mar 1, 2018",Seed,,Yes,2,,"5,751"
Seed Round - Converge,https://www.crunchbase.com/funding_round/converge-3-seed--b04d5514,Converge,https://www.crunchbase.com/organization/converge-3,Seed,"$750,000","Jan 25, 2018",Seed,,Yes,3,,"5,989"
Venture Round - Novicap,https://www.crunchbase.com/funding_round/novicap-series-unknown--991105e9,Novicap,https://www.crunchbase.com/organization/novicap,Venture - Series Unknown,"€1,000,000","Nov 28, 2017",,,Yes,2,1,"6,866"
Series A - Branch Messenger,https://www.crunchbase.com/funding_round/branch-messenger-series-a--c0f610ed,Branch Messenger,https://www.crunchbase.com/organization/branch-messenger,Series A,"$10,000,000","Aug 2, 2017",Early Stage Venture,,Yes,7,3,"7,091"
Seed Round - PolySync Technologies,https://www.crunchbase.com/funding_round/polysync-technologies-seed--509d20b2,PolySync Technologies,https://www.crunchbase.com/organization/polysync-technologies,Seed,,"Sep 1, 2016",Seed,,Yes,7,2,"8,244"
Seed Round - Embrace,https://www.crunchbase.com/funding_round/embrace-io-seed--ca1ba464,Embrace,https://www.crunchbase.com/organization/embrace-io,Seed,"$2,500,000","May 23, 2017",Seed,,Yes,16,4,"8,736"
Seed Round - Pillar Technologies,https://www.crunchbase.com/funding_round/pillar-technologies-seed--12516650,Pillar Technologies,https://www.crunchbase.com/organization/pillar-technologies,Seed,"$2,750,000","Sep 1, 2017",Seed,,Yes,3,1,"9,534"
Series B - Convey,https://www.crunchbase.com/funding_round/convey-series-b--7dabbac6,Convey,https://www.crunchbase.com/organization/convey,Series B,"$8,250,000","Aug 29, 2017",Early Stage Venture,,Yes,3,3,"11,247"
Seed Round - Lovys,https://www.crunchbase.com/funding_round/lovys-seed--c4496ffa,Lovys,https://www.crunchbase.com/organization/lovys,Seed,"$100,000","Aug 10, 2017",Seed,,Yes,2,,"18,349"
Seed Round - AddStructure,https://www.crunchbase.com/funding_round/addstructure-seed--8a8df2d6,AddStructure,https://www.crunchbase.com/organization/addstructure,Seed,"$1,850,000","Feb 27, 2017",Seed,,Yes,9,,"19,190"
Seed Round - section.io,https://www.crunchbase.com/funding_round/section-io-seed--32c36bf4,section.io,https://www.crunchbase.com/organization/section-io,Seed,"$1,300,000","Apr 30, 2017",Seed,,Yes,12,2,"23,862"
Seed Round - VendorHawk,https://www.crunchbase.com/funding_round/vendorhawk-inc-seed--2619c95d,VendorHawk,https://www.crunchbase.com/organization/vendorhawk-inc,Seed,"$1,200,000","Jun 29, 2017",Seed,,Yes,6,4,"24,790"
Seed Round - Donut Media,https://www.crunchbase.com/funding_round/donut-media-seed--6d2d522c,Donut Media,https://www.crunchbase.com/organization/donut-media,Seed,"$800,000","May 9, 2017",Seed,,Yes,6,,"25,922"
Series A - Pioneer Square Labs,https://www.crunchbase.com/funding_round/pioneer-square-labs-series-a--1897c15c,Pioneer Square Labs,https://www.crunchbase.com/organization/pioneer-square-labs,Series A,"$12,500,000","Oct 1, 2015",Early Stage Venture,,Yes,19,4,"26,334"
Seed Round - Liveoak Technologies,https://www.crunchbase.com/funding_round/liveoak-technologies-seed--afbd0ba1,Liveoak Technologies,https://www.crunchbase.com/organization/liveoak-technologies,Seed,"$2,500,000","Sep 13, 2017",Seed,,Yes,8,2,"27,305"
Seed Round - Shoppermotion,https://www.crunchbase.com/funding_round/shoppermotion-seed--47d84331,Shoppermotion,https://www.crunchbase.com/organization/shoppermotion,Seed,"$350,000","Apr 4, 2014",Seed,,Yes,2,,"28,364"
Seed Round - MileWise,https://www.crunchbase.com/funding_round/milewise-seed--8acf8c83,MileWise,https://www.crunchbase.com/organization/milewise,Seed,"$1,500,000","Jan 14, 2011",Seed,,Yes,20,3,"29,652"
Seed Round - Codementor,https://www.crunchbase.com/funding_round/codementor-seed--bbbf009a,Codementor,https://www.crunchbase.com/organization/codementor,Seed,"$600,000","Mar 24, 2014",Seed,,Yes,5,,"29,730"
Series A - Chowbotics,https://www.crunchbase.com/funding_round/casabots-series-a--81a5eb09,Chowbotics,https://www.crunchbase.com/organization/casabots,Series A,"$5,000,000","Mar 9, 2017",Early Stage Venture,,Yes,5,,"29,868"
Seed Round - Trusted,https://www.crunchbase.com/funding_round/trusted-seed--f69b2110,Trusted,https://www.crunchbase.com/organization/trusted,Seed,,"Jul 21, 2015",Seed,,Yes,7,2,"30,718"
Debt Financing - FamilyTech,https://www.crunchbase.com/funding_round/familytech-debt-financing--3e2774af,FamilyTech,https://www.crunchbase.com/organization/familytech,Debt Financing,"$2,310,000","May 10, 2016",,,No,5,,"31,458"
Seed Round - Agent Cash Ltd,https://www.crunchbase.com/funding_round/agent-cash-ltd-seed--9531a851,Agent Cash Ltd,https://www.crunchbase.com/organization/agent-cash-ltd,Seed,,"Jun 12, 2017",Seed,,Yes,3,,"31,826"
Seed Round - AdHawk,https://www.crunchbase.com/funding_round/adhawk-seed--9cc7d708,AdHawk,https://www.crunchbase.com/organization/adhawk,Seed,"$1,400,000","Nov 18, 2015",Seed,,Yes,12,,"32,065"
Seed Round - Stasis Labs,https://www.crunchbase.com/funding_round/stasis-labs-seed--75681194,Stasis Labs,https://www.crunchbase.com/organization/stasis-labs,Seed,"$5,000,000","Nov 15, 2016",Seed,,Yes,5,,"32,262"
Series B - Two Bit Circus,https://www.crunchbase.com/funding_round/two-bit-circus-series-b--26456e66,Two Bit Circus,https://www.crunchbase.com/organization/two-bit-circus,Series B,"$15,000,000","Jan 19, 2017",Early Stage Venture,,Yes,6,2,"32,576"
Venture Round - Scopely,https://www.crunchbase.com/funding_round/scopely-series-unknown--af9097a8,Scopely,https://www.crunchbase.com/organization/scopely,Venture - Series Unknown,"$8,500,000","Sep 19, 2012",,,Yes,28,7,"32,964"
Seed Round - Parcel,https://www.crunchbase.com/funding_round/parcel-seed--6c076040,Parcel,https://www.crunchbase.com/organization/parcel,Seed,"$1,000,000","Sep 29, 2014",Seed,,Yes,8,3,"33,033"
Seed Round - BetterCompany,https://www.crunchbase.com/funding_round/bettercompany-seed--fbc93d84,BetterCompany,https://www.crunchbase.com/organization/bettercompany,Seed,"$1,700,000","Apr 10, 2014",Seed,,Yes,12,6,"33,340"
Venture Round - MacroFab,https://www.crunchbase.com/funding_round/macrofab-series-unknown--94e4d4ca,MacroFab,https://www.crunchbase.com/organization/macrofab,Venture - Series Unknown,"$3,050,000","Jan 18, 2017",,,Yes,2,,"33,315"
Seed Round - dopay,https://www.crunchbase.com/funding_round/dopay-seed--d67a9c44,dopay,https://www.crunchbase.com/organization/dopay,Seed,"$2,000,000","Apr 30, 2015",Seed,,Yes,5,,"33,335"
Seed Round - Novicap,https://www.crunchbase.com/funding_round/novicap-seed--d1926b65,Novicap,https://www.crunchbase.com/organization/novicap,Seed,"$1,700,000","Sep 23, 2015",Seed,,Yes,6,1,"33,285"
Seed Round - Flip,https://www.crunchbase.com/funding_round/flip-5-seed--d8427086,Flip,https://www.crunchbase.com/organization/flip-5,Seed,"$2,200,000","Jun 27, 2017",Seed,,Yes,3,,"33,557"
Seed Round - Filament,https://www.crunchbase.com/funding_round/filamenthq-seed--74b4c4db,Filament,https://www.crunchbase.com/organization/filamenthq,Seed,"$1,000,000","Aug 19, 2013",Seed,,Yes,8,,"34,965"
Series A - Livelike,https://www.crunchbase.com/funding_round/livelike-series-a--b1d5684b,Livelike,https://www.crunchbase.com/organization/livelike,Series A,"$5,011,338","Sep 21, 2016",Early Stage Venture,,Yes,6,1,"35,515"
Seed Round - GroupRaise,https://www.crunchbase.com/funding_round/groupraise-com-seed--1a7a8d32,GroupRaise,https://www.crunchbase.com/organization/groupraise-com,Seed,,"Apr 17, 2017",Seed,,Yes,3,,"37,388"
Series A - Graphicly,https://www.crunchbase.com/funding_round/graphicly-series-a--618a354f,Graphicly,https://www.crunchbase.com/organization/graphicly,Series A,"$1,200,000","Jan 4, 2010",Early Stage Venture,,Yes,9,3,"39,097"
Series A - Thinknear,https://www.crunchbase.com/funding_round/thinknear-series-a--68cfaf94,Thinknear,https://www.crunchbase.com/organization/thinknear,Series A,"$1,630,000","Aug 13, 2011",Early Stage Venture,,Yes,15,5,"39,424"
Seed Round - Minbox,https://www.crunchbase.com/funding_round/minbox-seed--41f86c83,Minbox,https://www.crunchbase.com/organization/minbox,Seed,,"Jan 1, 2013",Seed,,Yes,9,,"42,081"
Series A - SendGrid,https://www.crunchbase.com/funding_round/sendgrid-series-a--19267292,SendGrid,https://www.crunchbase.com/organization/sendgrid,Series A,"$750,000","Dec 8, 2009",Early Stage Venture,,Yes,7,3,"43,412"
Seed Round - Cheerfy,https://www.crunchbase.com/funding_round/cheerz-seed--2122d739,Cheerfy,https://www.crunchbase.com/organization/cheerz,Seed,"£301,140","Dec 29, 2016",Seed,,Yes,3,,"45,973"
Seed Round - Chowbotics,https://www.crunchbase.com/funding_round/casabots-seed--940c1407,Chowbotics,https://www.crunchbase.com/organization/casabots,Seed,"$1,300,000","Feb 19, 2016",Seed,,Yes,5,,"48,680"
Series B - OMsignal,https://www.crunchbase.com/funding_round/omsignal-series-b--70b8c0d2,OMsignal,https://www.crunchbase.com/organization/omsignal,Series B,"CA$13,000,000","Sep 19, 2016",Early Stage Venture,,Yes,9,6,"49,307"
Non Equity Assistance - Alpha Exchange,https://www.crunchbase.com/funding_round/alpha-exchange-non-equity-assistance--94121e99,Alpha Exchange,https://www.crunchbase.com/organization/alpha-exchange,Non-equity Assistance,,"Jul 19, 2016",,,No,2,,"50,938"
Angel Round - ERNIT,https://www.crunchbase.com/funding_round/ernit-angel--d5d0d173,ERNIT,https://www.crunchbase.com/organization/ernit,Angel,"$210,000","May 15, 2016",Seed,,Yes,2,,"51,444"
Seed Round - HAAS Alert,https://www.crunchbase.com/funding_round/cory-hohs-seed--c227905d,HAAS Alert,https://www.crunchbase.com/organization/cory-hohs,Seed,"$140,000","Jun 2, 2016",Seed,,Yes,4,,"52,603"
Seed Round - Cuvva,https://www.crunchbase.com/funding_round/cuvva-seed--4857a07f,Cuvva,https://www.crunchbase.com/organization/cuvva,Seed,"£1,500,000","Jan 25, 2017",Seed,,Yes,7,,"155,793"
Seed Round - Red Rover,https://www.crunchbase.com/funding_round/red-rover-seed--75e6533a,Red Rover,https://www.crunchbase.com/organization/red-rover,Seed,"$418,000","Oct 1, 2011",Seed,,Yes,4,,"156,926"
Series A - Covalent Data,https://www.crunchbase.com/funding_round/covalent-data-series-a--3e0efec2,Covalent Data,https://www.crunchbase.com/organization/covalent-data,Series A,"$2,500,000","Nov 20, 2013",Early Stage Venture,,Yes,2,1,"157,198"
Seed Round - Circa,https://www.crunchbase.com/funding_round/circa-seed--af7e1ff6,Circa,https://www.crunchbase.com/organization/circa,Seed,"$1,225,000","Feb 1, 2014",Seed,,Yes,4,1,"158,126"
Seed Round - vidIQ,https://www.crunchbase.com/funding_round/vidiq-seed--b5673909,vidIQ,https://www.crunchbase.com/organization/vidiq,Seed,"$2,000,000","Feb 26, 2013",Seed,,Yes,9,1,"165,161"
Funding Round - inKind,https://www.crunchbase.com/funding_round/equityeats-undisclosed--be035602,inKind,https://www.crunchbase.com/organization/equityeats,Funding Round,"$500,000","May 21, 2014",,,Yes,1,,"165,280"
Seed Round - Torbit,https://www.crunchbase.com/funding_round/torbit-seed--c6eac54e,Torbit,https://www.crunchbase.com/organization/torbit,Seed,"$584,988","Sep 6, 2011",Seed,,Yes,2,2,"166,092"
Series A - Convey,https://www.crunchbase.com/funding_round/convey-series-a--7af97502,Convey,https://www.crunchbase.com/organization/convey,Series A,"$4,500,000","Jun 29, 2016",Early Stage Venture,,Yes,5,1,"168,361"
Series A - Mocavo,https://www.crunchbase.com/funding_round/mocavo-series-a--4d2b45ac,Mocavo,https://www.crunchbase.com/organization/mocavo,Series A,"$4,100,000","May 16, 2012",Early Stage Venture,,Yes,3,2,"168,853"
Series A - Simple Energy,https://www.crunchbase.com/funding_round/simple-energy-series-a--fec7faf3,Simple Energy,https://www.crunchbase.com/organization/simple-energy,Series A,"$2,016,500","Feb 19, 2013",Early Stage Venture,,Yes,5,,"169,247"
Seed Round - EventVue,https://www.crunchbase.com/funding_round/eventvue-seed--0455fe63,EventVue,https://www.crunchbase.com/organization/eventvue,Seed,"$15,000","Aug 1, 2007",Seed,,Yes,2,,"169,571"
Seed Round - Pana,https://www.crunchbase.com/funding_round/pana-seed--c5e1a02c,Pana,https://www.crunchbase.com/organization/pana,Seed,"$1,350,000","Aug 25, 2015",Seed,,Yes,6,,"174,088"
Venture Round - Socedo,https://www.crunchbase.com/funding_round/socedo-series-unknown--0ec8f48f,Socedo,https://www.crunchbase.com/organization/socedo,Venture - Series Unknown,"$1,000,000","Mar 24, 2017",,,Yes,3,1,"174,723"
Seed Round - vidIQ,https://www.crunchbase.com/funding_round/vidiq-seed--5c91788f,vidIQ,https://www.crunchbase.com/organization/vidiq,Seed,"$2,000,000","Aug 1, 2012",Seed,,Yes,10,,"175,326"
Seed Round - Cargo.io,https://www.crunchbase.com/funding_round/cargo-io-seed--1673a4e8,Cargo.io,https://www.crunchbase.com/organization/cargo-io,Seed,"$1,500,000","Oct 2, 2014",Seed,,Yes,8,,"175,462"
Venture Round - Keen Home,https://www.crunchbase.com/funding_round/keen-home-series-unknown--1b6dbba8,Keen Home,https://www.crunchbase.com/organization/keen-home,Venture - Series Unknown,,"Oct 16, 2015",,,Yes,5,,"176,072"
"Series A - Ello, Inc.",https://www.crunchbase.com/funding_round/ello-inc-series-a--602408c8,"Ello, Inc.",https://www.crunchbase.com/organization/ello-inc,Series A,"$5,500,000","Oct 23, 2014",Early Stage Venture,,Yes,3,1,"176,314"
Angel Round - Synack,https://www.crunchbase.com/funding_round/synack-angel--644ef3c2,Synack,https://www.crunchbase.com/organization/synack,Angel,,"Feb 25, 2013",Seed,,Yes,5,1,"176,507"
Seed Round - Trusted,https://www.crunchbase.com/funding_round/trusted-seed--e1827e6a,Trusted,https://www.crunchbase.com/organization/trusted,Seed,"$2,100,000","Mar 16, 2016",Seed,,Yes,8,2,"176,738"
Seed Round - BrightNest,https://www.crunchbase.com/funding_round/brightnest-seed--3dd75be7,BrightNest,https://www.crunchbase.com/organization/brightnest,Seed,"$950,000","Nov 1, 2011",Seed,,Yes,5,1,"177,298"
Series A - Wevorce,https://www.crunchbase.com/funding_round/wevorce-series-a--f57bc246,Wevorce,https://www.crunchbase.com/organization/wevorce,Series A,"$3,149,000","Jan 27, 2016",Early Stage Venture,,Yes,3,,"177,736"
Seed Round - Karma,https://www.crunchbase.com/funding_round/karma-2-seed--2fd3f357,Karma,https://www.crunchbase.com/organization/karma-2,Seed,"$1,200,000","Aug 15, 2012",Seed,,Yes,13,1,"178,184"
Seed Round - Jukely,https://www.crunchbase.com/funding_round/jukely-seed--3f6f0625,Jukely,https://www.crunchbase.com/organization/jukely,Seed,"$2,400,000","Oct 1, 2014",Seed,,Yes,11,2,"179,154"
Seed Round - NuPark,https://www.crunchbase.com/funding_round/nupark-seed--cbdac565,NuPark,https://www.crunchbase.com/organization/nupark,Seed,"$1,400,000","Sep 23, 2015",Seed,,Yes,1,,"179,247"
Angel Round - Dashbell,https://www.crunchbase.com/funding_round/bookingmarkets-dashbell-angel--8f6d68c1,Dashbell,https://www.crunchbase.com/organization/bookingmarkets-dashbell,Angel,"$275,000","Jan 15, 2014",Seed,,Yes,5,,"180,309"
Seed Round - GreatHorn,https://www.crunchbase.com/funding_round/greathorn-seed--8ac591db,GreatHorn,https://www.crunchbase.com/organization/greathorn,Seed,"$2,250,000","Mar 21, 2016",Seed,,Yes,7,2,"55,383"
Seed Round - AdYapper,https://www.crunchbase.com/funding_round/adyapper-com-seed--13a4d3b6,AdYapper,https://www.crunchbase.com/organization/adyapper-com,Seed,"$1,200,000","Sep 5, 2013",Seed,,Yes,7,3,"114,321"
Angel Round - Jukely,https://www.crunchbase.com/funding_round/jukely-angel--c10628de,Jukely,https://www.crunchbase.com/organization/jukely,Angel,"$300,000","Jul 10, 2013",Seed,,Yes,5,,"115,390"
Funding Round - inKind,https://www.crunchbase.com/funding_round/equityeats-undisclosed--e5cdadcf,inKind,https://www.crunchbase.com/organization/equityeats,Funding Round,"$700,000","Mar 1, 2016",,,Yes,1,,"115,716"
Angel Round - Dashbell,https://www.crunchbase.com/funding_round/bookingmarkets-dashbell-angel--796a2f39,Dashbell,https://www.crunchbase.com/organization/bookingmarkets-dashbell,Angel,"$362,500","Jun 12, 2013",Seed,,Yes,10,,"56,805"
Seed Round - SimpleGeo,https://www.crunchbase.com/funding_round/simplegeo-seed--c87e1e8a,SimpleGeo,https://www.crunchbase.com/organization/simplegeo,Seed,"$1,472,367","Nov 27, 2009",Seed,,Yes,15,4,"121,617"
Seed Round - Worldly Developments,https://www.crunchbase.com/funding_round/worldly-developments-seed--8648236d,Worldly Developments,https://www.crunchbase.com/organization/worldly-developments,Seed,"$800,000","Mar 5, 2010",Seed,,Yes,14,2,"128,643"
Debt Financing - Sportsy,https://www.crunchbase.com/funding_round/sportsy-debt-financing--54ba6e7b,Sportsy,https://www.crunchbase.com/organization/sportsy,Debt Financing,"$118,000","Aug 14, 2014",,,No,4,,"128,794"
Seed Round - Pilot,https://www.crunchbase.com/funding_round/pilot-2-seed--199e1f16,Pilot,https://www.crunchbase.com/organization/pilot-2,Seed,"$3,300,000","May 1, 2015",Seed,,Yes,4,3,"131,238"
Series B - JumpCloud,https://www.crunchbase.com/funding_round/jumpcloud-series-b--908fa8f9,JumpCloud,https://www.crunchbase.com/organization/jumpcloud,Series B,"$3,200,000","Apr 13, 2015",Early Stage Venture,,Yes,3,2,"131,574"
Series B - SendGrid,https://www.crunchbase.com/funding_round/sendgrid-series-b--d3a38041,SendGrid,https://www.crunchbase.com/organization/sendgrid,Series B,"$21,600,000","Jan 17, 2012",Early Stage Venture,,Yes,7,6,"134,613"
Seed Round - Kapta,https://www.crunchbase.com/funding_round/kapta-systems-seed--5fb18854,Kapta,https://www.crunchbase.com/organization/kapta-systems,Seed,"$675,000","Aug 12, 2014",Seed,,Yes,5,,"135,065"
Seed Round - FullContact,https://www.crunchbase.com/funding_round/fullcontact-seed--6bd7c59f,FullContact,https://www.crunchbase.com/organization/fullcontact,Seed,"$18,000","Aug 1, 2011",Seed,,Yes,2,2,"136,813"
Series A - Two Bit Circus,https://www.crunchbase.com/funding_round/two-bit-circus-series-a--e0381994,Two Bit Circus,https://www.crunchbase.com/organization/two-bit-circus,Series A,"$6,500,000","Oct 28, 2015",Early Stage Venture,,Yes,3,2,"136,901"
Seed Round - Patch Homes,https://www.crunchbase.com/funding_round/patch-homes-2-seed--bf686fe6,Patch Homes,https://www.crunchbase.com/organization/patch-homes-2,Seed,"$1,000,000","Apr 25, 2017",Seed,,Yes,3,,"137,062"
Seed Round - Welcome (formerly ChatID),https://www.crunchbase.com/funding_round/chatid-seed--5afc6ad6,Welcome (formerly ChatID),https://www.crunchbase.com/organization/chatid,Seed,"$2,000,000","Jan 1, 2012",Seed,,Yes,18,3,"137,095"
Seed Round - Sketchfab,https://www.crunchbase.com/funding_round/sketchfab-seed--908663e6,Sketchfab,https://www.crunchbase.com/organization/sketchfab,Seed,"$2,000,000","Dec 5, 2013",Seed,,Yes,6,3,"137,207"
Venture Round - DailyWorth,https://www.crunchbase.com/funding_round/dailyworth-series-unknown--ea6efbf8,DailyWorth,https://www.crunchbase.com/organization/dailyworth,Venture - Series Unknown,"$850,000","Mar 2, 2011",,,Yes,8,1,"57,908"
Seed Round - DailyBurn,https://www.crunchbase.com/funding_round/dailyburn-seed--5a7429be,DailyBurn,https://www.crunchbase.com/organization/dailyburn,Seed,"$525,000","May 26, 2009",Seed,,Yes,5,1,"140,642"
Seed Round - Simple Energy,https://www.crunchbase.com/funding_round/simple-energy-seed--c17a74a3,Simple Energy,https://www.crunchbase.com/organization/simple-energy,Seed,"$900,000","Sep 1, 2011",Seed,,Yes,8,,"142,494"
Venture Round - Yesware,https://www.crunchbase.com/funding_round/yesware-series-unknown--e6baf161,Yesware,https://www.crunchbase.com/organization/yesware,Venture - Series Unknown,"$1,000,000","Sep 27, 2011",,,Yes,6,4,"59,244"
Seed Round - Lunar Wireless,https://www.crunchbase.com/funding_round/cosmos-seed--ba80d77c,Lunar Wireless,https://www.crunchbase.com/organization/cosmos,Seed,"$850,000","Dec 15, 2015",Seed,,Yes,9,,"146,002"
Seed Round - Ovia Health,https://www.crunchbase.com/funding_round/ovuline-seed--a9f424ce,Ovia Health,https://www.crunchbase.com/organization/ovuline,Seed,"$1,100,000","Oct 8, 2013",Seed,,Yes,4,2,"148,827"
Seed Round - PivotDesk,https://www.crunchbase.com/funding_round/pivotdesk-seed--28a1d8dc,PivotDesk,https://www.crunchbase.com/organization/pivotdesk,Seed,"$3,235,000","Sep 24, 2012",Seed,,Yes,6,2,"148,977"
Seed Round - Placester,https://www.crunchbase.com/funding_round/placester-seed--8e3adeff,Placester,https://www.crunchbase.com/organization/placester,Seed,"$2,500,000","Apr 29, 2013",Seed,,Yes,13,1,"150,635"
Seed Round - Kapost,https://www.crunchbase.com/funding_round/kapost-seed--9b3a51db,Kapost,https://www.crunchbase.com/organization/kapost,Seed,"$1,100,000","Sep 15, 2010",Seed,,Yes,10,4,"92,097"
Seed Round - Gone,https://www.crunchbase.com/funding_round/gone-seed--500c031f,Gone,https://www.crunchbase.com/organization/gone,Seed,"$800,000","Apr 1, 2014",Seed,,Yes,5,,"92,561"
Seed Round - ResolutionTube,https://www.crunchbase.com/funding_round/resolutiontube-seed--7216cd27,ResolutionTube,https://www.crunchbase.com/organization/resolutiontube,Seed,"$1,900,000","Dec 19, 2013",Seed,,Yes,7,1,"61,460"
Seed Round - Skyward,https://www.crunchbase.com/funding_round/skyward-io-inc-seed--b26dbbca,Skyward,https://www.crunchbase.com/organization/skyward-io-inc,Seed,"$4,099,999","Apr 28, 2015",Seed,,Yes,7,3,"92,633"
Seed Round - Dispatch,https://www.crunchbase.com/funding_round/dispatch-seed--af39c210,Dispatch,https://www.crunchbase.com/organization/dispatch,Seed,"$965,000","Nov 10, 2011",Seed,,Yes,14,3,"92,765"
Seed Round - Kohort,https://www.crunchbase.com/funding_round/kohort-seed--81c0b520,Kohort,https://www.crunchbase.com/organization/kohort,Seed,"$3,000,000","Apr 4, 2011",Seed,,Yes,22,2,"92,956"
Series A - Bellhops,https://www.crunchbase.com/funding_round/bellhops-series-a--5e9eea82,Bellhops,https://www.crunchbase.com/organization/bellhops,Series A,"$6,100,000","Nov 18, 2014",Early Stage Venture,,Yes,9,2,"81,513"
Convertible Note - Hipster,https://www.crunchbase.com/funding_round/hipster-convertible-note--5a185161,Hipster,https://www.crunchbase.com/organization/hipster,Convertible Note,"$1,000,000","May 16, 2011",,,No,13,4,"81,571"
Seed Round - Runscope,https://www.crunchbase.com/funding_round/runscope-seed--6b0205df,Runscope,https://www.crunchbase.com/organization/runscope,Seed,"$1,100,000","May 22, 2013",Seed,,Yes,7,,"152,679"
Seed Round - Useful Systems,https://www.crunchbase.com/funding_round/useful-systems-seed--a7e3b0f5,Useful Systems,https://www.crunchbase.com/organization/useful-systems,Seed,"$250,000","Nov 1, 2013",Seed,"$2,000,000",Yes,2,,"84,768"
Seed Round - NuPark,https://www.crunchbase.com/funding_round/nupark-seed--e2b51019,NuPark,https://www.crunchbase.com/organization/nupark,Seed,"$1,000,000","Oct 21, 2016",Seed,,Yes,2,,"84,900"
Seed Round - Bellhops,https://www.crunchbase.com/funding_round/bellhops-seed--18d4fa56,Bellhops,https://www.crunchbase.com/organization/bellhops,Seed,,"Aug 16, 2014",Seed,,Yes,4,,"84,914"
Venture Round - SpotHero,https://www.crunchbase.com/funding_round/spothero-series-unknown--ffe8ae02,SpotHero,https://www.crunchbase.com/organization/spothero,Venture - Series Unknown,"$2,500,000","Dec 13, 2012",,,Yes,8,3,"85,028"
Seed Round - TrepScore Inc.,https://www.crunchbase.com/funding_round/trepscore-inc-seed--5aeeff5b,TrepScore Inc.,https://www.crunchbase.com/organization/trepscore-inc,Seed,,"Oct 27, 2014",Seed,,Yes,1,,"95,671"
Series A - PivotDesk,https://www.crunchbase.com/funding_round/pivotdesk-series-a--706aaa39,PivotDesk,https://www.crunchbase.com/organization/pivotdesk,Series A,"$3,625,000","Apr 10, 2014",Early Stage Venture,,Yes,4,2,"181,491"
Seed Round - Numerous,https://www.crunchbase.com/funding_round/numerous-seed--fb518d47,Numerous,https://www.crunchbase.com/organization/numerous,Seed,"$700,000","Oct 1, 2014",Seed,,Yes,6,,"89,631"
Seed Round - Mozio,https://www.crunchbase.com/funding_round/mozio-seed--7a991422,Mozio,https://www.crunchbase.com/organization/mozio,Seed,"$750,000","May 14, 2014",Seed,,Yes,12,,"89,814"
Angel Round - Ad Hoc Labs,https://www.crunchbase.com/funding_round/ad-hoc-labs-2-angel--4a385006,Ad Hoc Labs,https://www.crunchbase.com/organization/ad-hoc-labs-2,Angel,,"Oct 18, 2012",Seed,,Yes,6,1,"96,941"
Seed Round - DaoPay GmbH,https://www.crunchbase.com/funding_round/daopay-2-seed--04482a3b,DaoPay GmbH,https://www.crunchbase.com/organization/daopay-2,Seed,"$2,000,000","Apr 30, 2015",Seed,,Yes,2,,"90,973"
Angel Round - TRED,https://www.crunchbase.com/funding_round/tred-angel--96918141,TRED,https://www.crunchbase.com/organization/tred,Angel,"$1,700,000","Jan 15, 2013",Seed,,Yes,10,2,"63,817"
Seed Round - Convey,https://www.crunchbase.com/funding_round/convey-seed--2f53f5dc,Convey,https://www.crunchbase.com/organization/convey,Seed,"$2,800,000","Jan 5, 2015",Seed,,Yes,3,1,"64,124"
Seed Round - Codementor,https://www.crunchbase.com/funding_round/codementor-seed--a460600d,Codementor,https://www.crunchbase.com/organization/codementor,Seed,"$1,200,000","Aug 26, 2015",Seed,,Yes,4,1,"94,043"
Seed Round - FullContact,https://www.crunchbase.com/funding_round/fullcontact-seed--0db28e2f,FullContact,https://www.crunchbase.com/organization/fullcontact,Seed,"$1,850,000","Sep 8, 2011",Seed,,Yes,13,3,"94,756"
Seed Round - Shopventory,https://www.crunchbase.com/funding_round/shopventory-seed--a777a263,Shopventory,https://www.crunchbase.com/organization/shopventory,Seed,"$1,000,000","Oct 11, 2013",Seed,,Yes,1,,"98,112"
Convertible Note - Zipline,https://www.crunchbase.com/funding_round/romotive-convertible-note--27d51aa2,Zipline,https://www.crunchbase.com/organization/romotive,Convertible Note,"$1,500,000","Dec 10, 2011",,,No,9,4,"64,949"
Seed Round - ConnXus,https://www.crunchbase.com/funding_round/connxus-seed--3f8c3b18,ConnXus,https://www.crunchbase.com/organization/connxus,Seed,"$2,500,000","Aug 31, 2015",Seed,,Yes,4,1,"103,749"
Series A - JumpCloud,https://www.crunchbase.com/funding_round/jumpcloud-series-a--e4dcef25,JumpCloud,https://www.crunchbase.com/organization/jumpcloud,Series A,"$3,000,000","Jan 24, 2014",Early Stage Venture,,Yes,2,1,"105,442"
Seed Round - Everlater,https://www.crunchbase.com/funding_round/everlater-seed--393e3934,Everlater,https://www.crunchbase.com/organization/everlater,Seed,"$350,000","Aug 6, 2009",Seed,,Yes,2,,"65,380"
Seed Round - Inside Social,https://www.crunchbase.com/funding_round/inside-social-seed--01b4090d,Inside Social,https://www.crunchbase.com/organization/inside-social,Seed,"$1,200,000","Aug 5, 2013",Seed,,Yes,3,,"119,428"
"Series A - Boxbee, Inc.",https://www.crunchbase.com/funding_round/boxbee-series-a--18b352b0,"Boxbee, Inc.",https://www.crunchbase.com/organization/boxbee,Series A,"$5,000,000","Dec 16, 2014",Early Stage Venture,,Yes,9,4,"106,285"
Venture Round - Mocavo,https://www.crunchbase.com/funding_round/mocavo-series-unknown--c5ae22b3,Mocavo,https://www.crunchbase.com/organization/mocavo,Venture - Series Unknown,"$1,000,000","Sep 30, 2011",,,Yes,8,2,"107,267"
Series A - Kato,https://www.crunchbase.com/funding_round/kato-series-a--c69eff7d,Kato,https://www.crunchbase.com/organization/kato,Series A,"$1,760,000","Aug 1, 2013",Early Stage Venture,,Yes,5,3,"107,269"
Seed Round - MobileDay,https://www.crunchbase.com/funding_round/mobileday-seed--6a7e586f,MobileDay,https://www.crunchbase.com/organization/mobileday,Seed,"$1,475,000","Dec 27, 2011",Seed,,Yes,6,5,"107,692"
Angel Round - SocialSci,https://www.crunchbase.com/funding_round/socialsci-angel--387c47b5,SocialSci,https://www.crunchbase.com/organization/socialsci,Angel,"$500,000","Jul 12, 2010",Seed,,Yes,7,1,"65,972"
Venture Round - Bold Metrics,https://www.crunchbase.com/funding_round/fashion-metric-series-unknown--734e3c0a,Bold Metrics,https://www.crunchbase.com/organization/fashion-metric,Venture - Series Unknown,"$1,962,558","Aug 31, 2017",,,Yes,6,1,"66,044"
Seed Round - Nestio,https://www.crunchbase.com/funding_round/nestio-seed--8f50394b,Nestio,https://www.crunchbase.com/organization/nestio,Seed,"$1,500,000","Jul 9, 2013",Seed,,Yes,13,3,"196,127"
Series B - Aunt Bertha,https://www.crunchbase.com/funding_round/aunt-bertha-series-b--862a9b35,Aunt Bertha,https://www.crunchbase.com/organization/aunt-bertha,Series B,"$5,000,000","Jun 7, 2016",Early Stage Venture,,Yes,2,1,"196,331"
Seed Round - Next Big Sound,https://www.crunchbase.com/funding_round/next-big-sound-seed--33d07de2,Next Big Sound,https://www.crunchbase.com/organization/next-big-sound,Seed,"$1,000,000","Dec 3, 2009",Seed,,Yes,7,3,"108,538"
Series A - ConnXus,https://www.crunchbase.com/funding_round/connxus-series-a--2d9a5826,ConnXus,https://www.crunchbase.com/organization/connxus,Series A,"$5,000,000","May 11, 2016",Early Stage Venture,,Yes,4,,"197,097"
Convertible Note - Customer.io,https://www.crunchbase.com/funding_round/customer-io-convertible-note--891fc918,Customer.io,https://www.crunchbase.com/organization/customer-io,Convertible Note,"$250,000","May 1, 2012",,,No,2,2,"109,207"
Series B - mLab,https://www.crunchbase.com/funding_round/objectlabs-series-b--2c9c5245,mLab,https://www.crunchbase.com/organization/objectlabs,Series B,"$5,000,000","Oct 1, 2012",Early Stage Venture,,Yes,5,2,"109,425"
Seed Round - dopay,https://www.crunchbase.com/funding_round/dopay-seed--bd570819,dopay,https://www.crunchbase.com/organization/dopay,Seed,"$2,400,000","Jan 29, 2016",Seed,,Yes,4,,"110,540"
Convertible Note - Fueloyal,https://www.crunchbase.com/funding_round/fueloyal-convertible-note--f3ca64c2,Fueloyal,https://www.crunchbase.com/organization/fueloyal,Convertible Note,"$120,000","Sep 28, 2016",,,No,3,,"198,607"
Seed Round - FastCustomer,https://www.crunchbase.com/funding_round/fastcustomer-seed--266bc18c,FastCustomer,https://www.crunchbase.com/organization/fastcustomer,Seed,"$750,000","Sep 8, 2011",Seed,,Yes,7,,"199,146"
Series A - EverTrue,https://www.crunchbase.com/funding_round/evertrue-series-a--3544f852,EverTrue,https://www.crunchbase.com/organization/evertrue,Series A,"$5,250,000","Mar 21, 2013",Early Stage Venture,,Yes,6,2,"199,461"
Seed Round - Ovia Health,https://www.crunchbase.com/funding_round/ovuline-seed--345bc464,Ovia Health,https://www.crunchbase.com/organization/ovuline,Seed,"$1,400,000","Jan 7, 2013",Seed,,Yes,5,2,"199,943"
Series A - SpotHero,https://www.crunchbase.com/funding_round/spothero-series-a--e7b4a33a,SpotHero,https://www.crunchbase.com/organization/spothero,Series A,"$4,500,000","Jun 11, 2014",Early Stage Venture,,Yes,15,6,"199,953"
Convertible Note - Stabilitas,https://www.crunchbase.com/funding_round/stabilitas-convertible-note--753be6df,Stabilitas,https://www.crunchbase.com/organization/stabilitas,Convertible Note,,"Jan 12, 2015",,,No,3,,"200,125"
Series A - Precog,https://www.crunchbase.com/funding_round/precog-series-a--e516044d,Precog,https://www.crunchbase.com/organization/precog,Series A,"$2,000,000","May 24, 2012",Early Stage Venture,,Yes,4,2,"112,204"
Seed Round - Quaddra Software,https://www.crunchbase.com/funding_round/quaddra-software-seed--1607298a,Quaddra Software,https://www.crunchbase.com/organization/quaddra-software,Seed,,"May 27, 2014",Seed,,Yes,4,3,"112,553"
Series A - MobileDay,https://www.crunchbase.com/funding_round/mobileday-series-a--9f016cd9,MobileDay,https://www.crunchbase.com/organization/mobileday,Series A,"$6,577,000","Aug 20, 2014",Early Stage Venture,,Yes,7,4,"120,706"
Seed Round - Gone,https://www.crunchbase.com/funding_round/gone-seed--289897a4,Gone,https://www.crunchbase.com/organization/gone,Seed,"$1,000,000","Apr 22, 2015",Seed,,Yes,4,,"120,955"
Seed Round - Distil Networks,https://www.crunchbase.com/funding_round/distil-seed--9e0fabc5,Distil Networks,https://www.crunchbase.com/organization/distil,Seed,,"Jan 1, 2012",Seed,,Yes,3,,"112,676"
Venture Round - Seamless Receipts,https://www.crunchbase.com/funding_round/seamlessreceipts-series-unknown--1165f3ad,Seamless Receipts,https://www.crunchbase.com/organization/seamlessreceipts,Venture - Series Unknown,"$1,500,000","Feb 11, 2011",,,Yes,7,3,"112,708"
Seed Round - OMsignal,https://www.crunchbase.com/funding_round/omsignal-seed--54c645d6,OMsignal,https://www.crunchbase.com/organization/omsignal,Seed,"$1,000,000","Jun 5, 2013",Seed,,Yes,4,1,"113,784"
Angel Round - Flip,https://www.crunchbase.com/funding_round/flip-5-angel--aa9a7167,Flip,https://www.crunchbase.com/organization/flip-5,Angel,"$1,200,000","Jun 28, 2016",Seed,,Yes,6,,"114,085"
Convertible Note - Rival Theory,https://www.crunchbase.com/funding_round/rival-theory-convertible-note--f2b99fea,Rival Theory,https://www.crunchbase.com/organization/rival-theory,Convertible Note,,"Sep 14, 2015",,,No,3,,"158,960"
Seed Round - GoSpotCheck,https://www.crunchbase.com/funding_round/gospotcheck-seed--015464c2,GoSpotCheck,https://www.crunchbase.com/organization/gospotcheck,Seed,,"Aug 1, 2011",Seed,,Yes,2,,"163,561"
Seed Round - ADstruc,https://www.crunchbase.com/funding_round/adstruc-seed--be14e4d3,ADstruc,https://www.crunchbase.com/organization/adstruc,Seed,"$1,100,000","Sep 28, 2010",Seed,,Yes,11,4,"163,869"
Series A - SendGrid,https://www.crunchbase.com/funding_round/sendgrid-series-a--e9eb3b2b,SendGrid,https://www.crunchbase.com/organization/sendgrid,Series A,"$5,000,000","Apr 20, 2010",Early Stage Venture,,Yes,9,4,"164,174"
Seed Round - Postling,https://www.crunchbase.com/funding_round/postling-seed--464e3afd,Postling,https://www.crunchbase.com/organization/postling,Seed,"$350,000","Mar 1, 2010",Seed,,Yes,9,1,"182,835"
Series A - FullContact,https://www.crunchbase.com/funding_round/fullcontact-series-a--5531b712,FullContact,https://www.crunchbase.com/organization/fullcontact,Series A,"$7,000,000","Jul 9, 2012",Early Stage Venture,,Yes,10,3,"183,600"
Series A - Twilio,https://www.crunchbase.com/funding_round/twilio-series-a--7bf27847,Twilio,https://www.crunchbase.com/organization/twilio,Series A,"$3,700,000","Dec 30, 2009",Early Stage Venture,,Yes,7,7,"183,678"
Series A - Sphero,https://www.crunchbase.com/funding_round/orbotix-series-a--70dc8e86,Sphero,https://www.crunchbase.com/organization/orbotix,Series A,"$1,115,543","Oct 21, 2010",Early Stage Venture,,Yes,3,1,"183,988"
Venture Round - ClassWallet,https://www.crunchbase.com/funding_round/classwallet-series-unknown--efc9c06d,ClassWallet,https://www.crunchbase.com/organization/classwallet,Venture - Series Unknown,"$1,500,000","Apr 16, 2016",,,Yes,3,1,"203,229"
Series A - GroupMe,https://www.crunchbase.com/funding_round/groupme-series-a--c2cf6ec6,GroupMe,https://www.crunchbase.com/organization/groupme,Series A,"$850,000","Aug 25, 2010",Early Stage Venture,,Yes,11,4,"204,800"
Seed Round - Ordrx,https://www.crunchbase.com/funding_round/ordr-in-seed--cedff24b,Ordrx,https://www.crunchbase.com/organization/ordr-in,Seed,"$650,000","Oct 18, 2011",Seed,,Yes,6,,"204,856"
Series A - TapInfluence,https://www.crunchbase.com/funding_round/tapinfluence-series-a--b72b9a97,TapInfluence,https://www.crunchbase.com/organization/tapinfluence,Series A,"$3,200,000","Mar 8, 2012",Early Stage Venture,,Yes,2,2,"205,361"
Seed Round - MacroFab,https://www.crunchbase.com/funding_round/macrofab-seed--30f9d3a1,MacroFab,https://www.crunchbase.com/organization/macrofab,Seed,"$2,000,000","Jul 28, 2015",Seed,,Yes,1,,"205,954"
Seed Round - Distil Networks,https://www.crunchbase.com/funding_round/distil-seed--b925b639,Distil Networks,https://www.crunchbase.com/organization/distil,Seed,"$1,800,000","Jan 24, 2013",Seed,,Yes,6,2,"206,987"
Seed Round - GridCraft,https://www.crunchbase.com/funding_round/gridcraft-seed--ae5299c2,GridCraft,https://www.crunchbase.com/organization/gridcraft,Seed,"$2,288,000","Aug 7, 2014",Seed,,Yes,5,,"207,413"
Seed Round - section.io,https://www.crunchbase.com/funding_round/section-io-seed--90cd89d5,section.io,https://www.crunchbase.com/organization/section-io,Seed,"$1,500,000","Jul 20, 2016",Seed,,Yes,5,1,"208,549"
Seed Round - DataHero,https://www.crunchbase.com/funding_round/datahero-seed--563a6df7,DataHero,https://www.crunchbase.com/organization/datahero,Seed,"$1,000,000","May 31, 2012",Seed,,Yes,7,,"210,133"
Seed Round - LogicGate,https://www.crunchbase.com/funding_round/logicgate-seed--7a741787,LogicGate,https://www.crunchbase.com/organization/logicgate,Seed,"$1,900,000","Dec 1, 2016",Seed,,Yes,8,2,"210,265"
Angel Round - Uber,https://www.crunchbase.com/funding_round/uber-angel--c76f9429,Uber,https://www.crunchbase.com/organization/uber,Angel,"$1,250,000","Oct 15, 2010",Seed,"$4,000,000",Yes,29,9,"210,318"
Seed Round - Testlio,https://www.crunchbase.com/funding_round/testlio-seed--6f907fbe,Testlio,https://www.crunchbase.com/organization/testlio,Seed,"$1,000,000","Mar 30, 2015",Seed,,Yes,15,,"211,098"
Series A - CrowdTwist,https://www.crunchbase.com/funding_round/crowdtwist-series-a--b97fb4a5,CrowdTwist,https://www.crunchbase.com/organization/crowdtwist,Series A,"$6,000,000","Sep 19, 2011",Early Stage Venture,,Yes,7,3,"211,679"
Venture Round - FORTIFIED Bicycle,https://www.crunchbase.com/funding_round/fortified-bicycle-series-unknown--30eb5c60,FORTIFIED Bicycle,https://www.crunchbase.com/organization/fortified-bicycle,Venture - Series Unknown,"$800,000","Jul 19, 2014",,,Yes,8,,"186,145"
Debt Financing - Distil Networks,https://www.crunchbase.com/funding_round/distil-debt-financing--05730b4f,Distil Networks,https://www.crunchbase.com/organization/distil,Debt Financing,"$400,000","Jan 1, 2012",,,No,5,1,"188,068"
Seed Round - Nestio,https://www.crunchbase.com/funding_round/nestio-seed--c16998ab,Nestio,https://www.crunchbase.com/organization/nestio,Seed,"$1,600,000","Dec 3, 2014",Seed,,Yes,8,2,"188,189"
Venture Round - Mozio,https://www.crunchbase.com/funding_round/mozio-series-unknown--29e32dc7,Mozio,https://www.crunchbase.com/organization/mozio,Venture - Series Unknown,"$2,500,000","Jul 27, 2016",,,Yes,8,1,"191,778"
Seed Round - Revolv,https://www.crunchbase.com/funding_round/revolv-seed--b9427794,Revolv,https://www.crunchbase.com/organization/revolv,Seed,"$2,700,000","Sep 25, 2012",Seed,,Yes,8,,"192,661"
Seed Round - ClientSuccess,https://www.crunchbase.com/funding_round/clientsuccess-seed--284cfb4c,ClientSuccess,https://www.crunchbase.com/organization/clientsuccess,Seed,"$750,000","Dec 2, 2014",Seed,,Yes,6,1,"193,087"
Series A - PillPack,https://www.crunchbase.com/funding_round/pillpack-series-a--51e81478,PillPack,https://www.crunchbase.com/organization/pillpack,Series A,"$3,500,000","Jul 1, 2013",Early Stage Venture,,Yes,11,4,"75,574"
Seed Round - Precog,https://www.crunchbase.com/funding_round/precog-seed--5e9334e7,Precog,https://www.crunchbase.com/organization/precog,Seed,"$750,000","Oct 5, 2011",Seed,,Yes,6,1,"75,683"
Seed Round - OneTrueFan,https://www.crunchbase.com/funding_round/onetruefan-seed--34aeacce,OneTrueFan,https://www.crunchbase.com/organization/onetruefan,Seed,"$1,200,000","Sep 1, 2010",Seed,,Yes,7,3,"76,245"
Angel Round - Highlighter,https://www.crunchbase.com/funding_round/highlighter-angel--4be4def2,Highlighter,https://www.crunchbase.com/organization/highlighter,Angel,"$330,000","Dec 1, 2011",Seed,,Yes,7,1,"77,165"
Seed Round - Storenvy,https://www.crunchbase.com/funding_round/storenvy-seed--e6670b7d,Storenvy,https://www.crunchbase.com/organization/storenvy,Seed,"$1,525,000","Jan 1, 2011",Seed,,Yes,10,3,"77,818"
Venture Round - Nexosis,https://www.crunchbase.com/funding_round/nexosis-series-unknown--dfe6f6d4,Nexosis,https://www.crunchbase.com/organization/nexosis,Venture - Series Unknown,"$5,064,195","Nov 28, 2016",,,Yes,5,2,"77,839"
Venture Round - GiveForward,https://www.crunchbase.com/funding_round/giveforward-series-unknown--c127ebf1,GiveForward,https://www.crunchbase.com/organization/giveforward,Venture - Series Unknown,"$500,000","Feb 14, 2011",,,Yes,3,1,"80,767"
Venture Round - Marginize,https://www.crunchbase.com/funding_round/marginize-series-unknown--0ff16b52,Marginize,https://www.crunchbase.com/organization/marginize,Venture - Series Unknown,"$650,000","Jun 30, 2010",,,Yes,12,2,"86,049"
Convertible Note - The Shared Web,https://www.crunchbase.com/funding_round/the-shared-web-convertible-note--9119b0b1,The Shared Web,https://www.crunchbase.com/organization/the-shared-web,Convertible Note,"$225,000","Jan 1, 2011",,,No,9,3,"91,514"
Series A - Sketchfab,https://www.crunchbase.com/funding_round/sketchfab-series-a--fd846b24,Sketchfab,https://www.crunchbase.com/organization/sketchfab,Series A,"$7,000,000","Jun 16, 2015",Early Stage Venture,,Yes,6,5,"98,759"
Seed Round - Ordrx,https://www.crunchbase.com/funding_round/ordr-in-seed--2e566ef7,Ordrx,https://www.crunchbase.com/organization/ordr-in,Seed,"$200,000","Sep 1, 2012",Seed,,Yes,3,,"115,286"
Seed Round - isocket,https://www.crunchbase.com/funding_round/isocket-seed--9d84cd67,isocket,https://www.crunchbase.com/organization/isocket,Seed,"$2,104,119","Aug 27, 2009",Seed,,Yes,14,5,"115,913"
Series B - Distil Networks,https://www.crunchbase.com/funding_round/distil-series-b--9f130101,Distil Networks,https://www.crunchbase.com/organization/distil,Series B,"$21,000,000","Jun 30, 2015",Early Stage Venture,,Yes,8,3,"116,301"
Seed Round - Zipline,https://www.crunchbase.com/funding_round/romotive-seed--d06ab9f5,Zipline,https://www.crunchbase.com/organization/romotive,Seed,,"Nov 1, 2011",Seed,,Yes,2,1,"124,096"
Series A - Nestio,https://www.crunchbase.com/funding_round/nestio-series-a--81412309,Nestio,https://www.crunchbase.com/organization/nestio,Series A,"$8,000,000","Dec 1, 2015",Early Stage Venture,,Yes,8,3,"130,774"
Seed Round - Sundar,https://www.crunchbase.com/funding_round/sundar-io-seed--14132e3e,Sundar,https://www.crunchbase.com/organization/sundar-io,Seed,"$1,300,000","Dec 15, 2015",Seed,,Yes,6,,"130,892"
Series B - Simple Energy,https://www.crunchbase.com/funding_round/simple-energy-series-b--46176fa1,Simple Energy,https://www.crunchbase.com/organization/simple-energy,Series B,"$6,000,000","Jan 27, 2014",Early Stage Venture,,Yes,3,2,"131,739"
Series A - Distil Networks,https://www.crunchbase.com/funding_round/distil-series-a--3f260c0a,Distil Networks,https://www.crunchbase.com/organization/distil,Series A,"$10,000,000","May 27, 2014",Early Stage Venture,,Yes,7,2,"132,272"
Convertible Note - Circa,https://www.crunchbase.com/funding_round/circa-convertible-note--e3dc8f89,Circa,https://www.crunchbase.com/organization/circa,Convertible Note,"$900,000","Apr 27, 2012",,,No,23,7,"132,699"
Convertible Note - Pilot,https://www.crunchbase.com/funding_round/pilot-2-convertible-note--1f11313d,Pilot,https://www.crunchbase.com/organization/pilot-2,Convertible Note,"$775,000","Jan 28, 2015",,,No,8,2,"133,010"
Series A - Smart Vision Labs,https://www.crunchbase.com/funding_round/smart-vision-labs-series-a--5b09dbdd,Smart Vision Labs,https://www.crunchbase.com/organization/smart-vision-labs,Series A,"$6,100,000","Jun 22, 2015",Early Stage Venture,,Yes,5,,"124,270"
Seed Round - ReTel Technologies,https://www.crunchbase.com/funding_round/retel-technologies-seed--be4836d4,ReTel Technologies,https://www.crunchbase.com/organization/retel-technologies,Seed,"$1,000,000","Dec 2, 2009",Seed,,Yes,9,2,"124,385"
"Series B - Ello, Inc.",https://www.crunchbase.com/funding_round/ello-inc-series-b--f99de85b,"Ello, Inc.",https://www.crunchbase.com/organization/ello-inc,Series B,"$5,000,000","Apr 2, 2015",Early Stage Venture,,Yes,3,2,"69,559"
Series A - OMsignal,https://www.crunchbase.com/funding_round/omsignal-series-a--8e69f96c,OMsignal,https://www.crunchbase.com/organization/omsignal,Series A,"$10,000,000","Jun 24, 2014",Early Stage Venture,,Yes,6,7,"69,680"
Seed Round - SaaSOptics,https://www.crunchbase.com/funding_round/saasoptics-seed--beee5f79,SaaSOptics,https://www.crunchbase.com/organization/saasoptics,Seed,"$1,400,000","Nov 1, 2016",Seed,,Yes,3,,"71,620"
Series A - UpNext,https://www.crunchbase.com/funding_round/upnext-series-a--cff1cc16,UpNext,https://www.crunchbase.com/organization/upnext,Series A,"$556,799","Mar 14, 2011",Early Stage Venture,,Yes,7,3,"71,963"
"Seed Round - Maxwell Financial Labs, Inc.",https://www.crunchbase.com/funding_round/maxwell-financial-labs-inc-seed--eebf8bc9,"Maxwell Financial Labs, Inc.",https://www.crunchbase.com/organization/maxwell-financial-labs-inc,Seed,"$1,300,000","Dec 15, 2016",Seed,,Yes,5,,"72,772"
Seed Round - Moveline,https://www.crunchbase.com/funding_round/moveline-seed--a5e91fd2,Moveline,https://www.crunchbase.com/organization/moveline,Seed,"$1,500,000","Oct 31, 2012",Seed,,Yes,13,5,"73,826"
Seed Round - ClientSuccess,https://www.crunchbase.com/funding_round/clientsuccess-seed--60011eb9,ClientSuccess,https://www.crunchbase.com/organization/clientsuccess,Seed,"$2,300,000","Oct 28, 2015",Seed,,Yes,11,2,"73,843"
Seed Round - Mocavo,https://www.crunchbase.com/funding_round/mocavo-seed--2ccb8114,Mocavo,https://www.crunchbase.com/organization/mocavo,Seed,,"Aug 1, 2011",Seed,,Yes,2,1,"127,081"
Seed Round - Twilio,https://www.crunchbase.com/funding_round/twilio-seed--6584f0ac,Twilio,https://www.crunchbase.com/organization/twilio,Seed,"$1,000,000","Jan 1, 2009",Seed,,Yes,8,3,"127,456"
Seed Round - Testlio,https://www.crunchbase.com/funding_round/testlio-seed--e91ad379,Testlio,https://www.crunchbase.com/organization/testlio,Seed,"$213,000","Aug 5, 2013",Seed,,Yes,3,,"128,131"
Seed Round - Ubooly,https://www.crunchbase.com/funding_round/ubooly-seed--b587430d,Ubooly,https://www.crunchbase.com/organization/ubooly,Seed,"$2,500,000","Sep 24, 2012",Seed,,Yes,11,2,"141,313"
Series A - mLab,https://www.crunchbase.com/funding_round/objectlabs-series-a--fefc2389,mLab,https://www.crunchbase.com/organization/objectlabs,Series A,"$3,000,000","May 1, 2011",Early Stage Venture,,Yes,5,2,"129,089"
Seed Round - isocket,https://www.crunchbase.com/funding_round/isocket-seed--2f50d6cb,isocket,https://www.crunchbase.com/organization/isocket,Seed,,"Sep 28, 2011",Seed,,Yes,4,2,"143,757"
Seed Round - BusyLife Software,https://www.crunchbase.com/funding_round/busylife-software-seed--e53425a7,BusyLife Software,https://www.crunchbase.com/organization/busylife-software,Seed,"$1,225,000","Apr 2, 2013",Seed,,Yes,2,1,"147,675"
