Transaction Name,Transaction Name URL,Organization Name,Organization Name URL,Funding Type,Money Raised,Announced Date,Funding Stage,Pre-Money Valuation,Equity Only Funding,Number of Investors,Number of Partner Investors,CB Rank (Funding Round)
Debt Financing - SaleStream,https://www.crunchbase.com/funding_round/salestream-debt-financing--d49a36d2,SaleStream,https://www.crunchbase.com/organization/salestream,Debt Financing,"$251,967","Jan 31, 2018",,,No,1,,"20,543"
Debt Financing - Ntracts ,https://www.crunchbase.com/funding_round/ntracts-debt-financing--7ce498b8,Ntracts ,https://www.crunchbase.com/organization/ntracts,Debt Financing,"$500,000","Aug 21, 2017",,,No,1,,"20,544"
Debt Financing - Business Texter,https://www.crunchbase.com/funding_round/business-texter-debt-financing--301138e3,Business Texter,https://www.crunchbase.com/organization/business-texter,Debt Financing,"$249,000","Aug 7, 2017",,,No,1,,"20,548"
Debt Financing - Virtual Connect Technologies,https://www.crunchbase.com/funding_round/virtual-connect-technologies-debt-financing--402c0cb2,Virtual Connect Technologies,https://www.crunchbase.com/organization/virtual-connect-technologies,Debt Financing,"$151,199","Aug 31, 2017",,,No,1,,"20,549"
Debt Financing - Confiant,https://www.crunchbase.com/funding_round/confiant-debt-financing--d5c77af5,Confiant,https://www.crunchbase.com/organization/confiant,Debt Financing,"$300,000","Jan 12, 2018",,,No,1,,"20,550"
Debt Financing - RolePoint,https://www.crunchbase.com/funding_round/rolepoint-debt-financing--2754773c,RolePoint,https://www.crunchbase.com/organization/rolepoint,Debt Financing,"$500,000","Jul 13, 2017",,,No,1,,"20,555"
Debt Financing - Go Nimbly,https://www.crunchbase.com/funding_round/go-nimbly-debt-financing--cd239543,Go Nimbly,https://www.crunchbase.com/organization/go-nimbly,Debt Financing,"$308,877","Jan 30, 2018",,,No,1,,"20,567"
Debt Financing - SaleStream,https://www.crunchbase.com/funding_round/salestream-debt-financing--85543db8,SaleStream,https://www.crunchbase.com/organization/salestream,Debt Financing,"$500,000","Jul 31, 2017",,,No,1,,"20,568"
Debt Financing - TBX Employee Benefits,https://www.crunchbase.com/funding_round/tbx-employee-benefits-debt-financing--f3cc80ce,TBX Employee Benefits,https://www.crunchbase.com/organization/tbx-employee-benefits,Debt Financing,"$499,991","Jan 26, 2018",,,No,1,,"20,572"
Debt Financing - ValGenesis,https://www.crunchbase.com/funding_round/valgenesis-debt-financing--aa7229a5,ValGenesis,https://www.crunchbase.com/organization/valgenesis,Debt Financing,"$400,000","Jul 28, 2017",,,No,1,,"20,588"
Debt Financing - Sellbrite,https://www.crunchbase.com/funding_round/sellbrite-debt-financing--9afeef6c,Sellbrite,https://www.crunchbase.com/organization/sellbrite,Debt Financing,"$403,819","Dec 8, 2017",,,No,1,,"20,597"
Debt Financing - Spot Trender,https://www.crunchbase.com/funding_round/spot-trender-debt-financing--cdb1f513,Spot Trender,https://www.crunchbase.com/organization/spot-trender,Debt Financing,"$100,000","Sep 29, 2017",,,No,1,,"20,647"
Debt Financing - Color Card Administrator Corporation,https://www.crunchbase.com/funding_round/color-card-administrator-corporation-debt-financing--bb418b5e,Color Card Administrator Corporation,https://www.crunchbase.com/organization/color-card-administrator-corporation,Debt Financing,"$250,000","Sep 26, 2017",,,No,1,,"20,651"
Debt Financing - Sideqik,https://www.crunchbase.com/funding_round/sideqik-debt-financing--26011847,Sideqik,https://www.crunchbase.com/organization/sideqik,Debt Financing,"$250,000","Jan 19, 2018",,,No,1,,"20,573"
Debt Financing - ClearDB,https://www.crunchbase.com/funding_round/cleardb-debt-financing--bdd1775c,ClearDB,https://www.crunchbase.com/organization/cleardb,Debt Financing,"$251,543","Sep 29, 2017",,,No,1,,"20,622"
Debt Financing - Wellable,https://www.crunchbase.com/funding_round/wellable-debt-financing--00b25c83,Wellable,https://www.crunchbase.com/organization/wellable,Debt Financing,"$100,000","Jan 23, 2018",,,No,1,,"20,601"
Debt Financing - Subscribe Pro,https://www.crunchbase.com/funding_round/subscribe-pro-debt-financing--e896afab,Subscribe Pro,https://www.crunchbase.com/organization/subscribe-pro,Debt Financing,"$50,000","Sep 26, 2017",,,No,1,,"20,578"
Debt Financing - Lume Technologies Inc,https://www.crunchbase.com/funding_round/lume-technologies-inc-debt-financing--9ab7d252,Lume Technologies Inc,https://www.crunchbase.com/organization/lume-technologies-inc,Debt Financing,"$156,190","Aug 31, 2017",,,No,1,,"20,605"
Debt Financing - Realvolve,https://www.crunchbase.com/funding_round/realvolve-debt-financing--e86754a6,Realvolve,https://www.crunchbase.com/organization/realvolve,Debt Financing,"$102,446","Sep 20, 2017",,,No,1,,"20,623"
Debt Financing - DrupalSquad ,https://www.crunchbase.com/funding_round/drupalsquad-debt-financing--857e0a01,DrupalSquad ,https://www.crunchbase.com/organization/drupalsquad,Debt Financing,"$100,000","Jul 19, 2017",,,No,1,,"20,585"
Debt Financing - Stylitics,https://www.crunchbase.com/funding_round/stylitics-debt-financing--d47b4e08,Stylitics,https://www.crunchbase.com/organization/stylitics,Debt Financing,"$100,000","Jul 27, 2017",,,No,1,,"20,612"
Debt Financing - BombBomb,https://www.crunchbase.com/funding_round/bombbomb-debt-financing--288d4227,BombBomb,https://www.crunchbase.com/organization/bombbomb,Debt Financing,"$479,695","Jan 25, 2018",,,No,1,,"20,615"
Debt Financing - Versium,https://www.crunchbase.com/funding_round/versium-analytics-inc-debt-financing--1ccacff2,Versium,https://www.crunchbase.com/organization/versium-analytics-inc,Debt Financing,"$412,629","Aug 25, 2017",,,No,1,,"20,632"
Debt Financing - Communico,https://www.crunchbase.com/funding_round/communico-debt-financing--a00e6859,Communico,https://www.crunchbase.com/organization/communico,Debt Financing,"$300,000","Nov 2, 2017",,,No,1,,"20,634"
Debt Financing - Eventric,https://www.crunchbase.com/funding_round/eventric-debt-financing--744518df,Eventric,https://www.crunchbase.com/organization/eventric,Debt Financing,"$75,493","Sep 29, 2017",,,No,1,,"20,638"
Debt Financing - Skyepack,https://www.crunchbase.com/funding_round/skyepack-debt-financing--64b37db3,Skyepack,https://www.crunchbase.com/organization/skyepack,Debt Financing,"$150,000","Jan 26, 2018",,,No,1,,"20,639"
Debt Financing - Mage Mojo,https://www.crunchbase.com/funding_round/mage-mojo-debt-financing--66c7fa70,Mage Mojo,https://www.crunchbase.com/organization/mage-mojo,Debt Financing,"$500,000","Jul 28, 2017",,,No,1,,"20,640"
Debt Financing -  Syntrio,https://www.crunchbase.com/funding_round/syntrio-debt-financing--8a958a8d, Syntrio,https://www.crunchbase.com/organization/syntrio,Debt Financing,"$400,000","Nov 1, 2017",,,No,1,,"20,533"
Debt Financing - Source Audio,https://www.crunchbase.com/funding_round/source-audio-debt-financing--79dcf23c,Source Audio,https://www.crunchbase.com/organization/source-audio,Debt Financing,"$300,000","Sep 29, 2017",,,No,1,,"20,553"
Debt Financing - Cosential,https://www.crunchbase.com/funding_round/cosential-debt-financing--f662cfec,Cosential,https://www.crunchbase.com/organization/cosential,Debt Financing,"$100,506","Aug 9, 2017",,,No,1,,"20,559"
Debt Financing - Breezy,https://www.crunchbase.com/funding_round/breezy-debt-financing--98ed1f4e,Breezy,https://www.crunchbase.com/organization/breezy,Debt Financing,"$150,000","Sep 28, 2017",,,No,1,,"20,560"
Debt Financing - Realty Career Advocates  ,https://www.crunchbase.com/funding_round/realty-career-advocates-debt-financing--76cd0afe,Realty Career Advocates  ,https://www.crunchbase.com/organization/realty-career-advocates,Debt Financing,"$150,000","Jan 16, 2018",,,No,1,,"20,561"
Debt Financing - iResult ,https://www.crunchbase.com/funding_round/iresult-debt-financing--1dfa7947,iResult ,https://www.crunchbase.com/organization/iresult,Debt Financing,"$165,000","Sep 29, 2017",,,No,1,,"20,574"
Debt Financing - Chili Piper,https://www.crunchbase.com/funding_round/chili-piper-debt-financing--a0769465,Chili Piper,https://www.crunchbase.com/organization/chili-piper,Debt Financing,"$350,000","Jan 29, 2018",,,No,1,,"20,575"
Debt Financing - Exacter,https://www.crunchbase.com/funding_round/exacter-debt-financing--d1bad0cd,Exacter,https://www.crunchbase.com/organization/exacter,Debt Financing,"$500,000","Jul 18, 2017",,,No,1,,"20,577"
Debt Financing - Bottega,https://www.crunchbase.com/funding_round/bottega-5acf-debt-financing--c8882582,Bottega,https://www.crunchbase.com/organization/bottega-5acf,Debt Financing,"$500,000","Aug 31, 2017",,,No,1,,"20,540"
Debt Financing - Arrivalist,https://www.crunchbase.com/funding_round/arrivalist-debt-financing--a98d55a7,Arrivalist,https://www.crunchbase.com/organization/arrivalist,Debt Financing,"$500,000","Aug 4, 2017",,,No,1,,"20,737"
Debt Financing - Bloyal,https://www.crunchbase.com/funding_round/bloyal-debt-financing--8d1e2cd5,Bloyal,https://www.crunchbase.com/organization/bloyal,Debt Financing,"$250,000","Aug 30, 2017",,,No,1,,"20,738"
Debt Financing - Board on Track,https://www.crunchbase.com/funding_round/board-on-track-debt-financing--422e5a16,Board on Track,https://www.crunchbase.com/organization/board-on-track,Debt Financing,"$200,000","Jul 31, 2017",,,No,1,,"20,745"
Debt Financing - Biometrica Systems Inc,https://www.crunchbase.com/funding_round/biometrica-systems-inc-debt-financing--12dc464d,Biometrica Systems Inc,https://www.crunchbase.com/organization/biometrica-systems-inc,Debt Financing,"$102,724","Sep 22, 2017",,,No,1,,"20,677"
Debt Financing - Springboard Retail,https://www.crunchbase.com/funding_round/springboard-retail-2-debt-financing--ead924ea,Springboard Retail,https://www.crunchbase.com/organization/springboard-retail-2,Debt Financing,"$500,000","Dec 2, 2017",,,No,1,,"26,350"
Seed Round - StudySoup,https://www.crunchbase.com/funding_round/studysoup-seed--21572494,StudySoup,https://www.crunchbase.com/organization/studysoup,Seed,"$1,700,000","Aug 26, 2015",Seed,,Yes,8,,"29,711"
"Debt Financing - Waggl, Inc.",https://www.crunchbase.com/funding_round/waggl-debt-financing--f8f07488,"Waggl, Inc.",https://www.crunchbase.com/organization/waggl,Debt Financing,"$600,000","Mar 14, 2017",,,No,1,,"33,501"
Debt Financing - Shufflrr,https://www.crunchbase.com/funding_round/shufflrr-debt-financing--278e1f61,Shufflrr,https://www.crunchbase.com/organization/shufflrr,Debt Financing,"$108,015","Jun 30, 2017",,,No,1,,"35,613"
Debt Financing - Panopta,https://www.crunchbase.com/funding_round/panopta-debt-financing--51da5e9e,Panopta,https://www.crunchbase.com/organization/panopta,Debt Financing,,"May 12, 2017",,,No,1,,"38,048"
Funding Round - Growbots,https://www.crunchbase.com/funding_round/growbots-undisclosed--3efe7291,Growbots,https://www.crunchbase.com/organization/growbots,Funding Round,"$2,500,000","Jun 21, 2017",,,Yes,2,,"40,125"
Venture Round - InsureSign,https://www.crunchbase.com/funding_round/insuresign-series-unknown--d4efc61f,InsureSign,https://www.crunchbase.com/organization/insuresign,Venture - Series Unknown,"$150,000","Jun 14, 2017",,,Yes,1,,"45,566"
Venture Round - Rallyware,https://www.crunchbase.com/funding_round/rallyware-series-unknown--a1102e5a,Rallyware,https://www.crunchbase.com/organization/rallyware,Venture - Series Unknown,"$100,000","Apr 28, 2017",,,Yes,1,,"45,568"
Venture Round - Spotio,https://www.crunchbase.com/funding_round/spotio-series-unknown--c9c8b381,Spotio,https://www.crunchbase.com/organization/spotio,Venture - Series Unknown,"$249,462","Jun 29, 2017",,,Yes,1,,"45,572"
Debt Financing - Roya.com,https://www.crunchbase.com/funding_round/roya-com-debt-financing--66f593ec,Roya.com,https://www.crunchbase.com/organization/roya-com,Debt Financing,"$250,000","Jun 30, 2017",,,No,1,,"45,576"
Venture Round - MobileForce Software,https://www.crunchbase.com/funding_round/fonemine-series-unknown--7c4ffe7d,MobileForce Software,https://www.crunchbase.com/organization/fonemine,Venture - Series Unknown,"$450,000","Jun 28, 2017",,,Yes,1,,"45,595"
Venture Round - OpenVault,https://www.crunchbase.com/funding_round/openvault-series-unknown--7d42dd91,OpenVault,https://www.crunchbase.com/organization/openvault,Venture - Series Unknown,"$262,619","Jun 16, 2017",,,Yes,1,,"45,532"
Venture Round - TBX Employee Benefits,https://www.crunchbase.com/funding_round/tbx-employee-benefits-series-unknown--d6f58b70,TBX Employee Benefits,https://www.crunchbase.com/organization/tbx-employee-benefits,Venture - Series Unknown,"$350,709","Apr 28, 2017",,,Yes,1,,"45,547"
Venture Round - Citius Software Corporation,https://www.crunchbase.com/funding_round/citius-software-corporation-series-unknown--f2d20e10,Citius Software Corporation,https://www.crunchbase.com/organization/citius-software-corporation,Venture - Series Unknown,"$250,000","Jun 28, 2017",,,Yes,1,,"45,555"
Venture Round - Imprev,https://www.crunchbase.com/funding_round/imprev-series-unknown--2c2605ca,Imprev,https://www.crunchbase.com/organization/imprev,Venture - Series Unknown,"$223,770","Apr 28, 2017",,,Yes,1,,"45,520"
"Non Equity Assistance - BFLOW Solutions, Inc.",https://www.crunchbase.com/funding_round/bflow-solutions-non-equity-assistance--d5527048,"BFLOW Solutions, Inc.",https://www.crunchbase.com/organization/bflow-solutions,Non-equity Assistance,"$120,000","Sep 27, 2017",,,No,1,,"45,515"
Venture Round - ShareKnowledge,https://www.crunchbase.com/funding_round/shareknowledge-series-unknown--8bd3d04c,ShareKnowledge,https://www.crunchbase.com/organization/shareknowledge,Venture - Series Unknown,"$200,000","Apr 11, 2017",,,Yes,1,,"45,516"
Venture Round - Badger Maps,https://www.crunchbase.com/funding_round/badger-maps-series-unknown--a029e86a,Badger Maps,https://www.crunchbase.com/organization/badger-maps,Venture - Series Unknown,"$337,494","May 5, 2017",,,Yes,1,,"45,561"
Venture Round - ePublishing,https://www.crunchbase.com/funding_round/epublishing-series-unknown--fb25d849,ePublishing,https://www.crunchbase.com/organization/epublishing,Venture - Series Unknown,"$123,763","May 12, 2017",,,Yes,1,,"45,553"
Venture Round - Circle Commerce,https://www.crunchbase.com/funding_round/circle-commerce-series-unknown--bc9a995f,Circle Commerce,https://www.crunchbase.com/organization/circle-commerce,Venture - Series Unknown,"$76,638","Apr 28, 2017",,,Yes,1,,"45,544"
Venture Round - Graphium Health,https://www.crunchbase.com/funding_round/graphium-health-series-unknown--e13a4671,Graphium Health,https://www.crunchbase.com/organization/graphium-health,Venture - Series Unknown,"$275,000","May 31, 2017",,,Yes,1,,"45,545"
Venture Round - AccountSight,https://www.crunchbase.com/funding_round/accountsight-series-unknown--44ef3931,AccountSight,https://www.crunchbase.com/organization/accountsight,Venture - Series Unknown,"$60,000","Jun 23, 2017",,,Yes,1,,"45,549"
"Venture Round - Clinigence, LLC.",https://www.crunchbase.com/funding_round/clinigence--llc--series-unknown--64c81c77,"Clinigence, LLC.",https://www.crunchbase.com/organization/clinigence--llc-,Venture - Series Unknown,"$500,000","Jun 29, 2017",,,Yes,1,,"45,579"
Debt Financing - Go Nimbly,https://www.crunchbase.com/funding_round/go-nimbly-debt-financing--8b6adcc2,Go Nimbly,https://www.crunchbase.com/organization/go-nimbly,Debt Financing,"$148,169","Aug 30, 2017",,,No,1,,"45,591"
Debt Financing - Shufflrr,https://www.crunchbase.com/funding_round/shufflrr-debt-financing--30eeb2f3,Shufflrr,https://www.crunchbase.com/organization/shufflrr,Debt Financing,"$100,000","Dec 16, 2016",,,No,1,,"46,367"
Debt Financing - Refer.com,https://www.crunchbase.com/funding_round/refer-com-debt-financing--143a61f6,Refer.com,https://www.crunchbase.com/organization/refer-com,Debt Financing,"$130,000","Jun 27, 2014",,,No,1,,"155,749"
Debt Financing - Likeable Local,https://www.crunchbase.com/funding_round/likeable-local-debt-financing--22c3cdde,Likeable Local,https://www.crunchbase.com/organization/likeable-local,Debt Financing,"$500,000","Jul 7, 2015",,,No,1,,"156,230"
Debt Financing - Guard Llama,https://www.crunchbase.com/funding_round/guard-llama-debt-financing--1b29ac54,Guard Llama,https://www.crunchbase.com/organization/guard-llama,Debt Financing,"$70,000","Dec 2, 2016",,,No,1,,"165,266"
Debt Financing - Bloyal,https://www.crunchbase.com/funding_round/bloyal-debt-financing--d14682a4,Bloyal,https://www.crunchbase.com/organization/bloyal,Debt Financing,"$228,000","Sep 30, 2013",,,No,1,,"165,719"
Debt Financing - Good Done Great,https://www.crunchbase.com/funding_round/good-done-great-debt-financing--0444b2db,Good Done Great,https://www.crunchbase.com/organization/good-done-great,Debt Financing,"$300,000","Dec 31, 2015",,,No,1,,"166,029"
Debt Financing - Cosential,https://www.crunchbase.com/funding_round/cosential-debt-financing--73aa0dcd,Cosential,https://www.crunchbase.com/organization/cosential,Debt Financing,"$118,742","Nov 7, 2016",,,No,1,,"167,232"
"Debt Financing - MapAnything, Inc.",https://www.crunchbase.com/funding_round/cloudbilt-debt-financing--c4f91f4a,"MapAnything, Inc.",https://www.crunchbase.com/organization/cloudbilt,Debt Financing,"$250,000","Apr 30, 2013",,,No,1,,"167,474"
Debt Financing - BombBomb,https://www.crunchbase.com/funding_round/bombbomb-debt-financing--b323de5c,BombBomb,https://www.crunchbase.com/organization/bombbomb,Debt Financing,"$500,000","Dec 23, 2015",,,No,1,,"167,718"
Debt Financing - ShopSocially,https://www.crunchbase.com/funding_round/shopsocially-debt-financing--1f5d9268,ShopSocially,https://www.crunchbase.com/organization/shopsocially,Debt Financing,"$400,000","Aug 25, 2015",,,No,1,,"168,332"
Debt Financing - CoreCommerce,https://www.crunchbase.com/funding_round/corecommerce-debt-financing--71d955d0,CoreCommerce,https://www.crunchbase.com/organization/corecommerce,Debt Financing,"$125,000","Aug 22, 2014",,,No,1,,"169,077"
Debt Financing - Spotio,https://www.crunchbase.com/funding_round/spotio-debt-financing--d92b6226,Spotio,https://www.crunchbase.com/organization/spotio,Debt Financing,"$350,000","Aug 31, 2016",,,No,1,,"171,692"
"Debt Financing - CellarStone, Inc",https://www.crunchbase.com/funding_round/cellarstone-debt-financing--d467e66e,"CellarStone, Inc",https://www.crunchbase.com/organization/cellarstone,Debt Financing,"$500,000","Aug 20, 2014",,,No,1,,"172,232"
Debt Financing - BombBomb,https://www.crunchbase.com/funding_round/bombbomb-debt-financing--dee12e9b,BombBomb,https://www.crunchbase.com/organization/bombbomb,Debt Financing,"$500,000","Dec 29, 2016",,,No,1,,"172,609"
Debt Financing - Tomoson,https://www.crunchbase.com/funding_round/tomoson-debt-financing--2eda3aca,Tomoson,https://www.crunchbase.com/organization/tomoson,Debt Financing,"$150,000","May 8, 2015",,,No,1,,"173,668"
"Debt Financing - MapAnything, Inc.",https://www.crunchbase.com/funding_round/cloudbilt-debt-financing--3c51da38,"MapAnything, Inc.",https://www.crunchbase.com/organization/cloudbilt,Debt Financing,"$200,000","Jan 14, 2015",,,No,1,,"173,867"
Debt Financing - Bloyal,https://www.crunchbase.com/funding_round/bloyal-debt-financing--3681b8ff,Bloyal,https://www.crunchbase.com/organization/bloyal,Debt Financing,"$153,000","Jun 27, 2012",,,No,1,,"174,169"
Debt Financing - AGILIRON,https://www.crunchbase.com/funding_round/agiliron-debt-financing--e7ef4345,AGILIRON,https://www.crunchbase.com/organization/agiliron,Debt Financing,"$175,000","Mar 31, 2017",,,No,1,,"174,596"
Debt Financing - YogaDownload.com,https://www.crunchbase.com/funding_round/yogadownload-com-debt-financing--551e60b7,YogaDownload.com,https://www.crunchbase.com/organization/yogadownload-com,Debt Financing,"$110,000","Mar 21, 2014",,,No,1,,"174,649"
Debt Financing - EVO Media Group,https://www.crunchbase.com/funding_round/evo-media-group-debt-financing--2105c99c,EVO Media Group,https://www.crunchbase.com/organization/evo-media-group,Debt Financing,"$250,000","May 20, 2015",,,No,1,,"174,656"
Seed Round - Qbox.io,https://www.crunchbase.com/funding_round/qbox-io-seed--ce3c68f6,Qbox.io,https://www.crunchbase.com/organization/qbox-io,Seed,"$2,400,000","Aug 26, 2015",Seed,,Yes,10,,"174,665"
Debt Financing - Hubstream,https://www.crunchbase.com/funding_round/hubstream-debt-financing--643e7e7d,Hubstream,https://www.crunchbase.com/organization/hubstream,Debt Financing,"$100,000","May 29, 2015",,,No,1,,"174,743"
Debt Financing - ePublishing,https://www.crunchbase.com/funding_round/epublishing-debt-financing--0b2b4db3,ePublishing,https://www.crunchbase.com/organization/epublishing,Debt Financing,"$125,000","Dec 29, 2016",,,No,1,,"176,416"
Debt Financing - Springboard Retail,https://www.crunchbase.com/funding_round/springboard-retail-2-debt-financing--c1fd3d92,Springboard Retail,https://www.crunchbase.com/organization/springboard-retail-2,Debt Financing,"$200,000","Mar 23, 2017",,,No,1,,"176,758"
Debt Financing - SaaS Software,https://www.crunchbase.com/funding_round/saas-software-debt-financing--bea8e545,SaaS Software,https://www.crunchbase.com/organization/saas-software,Debt Financing,"$400,000","Aug 5, 2013",,,No,1,,"177,649"
Debt Financing - AppBuddy,https://www.crunchbase.com/funding_round/appbuddy-debt-financing--079a288e,AppBuddy,https://www.crunchbase.com/organization/appbuddy,Debt Financing,"$825,000","Jul 29, 2016",,,No,1,,"177,959"
Debt Financing - Fusion Labs,https://www.crunchbase.com/funding_round/fusion-labs-debt-financing--bf50e291,Fusion Labs,https://www.crunchbase.com/organization/fusion-labs,Debt Financing,"$750,000","May 13, 2015",,,No,1,,"178,880"
Debt Financing - Versium,https://www.crunchbase.com/funding_round/versium-analytics-inc-debt-financing--53fc47ec,Versium,https://www.crunchbase.com/organization/versium-analytics-inc,Debt Financing,"$250,000","Dec 13, 2016",,,No,1,,"179,536"
Convertible Note - Building Energy,https://www.crunchbase.com/funding_round/building-energy-convertible-note--3bf927b2,Building Energy,https://www.crunchbase.com/organization/building-energy,Convertible Note,,"Aug 1, 2015",,,No,3,1,"55,180"
Debt Financing - YogaDownload.com,https://www.crunchbase.com/funding_round/yogadownload-com-debt-financing--94a4e4d3,YogaDownload.com,https://www.crunchbase.com/organization/yogadownload-com,Debt Financing,"$140,000","Dec 11, 2014",,,No,1,,"55,270"
Debt Financing - Zipit Wireless,https://www.crunchbase.com/funding_round/zipit-wireless-debt-financing--540d3868,Zipit Wireless,https://www.crunchbase.com/organization/zipit-wireless,Debt Financing,"$330,000","Sep 28, 2016",,,No,1,,"55,342"
Debt Financing - Cosential,https://www.crunchbase.com/funding_round/cosential-debt-financing--82713734,Cosential,https://www.crunchbase.com/organization/cosential,Debt Financing,"$516,750","Aug 29, 2016",,,No,1,,"56,143"
Debt Financing - SysCloud,https://www.crunchbase.com/funding_round/neverfail-backup-software-debt-financing--97b9681c,SysCloud,https://www.crunchbase.com/organization/neverfail-backup-software,Debt Financing,"$250,000","Mar 21, 2017",,,No,1,,"56,308"
Debt Financing - Sellbrite,https://www.crunchbase.com/funding_round/sellbrite-debt-financing--e4cd23bd,Sellbrite,https://www.crunchbase.com/organization/sellbrite,Debt Financing,"$207,000","Mar 10, 2017",,,No,1,,"114,370"
Debt Financing - Arcaris,https://www.crunchbase.com/funding_round/arcaris-debt-financing--3120f4b3,Arcaris,https://www.crunchbase.com/organization/arcaris,Debt Financing,"$200,000","Jan 31, 2017",,,No,1,,"115,690"
Debt Financing - Likeable Local,https://www.crunchbase.com/funding_round/likeable-local-debt-financing--9544aff7,Likeable Local,https://www.crunchbase.com/organization/likeable-local,Debt Financing,"$113,202","Dec 23, 2016",,,No,1,,"118,261"
Debt Financing - Resident Research,https://www.crunchbase.com/funding_round/resident-research-debt-financing--0aa1fb56,Resident Research,https://www.crunchbase.com/organization/resident-research,Debt Financing,"$150,000","Dec 16, 2013",,,No,1,,"126,469"
Debt Financing - Valant Medical Solutions,https://www.crunchbase.com/funding_round/valant-medical-solutions-debt-financing--02073f04,Valant Medical Solutions,https://www.crunchbase.com/organization/valant-medical-solutions,Debt Financing,"$285,000","Oct 22, 2010",,,No,1,,"128,683"
Debt Financing - SalesReach Software,https://www.crunchbase.com/funding_round/salesreach-software-debt-financing--29d5815d,SalesReach Software,https://www.crunchbase.com/organization/salesreach-software,Debt Financing,"$100,000","Jan 23, 2014",,,No,1,,"128,968"
Debt Financing - Vidillion,https://www.crunchbase.com/funding_round/vidillion-debt-financing--613be772,Vidillion,https://www.crunchbase.com/organization/vidillion,Debt Financing,"$500,000","Mar 23, 2017",,,No,1,,"131,509"
Debt Financing - ReviewBuzz,https://www.crunchbase.com/funding_round/reviewbuzz-debt-financing--b7bb5ff4,ReviewBuzz,https://www.crunchbase.com/organization/reviewbuzz,Debt Financing,"$335,203","Jul 28, 2017",,,No,1,,"57,033"
Debt Financing - Rock My World Media,https://www.crunchbase.com/funding_round/rock-my-world-debt-financing--4a333d25,Rock My World Media,https://www.crunchbase.com/organization/rock-my-world,Debt Financing,"$450,000","Aug 29, 2016",,,No,1,,"134,673"
Debt Financing - HipLead,https://www.crunchbase.com/funding_round/hiplead-debt-financing--caaef1f6,HipLead,https://www.crunchbase.com/organization/hiplead,Debt Financing,"$225,000","Jun 30, 2016",,,No,1,,"135,193"
Debt Financing - CivicConnect,https://www.crunchbase.com/funding_round/civicconnect-debt-financing--9e52eb32,CivicConnect,https://www.crunchbase.com/organization/civicconnect,Debt Financing,"$700,000","Nov 26, 2016",,,No,1,,"135,199"
Debt Financing - Imprev,https://www.crunchbase.com/funding_round/imprev-debt-financing--13db4bb9,Imprev,https://www.crunchbase.com/organization/imprev,Debt Financing,"$250,000","Nov 30, 2015",,,No,1,,"136,923"
Debt Financing - Imprev,https://www.crunchbase.com/funding_round/imprev-debt-financing--b5da7292,Imprev,https://www.crunchbase.com/organization/imprev,Debt Financing,"$500,000","Jul 24, 2015",,,No,1,,"137,126"
Debt Financing - MedKeeper,https://www.crunchbase.com/funding_round/medkeeper-debt-financing--a4e10025,MedKeeper,https://www.crunchbase.com/organization/medkeeper,Debt Financing,"$250,000","Dec 30, 2016",,,No,1,,"57,626"
Debt Financing - Amerihub Technologies,https://www.crunchbase.com/funding_round/amerihub-technologies-debt-financing--7f92adff,Amerihub Technologies,https://www.crunchbase.com/organization/amerihub-technologies,Debt Financing,"$60,000","Jun 30, 2014",,,No,1,,"139,062"
Debt Financing - Eventric,https://www.crunchbase.com/funding_round/eventric-debt-financing--1b3cc674,Eventric,https://www.crunchbase.com/organization/eventric,Debt Financing,"$60,885","Dec 30, 2016",,,No,1,,"141,781"
Debt Financing - EZ-AD TV,https://www.crunchbase.com/funding_round/ez-ad-tv-debt-financing--0182f8f5,EZ-AD TV,https://www.crunchbase.com/organization/ez-ad-tv,Debt Financing,"$100,000","Aug 31, 2015",,,No,1,,"142,168"
Debt Financing - Back At You Media ,https://www.crunchbase.com/funding_round/back-at-you-debt-financing--ae5d616c,Back At You Media ,https://www.crunchbase.com/organization/back-at-you,Debt Financing,"$500,000","Nov 25, 2015",,,No,1,,"142,331"
Debt Financing - Realvolve,https://www.crunchbase.com/funding_round/realvolve-debt-financing--97cf8125,Realvolve,https://www.crunchbase.com/organization/realvolve,Debt Financing,"$158,835","Dec 30, 2016",,,No,1,,"58,115"
Debt Financing - Geopointe,https://www.crunchbase.com/funding_round/geopointe-debt-financing--757067aa,Geopointe,https://www.crunchbase.com/organization/geopointe,Debt Financing,"$500,000","Dec 7, 2016",,,No,1,,"58,603"
Debt Financing - OpenCounter,https://www.crunchbase.com/funding_round/opencounter-debt-financing--c0c83c59,OpenCounter,https://www.crunchbase.com/organization/opencounter,Debt Financing,"$300,000","Dec 20, 2016",,,No,1,,"59,043"
Debt Financing - quip,https://www.crunchbase.com/funding_round/quip-2-debt-financing--85ee59aa,quip,https://www.crunchbase.com/organization/quip-2,Debt Financing,"$500,000","Sep 27, 2016",,,No,1,,"144,539"
Debt Financing - Qbox.io,https://www.crunchbase.com/funding_round/qbox-io-debt-financing--570c61f6,Qbox.io,https://www.crunchbase.com/organization/qbox-io,Debt Financing,"$120,000","Mar 11, 2015",,,No,1,,"144,630"
Debt Financing - CivicConnect,https://www.crunchbase.com/funding_round/civicconnect-debt-financing--b79b1bc1,CivicConnect,https://www.crunchbase.com/organization/civicconnect,Debt Financing,"$300,000","Oct 7, 2014",,,No,1,,"59,760"
Debt Financing - Cirrus Identity,https://www.crunchbase.com/funding_round/cirrus-identity-debt-financing--4bc1c358,Cirrus Identity,https://www.crunchbase.com/organization/cirrus-identity,Debt Financing,"$50,000","May 20, 2016",,,No,1,,"145,200"
Debt Financing - Nuvolo,https://www.crunchbase.com/funding_round/nuvolo-technologies-debt-financing--1f312e2c,Nuvolo,https://www.crunchbase.com/organization/nuvolo-technologies,Debt Financing,"$500,000","Sep 21, 2016",,,No,1,,"145,261"
Debt Financing - RecruitLoop,https://www.crunchbase.com/funding_round/recruitloop-debt-financing--e4ef7893,RecruitLoop,https://www.crunchbase.com/organization/recruitloop,Debt Financing,,"Jun 28, 2016",,,No,1,,"145,642"
Debt Financing - Launchpad Careers,https://www.crunchbase.com/funding_round/launchpad-careers-debt-financing--cd214592,Launchpad Careers,https://www.crunchbase.com/organization/launchpad-careers,Debt Financing,"$50,000","Apr 29, 2016",,,No,1,,"146,509"
Debt Financing - EVO Media Group,https://www.crunchbase.com/funding_round/evo-media-group-debt-financing--c54e65f0,EVO Media Group,https://www.crunchbase.com/organization/evo-media-group,Debt Financing,"$58,323","Oct 31, 2016",,,No,1,,"146,532"
Debt Financing - StyleNet,https://www.crunchbase.com/funding_round/stylenet-debt-financing--fbbf8ad0,StyleNet,https://www.crunchbase.com/organization/stylenet,Debt Financing,"$100,000","May 14, 2011",,,No,1,,"60,426"
Debt Financing - BinaryWave,https://www.crunchbase.com/funding_round/binarywave-debt-financing--8694b1c8,BinaryWave,https://www.crunchbase.com/organization/binarywave,Debt Financing,"$128,000","Apr 17, 2012",,,No,1,,"147,134"
Debt Financing - Speakr,https://www.crunchbase.com/funding_round/twtmob-debt-financing--97286d38,Speakr,https://www.crunchbase.com/organization/twtmob,Debt Financing,"$700,000","Sep 9, 2016",,,No,1,,"90,687"
Debt Financing - Envisiontel,https://www.crunchbase.com/funding_round/envisiontel-debt-financing--c93f3bc7,Envisiontel,https://www.crunchbase.com/organization/envisiontel,Debt Financing,"$300,000","Dec 5, 2014",,,No,1,,"90,769"
Debt Financing - HireAHelper,https://www.crunchbase.com/funding_round/hireahelper-debt-financing--37d7706b,HireAHelper,https://www.crunchbase.com/organization/hireahelper,Debt Financing,"$200,000","Jun 23, 2014",,,No,1,,"90,946"
Debt Financing - Strivven Media,https://www.crunchbase.com/funding_round/strivven-media-debt-financing--92b8b61b,Strivven Media,https://www.crunchbase.com/organization/strivven-media,Debt Financing,"$300,000","Jan 24, 2017",,,No,1,,"60,990"
Debt Financing - Officework Software,https://www.crunchbase.com/funding_round/officework-software-debt-financing--3c4007fc,Officework Software,https://www.crunchbase.com/organization/officework-software,Debt Financing,"$195,000","Oct 16, 2015",,,No,1,,"149,837"
Debt Financing - Intellect,https://www.crunchbase.com/funding_round/interneer-debt-financing--6fb452ec,Intellect,https://www.crunchbase.com/organization/interneer,Debt Financing,"$400,000","Sep 30, 2015",,,No,1,,"150,620"
Debt Financing - Aisle Planner,https://www.crunchbase.com/funding_round/aisle-planner-debt-financing--ef35667d,Aisle Planner,https://www.crunchbase.com/organization/aisle-planner,Debt Financing,,"Dec 29, 2016",,,No,1,,"92,130"
Debt Financing - Envisiontel,https://www.crunchbase.com/funding_round/envisiontel-debt-financing--31a50dcb,Envisiontel,https://www.crunchbase.com/organization/envisiontel,Debt Financing,"$150,000","Feb 10, 2014",,,No,1,,"92,385"
Debt Financing - Likeable Local,https://www.crunchbase.com/funding_round/likeable-local-debt-financing--6f3cb51b,Likeable Local,https://www.crunchbase.com/organization/likeable-local,Debt Financing,"$100,000","Feb 3, 2016",,,No,1,,"92,461"
Debt Financing - IPfolio,https://www.crunchbase.com/funding_round/ipfolio-debt-financing--48370dfa,IPfolio,https://www.crunchbase.com/organization/ipfolio,Debt Financing,"$50,000","Dec 31, 2015",,,No,1,,"92,666"
Debt Financing - SteelBrick,https://www.crunchbase.com/funding_round/steelbrick-debt-financing--91e92e5c,SteelBrick,https://www.crunchbase.com/organization/steelbrick,Debt Financing,"$200,000","Apr 15, 2013",,,No,1,,"95,430"
Debt Financing - Sellbrite,https://www.crunchbase.com/funding_round/sellbrite-debt-financing--2bc87f22,Sellbrite,https://www.crunchbase.com/organization/sellbrite,Debt Financing,"$270,000","Sep 28, 2016",,,No,1,,"86,729"
Debt Financing - StyleNet,https://www.crunchbase.com/funding_round/stylenet-debt-financing--71b2d5a3,StyleNet,https://www.crunchbase.com/organization/stylenet,Debt Financing,"$50,000","Jul 18, 2011",,,No,1,,"62,278"
Debt Financing - OneRooftop,https://www.crunchbase.com/funding_round/onerooftop-debt-financing--23cde2e6,OneRooftop,https://www.crunchbase.com/organization/onerooftop,Debt Financing,"$250,000","Apr 29, 2016",,,No,1,,"88,593"
Debt Financing - Intellect,https://www.crunchbase.com/funding_round/interneer-debt-financing--3cf7db86,Intellect,https://www.crunchbase.com/organization/interneer,Debt Financing,"$200,000","Jun 17, 2016",,,No,1,,"89,511"
Debt Financing - IPfolio,https://www.crunchbase.com/funding_round/ipfolio-debt-financing--b0a574c6,IPfolio,https://www.crunchbase.com/organization/ipfolio,Debt Financing,"$50,000","Sep 6, 2013",,,No,1,,"89,585"
Debt Financing - Quick Left,https://www.crunchbase.com/funding_round/quick-left-debt-financing--cffe91bf,Quick Left,https://www.crunchbase.com/organization/quick-left,Debt Financing,"$750,000","Apr 30, 2015",,,No,1,,"89,731"
Debt Financing - Cloud Lending Inc.,https://www.crunchbase.com/funding_round/cloud-lending-debt-financing--e106c477,Cloud Lending Inc.,https://www.crunchbase.com/organization/cloud-lending,Debt Financing,"$150,000","Mar 3, 2014",,,No,1,,"63,192"
Debt Financing - MixRank,https://www.crunchbase.com/funding_round/mixrank-debt-financing--9df6d359,MixRank,https://www.crunchbase.com/organization/mixrank,Debt Financing,"$250,000","Apr 30, 2015",,,No,1,,"96,381"
Debt Financing - Launchpad Careers,https://www.crunchbase.com/funding_round/launchpad-careers-debt-financing--d8a5d50e,Launchpad Careers,https://www.crunchbase.com/organization/launchpad-careers,Debt Financing,"$165,000","Apr 24, 2015",,,No,1,,"96,888"
Debt Financing - Resident Research,https://www.crunchbase.com/funding_round/resident-research-debt-financing--bf7dd1e1,Resident Research,https://www.crunchbase.com/organization/resident-research,Debt Financing,"$122,000","Dec 26, 2014",,,No,1,,"89,944"
Debt Financing - Subscribe Pro,https://www.crunchbase.com/funding_round/subscribe-pro-debt-financing--6f67b79e,Subscribe Pro,https://www.crunchbase.com/organization/subscribe-pro,Debt Financing,"$75,000","May 6, 2016",,,No,1,,"89,966"
Debt Financing - Leonid Systems,https://www.crunchbase.com/funding_round/leonid-systems-debt-financing--387f9c21,Leonid Systems,https://www.crunchbase.com/organization/leonid-systems,Debt Financing,"$250,000","Oct 23, 2012",,,No,1,,"90,405"
Debt Financing - Veer West,https://www.crunchbase.com/funding_round/veer-west-debt-financing--4ff22ac9,Veer West,https://www.crunchbase.com/organization/veer-west,Debt Financing,"$500,000","Oct 31, 2016",,,No,1,,"64,051"
Debt Financing - Fusion Labs,https://www.crunchbase.com/funding_round/fusion-labs-debt-financing--662312d9,Fusion Labs,https://www.crunchbase.com/organization/fusion-labs,Debt Financing,"$200,000","Aug 29, 2016",,,No,1,,"94,753"
Debt Financing - Hivemine,https://www.crunchbase.com/funding_round/hivemyne-debt-financing--1208ec89,Hivemine,https://www.crunchbase.com/organization/hivemyne,Debt Financing,"$150,000","Sep 1, 2011",,,No,1,,"98,358"
Debt Financing - ClearDB,https://www.crunchbase.com/funding_round/cleardb-debt-financing--55689142,ClearDB,https://www.crunchbase.com/organization/cleardb,Debt Financing,"$221,000","Mar 30, 2017",,,No,1,,"99,226"
Debt Financing - StudySoup,https://www.crunchbase.com/funding_round/studysoup-debt-financing--9b3efa50,StudySoup,https://www.crunchbase.com/organization/studysoup,Debt Financing,"$106,349","Jan 31, 2017",,,No,1,,"101,493"
Debt Financing - BigContacts,https://www.crunchbase.com/funding_round/bigcontacts-debt-financing--b31a98de,BigContacts,https://www.crunchbase.com/organization/bigcontacts,Debt Financing,"$150,000","May 12, 2014",,,No,1,,"64,965"
Debt Financing - Code SixFour,https://www.crunchbase.com/funding_round/code-sixfour-debt-financing--327ea589,Code SixFour,https://www.crunchbase.com/organization/code-sixfour,Debt Financing,"$80,000","Mar 30, 2017",,,No,1,,"105,406"
Debt Financing - Hyper Local Media,https://www.crunchbase.com/funding_round/hyper-local-media-debt-financing--86efb044,Hyper Local Media,https://www.crunchbase.com/organization/hyper-local-media,Debt Financing,"$52,000","Mar 20, 2015",,,No,1,,"65,503"
Debt Financing - Rallyware,https://www.crunchbase.com/funding_round/rallyware-debt-financing--7f7a2114,Rallyware,https://www.crunchbase.com/organization/rallyware,Debt Financing,"$175,000","Mar 31, 2016",,,No,1,,"65,622"
Debt Financing - ListReports,https://www.crunchbase.com/funding_round/listreports-debt-financing--38c87553,ListReports,https://www.crunchbase.com/organization/listreports,Debt Financing,"$623,000","Aug 31, 2016",,,No,1,,"194,160"
Debt Financing - Pronexis,https://www.crunchbase.com/funding_round/pronexis-debt-financing--ef3e513d,Pronexis,https://www.crunchbase.com/organization/pronexis,Debt Financing,"$350,000","Sep 30, 2016",,,No,1,,"194,640"
Debt Financing - Onehub,https://www.crunchbase.com/funding_round/onehub-debt-financing--47cb12c5,Onehub,https://www.crunchbase.com/organization/onehub,Debt Financing,"$300,000","Oct 31, 2016",,,No,1,,"106,329"
Debt Financing - Refer.com,https://www.crunchbase.com/funding_round/refer-com-debt-financing--5da653ca,Refer.com,https://www.crunchbase.com/organization/refer-com,Debt Financing,"$180,000","Dec 31, 2014",,,No,1,,"195,356"
"Debt Financing - Redspin, Inc.",https://www.crunchbase.com/funding_round/redspin--inc--debt-financing--2d2c7e28,"Redspin, Inc.",https://www.crunchbase.com/organization/redspin--inc-,Debt Financing,"$650,000","Nov 25, 2013",,,No,1,,"107,548"
"Debt Financing - Influence Technologies, LLC",https://www.crunchbase.com/funding_round/influence-technologies-debt-financing--a9404b38,"Influence Technologies, LLC",https://www.crunchbase.com/organization/influence-technologies,Debt Financing,"$250,000","Jan 6, 2014",,,No,1,,"108,314"
Debt Financing - Fileboard,https://www.crunchbase.com/funding_round/fileboard-debt-financing--5080edeb,Fileboard,https://www.crunchbase.com/organization/fileboard,Debt Financing,"$125,000","Dec 31, 2015",,,No,1,,"119,626"
Debt Financing - Incident Response Technologies,https://www.crunchbase.com/funding_round/incident-response-technologies-debt-financing--1e19cd59,Incident Response Technologies,https://www.crunchbase.com/organization/incident-response-technologies,Debt Financing,"$150,000","Oct 26, 2016",,,No,1,,"119,709"
Debt Financing - Biometrica Systems Inc,https://www.crunchbase.com/funding_round/biometrica-systems-inc-debt-financing--4d829c4d,Biometrica Systems Inc,https://www.crunchbase.com/organization/biometrica-systems-inc,Debt Financing,"$300,000","Nov 23, 2016",,,No,1,,"66,952"
Debt Financing - YogaDownload.com,https://www.crunchbase.com/funding_round/yogadownload-com-debt-financing--7d792898,YogaDownload.com,https://www.crunchbase.com/organization/yogadownload-com,Debt Financing,"$50,000","Jan 18, 2012",,,No,1,,"108,558"
Debt Financing - EMPATHIQ,https://www.crunchbase.com/funding_round/empathiq-debt-financing--d57c5504,EMPATHIQ,https://www.crunchbase.com/organization/empathiq,Debt Financing,"$200,000","Aug 9, 2016",,,No,1,,"196,707"
"Debt Financing - Simply Reliable, Inc.",https://www.crunchbase.com/funding_round/simplyreliable-debt-financing--0a6b5081,"Simply Reliable, Inc.",https://www.crunchbase.com/organization/simplyreliable,Debt Financing,"$100,000","Jul 15, 2016",,,No,1,,"109,527"
Debt Financing - Circle Commerce,https://www.crunchbase.com/funding_round/circle-commerce-debt-financing--dfa0bd31,Circle Commerce,https://www.crunchbase.com/organization/circle-commerce,Debt Financing,"$300,000","Jan 29, 2016",,,No,1,,"109,612"
Debt Financing - Solid Commerce,https://www.crunchbase.com/funding_round/solid-commerce-debt-financing--7cdb603f,Solid Commerce,https://www.crunchbase.com/organization/solid-commerce,Debt Financing,"$750,000","Jun 30, 2015",,,No,1,,"109,697"
Debt Financing - GPS Heroes,https://www.crunchbase.com/funding_round/gps-heroes-debt-financing--e603a28a,GPS Heroes,https://www.crunchbase.com/organization/gps-heroes,Debt Financing,"$500,000","Feb 17, 2015",,,No,1,,"197,865"
"Debt Financing - Influence Technologies, LLC",https://www.crunchbase.com/funding_round/influence-technologies-debt-financing--a14140d6,"Influence Technologies, LLC",https://www.crunchbase.com/organization/influence-technologies,Debt Financing,"$246,000","Aug 29, 2016",,,No,1,,"197,954"
Debt Financing - Good Done Great,https://www.crunchbase.com/funding_round/good-done-great-debt-financing--f2446abe,Good Done Great,https://www.crunchbase.com/organization/good-done-great,Debt Financing,"$500,000","Nov 4, 2014",,,No,1,,"110,184"
"Debt Financing - MapAnything, Inc.",https://www.crunchbase.com/funding_round/cloudbilt-debt-financing--d5a57ace,"MapAnything, Inc.",https://www.crunchbase.com/organization/cloudbilt,Debt Financing,"$250,000","Oct 18, 2013",,,No,1,,"198,267"
Debt Financing - Onehub,https://www.crunchbase.com/funding_round/onehub-debt-financing--87abe59d,Onehub,https://www.crunchbase.com/organization/onehub,Debt Financing,"$300,000","Oct 30, 2015",,,No,1,,"198,433"
Debt Financing - Hyper Local Media,https://www.crunchbase.com/funding_round/hyper-local-media-debt-financing--98890033,Hyper Local Media,https://www.crunchbase.com/organization/hyper-local-media,Debt Financing,"$124,560","Aug 29, 2016",,,No,1,,"67,965"
Debt Financing - Imprev,https://www.crunchbase.com/funding_round/imprev-debt-financing--b187b9f6,Imprev,https://www.crunchbase.com/organization/imprev,Debt Financing,"$162,490","May 31, 2016",,,No,1,,"110,622"
Debt Financing - Solid Commerce,https://www.crunchbase.com/funding_round/solid-commerce-debt-financing--5795f00c,Solid Commerce,https://www.crunchbase.com/organization/solid-commerce,Debt Financing,"$500,000","Sep 19, 2014",,,No,1,,"110,651"
Debt Financing - Subscribe Pro,https://www.crunchbase.com/funding_round/subscribe-pro-debt-financing--fbd2e94a,Subscribe Pro,https://www.crunchbase.com/organization/subscribe-pro,Debt Financing,"$55,000","Jan 31, 2017",,,No,1,,"68,177"
Debt Financing - Fusion Labs,https://www.crunchbase.com/funding_round/fusion-labs-debt-financing--8dfa6dac,Fusion Labs,https://www.crunchbase.com/organization/fusion-labs,Debt Financing,"$50,000","Dec 1, 2015",,,No,1,,"200,320"
Debt Financing - Ekos Brewmaster,https://www.crunchbase.com/funding_round/ekos-brewmaster-debt-financing--7af275c4,Ekos Brewmaster,https://www.crunchbase.com/organization/ekos-brewmaster,Debt Financing,"$300,000","Dec 22, 2016",,,No,1,,"200,591"
Debt Financing - Glance Networks,https://www.crunchbase.com/funding_round/glance-debt-financing--17c795a2,Glance Networks,https://www.crunchbase.com/organization/glance,Debt Financing,"$500,000","Dec 23, 2015",,,No,1,,"200,670"
Debt Financing - Hyper Martial Arts,https://www.crunchbase.com/funding_round/hyper-martial-arts-debt-financing--ea217618,Hyper Martial Arts,https://www.crunchbase.com/organization/hyper-martial-arts,Debt Financing,"$400,000","Sep 1, 2015",,,No,1,,"112,979"
Debt Financing - Full Circle Insights,https://www.crunchbase.com/funding_round/full-circle-insights-debt-financing--ad4cf444,Full Circle Insights,https://www.crunchbase.com/organization/full-circle-insights,Debt Financing,"$200,000","Nov 12, 2013",,,No,1,,"201,493"
Debt Financing - Lish,https://www.crunchbase.com/funding_round/lish-debt-financing--66300c6d,Lish,https://www.crunchbase.com/organization/lish,Debt Financing,"$150,000","Nov 21, 2016",,,No,1,,"202,008"
Debt Financing - BoardBookit,https://www.crunchbase.com/funding_round/boardbookit-debt-financing--dbe750a4,BoardBookit,https://www.crunchbase.com/organization/boardbookit,Debt Financing,"$150,000","Jan 8, 2016",,,No,1,,"202,326"
Debt Financing - etherFAX,https://www.crunchbase.com/funding_round/etherfax-debt-financing--a02573b9,etherFAX,https://www.crunchbase.com/organization/etherfax,Debt Financing,"$500,000","Oct 15, 2014",,,No,1,,"158,447"
Debt Financing - ePublishing,https://www.crunchbase.com/funding_round/epublishing-debt-financing--195c28fd,ePublishing,https://www.crunchbase.com/organization/epublishing,Debt Financing,"$500,000","May 9, 2016",,,No,1,,"160,190"
Debt Financing - Code SixFour,https://www.crunchbase.com/funding_round/code-sixfour-debt-financing--1b0b65bc,Code SixFour,https://www.crunchbase.com/organization/code-sixfour,Debt Financing,"$180,000","May 17, 2016",,,No,1,,"163,917"
Debt Financing - Prometheus Research,https://www.crunchbase.com/funding_round/prometheus-research-debt-financing--386ab807,Prometheus Research,https://www.crunchbase.com/organization/prometheus-research,Debt Financing,"$1,333,132","Aug 29, 2016",,,No,1,,"182,143"
Debt Financing - BIGWORDS.com,https://www.crunchbase.com/funding_round/bigwords-com-debt-financing--13dd6de1,BIGWORDS.com,https://www.crunchbase.com/organization/bigwords-com,Debt Financing,"$300,000","Jul 31, 2014",,,No,1,,"183,576"
Debt Financing - Tour de Force,https://www.crunchbase.com/funding_round/tour-de-force-debt-financing--ce367fa7,Tour de Force,https://www.crunchbase.com/organization/tour-de-force,Debt Financing,"$500,000","Jun 4, 2014",,,No,1,,"203,692"
Debt Financing - Uncorkd,https://www.crunchbase.com/funding_round/uncorkd-debt-financing--25e46442,Uncorkd,https://www.crunchbase.com/organization/uncorkd,Debt Financing,"$80,000","Jun 27, 2014",,,No,1,,"205,683"
Debt Financing - Tomoson,https://www.crunchbase.com/funding_round/tomoson-debt-financing--19938d4d,Tomoson,https://www.crunchbase.com/organization/tomoson,Debt Financing,"$225,000","Sep 21, 2015",,,No,1,,"205,911"
Debt Financing - 6Qube,https://www.crunchbase.com/funding_round/6cube-debt-financing--a24fa8a7,6Qube,https://www.crunchbase.com/organization/6cube,Debt Financing,"$100,000","Oct 29, 2014",,,No,1,,"206,716"
Seed Round - Jive Communications,https://www.crunchbase.com/funding_round/jive-communications-seed--f9d13910,Jive Communications,https://www.crunchbase.com/organization/jive-communications,Seed,"$400,000","Jan 1, 2011",Seed,,Yes,1,,"207,018"
Debt Financing - Actively Learn,https://www.crunchbase.com/funding_round/actively-learn-debt-financing--d0686f19,Actively Learn,https://www.crunchbase.com/organization/actively-learn,Debt Financing,"$190,392","Dec 30, 2016",,,No,1,,"209,702"
Debt Financing - SaaS Software,https://www.crunchbase.com/funding_round/saas-software-debt-financing--72469476,SaaS Software,https://www.crunchbase.com/organization/saas-software,Debt Financing,"$100,000","Feb 17, 2015",,,No,1,,"209,753"
Debt Financing - MarketFactory,https://www.crunchbase.com/funding_round/market-factory-debt-financing--c629704d,MarketFactory,https://www.crunchbase.com/organization/market-factory,Debt Financing,,"Jun 23, 2015",,,No,1,,"209,970"
Debt Financing - Nuvolo,https://www.crunchbase.com/funding_round/nuvolo-technologies-debt-financing--ed646ee3,Nuvolo,https://www.crunchbase.com/organization/nuvolo-technologies,Debt Financing,,"Mar 3, 2017",,,No,1,,"211,213"
Debt Financing - Good Done Great,https://www.crunchbase.com/funding_round/good-done-great-debt-financing--612a81dc,Good Done Great,https://www.crunchbase.com/organization/good-done-great,Debt Financing,,"Jun 11, 2015",,,No,1,,"211,341"
Debt Financing - Tour de Force,https://www.crunchbase.com/funding_round/tour-de-force-debt-financing--3a2d920a,Tour de Force,https://www.crunchbase.com/organization/tour-de-force,Debt Financing,"$300,000","Apr 26, 2016",,,No,1,,"185,346"
Debt Financing - Amplify Health,https://www.crunchbase.com/funding_round/amplify-health-debt-financing--43249d4c,Amplify Health,https://www.crunchbase.com/organization/amplify-health,Debt Financing,"$200,000","Nov 20, 2014",,,No,1,,"186,384"
Debt Financing - 123Compliance,https://www.crunchbase.com/funding_round/123compliance-debt-financing--cd8334d3,123Compliance,https://www.crunchbase.com/organization/123compliance,Debt Financing,"$150,000","Apr 10, 2015",,,No,1,,"186,773"
"Debt Financing - thedatabank, gbc",https://www.crunchbase.com/funding_round/thedatabank-debt-financing--b6601f0b,"thedatabank, gbc",https://www.crunchbase.com/organization/thedatabank,Debt Financing,"$150,000","Jul 22, 2015",,,No,1,,"187,984"
Debt Financing - Mailprotector,https://www.crunchbase.com/funding_round/mailprotector-debt-financing--906893c8,Mailprotector,https://www.crunchbase.com/organization/mailprotector,Debt Financing,,"Feb 28, 2017",,,No,1,,"188,420"
Debt Financing - IPfolio,https://www.crunchbase.com/funding_round/ipfolio-debt-financing--03f7bb26,IPfolio,https://www.crunchbase.com/organization/ipfolio,Debt Financing,"$363,000","Mar 30, 2017",,,No,1,,"189,119"
Debt Financing - Tomoson,https://www.crunchbase.com/funding_round/tomoson-debt-financing--a382c207,Tomoson,https://www.crunchbase.com/organization/tomoson,Debt Financing,"$50,000","Feb 6, 2015",,,No,1,,"189,223"
Debt Financing - Design Pickle,https://www.crunchbase.com/funding_round/design-pickle-debt-financing--c2334782,Design Pickle,https://www.crunchbase.com/organization/design-pickle,Debt Financing,"$249,519","Nov 23, 2016",,,No,1,,"189,765"
Debt Financing - Cosential,https://www.crunchbase.com/funding_round/cosential-debt-financing--80d6f172,Cosential,https://www.crunchbase.com/organization/cosential,Debt Financing,"$250,000","Jul 22, 2015",,,No,1,,"191,256"
Debt Financing - AppBuddy,https://www.crunchbase.com/funding_round/appbuddy-debt-financing--7676cbed,AppBuddy,https://www.crunchbase.com/organization/appbuddy,Debt Financing,"$500,000","Feb 24, 2017",,,No,1,,"191,444"
Seed Round - Rallyware,https://www.crunchbase.com/funding_round/rallyware-seed--6402cfce,Rallyware,https://www.crunchbase.com/organization/rallyware,Seed,"$675,000","Jul 6, 2016",Seed,,Yes,4,,"191,562"
Debt Financing - Good Done Great,https://www.crunchbase.com/funding_round/good-done-great-debt-financing--1d10e548,Good Done Great,https://www.crunchbase.com/organization/good-done-great,Debt Financing,"$239,825","Dec 14, 2016",,,No,1,,"192,272"
Debt Financing - ListReports,https://www.crunchbase.com/funding_round/listreports-debt-financing--ed8f651f,ListReports,https://www.crunchbase.com/organization/listreports,Debt Financing,"$247,911","Jun 30, 2017",,,No,1,,"192,606"
Debt Financing - Fusion Labs,https://www.crunchbase.com/funding_round/fusion-labs-debt-financing--87992c28,Fusion Labs,https://www.crunchbase.com/organization/fusion-labs,Debt Financing,"$200,000","Jun 1, 2014",,,No,1,,"193,004"
Seed Round - TruClinic,https://www.crunchbase.com/funding_round/truclinic-seed--6960b4c2,TruClinic,https://www.crunchbase.com/organization/truclinic,Seed,"$176,400","Jul 26, 2016",Seed,,Yes,1,,"77,259"
Debt Financing - BombBomb,https://www.crunchbase.com/funding_round/bombbomb-debt-financing--3970e8ce,BombBomb,https://www.crunchbase.com/organization/bombbomb,Debt Financing,"$242,818","Apr 29, 2016",,,No,1,,"77,500"
Debt Financing - Red Funnel Consulting,https://www.crunchbase.com/funding_round/red-funnel-consulting-debt-financing--d26fe6d0,Red Funnel Consulting,https://www.crunchbase.com/organization/red-funnel-consulting,Debt Financing,"$200,000","Nov 16, 2016",,,No,1,,"77,955"
Debt Financing - TBX Employee Benefits,https://www.crunchbase.com/funding_round/tbx-employee-benefits-debt-financing--9fd2f851,TBX Employee Benefits,https://www.crunchbase.com/organization/tbx-employee-benefits,Debt Financing,"$500,000","Jan 29, 2016",,,No,1,,"78,545"
Debt Financing - Intellect,https://www.crunchbase.com/funding_round/interneer-debt-financing--9e5c6047,Intellect,https://www.crunchbase.com/organization/interneer,Debt Financing,"$100,000","May 19, 2015",,,No,1,,"79,010"
Debt Financing - Fusion Labs,https://www.crunchbase.com/funding_round/fusion-labs-debt-financing--ff3f20f4,Fusion Labs,https://www.crunchbase.com/organization/fusion-labs,Debt Financing,"$500,000","May 30, 2014",,,No,1,,"81,062"
"Debt Financing - Redspin, Inc.",https://www.crunchbase.com/funding_round/redspin--inc--debt-financing--7d4132f3,"Redspin, Inc.",https://www.crunchbase.com/organization/redspin--inc-,Debt Financing,"$715,826","Aug 15, 2014",,,No,1,,"82,605"
Debt Financing - Advizor Solutions,https://www.crunchbase.com/funding_round/advizor-solutions-debt-financing--5e6f8479,Advizor Solutions,https://www.crunchbase.com/organization/advizor-solutions,Debt Financing,"$400,000","May 27, 2016",,,No,1,,"83,479"
Debt Financing - Realvolve,https://www.crunchbase.com/funding_round/realvolve-debt-financing--bd38cc6b,Realvolve,https://www.crunchbase.com/organization/realvolve,Debt Financing,"$150,000","Jun 10, 2016",,,No,1,,"83,639"
Debt Financing - Kindling,https://www.crunchbase.com/funding_round/kindling-debt-financing--b038913d,Kindling,https://www.crunchbase.com/organization/kindling,Debt Financing,"$300,000","Mar 31, 2015",,,No,1,,"84,004"
Debt Financing - ClearDB,https://www.crunchbase.com/funding_round/cleardb-debt-financing--d1a351de,ClearDB,https://www.crunchbase.com/organization/cleardb,Debt Financing,"$1,531,250","Jun 30, 2016",,,No,1,,"85,651"
Debt Financing - EcoDomus,https://www.crunchbase.com/funding_round/ecodomus-debt-financing--b7858da6,EcoDomus,https://www.crunchbase.com/organization/ecodomus,Debt Financing,"$275,000","Mar 6, 2017",,,No,1,,"89,266"
Debt Financing - Actively Learn,https://www.crunchbase.com/funding_round/actively-learn-debt-financing--dd7a27bf,Actively Learn,https://www.crunchbase.com/organization/actively-learn,Debt Financing,"$90,000","Mar 1, 2016",,,No,1,,"91,532"
"Debt Financing - MapAnything, Inc.",https://www.crunchbase.com/funding_round/cloudbilt-debt-financing--2ebe9314,"MapAnything, Inc.",https://www.crunchbase.com/organization/cloudbilt,Debt Financing,"$250,000","Dec 13, 2012",,,No,1,,"98,785"
Debt Financing - Justuno.com,https://www.crunchbase.com/funding_round/justuno-com-debt-financing--ee208790,Justuno.com,https://www.crunchbase.com/organization/justuno-com,Debt Financing,"$200,000","Sep 30, 2015",,,No,1,,"122,971"
Debt Financing - Taqtile,https://www.crunchbase.com/funding_round/taqtile-debt-financing--a129e51b,Taqtile,https://www.crunchbase.com/organization/taqtile,Debt Financing,"$500,000","Dec 23, 2016",,,No,1,,"102,913"
Debt Financing - MixRank,https://www.crunchbase.com/funding_round/mixrank-debt-financing--6f3a01ad,MixRank,https://www.crunchbase.com/organization/mixrank,Debt Financing,"$250,000","Feb 26, 2016",,,No,1,,"104,750"
Debt Financing - Officework Software,https://www.crunchbase.com/funding_round/officework-software-debt-financing--62418b3a,Officework Software,https://www.crunchbase.com/organization/officework-software,Debt Financing,"$130,000","Jun 2, 2015",,,No,1,,"105,061"
"Debt Financing - thedatabank, gbc",https://www.crunchbase.com/funding_round/thedatabank-debt-financing--e37431df,"thedatabank, gbc",https://www.crunchbase.com/organization/thedatabank,Debt Financing,"$75,000","Oct 10, 2012",,,No,1,,"114,760"
Debt Financing - Prometheus Research,https://www.crunchbase.com/funding_round/prometheus-research-debt-financing--15b6f840,Prometheus Research,https://www.crunchbase.com/organization/prometheus-research,Debt Financing,"$500,000","Jan 29, 2016",,,No,1,,"115,997"
Seed Round - Lume Technologies Inc,https://www.crunchbase.com/funding_round/lume-technologies-inc-seed--5b1b745b,Lume Technologies Inc,https://www.crunchbase.com/organization/lume-technologies-inc,Seed,"$574,009","Sep 30, 2016",Seed,,Yes,1,,"116,585"
Debt Financing - Badger Maps,https://www.crunchbase.com/funding_round/badger-maps-debt-financing--8e2d9d6e,Badger Maps,https://www.crunchbase.com/organization/badger-maps,Debt Financing,"$125,000","May 18, 2016",,,No,1,,"129,630"
"Debt Financing - Proxio, Inc.",https://www.crunchbase.com/funding_round/proxio-debt-financing--a4ae83ea,"Proxio, Inc.",https://www.crunchbase.com/organization/proxio,Debt Financing,"$500,000","Oct 16, 2015",,,No,1,,"129,732"
Debt Financing - Lume Technologies Inc,https://www.crunchbase.com/funding_round/lume-technologies-inc-debt-financing--836ebdbf,Lume Technologies Inc,https://www.crunchbase.com/organization/lume-technologies-inc,Debt Financing,"$400,000","Oct 14, 2015",,,No,1,,"130,102"
Debt Financing - Axonom,https://www.crunchbase.com/funding_round/axonom-debt-financing--71691656,Axonom,https://www.crunchbase.com/organization/axonom,Debt Financing,"$500,000","Mar 14, 2016",,,No,1,,"117,576"
Debt Financing - Zipit Wireless,https://www.crunchbase.com/funding_round/zipit-wireless-debt-financing--35388347,Zipit Wireless,https://www.crunchbase.com/organization/zipit-wireless,Debt Financing,"$500,000","Sep 4, 2015",,,No,1,,"117,710"
Debt Financing - SurveyLocal,https://www.crunchbase.com/funding_round/surveylocal-debt-financing--19fedb41,SurveyLocal,https://www.crunchbase.com/organization/surveylocal,Debt Financing,"$100,000","Jan 15, 2016",,,No,1,,"131,812"
Debt Financing - Tidal Labs,https://www.crunchbase.com/funding_round/tidal-debt-financing--a4fe1c54,Tidal Labs,https://www.crunchbase.com/organization/tidal,Debt Financing,"$150,000","May 8, 2015",,,No,1,,"118,518"
Debt Financing - Axonom,https://www.crunchbase.com/funding_round/axonom-debt-financing--0fe41184,Axonom,https://www.crunchbase.com/organization/axonom,Debt Financing,"$287,570","Nov 4, 2016",,,No,1,,"133,326"
Debt Financing - Prometheus Research,https://www.crunchbase.com/funding_round/prometheus-research-debt-financing--0f617469,Prometheus Research,https://www.crunchbase.com/organization/prometheus-research,Debt Financing,,"Feb 27, 2017",,,No,1,,"124,530"
Debt Financing - VirtualQube,https://www.crunchbase.com/funding_round/virtualqube-debt-financing--04e02df0,VirtualQube,https://www.crunchbase.com/organization/virtualqube,Debt Financing,"$250,000","Apr 24, 2014",,,No,1,,"69,585"
Debt Financing - Glance Networks,https://www.crunchbase.com/funding_round/glance-debt-financing--3d38a72d,Glance Networks,https://www.crunchbase.com/organization/glance,Debt Financing,"$1,652,310","Jul 27, 2016",,,No,1,,"70,249"
Debt Financing - 6connex,https://www.crunchbase.com/funding_round/6connex-debt-financing--80d9987b,6connex,https://www.crunchbase.com/organization/6connex,Debt Financing,"$300,000","Feb 22, 2016",,,No,1,,"71,788"
"Debt Financing - CellarStone, Inc",https://www.crunchbase.com/funding_round/cellarstone-debt-financing--7b707741,"CellarStone, Inc",https://www.crunchbase.com/organization/cellarstone,Debt Financing,"$170,768","Sep 16, 2016",,,No,1,,"72,075"
Debt Financing - Imprev,https://www.crunchbase.com/funding_round/imprev-debt-financing--17e9d774,Imprev,https://www.crunchbase.com/organization/imprev,Debt Financing,"$455,562","Oct 31, 2016",,,No,1,,"72,184"
Debt Financing - Frrole,https://www.crunchbase.com/funding_round/frrole-debt-financing--a5481ffa,Frrole,https://www.crunchbase.com/organization/frrole,Debt Financing,"$195,000","Jul 29, 2016",,,No,1,,"126,359"
Debt Financing - Kindling,https://www.crunchbase.com/funding_round/kindling-debt-financing--15fee53e,Kindling,https://www.crunchbase.com/organization/kindling,Debt Financing,"$200,000","Dec 17, 2014",,,No,1,,"74,272"
Debt Financing - Pynwheel,https://www.crunchbase.com/funding_round/pynwheel-debt-financing--e0608918,Pynwheel,https://www.crunchbase.com/organization/pynwheel,Debt Financing,"$90,000","Apr 28, 2015",,,No,1,,"127,109"
Debt Financing - Happy Grasshopper,https://www.crunchbase.com/funding_round/happy-grasshopper-debt-financing--55c244ec,Happy Grasshopper,https://www.crunchbase.com/organization/happy-grasshopper,Debt Financing,"$505,000","Apr 11, 2016",,,No,1,,"127,410"
Debt Financing - TotalABA,https://www.crunchbase.com/funding_round/totalaba-debt-financing--8aabebc2,TotalABA,https://www.crunchbase.com/organization/totalaba,Debt Financing,"$78,000","Nov 14, 2016",,,No,1,,"128,364"
"Debt Financing - MapAnything, Inc.",https://www.crunchbase.com/funding_round/cloudbilt-debt-financing--33d9c402,"MapAnything, Inc.",https://www.crunchbase.com/organization/cloudbilt,Debt Financing,"$250,000","May 5, 2014",,,No,1,,"138,222"
Debt Financing - Wine Management Systems,https://www.crunchbase.com/funding_round/wine-management-systems-debt-financing--fe3ca4f9,Wine Management Systems,https://www.crunchbase.com/organization/wine-management-systems,Debt Financing,"$68,000","Jan 9, 2015",,,No,1,,"139,963"
Debt Financing - TextUs,https://www.crunchbase.com/funding_round/textus-biz-debt-financing--1a66473f,TextUs,https://www.crunchbase.com/organization/textus-biz,Debt Financing,"$250,000","Mar 9, 2017",,,No,1,,"141,085"
Debt Financing - Uncorkd,https://www.crunchbase.com/funding_round/uncorkd-debt-financing--c6fb8550,Uncorkd,https://www.crunchbase.com/organization/uncorkd,Debt Financing,"$44,792","Dec 9, 2016",,,No,1,,"141,400"
Debt Financing - 6connex,https://www.crunchbase.com/funding_round/6connex-debt-financing--0def930f,6connex,https://www.crunchbase.com/organization/6connex,Debt Financing,"$227,000","Mar 6, 2017",,,No,1,,"143,917"
Debt Financing - Amplify Health,https://www.crunchbase.com/funding_round/amplify-health-debt-financing--478dfc71,Amplify Health,https://www.crunchbase.com/organization/amplify-health,Debt Financing,"$500,000","Jan 2, 2015",,,No,1,,"150,070"
Debt Financing - Quick Left,https://www.crunchbase.com/funding_round/quick-left-debt-financing--f5827a6a,Quick Left,https://www.crunchbase.com/organization/quick-left,Debt Financing,"$500,000","Dec 10, 2014",,,No,1,,"150,196"
