Transaction Name,Transaction Name URL,Organization Name,Organization Name URL,Funding Type,Money Raised,Announced Date,Funding Stage,Pre-Money Valuation,Equity Only Funding,Number of Investors,Number of Partner Investors,CB Rank (Funding Round)
Initial Coin Offering - Basis ,https://www.crunchbase.com/funding_round/basecoin-initial-coin-offering--46072e7a,Basis ,https://www.crunchbase.com/organization/basecoin,Initial Coin Offering,"$133,000,000","Apr 18, 2018",,,Yes,24,,6
Series B - Armis Security,https://www.crunchbase.com/funding_round/armis-security-series-b--0694373f,Armis Security,https://www.crunchbase.com/organization/armis-security,Series B,"$30,000,000","Apr 9, 2018",Early Stage Venture,,Yes,4,1,43
Series A - Red Balloon Security,https://www.crunchbase.com/funding_round/red-balloon-secrurity-series-a--c5d18392,Red Balloon Security,https://www.crunchbase.com/organization/red-balloon-secrurity,Series A,"$21,900,000","Apr 3, 2018",Early Stage Venture,,Yes,4,,310
Series C - Clari,https://www.crunchbase.com/funding_round/clari-series-c--b45f9b25,Clari,https://www.crunchbase.com/organization/clari,Series C,"$35,000,000","Mar 21, 2018",Late Stage Venture,"$26,000,000",Yes,6,2,618
Series E - BetterCloud,https://www.crunchbase.com/funding_round/bettercloud-series-e--5f8588c0,BetterCloud,https://www.crunchbase.com/organization/bettercloud,Series E,"$60,000,000","Apr 5, 2018",Late Stage Venture,,Yes,6,4,752
Venture Round - Reonomy,https://www.crunchbase.com/funding_round/reonomy-series-unknown--3fd92d90,Reonomy,https://www.crunchbase.com/organization/reonomy,Venture - Series Unknown,"$16,000,000","Feb 6, 2018",,,Yes,13,,"1,498"
Series B - ObserveIT,https://www.crunchbase.com/funding_round/observeit-series-b--47078f9f,ObserveIT,https://www.crunchbase.com/organization/observeit,Series B,"$16,000,000","Apr 11, 2018",Early Stage Venture,,Yes,1,,"1,554"
Series A - AllyO,https://www.crunchbase.com/funding_round/allyo-series-a--eb1a6ce9,AllyO,https://www.crunchbase.com/organization/allyo,Series A,"$14,000,000","Mar 20, 2018",Early Stage Venture,,Yes,4,1,"1,779"
Series C - Roofstock,https://www.crunchbase.com/funding_round/roofstock-series-c--6637f944,Roofstock,https://www.crunchbase.com/organization/roofstock,Series C,"$7,000,000","Jan 18, 2018",Late Stage Venture,,Yes,9,,"2,285"
Series B - Bench,https://www.crunchbase.com/funding_round/bench-series-b--5759932d,Bench,https://www.crunchbase.com/organization/bench,Series B,"$23,000,000","Feb 1, 2018",Early Stage Venture,,Yes,4,,"2,720"
Series B - FourKites,https://www.crunchbase.com/funding_round/fourkites-series-b--bcc755ae,FourKites,https://www.crunchbase.com/organization/fourkites,Series B,"$35,000,000","Feb 20, 2018",Early Stage Venture,,Yes,3,1,"3,217"
Series C - Roofstock,https://www.crunchbase.com/funding_round/roofstock-series-c--5420abd4,Roofstock,https://www.crunchbase.com/organization/roofstock,Series C,"$35,000,000","Oct 4, 2017",Late Stage Venture,,Yes,8,1,"3,278"
Corporate Round - Attivo Networks,https://www.crunchbase.com/funding_round/attivo-networks-corporate-round--4f6bb55d,Attivo Networks,https://www.crunchbase.com/organization/attivo-networks,Corporate Round,,"Feb 6, 2018",,,No,4,,"3,395"
Series C - Flywire,https://www.crunchbase.com/funding_round/peertransfer-series-c--df19683e,Flywire,https://www.crunchbase.com/organization/peertransfer,Series C,"$22,000,000","Jan 13, 2015",Late Stage Venture,,Yes,6,1,"3,398"
Series A - Attentive,https://www.crunchbase.com/funding_round/attentive-series-a--39dad9aa,Attentive,https://www.crunchbase.com/organization/attentive,Series A,"$13,000,000","Feb 8, 2018",Early Stage Venture,,Yes,3,1,"3,962"
Series D - Acorns,https://www.crunchbase.com/funding_round/acorns-grow-series-d--9647f57f,Acorns,https://www.crunchbase.com/organization/acorns-grow,Series D,"$35,000,000","Jul 20, 2017",Late Stage Venture,,Yes,6,,"4,189"
Series A - Airside Mobile,https://www.crunchbase.com/funding_round/airside-mobile-series-a--dbf4169d,Airside Mobile,https://www.crunchbase.com/organization/airside-mobile,Series A,"$6,000,000","Oct 3, 2017",Early Stage Venture,,Yes,5,2,"4,531"
Seed Round - Dgraph Labs,https://www.crunchbase.com/funding_round/dgraph-seed--5fdca3d5,Dgraph Labs,https://www.crunchbase.com/organization/dgraph,Seed,"$1,850,000","Dec 19, 2017",Seed,,Yes,4,1,"4,878"
Seed Round - Feather,https://www.crunchbase.com/funding_round/feather-2-seed--cb4aa111,Feather,https://www.crunchbase.com/organization/feather-2,Seed,"$3,500,000","Oct 19, 2017",Seed,,Yes,7,,"5,336"
Series C - mParticle,https://www.crunchbase.com/funding_round/mparticle-series-c--d7aed53d,mParticle,https://www.crunchbase.com/organization/mparticle,Series C,"$35,000,000","Sep 20, 2017",Late Stage Venture,,Yes,5,3,"5,843"
Series C - Passport,https://www.crunchbase.com/funding_round/passportparking-series-c--06ff6135,Passport,https://www.crunchbase.com/organization/passportparking,Series C,"$43,000,000","Dec 20, 2017",Late Stage Venture,,Yes,1,1,"5,938"
Series A - ShiftLeft,https://www.crunchbase.com/funding_round/shiftleft-series-a--0f3d37e4,ShiftLeft,https://www.crunchbase.com/organization/shiftleft,Series A,"$9,300,000","Oct 11, 2017",Early Stage Venture,,Yes,3,2,"6,198"
Series C - defi SOLUTIONS,https://www.crunchbase.com/funding_round/defi-solutions-series-c--eaa166fd,defi SOLUTIONS,https://www.crunchbase.com/organization/defi-solutions,Series C,"$55,000,000","Jan 19, 2018",Late Stage Venture,,Yes,1,1,"6,790"
Seed Round - Armory,https://www.crunchbase.com/funding_round/armory-seed--52974559,Armory,https://www.crunchbase.com/organization/armory,Seed,"$4,000,000","Mar 21, 2017",Seed,,Yes,8,2,"7,152"
Seed Round - HelloTeam,https://www.crunchbase.com/funding_round/betterskills-inc-seed--47c90554,HelloTeam,https://www.crunchbase.com/organization/betterskills-inc,Seed,"$1,725,000","Jan 10, 2018",Seed,,Yes,3,1,"7,476"
Series D - AbleTo,https://www.crunchbase.com/funding_round/ableto-series-d--fe95b5f0,AbleTo,https://www.crunchbase.com/organization/ableto,Series D,"$36,600,000","Aug 23, 2017",Late Stage Venture,,Yes,6,2,"8,564"
Seed Round - Corvus,https://www.crunchbase.com/funding_round/corvus-insurance-seed--418d76e8,Corvus,https://www.crunchbase.com/organization/corvus-insurance,Seed,"$4,000,000","Feb 27, 2018",Seed,,Yes,1,1,"8,690"
Series C - Attivo Networks,https://www.crunchbase.com/funding_round/attivo-networks-series-c--df975980,Attivo Networks,https://www.crunchbase.com/organization/attivo-networks,Series C,"$21,000,000","Oct 11, 2017",Late Stage Venture,,Yes,3,1,"10,018"
Series D - Redis Labs,https://www.crunchbase.com/funding_round/redis-labs-series-d--9e9f66fa,Redis Labs,https://www.crunchbase.com/organization/redis-labs,Series D,"$44,000,000","Aug 21, 2017",Late Stage Venture,,Yes,4,3,"10,370"
Series F - DocuSign,https://www.crunchbase.com/funding_round/docusign-series-f--82796dfa,DocuSign,https://www.crunchbase.com/organization/docusign,Series F,"$233,000,000","May 12, 2015",Late Stage Venture,"$2,770,000,000",Yes,15,4,"10,491"
Series D - Lightbend,https://www.crunchbase.com/funding_round/typesafe-series-d--8cca5ecd,Lightbend,https://www.crunchbase.com/organization/typesafe,Series D,"$15,000,000","Jul 12, 2017",Late Stage Venture,,Yes,7,3,"10,903"
Series B - ShipBob,https://www.crunchbase.com/funding_round/shipbob-series-b--b18e5df0,ShipBob,https://www.crunchbase.com/organization/shipbob,Series B,"$17,500,000","Jun 13, 2017",Early Stage Venture,,Yes,8,1,"10,982"
Series A - Rollbar,https://www.crunchbase.com/funding_round/rollbar-series-a--1798f8e3,Rollbar,https://www.crunchbase.com/organization/rollbar,Series A,"$6,000,000","Oct 23, 2017",Early Stage Venture,,Yes,2,1,"12,065"
Seed Round - UpKeep Maintenance Management,https://www.crunchbase.com/funding_round/upkeep-maintenance-management-seed--4e42b691,UpKeep Maintenance Management,https://www.crunchbase.com/organization/upkeep-maintenance-management,Seed,"$2,700,000","Jun 30, 2017",Seed,,Yes,12,1,"14,176"
Series C - EverTrue,https://www.crunchbase.com/funding_round/evertrue-series-c--bc823eb5,EverTrue,https://www.crunchbase.com/organization/evertrue,Series C,"$6,000,000","Sep 6, 2017",Late Stage Venture,,Yes,2,1,"15,930"
Series A - Philz Coffee,https://www.crunchbase.com/funding_round/philz-coffee-series-a--bb3bbcf0,Philz Coffee,https://www.crunchbase.com/organization/philz-coffee,Series A,"$15,000,000","May 2, 2013",Early Stage Venture,,Yes,23,4,"16,174"
Series B - RentoMojo,https://www.crunchbase.com/funding_round/rentomojo-series-b--76f1907b,RentoMojo,https://www.crunchbase.com/organization/rentomojo,Series B,"$10,000,000","Jul 19, 2017",Early Stage Venture,,Yes,4,2,"16,685"
Seed Round - Quantum Metric,https://www.crunchbase.com/funding_round/quantum-metric-seed--abe243c7,Quantum Metric,https://www.crunchbase.com/organization/quantum-metric,Seed,,"Jan 1, 2018",Seed,,Yes,1,,"23,842"
Venture Round - Awake Security,https://www.crunchbase.com/funding_round/awake-security-series-unknown--fae390d3,Awake Security,https://www.crunchbase.com/organization/awake-security,Venture - Series Unknown,"$30,000,000","Jul 17, 2017",,,Yes,3,2,"27,837"
Seed Round - FOSSA,https://www.crunchbase.com/funding_round/fossa-2-seed--f86b60cb,FOSSA,https://www.crunchbase.com/organization/fossa-2,Seed,"$2,200,000","Feb 23, 2017",Seed,,Yes,8,1,"28,947"
Seed Round - Rent the Runway,https://www.crunchbase.com/funding_round/rent-the-runway-seed--7ac1b2cf,Rent the Runway,https://www.crunchbase.com/organization/rent-the-runway,Seed,"$1,750,000","Jul 15, 2009",Seed,,Yes,1,,"32,531"
Series B - CloudGenix,https://www.crunchbase.com/funding_round/cloudgenix-series-b--5e954d70,CloudGenix,https://www.crunchbase.com/organization/cloudgenix,Series B,"$48,000,000","May 5, 2015",Early Stage Venture,,Yes,4,4,"37,516"
Series D - DataStax,https://www.crunchbase.com/funding_round/datastax-series-d--534221e5,DataStax,https://www.crunchbase.com/organization/datastax,Series D,"$45,300,000","Jul 23, 2013",Late Stage Venture,,Yes,7,7,"39,192"
Venture Round - Digital Currency Group,https://www.crunchbase.com/funding_round/digital-currency-group-series-unknown--6068278f,Digital Currency Group,https://www.crunchbase.com/organization/digital-currency-group,Venture - Series Unknown,,"Oct 27, 2015",,,Yes,12,2,"39,803"
Series C - Signifyd,https://www.crunchbase.com/funding_round/signifyd-series-c--b5b927bc,Signifyd,https://www.crunchbase.com/organization/signifyd,Series C,"$56,000,000","May 4, 2017",Late Stage Venture,,Yes,3,2,"40,689"
Venture Round - AppNeta,https://www.crunchbase.com/funding_round/appneta-series-unknown--618613a6,AppNeta,https://www.crunchbase.com/organization/appneta,Venture - Series Unknown,"$6,200,000","Apr 27, 2011",,,Yes,5,4,"40,985"
Series A - Tracelytics,https://www.crunchbase.com/funding_round/tracelytics-series-a--657c0302,Tracelytics,https://www.crunchbase.com/organization/tracelytics,Series A,"$5,200,000","Mar 22, 2012",Early Stage Venture,,Yes,5,2,"40,956"
Seed Round - StorageOS,https://www.crunchbase.com/funding_round/storageos-seed--32018e1d,StorageOS,https://www.crunchbase.com/organization/storageos,Seed,"$2,000,000","Jun 29, 2017",Seed,,Yes,1,,"41,872"
Series A - Flow,https://www.crunchbase.com/funding_round/flow-8-series-a--b775200c,Flow,https://www.crunchbase.com/organization/flow-8,Series A,"$16,000,000","Apr 6, 2017",Early Stage Venture,,Yes,4,,"42,468"
Series A - Frame,https://www.crunchbase.com/funding_round/mainframe2-series-a--0be1f0e5,Frame,https://www.crunchbase.com/organization/mainframe2,Series A,"$16,000,000","May 17, 2017",Early Stage Venture,,Yes,4,4,"43,012"
Series A - FourKites,https://www.crunchbase.com/funding_round/fourkites-series-a--de030315,FourKites,https://www.crunchbase.com/organization/fourkites,Series A,"$13,000,000","Oct 12, 2016",Early Stage Venture,,Yes,5,2,"43,498"
Series A - Persado,https://www.crunchbase.com/funding_round/persado-series-a--eeb461d3,Persado,https://www.crunchbase.com/organization/persado,Series A,"$15,000,000","Feb 13, 2013",Early Stage Venture,,Yes,2,2,"43,872"
Series E - Aria Systems,https://www.crunchbase.com/funding_round/aria-systems-series-e--a8cf5478,Aria Systems,https://www.crunchbase.com/organization/aria-systems,Series E,"$50,000,000","Feb 18, 2016",Late Stage Venture,,Yes,9,7,"46,950"
Series C - Redis Labs,https://www.crunchbase.com/funding_round/redis-labs-series-c--876dbed4,Redis Labs,https://www.crunchbase.com/organization/redis-labs,Series C,"$14,000,000","Jul 21, 2016",Late Stage Venture,,Yes,5,3,"46,987"
Series B - Redis Labs,https://www.crunchbase.com/funding_round/redis-labs-series-b--133cd7ae,Redis Labs,https://www.crunchbase.com/organization/redis-labs,Series B,"$15,000,000","Jun 25, 2015",Early Stage Venture,,Yes,4,3,"46,887"
Series A - Redis Labs,https://www.crunchbase.com/funding_round/redis-labs-series-a--9c017ff6,Redis Labs,https://www.crunchbase.com/organization/redis-labs,Series A,"$9,000,000","Nov 5, 2013",Early Stage Venture,,Yes,3,3,"46,906"
Series E - Gainsight,https://www.crunchbase.com/funding_round/gainsight-series-e--590fcfc9,Gainsight,https://www.crunchbase.com/organization/gainsight,Series E,"$52,000,000","May 9, 2017",Late Stage Venture,,Yes,7,2,"47,121"
Series C - Zenreach,https://www.crunchbase.com/funding_round/zenreach-series-c--bc6b7b75,Zenreach,https://www.crunchbase.com/organization/zenreach,Series C,"$30,000,000","Mar 23, 2017",Late Stage Venture,,Yes,8,3,"47,681"
Seed Round - GraniteShares,https://www.crunchbase.com/funding_round/graniteshares-seed--9c466330,GraniteShares,https://www.crunchbase.com/organization/graniteshares,Seed,"$3,500,000","May 24, 2017",Seed,,Yes,3,,"47,981"
Series B - OpenFin,https://www.crunchbase.com/funding_round/openfin-series-b--5be8c3f8,OpenFin,https://www.crunchbase.com/organization/openfin,Series B,"$15,000,000","Feb 16, 2017",Early Stage Venture,"$45,000,000",Yes,7,2,"48,882"
Series B - Attivo Networks,https://www.crunchbase.com/funding_round/attivo-networks-series-b--5d6bc6d7,Attivo Networks,https://www.crunchbase.com/organization/attivo-networks,Series B,"$15,000,000","May 10, 2017",Early Stage Venture,,Yes,5,3,"49,447"
Series C - AppNeta,https://www.crunchbase.com/funding_round/appneta-series-c--67a9be40,AppNeta,https://www.crunchbase.com/organization/appneta,Series C,"$16,000,000","Mar 1, 2013",Late Stage Venture,,Yes,6,4,"50,043"
Convertible Note - OpenFin,https://www.crunchbase.com/funding_round/openfin-convertible-note--a5e7c559,OpenFin,https://www.crunchbase.com/organization/openfin,Convertible Note,"$3,000,000","Apr 22, 2015",,,No,6,1,"50,067"
Series A - HelloTeam,https://www.crunchbase.com/funding_round/betterskills-inc-series-a--05b43a85,HelloTeam,https://www.crunchbase.com/organization/betterskills-inc,Series A,"$1,000,000","Sep 1, 2016",Early Stage Venture,,Yes,3,1,"50,285"
"Series C - SevOne, Inc.",https://www.crunchbase.com/funding_round/sevone-series-c--4096d7d0,"SevOne, Inc.",https://www.crunchbase.com/organization/sevone,Series C,"$47,100,000","Sep 23, 2015",Late Stage Venture,,Yes,6,3,"50,369"
Series B - Zenreach,https://www.crunchbase.com/funding_round/zenreach-series-b--ecb05396,Zenreach,https://www.crunchbase.com/organization/zenreach,Series B,"$30,000,000","Jul 19, 2016",Early Stage Venture,,Yes,9,5,"51,063"
Series D - Tealium,https://www.crunchbase.com/funding_round/tealium-series-d--434246a9,Tealium,https://www.crunchbase.com/organization/tealium,Series D,"$30,700,000","Feb 17, 2015",Late Stage Venture,,Yes,5,3,"156,266"
Venture Round - QuVa Pharma,https://www.crunchbase.com/funding_round/quva-pharma-series-unknown--5776bd04,QuVa Pharma,https://www.crunchbase.com/organization/quva-pharma,Venture - Series Unknown,,"Aug 25, 2015",,,Yes,1,,"156,513"
Series B - Skyhook,https://www.crunchbase.com/funding_round/skyhook-wireless-series-b--6e6296ab,Skyhook,https://www.crunchbase.com/organization/skyhook-wireless,Series B,"$6,500,000","Dec 20, 2005",Early Stage Venture,,Yes,4,1,"156,552"
Series A - Iron.io,https://www.crunchbase.com/funding_round/iron-io-series-a--4cdf446a,Iron.io,https://www.crunchbase.com/organization/iron-io,Series A,"$8,000,000","Sep 16, 2015",Early Stage Venture,,Yes,6,3,"157,972"
Venture Round - vAuto,https://www.crunchbase.com/funding_round/vauto-series-unknown--d9127ba5,vAuto,https://www.crunchbase.com/organization/vauto,Venture - Series Unknown,,"Jan 18, 2007",,,Yes,1,,"165,576"
Series D - Blip,https://www.crunchbase.com/funding_round/blip-series-d--f0dc7698,Blip,https://www.crunchbase.com/organization/blip,Series D,"$6,000,000","Dec 22, 2011",Late Stage Venture,,Yes,2,3,"168,057"
Series D - 4moms,https://www.crunchbase.com/funding_round/4moms-series-d--e2d53757,4moms,https://www.crunchbase.com/organization/4moms,Series D,,"Sep 29, 2015",Late Stage Venture,,Yes,3,1,"168,886"
Series B - Enclarity,https://www.crunchbase.com/funding_round/enclarity-series-b--3e761407,Enclarity,https://www.crunchbase.com/organization/enclarity,Series B,"$10,000,000","Jan 10, 2007",Early Stage Venture,,Yes,1,,"169,296"
Series D - BloomReach,https://www.crunchbase.com/funding_round/bloomreach-series-d--c660c214,BloomReach,https://www.crunchbase.com/organization/bloomreach,Series D,"$56,000,000","Jan 29, 2016",Late Stage Venture,,Yes,5,3,"170,121"
Series C - m-Qube,https://www.crunchbase.com/funding_round/m-qube-series-c--4cdbfdc0,m-Qube,https://www.crunchbase.com/organization/m-qube,Series C,"$17,500,000","Dec 4, 2004",Late Stage Venture,,Yes,5,3,"170,706"
Series A - Stackdriver,https://www.crunchbase.com/funding_round/stackdriver-series-a--48a02047,Stackdriver,https://www.crunchbase.com/organization/stackdriver,Series A,"$5,000,000","Jul 27, 2012",Early Stage Venture,,Yes,1,1,"170,977"
Venture Round - Jet,https://www.crunchbase.com/funding_round/jet-series-unknown--79d35bb3,Jet,https://www.crunchbase.com/organization/jet,Venture - Series Unknown,"$350,000,000","Nov 24, 2015",,"$1,000,000,000",Yes,6,1,"171,066"
Series A - Attivo Networks,https://www.crunchbase.com/funding_round/attivo-networks-series-a--81748d33,Attivo Networks,https://www.crunchbase.com/organization/attivo-networks,Series A,"$8,000,000","Apr 16, 2015",Early Stage Venture,,Yes,1,1,"171,322"
Series B - AdReady,https://www.crunchbase.com/funding_round/adready-series-b--aa143501,AdReady,https://www.crunchbase.com/organization/adready,Series B,"$10,000,000","Dec 1, 2007",Early Stage Venture,,Yes,3,3,"171,395"
Series D - SendGrid,https://www.crunchbase.com/funding_round/sendgrid-series-d--219e88fb,SendGrid,https://www.crunchbase.com/organization/sendgrid,Series D,"$33,000,000","Nov 30, 2016",Late Stage Venture,,Yes,4,4,"173,156"
Series B - Semantic Machines,https://www.crunchbase.com/funding_round/semantic-machines-series-b--345d253c,Semantic Machines,https://www.crunchbase.com/organization/semantic-machines,Series B,"$12,380,178","Dec 23, 2015",Early Stage Venture,,Yes,2,,"173,702"
Series B - 4moms,https://www.crunchbase.com/funding_round/4moms-series-b--b41da19b,4moms,https://www.crunchbase.com/organization/4moms,Series B,"$40,000,000","Sep 10, 2014",Early Stage Venture,,Yes,2,1,"173,861"
Private Equity Round - SolarWinds,https://www.crunchbase.com/funding_round/solarwinds-private-equity--1ec47670,SolarWinds,https://www.crunchbase.com/organization/solarwinds,Private Equity,"$200,000,000","Dec 1, 2005",Private Equity,,Yes,2,1,"173,980"
Series A - Evident.io,https://www.crunchbase.com/funding_round/evident-io-series-a--af0dd1f7,Evident.io,https://www.crunchbase.com/organization/evident-io,Series A,"$9,900,000","Nov 11, 2014",Early Stage Venture,,Yes,2,1,"174,603"
Series D - m-Qube,https://www.crunchbase.com/funding_round/m-qube-series-d--0524436d,m-Qube,https://www.crunchbase.com/organization/m-qube,Series D,"$10,000,000","Aug 15, 2005",Late Stage Venture,,Yes,5,3,"174,669"
Private Equity Round - AvidXchange,https://www.crunchbase.com/funding_round/avidxchange-private-equity--c7d89b43,AvidXchange,https://www.crunchbase.com/organization/avidxchange,Private Equity,"$225,000,000","Sep 14, 2015",Private Equity,,Yes,5,2,"175,291"
Private Equity Round - Jinsheng Group,https://www.crunchbase.com/funding_round/jinsheng-group-private-equity--19d28efd,Jinsheng Group,https://www.crunchbase.com/organization/jinsheng-group,Private Equity,"$60,000,000","Feb 5, 2007",Private Equity,,Yes,2,,"175,793"
Series A - RaveMobileSafety.com,https://www.crunchbase.com/funding_round/rave-mobile-safety-series-a--75fab649,RaveMobileSafety.com,https://www.crunchbase.com/organization/rave-mobile-safety,Series A,"$5,000,000","Sep 23, 2005",Early Stage Venture,,Yes,2,2,"175,800"
Series C - INRIX,https://www.crunchbase.com/funding_round/inrix-series-c--a6d2386e,INRIX,https://www.crunchbase.com/organization/inrix,Series C,"$15,000,000","Oct 29, 2007",Late Stage Venture,,Yes,3,3,"175,994"
Series B - RaveMobileSafety.com,https://www.crunchbase.com/funding_round/rave-mobile-safety-series-b--acb2e980,RaveMobileSafety.com,https://www.crunchbase.com/organization/rave-mobile-safety,Series B,"$12,000,000","Apr 4, 2006",Early Stage Venture,,Yes,3,3,"176,922"
Series C - AppNeta,https://www.crunchbase.com/funding_round/appneta-series-c--92b3c4d3,AppNeta,https://www.crunchbase.com/organization/appneta,Series C,"$12,000,000","Feb 25, 2009",Late Stage Venture,,Yes,4,5,"177,019"
Series F - Thumbplay,https://www.crunchbase.com/funding_round/thumbplay-series-f--e1caf13f,Thumbplay,https://www.crunchbase.com/organization/thumbplay,Series F,"$2,500,019","Apr 21, 2010",Late Stage Venture,,Yes,3,2,"177,164"
Series B - Hazelcast,https://www.crunchbase.com/funding_round/hazelcast-series-b--7af732c7,Hazelcast,https://www.crunchbase.com/organization/hazelcast,Series B,"$11,000,000","Sep 18, 2014",Early Stage Venture,,Yes,2,2,"178,260"
Venture Round - Enservio,https://www.crunchbase.com/funding_round/enservio-series-unknown--13b1c849,Enservio,https://www.crunchbase.com/organization/enservio,Venture - Series Unknown,"$16,100,000","Jan 1, 2009",,,Yes,2,2,"178,275"
Series B - InfoScout,https://www.crunchbase.com/funding_round/shoparoo-series-b--ef9a3a95,InfoScout,https://www.crunchbase.com/organization/shoparoo,Series B,"$16,000,000","Jun 19, 2014",Early Stage Venture,,Yes,3,,"180,473"
Series A - Nomis Solutions,https://www.crunchbase.com/funding_round/nomis-solutions-series-a--9b05c220,Nomis Solutions,https://www.crunchbase.com/organization/nomis-solutions,Series A,"$4,000,000","Mar 18, 2004",Early Stage Venture,,Yes,3,,"181,178"
Seed Round - Iron.io,https://www.crunchbase.com/funding_round/iron-io-seed--33391b33,Iron.io,https://www.crunchbase.com/organization/iron-io,Seed,"$3,100,000","Oct 1, 2014",Seed,,Yes,4,3,"55,097"
Debt Financing - Memento,https://www.crunchbase.com/funding_round/memento-debt-financing--6eb18fa5,Memento,https://www.crunchbase.com/organization/memento,Debt Financing,"$2,000,000","Oct 15, 2010",,,No,3,,"55,256"
Series C - Rapid7,https://www.crunchbase.com/funding_round/rapid7-series-c--078f392f,Rapid7,https://www.crunchbase.com/organization/rapid7,Series C,"$50,000,000","Nov 17, 2011",Late Stage Venture,,Yes,2,4,"55,325"
Seed Round - Frame,https://www.crunchbase.com/funding_round/mainframe2-seed--ff4cc70e,Frame,https://www.crunchbase.com/organization/mainframe2,Seed,"$2,500,000","Nov 19, 2014",Seed,,Yes,2,1,"55,711"
Series B - Dynatrace,https://www.crunchbase.com/funding_round/dynatrace-software-series-b--e79178ae,Dynatrace,https://www.crunchbase.com/organization/dynatrace-software,Series B,"$12,900,000","Aug 6, 2008",Early Stage Venture,,Yes,2,1,"128,776"
Series C - Rent the Runway,https://www.crunchbase.com/funding_round/rent-the-runway-series-c--29c459f6,Rent the Runway,https://www.crunchbase.com/organization/rent-the-runway,Series C,"$44,400,000","Mar 20, 2013",Late Stage Venture,,Yes,6,4,"131,215"
Venture Round - Dynatrace,https://www.crunchbase.com/funding_round/dynatrace-software-series-unknown--c368928a,Dynatrace,https://www.crunchbase.com/organization/dynatrace-software,Venture - Series Unknown,"$4,000,000","Jan 7, 2011",,,Yes,2,1,"57,051"
Series B - Symphony Commerce,https://www.crunchbase.com/funding_round/health-beauty-professional-series-b--e4449e4b,Symphony Commerce,https://www.crunchbase.com/organization/health-beauty-professional,Series B,"$21,500,000","Sep 4, 2014",Early Stage Venture,,Yes,3,3,"57,175"
Series A - InAuth,https://www.crunchbase.com/funding_round/inauth-series-a--28efcfe6,InAuth,https://www.crunchbase.com/organization/inauth,Series A,"$29,917,124","Feb 11, 2016",Early Stage Venture,,Yes,2,1,"134,401"
Private Equity Round - Receivables Exchange,https://www.crunchbase.com/funding_round/the-receivables-exchange-private-equity--eb704446,Receivables Exchange,https://www.crunchbase.com/organization/the-receivables-exchange,Private Equity,"$10,000,000","Jun 24, 2013",Private Equity,,Yes,4,3,"134,810"
"Series B - Technology Strategy, Inc.",https://www.crunchbase.com/funding_round/technology-strategy-incorporated-series-b--a051f181,"Technology Strategy, Inc.",https://www.crunchbase.com/organization/technology-strategy-incorporated,Series B,"$14,500,000","Sep 28, 2000",Early Stage Venture,,Yes,3,2,"136,903"
Series C - TokBox,https://www.crunchbase.com/funding_round/tokbox-series-c--d4a1a526,TokBox,https://www.crunchbase.com/organization/tokbox,Series C,"$12,000,000","Nov 15, 2010",Late Stage Venture,,Yes,3,3,"137,277"
Series C - Dynamics,https://www.crunchbase.com/funding_round/dynamics-series-c--8711afb3,Dynamics,https://www.crunchbase.com/organization/dynamics,Series C,"$70,000,000","Dec 8, 2014",Late Stage Venture,,Yes,4,2,"57,638"
Series B - Memento,https://www.crunchbase.com/funding_round/memento-series-b--2beaa0df,Memento,https://www.crunchbase.com/organization/memento,Series B,"$3,000,000","Apr 14, 2005",Early Stage Venture,,Yes,2,,"57,766"
Venture Round - 1-800-DENTIST,https://www.crunchbase.com/funding_round/1-800-dentist-series-unknown--5274aacc,1-800-DENTIST,https://www.crunchbase.com/organization/1-800-dentist,Venture - Series Unknown,,"Aug 19, 2010",,,Yes,2,,"137,593"
Series B - Remedy Partners,https://www.crunchbase.com/funding_round/remedy-partners-series-b--3c4e4ce7,Remedy Partners,https://www.crunchbase.com/organization/remedy-partners,Series B,"$60,000,000","Nov 10, 2015",Early Stage Venture,,Yes,1,,"140,172"
Series A - Dynatrace,https://www.crunchbase.com/funding_round/dynatrace-software-series-a--a4f565fc,Dynatrace,https://www.crunchbase.com/organization/dynatrace-software,Series A,"$5,000,000","Feb 18, 2007",Early Stage Venture,,Yes,1,,"141,838"
Series B - Hireology,https://www.crunchbase.com/funding_round/hireology-series-b--1f0a282b,Hireology,https://www.crunchbase.com/organization/hireology,Series B,"$10,500,002","Aug 12, 2014",Early Stage Venture,,Yes,1,1,"142,058"
Series B - EverTrue,https://www.crunchbase.com/funding_round/evertrue-series-b--60c53154,EverTrue,https://www.crunchbase.com/organization/evertrue,Series B,"$8,000,000","Oct 15, 2014",Early Stage Venture,,Yes,1,1,"142,344"
Venture Round - Soleil Securities Group,https://www.crunchbase.com/funding_round/soleil-securities-group-series-unknown--76dd13e3,Soleil Securities Group,https://www.crunchbase.com/organization/soleil-securities-group,Venture - Series Unknown,"$11,000,000","Mar 16, 2005",,,Yes,3,,"58,689"
Series A - BloomReach,https://www.crunchbase.com/funding_round/bloomreach-series-a--a325a849,BloomReach,https://www.crunchbase.com/organization/bloomreach,Series A,"$5,000,000","Mar 1, 2009",Early Stage Venture,,Yes,2,1,"143,597"
Series A - HookLogic,https://www.crunchbase.com/funding_round/hooklogic-series-a--071a24f3,HookLogic,https://www.crunchbase.com/organization/hooklogic,Series A,"$9,500,000","Sep 9, 2011",Early Stage Venture,,Yes,1,,"59,263"
Series C - ABILITY Network,https://www.crunchbase.com/funding_round/ability-network-series-c--51f7bede,ABILITY Network,https://www.crunchbase.com/organization/ability-network,Series C,"$27,000,000","May 17, 2011",Late Stage Venture,,Yes,2,2,"59,583"
Series C - Blazent,https://www.crunchbase.com/funding_round/blazent-series-c--91e4f5b6,Blazent,https://www.crunchbase.com/organization/blazent,Series C,"$10,000,000","May 11, 2004",Late Stage Venture,,Yes,4,,"144,678"
Series A - aPriori Technologies,https://www.crunchbase.com/funding_round/apriori-technologies-series-a--f5b2ef62,aPriori Technologies,https://www.crunchbase.com/organization/apriori-technologies,Series A,"$4,500,000","Mar 7, 2005",Early Stage Venture,,Yes,2,1,"145,048"
Series B - aPriori Technologies,https://www.crunchbase.com/funding_round/apriori-technologies-series-b--9fdf4581,aPriori Technologies,https://www.crunchbase.com/organization/apriori-technologies,Series B,"$11,000,000","Jan 3, 2007",Early Stage Venture,,Yes,2,1,"145,628"
Series A - m-Qube,https://www.crunchbase.com/funding_round/m-qube-series-a--789c0187,m-Qube,https://www.crunchbase.com/organization/m-qube,Series A,"$6,900,000","Sep 18, 2002",Early Stage Venture,,Yes,2,,"146,019"
Private Equity Round - SolarWinds,https://www.crunchbase.com/funding_round/solarwinds-private-equity--b43ee9a6,SolarWinds,https://www.crunchbase.com/organization/solarwinds,Private Equity,"$7,500,000","Feb 5, 2007",Private Equity,,Yes,3,1,"87,381"
Series A - Captora,https://www.crunchbase.com/funding_round/captora-series-a--39608a7d,Captora,https://www.crunchbase.com/organization/captora,Series A,"$5,250,000","Mar 1, 2013",Early Stage Venture,,Yes,2,1,"148,206"
Series C - Enclarity,https://www.crunchbase.com/funding_round/enclarity-series-c--224741c2,Enclarity,https://www.crunchbase.com/organization/enclarity,Series C,"$5,500,000","Mar 10, 2009",Late Stage Venture,,Yes,2,2,"148,243"
Series D - Rent the Runway,https://www.crunchbase.com/funding_round/rent-the-runway-series-d--666fcbbd,Rent the Runway,https://www.crunchbase.com/organization/rent-the-runway,Series D,"$60,000,000","Dec 19, 2014",Late Stage Venture,,Yes,6,4,"148,612"
Series A - Rent the Runway,https://www.crunchbase.com/funding_round/rent-the-runway-series-a--bbdca227,Rent the Runway,https://www.crunchbase.com/organization/rent-the-runway,Series A,"$15,000,000","Feb 25, 2010",Early Stage Venture,,Yes,2,2,"60,753"
Series B - Jet,https://www.crunchbase.com/funding_round/jet-series-b--b43c959c,Jet,https://www.crunchbase.com/organization/jet,Series B,"$140,000,000","Feb 11, 2015",Early Stage Venture,"$460,000,000",Yes,16,4,"149,646"
Series B - ScoreBig,https://www.crunchbase.com/funding_round/scorebig-series-b--985f6411,ScoreBig,https://www.crunchbase.com/organization/scorebig,Series B,"$14,100,000","Apr 20, 2011",Early Stage Venture,,Yes,2,2,"92,241"
Series B - LaLa Media,https://www.crunchbase.com/funding_round/lala-media-series-b--f2e1beed,LaLa Media,https://www.crunchbase.com/organization/lala-media,Series B,"$5,700,000","Mar 1, 2007",Early Stage Venture,,Yes,2,,"61,233"
Venture Round - Shoptalk,https://www.crunchbase.com/funding_round/shoptalk-2-series-unknown--d0c205d2,Shoptalk,https://www.crunchbase.com/organization/shoptalk-2,Venture - Series Unknown,"$2,000,000","Jan 23, 2017",,,Yes,4,,"92,585"
Series B - Sysdig,https://www.crunchbase.com/funding_round/sysdig-series-b--a8197815,Sysdig,https://www.crunchbase.com/organization/sysdig,Series B,"$15,000,000","Apr 21, 2016",Early Stage Venture,,Yes,2,,"92,694"
Series C - Skyhook,https://www.crunchbase.com/funding_round/skyhook-wireless-series-c--eea03e9b,Skyhook,https://www.crunchbase.com/organization/skyhook-wireless,Series C,"$8,500,000","Jul 16, 2007",Late Stage Venture,,Yes,4,2,"92,886"
Venture Round - Regulatory DataCorp,https://www.crunchbase.com/funding_round/regulatory-datacorp-series-unknown--2392e769,Regulatory DataCorp,https://www.crunchbase.com/organization/regulatory-datacorp,Venture - Series Unknown,,"Jul 1, 2007",,,Yes,1,,"151,438"
Series A - Oyster.com,https://www.crunchbase.com/funding_round/oyster-hotel-reviews-series-a--baae292d,Oyster.com,https://www.crunchbase.com/organization/oyster-hotel-reviews,Series A,"$6,400,000","Mar 1, 2008",Early Stage Venture,,Yes,2,1,"151,462"
Series A - 4moms,https://www.crunchbase.com/funding_round/4moms-series-a--b75defbc,4moms,https://www.crunchbase.com/organization/4moms,Series A,"$20,000,000","Aug 9, 2012",Early Stage Venture,,Yes,1,,"151,532"
Series B - TokBox,https://www.crunchbase.com/funding_round/tokbox-series-b--07d71112,TokBox,https://www.crunchbase.com/organization/tokbox,Series B,"$10,000,000","Aug 6, 2008",Early Stage Venture,,Yes,2,2,"94,631"
Series C - Persado,https://www.crunchbase.com/funding_round/persado-series-c--de6a1f87,Persado,https://www.crunchbase.com/organization/persado,Series C,"$30,000,000","Apr 5, 2016",Late Stage Venture,,Yes,4,5,"82,982"
Venture Round - BTI Systems,https://www.crunchbase.com/funding_round/bti-systems-series-unknown--42e1a438,BTI Systems,https://www.crunchbase.com/organization/bti-systems,Venture - Series Unknown,"$23,000,000","Feb 1, 2012",,,Yes,1,1,"84,708"
Series A - Symphony Commerce,https://www.crunchbase.com/funding_round/health-beauty-professional-series-a--7a6f9da4,Symphony Commerce,https://www.crunchbase.com/organization/health-beauty-professional,Series A,"$4,700,000","Jul 12, 2013",Early Stage Venture,"$50,000,000",Yes,2,2,"95,587"
Series B - MyEdu,https://www.crunchbase.com/funding_round/myedu-series-b--4563e5a0,MyEdu,https://www.crunchbase.com/organization/myedu,Series B,"$5,500,000","Feb 24, 2010",Early Stage Venture,,Yes,1,1,"95,698"
Venture Round - Media Radar,https://www.crunchbase.com/funding_round/magazine-radar-series-unknown--3d078087,Media Radar,https://www.crunchbase.com/organization/magazine-radar,Venture - Series Unknown,"$6,697,317","Sep 1, 2014",,,Yes,3,2,"62,379"
Series B - HookLogic,https://www.crunchbase.com/funding_round/hooklogic-series-b--ebca6bd1,HookLogic,https://www.crunchbase.com/organization/hooklogic,Series B,"$14,000,000","Sep 9, 2013",Early Stage Venture,,Yes,3,,"62,550"
Series B - Justworks,https://www.crunchbase.com/funding_round/justworks-series-b--7f52135f,Justworks,https://www.crunchbase.com/organization/justworks,Series B,"$13,000,000","May 19, 2015",Early Stage Venture,,Yes,3,1,"89,437"
Series C - MedeAnalytics,https://www.crunchbase.com/funding_round/medeanalytics-series-c--d2b9a201,MedeAnalytics,https://www.crunchbase.com/organization/medeanalytics,Series C,"$50,000,000","Jul 29, 2008",Late Stage Venture,,Yes,1,1,"97,545"
Series D - Memento,https://www.crunchbase.com/funding_round/memento-series-d--0c012a97,Memento,https://www.crunchbase.com/organization/memento,Series D,"$10,000,000","Nov 5, 2008",Late Stage Venture,,Yes,3,1,"93,587"
Series A - Humedica,https://www.crunchbase.com/funding_round/humedica-series-a--9768f083,Humedica,https://www.crunchbase.com/organization/humedica,Series A,"$30,000,000","Oct 1, 2009",Early Stage Venture,,Yes,4,2,"64,133"
Series B - Clari,https://www.crunchbase.com/funding_round/clari-series-b--78723275,Clari,https://www.crunchbase.com/organization/clari,Series B,"$20,000,000","Jun 17, 2014",Early Stage Venture,,Yes,3,2,"94,772"
Series C - TxVia,https://www.crunchbase.com/funding_round/txvia-series-c--6c903b31,TxVia,https://www.crunchbase.com/organization/txvia,Series C,"$15,500,000","Jul 23, 2009",Late Stage Venture,,Yes,5,1,"94,906"
Series C - Chrome River Technologies,https://www.crunchbase.com/funding_round/chrome-river-technologies-series-c--b2a78d47,Chrome River Technologies,https://www.crunchbase.com/organization/chrome-river-technologies,Series C,"$17,000,000","Jan 14, 2014",Late Stage Venture,,Yes,2,1,"98,011"
Series B - Blazent,https://www.crunchbase.com/funding_round/blazent-series-b--b6bafa07,Blazent,https://www.crunchbase.com/organization/blazent,Series B,"$9,200,000","Mar 10, 2003",Early Stage Venture,,Yes,5,,"98,332"
Series C - Nomis Solutions,https://www.crunchbase.com/funding_round/nomis-solutions-series-c--59bb6b6a,Nomis Solutions,https://www.crunchbase.com/organization/nomis-solutions,Series C,"$8,000,000","Apr 23, 2007",Late Stage Venture,,Yes,4,3,"100,604"
Series A - Trooly,https://www.crunchbase.com/funding_round/troo-ly-series-a--5e554216,Trooly,https://www.crunchbase.com/organization/troo-ly,Series A,"$10,000,000","Jun 20, 2016",Early Stage Venture,,Yes,2,,"100,818"
Series B - Optimizely,https://www.crunchbase.com/funding_round/optimizely-series-b--80194bd5,Optimizely,https://www.crunchbase.com/organization/optimizely,Series B,"$57,000,000","May 5, 2014",Early Stage Venture,,Yes,3,2,"100,856"
Series C - Servigistics,https://www.crunchbase.com/funding_round/servigistics-series-c--366a5729,Servigistics,https://www.crunchbase.com/organization/servigistics,Series C,"$18,000,000","Feb 11, 2002",Late Stage Venture,,Yes,6,,"99,146"
Venture Round - Venminder,https://www.crunchbase.com/funding_round/venminder-series-unknown--5dc73c9d,Venminder,https://www.crunchbase.com/organization/venminder,Venture - Series Unknown,"$2,300,000","Apr 1, 2013",,,Yes,1,,"64,683"
Series A - Jet,https://www.crunchbase.com/funding_round/jet-series-a--0e28a8f0,Jet,https://www.crunchbase.com/organization/jet,Series A,"$55,000,000","Jul 29, 2014",Early Stage Venture,,Yes,6,,"101,917"
Series A - Linkable Networks,https://www.crunchbase.com/funding_round/linkable-networks-series-a--822966b9,Linkable Networks,https://www.crunchbase.com/organization/linkable-networks,Series A,"$8,374,836","Mar 10, 2011",Early Stage Venture,,Yes,4,2,"101,179"
Series C - RaveMobileSafety.com,https://www.crunchbase.com/funding_round/rave-mobile-safety-series-c--3ea9bb62,RaveMobileSafety.com,https://www.crunchbase.com/organization/rave-mobile-safety,Series C,"$18,000,000","Sep 24, 2007",Late Stage Venture,,Yes,4,3,"101,277"
Series B - m-Qube,https://www.crunchbase.com/funding_round/m-qube-series-b--c515a996,m-Qube,https://www.crunchbase.com/organization/m-qube,Series B,"$8,000,000","Nov 12, 2003",Early Stage Venture,,Yes,3,2,"101,338"
Series B - Blip,https://www.crunchbase.com/funding_round/blip-series-b--5b4b6ab0,Blip,https://www.crunchbase.com/organization/blip,Series B,"$5,200,000","Jun 5, 2007",Early Stage Venture,,Yes,2,1,"103,583"
Series A - Iron.io,https://www.crunchbase.com/funding_round/iron-io-series-a--0c4c1841,Iron.io,https://www.crunchbase.com/organization/iron-io,Series A,"$3,500,000","Feb 9, 2016",Early Stage Venture,,Yes,5,2,"154,376"
Venture Round - Novus,https://www.crunchbase.com/funding_round/novus-series-unknown--d62c5634,Novus,https://www.crunchbase.com/organization/novus,Venture - Series Unknown,,"Jun 10, 2013",,,Yes,2,,"64,886"
Venture Round - Invoke Solutions,https://www.crunchbase.com/funding_round/invoke-solutions-series-unknown--b1da5548,Invoke Solutions,https://www.crunchbase.com/organization/invoke-solutions,Venture - Series Unknown,"$7,000,000","Mar 11, 2008",,,Yes,4,1,"64,922"
Series A - TapCommerce,https://www.crunchbase.com/funding_round/tapcommerce-series-a--8ec0064b,TapCommerce,https://www.crunchbase.com/organization/tapcommerce,Series A,"$10,500,000","Nov 21, 2013",Early Stage Venture,,Yes,5,6,"103,890"
Series C - IEX Group,https://www.crunchbase.com/funding_round/iex-series-c--8ab93aeb,IEX Group,https://www.crunchbase.com/organization/iex,Series C,"$75,000,000","Sep 2, 2014",Late Stage Venture,,Yes,7,1,"194,365"
"Series B - Driven, Inc.",https://www.crunchbase.com/funding_round/concurrent-inc-series-b--019304fd,"Driven, Inc.",https://www.crunchbase.com/organization/concurrent-inc,Series B,"$10,000,000","Jun 2, 2014",Early Stage Venture,,Yes,3,2,"118,996"
Series C - ScaleArc,https://www.crunchbase.com/funding_round/scalearc-series-c--c2c7cccb,ScaleArc,https://www.crunchbase.com/organization/scalearc,Series C,"$20,000,000","Jan 19, 2016",Late Stage Venture,,Yes,5,2,"119,215"
Series A - SynapDx,https://www.crunchbase.com/funding_round/synapdx-series-a--c30f98e1,SynapDx,https://www.crunchbase.com/organization/synapdx,Series A,"$9,000,000","Jun 1, 2010",Early Stage Venture,,Yes,3,2,"194,844"
Series A - Optimizely,https://www.crunchbase.com/funding_round/optimizely-series-a--ea30fc43,Optimizely,https://www.crunchbase.com/organization/optimizely,Series A,"$28,000,000","Apr 16, 2013",Early Stage Venture,,Yes,6,5,"195,128"
Series B - BloomReach,https://www.crunchbase.com/funding_round/bloomreach-series-b--c41b8569,BloomReach,https://www.crunchbase.com/organization/bloomreach,Series B,"$11,000,000","Sep 1, 2010",Early Stage Venture,,Yes,2,2,"195,382"
Series A - Doc Halo,https://www.crunchbase.com/funding_round/doc-halo-series-a--3ab02ee1,Doc Halo,https://www.crunchbase.com/organization/doc-halo,Series A,"$11,000,000","Apr 25, 2017",Early Stage Venture,,Yes,2,,"107,132"
Series A - ObserveIT,https://www.crunchbase.com/funding_round/observeit-series-a--1eb7381e,ObserveIT,https://www.crunchbase.com/organization/observeit,Series A,"$20,000,000","Dec 9, 2013",Early Stage Venture,,Yes,1,,"107,239"
Venture Round - Xplenty,https://www.crunchbase.com/funding_round/xplenty-series-unknown--48089c4f,Xplenty,https://www.crunchbase.com/organization/xplenty,Venture - Series Unknown,"$4,000,000","Dec 22, 2016",,,Yes,5,1,"66,130"
Seed Round - Compass Quality Insight Inc.,https://www.crunchbase.com/funding_round/compass-quality-insights-seed--2003b2cd,Compass Quality Insight Inc.,https://www.crunchbase.com/organization/compass-quality-insights,Seed,"$2,000,000","Jun 11, 2013",Seed,,Yes,2,,"66,278"
Series A - TrueMotion,https://www.crunchbase.com/funding_round/censio-series-a--50d71ba4,TrueMotion,https://www.crunchbase.com/organization/censio,Series A,"$10,000,000","Oct 6, 2015",Early Stage Venture,,Yes,3,,"195,774"
Series B - Rapid7,https://www.crunchbase.com/funding_round/rapid7-series-b--15343182,Rapid7,https://www.crunchbase.com/organization/rapid7,Series B,"$2,000,000","Mar 15, 2010",Early Stage Venture,,Yes,1,3,"108,495"
Series D - Apixio,https://www.crunchbase.com/funding_round/apixio-series-d--b14a9f31,Apixio,https://www.crunchbase.com/organization/apixio,Series D,"$19,300,000","May 24, 2016",Late Stage Venture,,Yes,3,2,"119,784"
Series C - Billtrust,https://www.crunchbase.com/funding_round/billtrust-series-c--41809fa3,Billtrust,https://www.crunchbase.com/organization/billtrust,Series C,"$25,000,000","Apr 15, 2015",Late Stage Venture,,Yes,2,2,"119,992"
Series D - LinkedIn,https://www.crunchbase.com/funding_round/linkedin-series-d--8575facc,LinkedIn,https://www.crunchbase.com/organization/linkedin,Series D,"$53,000,000","Jun 17, 2008",Late Stage Venture,"$1,000,000,000",Yes,4,8,"66,427"
Venture Round - Lala,https://www.crunchbase.com/funding_round/lala-series-unknown--e0a016ac,Lala,https://www.crunchbase.com/organization/lala,Venture - Series Unknown,"$9,050,000","Feb 13, 2006",,,Yes,2,1,"109,004"
"Series B - TargetSpot, Inc.",https://www.crunchbase.com/funding_round/targetspot-series-b--1ac74c85,"TargetSpot, Inc.",https://www.crunchbase.com/organization/targetspot,Series B,"$8,600,000","Mar 11, 2008",Early Stage Venture,,Yes,4,2,"197,743"
Series B - Oyster.com,https://www.crunchbase.com/funding_round/oyster-hotel-reviews-series-b--a1329439,Oyster.com,https://www.crunchbase.com/organization/oyster-hotel-reviews,Series B,"$4,000,000","Sep 14, 2009",Early Stage Venture,,Yes,1,1,"110,516"
Series B - Dynamics,https://www.crunchbase.com/funding_round/dynamics-series-b--e2ed83e5,Dynamics,https://www.crunchbase.com/organization/dynamics,Series B,"$35,000,000","Jun 28, 2011",Early Stage Venture,,Yes,1,1,"67,520"
Series C - Memento,https://www.crunchbase.com/funding_round/memento-series-c--178fdc6b,Memento,https://www.crunchbase.com/organization/memento,Series C,"$7,500,000","May 9, 2007",Late Stage Venture,,Yes,3,1,"199,306"
Series A - EverTrue,https://www.crunchbase.com/funding_round/evertrue-series-a--3544f852,EverTrue,https://www.crunchbase.com/organization/evertrue,Series A,"$5,250,000","Mar 21, 2013",Early Stage Venture,,Yes,6,2,"199,461"
"Series C - TheFind, Inc.",https://www.crunchbase.com/funding_round/thefind-series-c--42ae09b8,"TheFind, Inc.",https://www.crunchbase.com/organization/thefind,Series C,"$15,000,000","Jul 12, 2007",Late Stage Venture,,Yes,3,3,"111,104"
Series F - Kenshoo,https://www.crunchbase.com/funding_round/kenshoo-series-f--38dc72fe,Kenshoo,https://www.crunchbase.com/organization/kenshoo,Series F,"$20,000,000","Apr 8, 2014",Late Stage Venture,"$450,000,000",Yes,4,4,"111,460"
Series A - Symphony Commerce,https://www.crunchbase.com/funding_round/health-beauty-professional-series-a--2ba6b21e,Symphony Commerce,https://www.crunchbase.com/organization/health-beauty-professional,Series A,"$7,500,000","Mar 29, 2012",Early Stage Venture,,Yes,4,2,"68,436"
Series A - Hazelcast,https://www.crunchbase.com/funding_round/hazelcast-series-a--ec5c355a,Hazelcast,https://www.crunchbase.com/organization/hazelcast,Series A,"$2,584,000","Sep 19, 2013",Early Stage Venture,,Yes,1,1,"200,274"
Series C - Boston Heart Diagnostics,https://www.crunchbase.com/funding_round/boston-heart-lab-series-c--42bf1fa5,Boston Heart Diagnostics,https://www.crunchbase.com/organization/boston-heart-lab,Series C,"$10,000,000","Sep 21, 2010",Late Stage Venture,,Yes,1,1,"200,610"
Series D - SigFig,https://www.crunchbase.com/funding_round/sigfig-series-d--a6fed4b3,SigFig,https://www.crunchbase.com/organization/sigfig,Series D,"$33,000,000","May 24, 2016",Late Stage Venture,,Yes,7,2,"68,835"
Series C - Blip,https://www.crunchbase.com/funding_round/blip-series-c--73cdf6e8,Blip,https://www.crunchbase.com/organization/blip,Series C,"$10,100,000","May 19, 2010",Late Stage Venture,,Yes,2,3,"120,927"
Series D - Thumbplay,https://www.crunchbase.com/funding_round/thumbplay-series-d--975a885f,Thumbplay,https://www.crunchbase.com/organization/thumbplay,Series D,"$8,000,000","Jul 5, 2007",Late Stage Venture,,Yes,3,2,"201,356"
Series C - SigFig,https://www.crunchbase.com/funding_round/sigfig-series-c--cb6e1080,SigFig,https://www.crunchbase.com/organization/sigfig,Series C,"$11,000,000","Jun 15, 2014",Late Stage Venture,,Yes,3,1,"113,192"
Series A - InfoScout,https://www.crunchbase.com/funding_round/shoparoo-series-a--9f420479,InfoScout,https://www.crunchbase.com/organization/shoparoo,Series A,"$5,000,000","May 1, 2013",Early Stage Venture,,Yes,3,1,"113,638"
Series B - Roofstock,https://www.crunchbase.com/funding_round/roofstock-series-b--7059e231,Roofstock,https://www.crunchbase.com/organization/roofstock,Series B,"$20,000,000","Nov 14, 2016",Early Stage Venture,,Yes,8,,"201,899"
Series B - BevSpot,https://www.crunchbase.com/funding_round/bevspot-series-b--f3ff7718,BevSpot,https://www.crunchbase.com/organization/bevspot,Series B,"$11,000,003","Jul 7, 2016",Early Stage Venture,,Yes,1,,"113,704"
Venture Round - Rapid7,https://www.crunchbase.com/funding_round/rapid7-series-unknown--8eb0d2eb,Rapid7,https://www.crunchbase.com/organization/rapid7,Venture - Series Unknown,"$7,000,000","Sep 17, 2008",,,Yes,1,1,"201,975"
Series B - Persado,https://www.crunchbase.com/funding_round/persado-series-b--6d460c27,Persado,https://www.crunchbase.com/organization/persado,Series B,"$21,000,000","Jan 22, 2015",Early Stage Venture,,Yes,5,5,"158,754"
Series B - AppNeta,https://www.crunchbase.com/funding_round/appneta-series-b--61e781bd,AppNeta,https://www.crunchbase.com/organization/appneta,Series B,"$13,600,000","Jul 16, 2007",Early Stage Venture,,Yes,4,2,"160,342"
Venture Round - Humedica,https://www.crunchbase.com/funding_round/humedica-series-unknown--5f266827,Humedica,https://www.crunchbase.com/organization/humedica,Venture - Series Unknown,"$23,000,000","Oct 19, 2011",,,Yes,4,2,"160,968"
Series A - Zenreach,https://www.crunchbase.com/funding_round/zenreach-series-a--aa46a213,Zenreach,https://www.crunchbase.com/organization/zenreach,Series A,"$16,000,000","Mar 1, 2015",Early Stage Venture,,Yes,3,1,"161,592"
Venture Round - Thor Technologies,https://www.crunchbase.com/funding_round/thor-technologies-series-unknown--787ecdd7,Thor Technologies,https://www.crunchbase.com/organization/thor-technologies,Venture - Series Unknown,"$15,000,000","Jan 20, 2004",,,Yes,5,,"162,278"
Funding Round - Frame,https://www.crunchbase.com/funding_round/mainframe2-undisclosed--23764243,Frame,https://www.crunchbase.com/organization/mainframe2,Funding Round,"$10,000,000","Jun 23, 2015",,,Yes,2,2,"162,314"
Series E - Formation Systems,https://www.crunchbase.com/funding_round/formation-systems-series-e--2f185aec,Formation Systems,https://www.crunchbase.com/organization/formation-systems,Series E,"$16,000,000","Jul 19, 2001",Late Stage Venture,,Yes,1,,"164,420"
Series C - Lightbend,https://www.crunchbase.com/funding_round/typesafe-series-c--4c1aa472,Lightbend,https://www.crunchbase.com/organization/typesafe,Series C,"$20,000,000","May 26, 2016",Late Stage Venture,,Yes,5,2,"182,513"
Seed Round - Stamped,https://www.crunchbase.com/funding_round/stamped-seed--67b5aaf7,Stamped,https://www.crunchbase.com/organization/stamped,Seed,"$1,500,000","Apr 1, 2011",Seed,,Yes,2,1,"182,658"
Series B - Gainsight,https://www.crunchbase.com/funding_round/gainsight-series-b--61001a5c,Gainsight,https://www.crunchbase.com/organization/gainsight,Series B,"$20,000,000","Nov 6, 2013",Early Stage Venture,,Yes,4,1,"183,208"
Series A - Rollbar,https://www.crunchbase.com/funding_round/rollbar-series-a--2d9005dd,Rollbar,https://www.crunchbase.com/organization/rollbar,Series A,"$3,522,279","Jan 20, 2016",Early Stage Venture,,Yes,3,2,"183,248"
Series C - RecruitSoft,https://www.crunchbase.com/funding_round/recruitsoft-2-series-c--cc07b3b4,RecruitSoft,https://www.crunchbase.com/organization/recruitsoft-2,Series C,"$25,500,000","Jan 30, 2001",Late Stage Venture,,Yes,1,,"183,364"
Series F - Thumbplay,https://www.crunchbase.com/funding_round/thumbplay-series-f--2e4dfb78,Thumbplay,https://www.crunchbase.com/organization/thumbplay,Series F,"$6,000,000","Mar 13, 2009",Late Stage Venture,,Yes,6,1,"184,382"
Series B - Billtrust,https://www.crunchbase.com/funding_round/billtrust-series-b--aac5503b,Billtrust,https://www.crunchbase.com/organization/billtrust,Series B,"$25,000,000","Nov 14, 2012",Early Stage Venture,,Yes,1,1,"75,039"
Series E - Vonage,https://www.crunchbase.com/funding_round/vonage-series-e--09e70e6a,Vonage,https://www.crunchbase.com/organization/vonage,Series E,"$200,000,000","Aug 25, 2005",Late Stage Venture,"$900,000,000",Yes,5,6,"205,445"
Series B - ZeroTurnaround,https://www.crunchbase.com/funding_round/zeroturnaround-series-b--a9c72c12,ZeroTurnaround,https://www.crunchbase.com/organization/zeroturnaround,Series B,"$5,000,000","Jul 7, 2015",Early Stage Venture,,Yes,2,,"205,787"
Series B - ScoreBig,https://www.crunchbase.com/funding_round/scorebig-series-b--64e42b2a,ScoreBig,https://www.crunchbase.com/organization/scorebig,Series B,"$1,150,000","Mar 18, 2013",Early Stage Venture,,Yes,2,2,"206,821"
Venture Round - Humedica,https://www.crunchbase.com/funding_round/humedica-series-unknown--c7a5487d,Humedica,https://www.crunchbase.com/organization/humedica,Venture - Series Unknown,"$10,000,000","Apr 16, 2012",,,Yes,7,2,"207,212"
Seed Round - Symphony Commerce,https://www.crunchbase.com/funding_round/health-beauty-professional-seed--1cbca590,Symphony Commerce,https://www.crunchbase.com/organization/health-beauty-professional,Seed,"$2,670,000","Feb 10, 2012",Seed,,Yes,7,1,"208,125"
Series C - Optimizely,https://www.crunchbase.com/funding_round/optimizely-series-c--f92523e7,Optimizely,https://www.crunchbase.com/organization/optimizely,Series C,"$58,000,000","Oct 13, 2015",Late Stage Venture,,Yes,11,4,"209,020"
Series C - Lala,https://www.crunchbase.com/funding_round/lala-series-c--a2986615,Lala,https://www.crunchbase.com/organization/lala,Series C,"$20,000,000","Jan 1, 2008",Late Stage Venture,,Yes,3,1,"211,336"
Seed Round - Dgraph Labs,https://www.crunchbase.com/funding_round/dgraph-seed--e962654f,Dgraph Labs,https://www.crunchbase.com/organization/dgraph,Seed,"$1,100,000","Mar 17, 2016",Seed,,Yes,4,,"211,885"
Series D - Quanterix,https://www.crunchbase.com/funding_round/quanterix-series-d--4dab1ccd,Quanterix,https://www.crunchbase.com/organization/quanterix,Series D,"$46,000,000","Mar 23, 2016",Late Stage Venture,,Yes,6,2,"184,605"
Series B - Evant,https://www.crunchbase.com/funding_round/evant-series-b--d0ff8c8d,Evant,https://www.crunchbase.com/organization/evant,Series B,"$12,000,000","Sep 6, 2000",Early Stage Venture,,Yes,3,,"185,406"
Series B - Turbonomic,https://www.crunchbase.com/funding_round/turbonomic-series-b--1976e039,Turbonomic,https://www.crunchbase.com/organization/turbonomic,Series B,"$10,000,000","Nov 29, 2011",Early Stage Venture,,Yes,2,2,"187,213"
Series B - Booker,https://www.crunchbase.com/funding_round/booker-software-series-b--46a6b0c0,Booker,https://www.crunchbase.com/organization/booker-software,Series B,"$27,500,000","Apr 17, 2013",Early Stage Venture,,Yes,5,4,"187,513"
Series D - RaveMobileSafety.com,https://www.crunchbase.com/funding_round/rave-mobile-safety-series-d--bef24aed,RaveMobileSafety.com,https://www.crunchbase.com/organization/rave-mobile-safety,Series D,"$7,000,000","Nov 17, 2008",Late Stage Venture,,Yes,3,3,"189,952"
Series B - Eyetel Imaging,https://www.crunchbase.com/funding_round/eyetel-imaging-inc-series-b--6980f061,Eyetel Imaging,https://www.crunchbase.com/organization/eyetel-imaging-inc,Series B,"$10,670,000","Jan 29, 2004",Early Stage Venture,,Yes,4,1,"191,176"
Series A - ZeroTurnaround,https://www.crunchbase.com/funding_round/zeroturnaround-series-a--c44b03bc,ZeroTurnaround,https://www.crunchbase.com/organization/zeroturnaround,Series A,,"Jul 25, 2011",Early Stage Venture,,Yes,2,,"191,443"
Series C - HookLogic,https://www.crunchbase.com/funding_round/hooklogic-series-c--fab364b1,HookLogic,https://www.crunchbase.com/organization/hooklogic,Series C,"$15,500,000","Sep 10, 2015",Late Stage Venture,,Yes,4,,"191,545"
Series B - 6sense,https://www.crunchbase.com/funding_round/6sense-series-b--1eeedb1f,6sense,https://www.crunchbase.com/organization/6sense,Series B,"$20,000,000","Feb 19, 2015",Early Stage Venture,,Yes,3,3,"191,620"
Series A - Wrike,https://www.crunchbase.com/funding_round/wrike-series-a--1d5d85c9,Wrike,https://www.crunchbase.com/organization/wrike,Series A,"$10,000,000","Oct 1, 2013",Early Stage Venture,,Yes,1,1,"191,642"
Series B - Bench,https://www.crunchbase.com/funding_round/bench-series-b--81aa9f47,Bench,https://www.crunchbase.com/organization/bench,Series B,"$16,000,000","May 3, 2016",Early Stage Venture,,Yes,4,2,"191,929"
Venture Round - BTI Systems,https://www.crunchbase.com/funding_round/bti-systems-series-unknown--4088a239,BTI Systems,https://www.crunchbase.com/organization/bti-systems,Venture - Series Unknown,"$10,000,000","Feb 24, 2013",,,Yes,4,3,"192,220"
Venture Round - Appriss,https://www.crunchbase.com/funding_round/appriss-series-unknown--13a3776b,Appriss,https://www.crunchbase.com/organization/appriss,Venture - Series Unknown,,"Jul 14, 2007",,,Yes,2,,"75,686"
Series C - SendGrid,https://www.crunchbase.com/funding_round/sendgrid-series-c--8f0cf2ea,SendGrid,https://www.crunchbase.com/organization/sendgrid,Series C,"$20,000,000","Dec 2, 2014",Late Stage Venture,,Yes,3,3,"76,221"
Series C - Justworks,https://www.crunchbase.com/funding_round/justworks-series-c--e754c5e1,Justworks,https://www.crunchbase.com/organization/justworks,Series C,"$33,000,000","Mar 10, 2016",Late Stage Venture,,Yes,4,1,"76,332"
Series A - LeapYear Technologies,https://www.crunchbase.com/funding_round/leapyear-technologies-series-a--93fa9b8e,LeapYear Technologies,https://www.crunchbase.com/organization/leapyear-technologies,Series A,"$12,600,000","Aug 24, 2016",Early Stage Venture,,Yes,3,,"76,376"
Series B - Lala,https://www.crunchbase.com/funding_round/lala-series-b--c0e0270c,Lala,https://www.crunchbase.com/organization/lala,Series B,"$5,700,000","Jan 1, 2007",Early Stage Venture,,Yes,2,1,"77,203"
Series B - Captora,https://www.crunchbase.com/funding_round/captora-series-b--4a93b1ac,Captora,https://www.crunchbase.com/organization/captora,Series B,"$22,000,000","May 20, 2014",Early Stage Venture,,Yes,3,2,"78,037"
Venture Round - Regulatory DataCorp,https://www.crunchbase.com/funding_round/regulatory-datacorp-series-unknown--ffbe6163,Regulatory DataCorp,https://www.crunchbase.com/organization/regulatory-datacorp,Venture - Series Unknown,,"Jun 1, 2009",,,Yes,1,,"78,532"
Series C - Kiva Systems,https://www.crunchbase.com/funding_round/kiva-systems-series-c--f0771791,Kiva Systems,https://www.crunchbase.com/organization/kiva-systems,Series C,"$10,000,000","May 24, 2006",Late Stage Venture,,Yes,3,1,"79,202"
Series A - Total Attorneys,https://www.crunchbase.com/funding_round/total-attorneys-series-a--c40a174d,Total Attorneys,https://www.crunchbase.com/organization/total-attorneys,Series A,"$15,000,000","May 2, 2012",Early Stage Venture,,Yes,2,,"79,337"
Series C - Quanterix,https://www.crunchbase.com/funding_round/quanterix-series-c--57988366,Quanterix,https://www.crunchbase.com/organization/quanterix,Series C,"$18,500,000","Nov 15, 2012",Late Stage Venture,,Yes,5,4,"79,428"
Series C - Liazon,https://www.crunchbase.com/funding_round/liazon-series-c--5317c94b,Liazon,https://www.crunchbase.com/organization/liazon,Series C,"$12,600,000","Apr 5, 2011",Late Stage Venture,,Yes,4,,"79,748"
Series B - Eyetel Imaging,https://www.crunchbase.com/funding_round/eyetel-imaging-inc-series-b--33d6f8c5,Eyetel Imaging,https://www.crunchbase.com/organization/eyetel-imaging-inc,Series B,"$17,744,000","Jul 27, 2005",Early Stage Venture,,Yes,3,1,"80,925"
Series B - EcoSense Lighting,https://www.crunchbase.com/funding_round/ecosense-lighting-series-b--8f6c5506,EcoSense Lighting,https://www.crunchbase.com/organization/ecosense-lighting,Series B,"$13,000,000","Oct 18, 2011",Early Stage Venture,,Yes,1,1,"82,228"
Venture Round - ZeroTurnaround,https://www.crunchbase.com/funding_round/zeroturnaround-series-unknown--8f952e99,ZeroTurnaround,https://www.crunchbase.com/organization/zeroturnaround,Venture - Series Unknown,"$3,000,000","Jan 3, 2014",,,Yes,1,,"84,097"
Series B - Kiva Systems,https://www.crunchbase.com/funding_round/kiva-systems-series-b--f2fcd6b9,Kiva Systems,https://www.crunchbase.com/organization/kiva-systems,Series B,"$6,500,000","Mar 29, 2005",Early Stage Venture,,Yes,1,1,"86,006"
Series B - SigFig,https://www.crunchbase.com/funding_round/sigfig-series-b--0ec08604,SigFig,https://www.crunchbase.com/organization/sigfig,Series B,"$15,000,000","Jul 2, 2013",Early Stage Venture,,Yes,3,1,"86,233"
Series B - ScaleBase,https://www.crunchbase.com/funding_round/scalebase-series-b--2e276cba,ScaleBase,https://www.crunchbase.com/organization/scalebase,Series B,"$10,500,000","Oct 17, 2012",Early Stage Venture,,Yes,3,2,"88,079"
Series C - Receivables Exchange,https://www.crunchbase.com/funding_round/the-receivables-exchange-series-c--323c2741,Receivables Exchange,https://www.crunchbase.com/organization/the-receivables-exchange,Series C,"$17,000,000","Jan 27, 2010",Late Stage Venture,,Yes,3,3,"88,862"
Series B - Wrike,https://www.crunchbase.com/funding_round/wrike-series-b--791f54b6,Wrike,https://www.crunchbase.com/organization/wrike,Series B,"$15,000,000","May 6, 2015",Early Stage Venture,,Yes,3,2,"91,595"
Venture Round - DataSynapse,https://www.crunchbase.com/funding_round/datasynapse-series-unknown--7b7d7891,DataSynapse,https://www.crunchbase.com/organization/datasynapse,Venture - Series Unknown,"$15,000,000","Jun 11, 2001",,,Yes,3,,"122,147"
Series C - Thumbplay,https://www.crunchbase.com/funding_round/thumbplay-series-c--71c6259c,Thumbplay,https://www.crunchbase.com/organization/thumbplay,Series C,"$10,000,000","Oct 30, 2006",Late Stage Venture,,Yes,4,3,"122,196"
Venture Round - Ameritox,https://www.crunchbase.com/funding_round/ameritox-series-unknown--5e8f6822,Ameritox,https://www.crunchbase.com/organization/ameritox,Venture - Series Unknown,,"Nov 1, 2007",,,Yes,2,,"99,577"
"Series C - TargetSpot, Inc.",https://www.crunchbase.com/funding_round/targetspot-series-c--0d642027,"TargetSpot, Inc.",https://www.crunchbase.com/organization/targetspot,Series C,"$8,000,000","Jan 11, 2011",Late Stage Venture,,Yes,4,4,"99,905"
Series C - GameLogic,https://www.crunchbase.com/funding_round/gamelogic-series-c--513ac8ed,GameLogic,https://www.crunchbase.com/organization/gamelogic,Series C,"$8,000,000","Aug 15, 2008",Late Stage Venture,,Yes,3,1,"100,290"
Series C - BloomReach,https://www.crunchbase.com/funding_round/bloomreach-series-c--6821cb50,BloomReach,https://www.crunchbase.com/organization/bloomreach,Series C,"$25,000,000","Oct 18, 2012",Late Stage Venture,,Yes,3,3,"100,438"
Series D - Rapid7,https://www.crunchbase.com/funding_round/rapid7-series-d--9e994c9f,Rapid7,https://www.crunchbase.com/organization/rapid7,Series D,"$30,000,000","Dec 17, 2014",Late Stage Venture,,Yes,2,4,"122,960"
Series B - mParticle,https://www.crunchbase.com/funding_round/mparticle-series-b--838d8dfb,mParticle,https://www.crunchbase.com/organization/mparticle,Series B,"$17,500,000","Oct 13, 2016",Early Stage Venture,,Yes,2,3,"102,934"
Debt Financing - Blip,https://www.crunchbase.com/funding_round/blip-debt-financing--9ac14633,Blip,https://www.crunchbase.com/organization/blip,Debt Financing,"$12,000,000","Feb 8, 2012",,,No,2,2,"123,392"
Venture Round - SurveyMonkey,https://www.crunchbase.com/funding_round/surveymonkey-series-unknown--812a2826,SurveyMonkey,https://www.crunchbase.com/organization/surveymonkey,Venture - Series Unknown,,"Apr 20, 2009",,,Yes,2,,"115,860"
Series D - Liazon,https://www.crunchbase.com/funding_round/liazon-series-d--8e0484e5,Liazon,https://www.crunchbase.com/organization/liazon,Series D,"$18,200,000","Apr 24, 2012",Late Stage Venture,,Yes,4,1,"116,440"
Series C - Apixio,https://www.crunchbase.com/funding_round/apixio-series-c--123d9901,Apixio,https://www.crunchbase.com/organization/apixio,Series C,"$13,500,000","May 27, 2014",Late Stage Venture,,Yes,2,,"116,953"
Seed Round - Sysdig,https://www.crunchbase.com/funding_round/sysdig-seed--4eb36a92,Sysdig,https://www.crunchbase.com/organization/sysdig,Seed,"$2,300,000","Jun 30, 2013",Seed,,Yes,1,,"129,810"
Series B - Stackdriver,https://www.crunchbase.com/funding_round/stackdriver-series-b--e19681c6,Stackdriver,https://www.crunchbase.com/organization/stackdriver,Series B,"$10,000,000","Sep 18, 2013",Early Stage Venture,,Yes,2,3,"130,179"
Series B - TellApart,https://www.crunchbase.com/funding_round/tellapart-series-b--0f1197c0,TellApart,https://www.crunchbase.com/organization/tellapart,Series B,"$13,000,000","Jun 13, 2011",Early Stage Venture,,Yes,3,3,"117,660"
Series C - WebPutty,https://www.crunchbase.com/funding_round/webputty-series-c--0a324a7f,WebPutty,https://www.crunchbase.com/organization/webputty,Series C,"$22,500,000","Mar 8, 2001",Late Stage Venture,,Yes,3,,"131,069"
Series A - OpenFin,https://www.crunchbase.com/funding_round/openfin-series-a--5c46bdd2,OpenFin,https://www.crunchbase.com/organization/openfin,Series A,"$4,000,000","Apr 2, 2014",Early Stage Venture,,Yes,1,,"131,094"
Series D - Aria Systems,https://www.crunchbase.com/funding_round/aria-systems-series-d--0679ecd4,Aria Systems,https://www.crunchbase.com/organization/aria-systems,Series D,"$40,000,000","Nov 19, 2013",Late Stage Venture,,Yes,6,7,"131,789"
Series C - Symphony Commerce,https://www.crunchbase.com/funding_round/health-beauty-professional-series-c--0e200eb1,Symphony Commerce,https://www.crunchbase.com/organization/health-beauty-professional,Series C,"$15,725,000","Aug 25, 2016",Late Stage Venture,,Yes,5,4,"132,590"
Series B - Invoke Solutions,https://www.crunchbase.com/funding_round/invoke-solutions-series-b--d7b5c08e,Invoke Solutions,https://www.crunchbase.com/organization/invoke-solutions,Series B,"$6,000,000","Apr 14, 2003",Early Stage Venture,,Yes,2,,"132,717"
Series B - BuyWithMe,https://www.crunchbase.com/funding_round/buywithme-series-b--a3c6d0f8,BuyWithMe,https://www.crunchbase.com/organization/buywithme,Series B,"$16,000,000","Jul 6, 2010",Early Stage Venture,,Yes,2,2,"133,027"
Seed Round - APImetrics,https://www.crunchbase.com/funding_round/apimetrics-seed--cb48185f,APImetrics,https://www.crunchbase.com/organization/apimetrics,Seed,"$500,000","Feb 17, 2015",Seed,,Yes,1,,"69,086"
Series A - Quanterix,https://www.crunchbase.com/funding_round/quanterix-series-a--d9148f78,Quanterix,https://www.crunchbase.com/organization/quanterix,Series A,"$15,000,000","Aug 25, 2008",Early Stage Venture,,Yes,3,,"69,455"
Series A - Cloudistics,https://www.crunchbase.com/funding_round/cloudistics-series-a--30b770b3,Cloudistics,https://www.crunchbase.com/organization/cloudistics,Series A,"$15,000,000","Jun 14, 2016",Early Stage Venture,,Yes,1,,"69,902"
Private Equity Round - MedHOK,https://www.crunchbase.com/funding_round/medhok-private-equity--2fa75cd5,MedHOK,https://www.crunchbase.com/organization/medhok,Private Equity,"$77,500,000","Jan 8, 2014",Private Equity,,Yes,3,,"70,805"
Series B - Reonomy,https://www.crunchbase.com/funding_round/reonomy-series-b--5c169c7d,Reonomy,https://www.crunchbase.com/organization/reonomy,Series B,"$13,000,000","Jan 5, 2015",Early Stage Venture,,Yes,7,3,"70,943"
Venture Round - Color Labs Inc.,https://www.crunchbase.com/funding_round/color-labs-series-unknown--f8fb4499,Color Labs Inc.,https://www.crunchbase.com/organization/color-labs,Venture - Series Unknown,"$41,000,000","Mar 23, 2011",,,Yes,3,2,"125,012"
Series E - Rent the Runway,https://www.crunchbase.com/funding_round/rent-the-runway-series-e--96294f42,Rent the Runway,https://www.crunchbase.com/organization/rent-the-runway,Series E,"$60,000,000","Dec 27, 2016",Late Stage Venture,,Yes,5,3,"71,550"
Private Equity Round - RaveMobileSafety.com,https://www.crunchbase.com/funding_round/rave-mobile-safety-private-equity--c741e9e3,RaveMobileSafety.com,https://www.crunchbase.com/organization/rave-mobile-safety,Private Equity,"$4,000,000","Dec 30, 2010",Private Equity,,Yes,3,3,"72,575"
Series A - TidalScale,https://www.crunchbase.com/funding_round/tidalscale-series-a--ef5bcc7a,TidalScale,https://www.crunchbase.com/organization/tidalscale,Series A,"$8,759,547","Nov 5, 2014",Early Stage Venture,,Yes,2,1,"73,068"
Series D - BTI Systems,https://www.crunchbase.com/funding_round/bti-systems-series-d--2d117ca9,BTI Systems,https://www.crunchbase.com/organization/bti-systems,Series D,"$27,000,000","Jan 7, 2014",Late Stage Venture,,Yes,5,5,"125,749"
Series D - Servigistics,https://www.crunchbase.com/funding_round/servigistics-series-d--ae6fbc39,Servigistics,https://www.crunchbase.com/organization/servigistics,Series D,"$5,000,000","May 31, 2007",Late Stage Venture,,Yes,5,,"73,203"
Series B - Thor Technologies,https://www.crunchbase.com/funding_round/thor-technologies-series-b--41778e4c,Thor Technologies,https://www.crunchbase.com/organization/thor-technologies,Series B,"$19,000,000","Jul 8, 2002",Early Stage Venture,,Yes,1,,"73,339"
Series A - Manicube,https://www.crunchbase.com/funding_round/manicube-series-a--d68a0ac6,Manicube,https://www.crunchbase.com/organization/manicube,Series A,"$5,000,000","Apr 14, 2014",Early Stage Venture,,Yes,3,,"138,358"
Series D - TxVia,https://www.crunchbase.com/funding_round/txvia-series-d--7544a559,TxVia,https://www.crunchbase.com/organization/txvia,Series D,"$27,500,000","Oct 26, 2010",Late Stage Venture,,Yes,4,2,"141,397"
Seed Round - TidalScale,https://www.crunchbase.com/funding_round/tidalscale-seed--0f068633,TidalScale,https://www.crunchbase.com/organization/tidalscale,Seed,"$3,032,066","Sep 16, 2013",Seed,,Yes,4,1,"129,311"
Series D - Infusionsoft,https://www.crunchbase.com/funding_round/infusionsoft-series-d--3e641a5e,Infusionsoft,https://www.crunchbase.com/organization/infusionsoft,Series D,"$55,000,000","Oct 5, 2014",Late Stage Venture,,Yes,5,2,"129,540"
Series E - Tealium,https://www.crunchbase.com/funding_round/tealium-series-e--d70a7dde,Tealium,https://www.crunchbase.com/organization/tealium,Series E,"$35,000,000","Sep 22, 2016",Late Stage Venture,,Yes,6,3,"143,849"
Series A - Sysdig,https://www.crunchbase.com/funding_round/sysdig-series-a--41aa9978,Sysdig,https://www.crunchbase.com/organization/sysdig,Series A,"$10,700,000","Jul 14, 2015",Early Stage Venture,,Yes,2,,"147,274"
Series A - Sansoro Health,https://www.crunchbase.com/funding_round/sansoro-health-series-a--337e5557,Sansoro Health,https://www.crunchbase.com/organization/sansoro-health,Series A,"$5,200,000","Apr 14, 2017",Early Stage Venture,,Yes,3,,"147,730"
Series B - GameLogic,https://www.crunchbase.com/funding_round/gamelogic-series-b--a87bf166,GameLogic,https://www.crunchbase.com/organization/gamelogic,Series B,"$18,000,000","Feb 8, 2006",Early Stage Venture,,Yes,3,1,"150,000"
Series A - AppAssure Software,https://www.crunchbase.com/funding_round/appassure-software-series-a--e90a6318,AppAssure Software,https://www.crunchbase.com/organization/appassure-software,Series A,"$6,000,000","May 20, 2008",Early Stage Venture,,Yes,1,,"150,361"
Series A - Lala,https://www.crunchbase.com/funding_round/lala-series-a--7dc8e661,Lala,https://www.crunchbase.com/organization/lala,Series A,"$9,400,000","Jan 1, 2005",Early Stage Venture,,Yes,2,1,"153,606"
