Transaction Name,Transaction Name URL,Organization Name,Organization Name URL,Funding Type,Money Raised,Announced Date,Funding Stage,Pre-Money Valuation,Equity Only Funding,Number of Investors,Number of Partner Investors,CB Rank (Funding Round)
Convertible Note - Qlicket,https://www.crunchbase.com/funding_round/qlicket-convertible-note--246ec5ee,Qlicket,https://www.crunchbase.com/organization/qlicket,Convertible Note,"$712,500","Apr 11, 2018",,,No,11,,"2,620"
Seed Round - Adaptics,https://www.crunchbase.com/funding_round/adaptics-seed--94c6b53b,Adaptics,https://www.crunchbase.com/organization/adaptics,Seed,"$2,000,000","Jan 14, 2015",Seed,,Yes,4,,"3,508"
Series A - BoardBookit,https://www.crunchbase.com/funding_round/boardbookit-series-a--77839b28,BoardBookit,https://www.crunchbase.com/organization/boardbookit,Series A,"$1,900,000","Mar 5, 2018",Early Stage Venture,,Yes,4,,"4,674"
"Seed Round - Forest Devices, Inc.",https://www.crunchbase.com/funding_round/forest-devices-inc-seed--e1888fb9,"Forest Devices, Inc.",https://www.crunchbase.com/organization/forest-devices-inc,Seed,"$2,300,000","Feb 22, 2018",Seed,,Yes,2,1,"5,070"
"Seed Round - HiberSense, Inc",https://www.crunchbase.com/funding_round/hibersense-inc-seed--249279dd,"HiberSense, Inc",https://www.crunchbase.com/organization/hibersense-inc,Seed,,"Mar 15, 2018",Seed,,Yes,2,,"7,250"
Convertible Note - Module,https://www.crunchbase.com/funding_round/module-convertible-note--88a017a4,Module,https://www.crunchbase.com/organization/module,Convertible Note,"$245,000","Jul 10, 2017",,,No,4,,"10,260"
Seed Round - GoJaneGo,https://www.crunchbase.com/funding_round/gojanego-seed--f109829e,GoJaneGo,https://www.crunchbase.com/organization/gojanego,Seed,,"Feb 13, 2018",Seed,,Yes,1,,"14,377"
"Seed Round - Watt-Learn, Inc.",https://www.crunchbase.com/funding_round/watt-learn-inc-seed--4a349d79,"Watt-Learn, Inc.",https://www.crunchbase.com/organization/watt-learn-inc,Seed,,"Mar 23, 2018",Seed,,Yes,1,,"14,397"
Seed Round - Module,https://www.crunchbase.com/funding_round/module-seed--c71819f6,Module,https://www.crunchbase.com/organization/module,Seed,,"Feb 23, 2018",Seed,,Yes,1,,"14,398"
Seed Round - LaneSpotter,https://www.crunchbase.com/funding_round/lanespotter-seed--f8a038a2,LaneSpotter,https://www.crunchbase.com/organization/lanespotter,Seed,,"Jan 4, 2018",Seed,,Yes,1,,"14,323"
Seed Round - Honeycomb Credit,https://www.crunchbase.com/funding_round/honeycomb-credit-seed--9edf3d44,Honeycomb Credit,https://www.crunchbase.com/organization/honeycomb-credit,Seed,,"Mar 23, 2018",Seed,,Yes,1,,"14,343"
Seed Round - Adrich,https://www.crunchbase.com/funding_round/adrich-seed--d8e2805f,Adrich,https://www.crunchbase.com/organization/adrich,Seed,,"Jan 18, 2018",Seed,,Yes,1,,"14,354"
Seed Round - Maven Machines,https://www.crunchbase.com/funding_round/maven-machines-seed--a99d4444,Maven Machines,https://www.crunchbase.com/organization/maven-machines,Seed,,"Mar 22, 2018",Seed,,Yes,1,,"14,352"
Seed Round - Flexable,https://www.crunchbase.com/funding_round/flexable-seed--74270c10,Flexable,https://www.crunchbase.com/organization/flexable,Seed,,"Mar 8, 2018",Seed,,Yes,1,,"14,400"
Seed Round - ARIN Technologies,https://www.crunchbase.com/funding_round/arin-technologies-seed--f1da5b8f,ARIN Technologies,https://www.crunchbase.com/organization/arin-technologies,Seed,,"Feb 8, 2018",Seed,,Yes,1,,"14,358"
Seed Round - Gridwise,https://www.crunchbase.com/funding_round/gridwise-seed--de1d5999,Gridwise,https://www.crunchbase.com/organization/gridwise,Seed,,"Jan 8, 2018",Seed,,Yes,1,,"14,366"
Seed Round - Rhabit,https://www.crunchbase.com/funding_round/rhabit-seed--b80b1c6f,Rhabit,https://www.crunchbase.com/organization/rhabit,Seed,,"Mar 15, 2018",Seed,,Yes,1,,"14,363"
Seed Round - iraLogix,https://www.crunchbase.com/funding_round/iralogix-seed--781c3053,iraLogix,https://www.crunchbase.com/organization/iralogix,Seed,,"Jan 31, 2018",Seed,,Yes,1,,"14,368"
Seed Round - Carmell Therapeutics,https://www.crunchbase.com/funding_round/carmell-therapeutics-seed--9318c36b,Carmell Therapeutics,https://www.crunchbase.com/organization/carmell-therapeutics,Seed,,"Oct 15, 2017",Seed,,Yes,1,,"24,237"
Seed Round - Diversamé,https://www.crunchbase.com/funding_round/diversamé-seed--94fba821,Diversamé,https://www.crunchbase.com/organization/diversamé,Seed,,"Nov 13, 2017",Seed,,Yes,1,,"24,238"
Seed Round - Aurochs Brewing,https://www.crunchbase.com/funding_round/aurochs-brewing-seed--93e36f21,Aurochs Brewing,https://www.crunchbase.com/organization/aurochs-brewing,Seed,,"Oct 26, 2017",Seed,,Yes,1,,"24,240"
Seed Round - Anglr,https://www.crunchbase.com/funding_round/anglr-seed--7d3f7ec8,Anglr,https://www.crunchbase.com/organization/anglr,Seed,,"Dec 11, 2017",Seed,,Yes,1,,"24,137"
Funding Round - ViaHero,https://www.crunchbase.com/funding_round/viahero-undisclosed--457cf302,ViaHero,https://www.crunchbase.com/organization/viahero,Funding Round,"$25,000","Dec 1, 2015",,,Yes,1,,"24,188"
Seed Round - UpContent,https://www.crunchbase.com/funding_round/upcontent-seed--bcbf4436,UpContent,https://www.crunchbase.com/organization/upcontent,Seed,,"Oct 5, 2017",Seed,,Yes,1,,"24,285"
Seed Round - LifeWhere,https://www.crunchbase.com/funding_round/lifewhere-seed--9e24d6f9,LifeWhere,https://www.crunchbase.com/organization/lifewhere,Seed,,"Nov 21, 2017",Seed,,Yes,1,,"24,198"
Seed Round - Trusst Lingerie,https://www.crunchbase.com/funding_round/trusst-lingerie-seed--4054586c,Trusst Lingerie,https://www.crunchbase.com/organization/trusst-lingerie,Seed,,"Dec 5, 2017",Seed,,Yes,1,,"24,229"
Seed Round - Optimus Technologies,https://www.crunchbase.com/funding_round/optimus-technologies-seed--72162032,Optimus Technologies,https://www.crunchbase.com/organization/optimus-technologies,Seed,,"Nov 27, 2017",Seed,,Yes,1,,"24,172"
Convertible Note - Ariel Precision Medicine,https://www.crunchbase.com/funding_round/ariel-precision-medicine-convertible-note--fa743ac9,Ariel Precision Medicine,https://www.crunchbase.com/organization/ariel-precision-medicine,Convertible Note,,"May 22, 2017",,,No,4,,"24,431"
Convertible Note - PittMoss,https://www.crunchbase.com/funding_round/pittmoss-convertible-note--b932b8c4,PittMoss,https://www.crunchbase.com/organization/pittmoss,Convertible Note,"$1,100,000","Oct 9, 2017",,,No,2,1,"24,549"
Venture Round - IAM Robotics,https://www.crunchbase.com/funding_round/iam-robotics-series-unknown--85685b34,IAM Robotics,https://www.crunchbase.com/organization/iam-robotics,Venture - Series Unknown,"$500,000","Oct 17, 2017",,,Yes,2,,"26,342"
Convertible Note - iraLogix,https://www.crunchbase.com/funding_round/iralogix-convertible-note--58a3e479,iraLogix,https://www.crunchbase.com/organization/iralogix,Convertible Note,"$1,000,000","Sep 11, 2017",,,No,2,,"27,342"
Angel Round - Gridwise,https://www.crunchbase.com/funding_round/gridwise-angel--458919a8,Gridwise,https://www.crunchbase.com/organization/gridwise,Angel,"$445,000","Mar 30, 2017",Seed,,Yes,7,,"29,175"
Seed Round - Behaivior,https://www.crunchbase.com/funding_round/behaivior-seed--ccd6ee8c,Behaivior,https://www.crunchbase.com/organization/behaivior,Seed,,"Oct 15, 2017",Seed,,Yes,1,,"31,010"
Seed Round - Adrich,https://www.crunchbase.com/funding_round/adrich-seed--926128c5,Adrich,https://www.crunchbase.com/organization/adrich,Seed,,"Jul 28, 2017",Seed,,Yes,1,,"32,540"
Seed Round - SubCentral,https://www.crunchbase.com/funding_round/subcentral-seed--19f7f79d,SubCentral,https://www.crunchbase.com/organization/subcentral,Seed,,"Aug 8, 2017",Seed,,Yes,1,,"32,522"
Seed Round - ARIN Technologies,https://www.crunchbase.com/funding_round/arin-technologies-seed--69598e19,ARIN Technologies,https://www.crunchbase.com/organization/arin-technologies,Seed,,"Jul 25, 2017",Seed,,Yes,1,,"32,533"
Seed Round - OThot,https://www.crunchbase.com/funding_round/othot-seed--5f871392,OThot,https://www.crunchbase.com/organization/othot,Seed,,"Aug 9, 2017",Seed,,Yes,1,,"32,496"
Convertible Note - Vellore Institute of Technology,https://www.crunchbase.com/funding_round/vellore-institute-of-technology-convertible-note--2d50a23b,Vellore Institute of Technology,https://www.crunchbase.com/organization/vellore-institute-of-technology,Convertible Note,,"Aug 31, 2016",,,No,1,,"39,877"
Seed Round - PECA Labs,https://www.crunchbase.com/funding_round/peca-labs-seed--459fe8fd,PECA Labs,https://www.crunchbase.com/organization/peca-labs,Seed,"$749,986","Nov 13, 2016",Seed,,Yes,1,,"43,445"
Angel Round - ViaHero,https://www.crunchbase.com/funding_round/viahero-angel--1d3ba9bd,ViaHero,https://www.crunchbase.com/organization/viahero,Angel,,"Oct 11, 2016",Seed,,Yes,1,,"45,672"
Convertible Note - ZaaBox,https://www.crunchbase.com/funding_round/zaabox-convertible-note--d8ca47fc,ZaaBox,https://www.crunchbase.com/organization/zaabox,Convertible Note,,"Apr 7, 2017",,,No,2,,"45,803"
Convertible Note - Rapid Flow Technologies,https://www.crunchbase.com/funding_round/rapid-flow-technologies-convertible-note--3dc7e936,Rapid Flow Technologies,https://www.crunchbase.com/organization/rapid-flow-technologies,Convertible Note,,"Jun 30, 2017",,,No,1,,"45,856"
Series C - Sharp Edge Labs,https://www.crunchbase.com/funding_round/sharp-edge-labs-series-c--5d2eac16,Sharp Edge Labs,https://www.crunchbase.com/organization/sharp-edge-labs,Series C,,"Jun 30, 2017",Late Stage Venture,,Yes,1,,"45,865"
Convertible Note - Flexable,https://www.crunchbase.com/funding_round/flexable-convertible-note--0cc46c47,Flexable,https://www.crunchbase.com/organization/flexable,Convertible Note,,"Jun 16, 2017",,,No,1,,"45,882"
"Convertible Note - BreatheWise, LLC",https://www.crunchbase.com/funding_round/breathewise-llc-convertible-note--af4efa1f,"BreatheWise, LLC",https://www.crunchbase.com/organization/breathewise-llc,Convertible Note,,"Jun 30, 2017",,,No,1,,"45,899"
Venture Round - Identified Technologies,https://www.crunchbase.com/funding_round/identified-technologies-series-unknown--9f3c0227,Identified Technologies,https://www.crunchbase.com/organization/identified-technologies,Venture - Series Unknown,,"Jun 29, 2017",,,Yes,1,,"45,893"
"Convertible Note - HiberSense, Inc",https://www.crunchbase.com/funding_round/hibersense-inc-convertible-note--6fd1a107,"HiberSense, Inc",https://www.crunchbase.com/organization/hibersense-inc,Convertible Note,,"Jun 20, 2017",,,No,1,,"45,911"
Convertible Note - ThoroughCare,https://www.crunchbase.com/funding_round/thoroughcare-convertible-note--eeb244a8,ThoroughCare,https://www.crunchbase.com/organization/thoroughcare,Convertible Note,,"Jun 15, 2017",,,No,1,,"45,915"
Convertible Note - BlastPoint,https://www.crunchbase.com/funding_round/blastpoint-2-convertible-note--f5788bf5,BlastPoint,https://www.crunchbase.com/organization/blastpoint-2,Convertible Note,,"Jun 30, 2017",,,No,1,,"45,948"
Convertible Note - Auratek Textiles,https://www.crunchbase.com/funding_round/auratek-textiles-convertible-note--b09d4351,Auratek Textiles,https://www.crunchbase.com/organization/auratek-textiles,Convertible Note,,"Jun 1, 2017",,,No,1,,"48,632"
Convertible Note - Circadiance,https://www.crunchbase.com/funding_round/circadiance-convertible-note--a85385e6,Circadiance,https://www.crunchbase.com/organization/circadiance,Convertible Note,,"May 1, 2017",,,No,1,,"48,568"
Convertible Note - Adrich,https://www.crunchbase.com/funding_round/adrich-convertible-note--b6509a21,Adrich,https://www.crunchbase.com/organization/adrich,Convertible Note,,"May 16, 2017",,,No,1,,"48,565"
Convertible Note - StockSnips,https://www.crunchbase.com/funding_round/stocksnips-convertible-note--20fbfda8,StockSnips,https://www.crunchbase.com/organization/stocksnips,Convertible Note,,"Jun 8, 2017",,,No,1,,"48,637"
Convertible Note - Nivo1,https://www.crunchbase.com/funding_round/nivo1-convertible-note--3e14f1eb,Nivo1,https://www.crunchbase.com/organization/nivo1,Convertible Note,,"Jun 8, 2017",,,No,1,,"48,626"
Convertible Note - Twined,https://www.crunchbase.com/funding_round/twined-convertible-note--399708e3,Twined,https://www.crunchbase.com/organization/twined,Convertible Note,,"Apr 25, 2017",,,No,1,,"48,592"
"Convertible Note - Forest Devices, Inc.",https://www.crunchbase.com/funding_round/forest-devices-inc-convertible-note--b2942e54,"Forest Devices, Inc.",https://www.crunchbase.com/organization/forest-devices-inc,Convertible Note,,"Apr 20, 2017",,,No,1,,"48,603"
Seed Round - ComVibe,https://www.crunchbase.com/funding_round/comvibe-seed--f7331277,ComVibe,https://www.crunchbase.com/organization/comvibe,Seed,,"Jan 24, 2013",Seed,,Yes,1,,"155,858"
Angel Round - CapSen Robotics,https://www.crunchbase.com/funding_round/capsen-robotics-angel--61b324d0,CapSen Robotics,https://www.crunchbase.com/organization/capsen-robotics,Angel,"$950,000","Mar 1, 2016",Seed,"$4,247,826",Yes,2,,"155,989"
Seed Round - ATRP Solutions,https://www.crunchbase.com/funding_round/atrp-solutions-seed--7a3e1d5c,ATRP Solutions,https://www.crunchbase.com/organization/atrp-solutions,Seed,,"Nov 5, 2008",Seed,,Yes,1,,"157,819"
Convertible Note - Trusst Lingerie,https://www.crunchbase.com/funding_round/trusst-lingerie-convertible-note--216d8610,Trusst Lingerie,https://www.crunchbase.com/organization/trusst-lingerie,Convertible Note,,"Sep 30, 2016",,,No,1,,"165,470"
Seed Round - BlastPoint,https://www.crunchbase.com/funding_round/blastpoint-2-seed--2650f02b,BlastPoint,https://www.crunchbase.com/organization/blastpoint-2,Seed,,"Mar 17, 2017",Seed,,Yes,2,,"165,752"
Seed Round - Conversant Labs,https://www.crunchbase.com/funding_round/conversant-labs-seed--04e90e9d,Conversant Labs,https://www.crunchbase.com/organization/conversant-labs,Seed,"$25,000","Jul 3, 2014",Seed,,Yes,2,,"166,911"
Seed Round - Identified Technologies,https://www.crunchbase.com/funding_round/identified-technologies-seed--3a344952,Identified Technologies,https://www.crunchbase.com/organization/identified-technologies,Seed,,"Jul 11, 2014",Seed,,Yes,1,,"167,442"
Series A - Liquid X,https://www.crunchbase.com/funding_round/liquid-x-series-a--c88ee406,Liquid X,https://www.crunchbase.com/organization/liquid-x,Series A,"$1,400,000","Jul 11, 2013",Early Stage Venture,,Yes,2,,"168,110"
Series A - The Efficiency Network (TEN),https://www.crunchbase.com/funding_round/the-efficiency-network-ten-series-a--291667ca,The Efficiency Network (TEN),https://www.crunchbase.com/organization/the-efficiency-network-ten,Series A,,"Apr 22, 2013",Early Stage Venture,,Yes,1,,"168,252"
Convertible Note - Aurochs Brewing,https://www.crunchbase.com/funding_round/aurochs-brewing-convertible-note--1e91458d,Aurochs Brewing,https://www.crunchbase.com/organization/aurochs-brewing,Convertible Note,"$50,000","May 7, 2015",,,No,1,,"168,284"
Seed Round - Anglr,https://www.crunchbase.com/funding_round/anglr-seed--2f38fc68,Anglr,https://www.crunchbase.com/organization/anglr,Seed,,"Mar 15, 2017",Seed,,Yes,1,,"169,291"
Seed Round - Headright Games,https://www.crunchbase.com/funding_round/headright-games-seed--a3c1d07e,Headright Games,https://www.crunchbase.com/organization/headright-games,Seed,,"Aug 17, 2012",Seed,,Yes,1,,"169,679"
Seed Round - Futurederm,https://www.crunchbase.com/funding_round/futurederm-seed--061e25d8,Futurederm,https://www.crunchbase.com/organization/futurederm,Seed,"$327,000","Mar 1, 2013",Seed,,Yes,1,,"170,099"
Seed Round - TravelWits,https://www.crunchbase.com/funding_round/travelwits-seed--a5c44f12,TravelWits,https://www.crunchbase.com/organization/travelwits,Seed,,"Dec 22, 2015",Seed,,Yes,1,,"170,146"
Seed Round - Truly Accomplished,https://www.crunchbase.com/funding_round/truly-accomplished-seed--0f14c974,Truly Accomplished,https://www.crunchbase.com/organization/truly-accomplished,Seed,,"Jan 21, 2014",Seed,,Yes,1,,"170,711"
Seed Round - Easely,https://www.crunchbase.com/funding_round/easely-seed--8fd5f88c,Easely,https://www.crunchbase.com/organization/easely,Seed,"$220,000","Jan 23, 2015",Seed,,Yes,1,,"170,843"
Seed Round - AthleteTrax,https://www.crunchbase.com/funding_round/athletetrax-seed--984bcc71,AthleteTrax,https://www.crunchbase.com/organization/athletetrax,Seed,,"Feb 3, 2015",Seed,,Yes,1,,"171,102"
Convertible Note - CDL Warrior,https://www.crunchbase.com/funding_round/cdl-warrior-convertible-note--8450d403,CDL Warrior,https://www.crunchbase.com/organization/cdl-warrior,Convertible Note,,"Mar 25, 2016",,,No,1,,"172,088"
Seed Round - PacketViper,https://www.crunchbase.com/funding_round/packet-viper-seed--67bbd641,PacketViper,https://www.crunchbase.com/organization/packet-viper,Seed,,"Jun 11, 2015",Seed,,Yes,1,,"173,357"
Seed Round - Nebulus Audio,https://www.crunchbase.com/funding_round/nebulus-seed--9ae0a8e1,Nebulus Audio,https://www.crunchbase.com/organization/nebulus,Seed,,"Dec 23, 2014",Seed,,Yes,1,,"173,989"
Seed Round - Rapid TPC,https://www.crunchbase.com/funding_round/rapid-tpc-seed--8698c570,Rapid TPC,https://www.crunchbase.com/organization/rapid-tpc,Seed,,"Feb 21, 2016",Seed,,Yes,1,,"174,097"
Seed Round - Inteligistics,https://www.crunchbase.com/funding_round/inteligistics-seed--44b336b8,Inteligistics,https://www.crunchbase.com/organization/inteligistics,Seed,,"Feb 6, 2014",Seed,,Yes,1,,"174,232"
Seed Round - Maven Machines,https://www.crunchbase.com/funding_round/maven-machines-seed--dc0ad2a3,Maven Machines,https://www.crunchbase.com/organization/maven-machines,Seed,,"Dec 22, 2015",Seed,,Yes,1,,"175,176"
Venture Round - CivicScience,https://www.crunchbase.com/funding_round/civicscience-series-unknown--f7638fc1,CivicScience,https://www.crunchbase.com/organization/civicscience,Venture - Series Unknown,"$1,200,000","Oct 8, 2013",,,Yes,1,,"175,809"
Seed Round - Westmoreland Advanced Materials,https://www.crunchbase.com/funding_round/westmoreland-advanced-materials-seed--295aed72,Westmoreland Advanced Materials,https://www.crunchbase.com/organization/westmoreland-advanced-materials,Seed,,"Jan 31, 2011",Seed,,Yes,1,,"176,091"
Venture Round - ATRP Solutions,https://www.crunchbase.com/funding_round/atrp-solutions-series-unknown--8618a071,ATRP Solutions,https://www.crunchbase.com/organization/atrp-solutions,Venture - Series Unknown,"$3,550,000","Jun 4, 2014",,,Yes,1,,"176,642"
Seed Round - Propel IT,https://www.crunchbase.com/funding_round/propel-it-seed--a49f08fc,Propel IT,https://www.crunchbase.com/organization/propel-it,Seed,,"Feb 15, 2013",Seed,,Yes,1,,"176,984"
Seed Round - The Carbon Freight Company,https://www.crunchbase.com/funding_round/the-carbon-freight-company-seed--f31a291f,The Carbon Freight Company,https://www.crunchbase.com/organization/the-carbon-freight-company,Seed,,"Jun 28, 2016",Seed,,Yes,1,,"177,240"
Seed Round - Interphase Materials,https://www.crunchbase.com/funding_round/interphase-materials-seed--419a4530,Interphase Materials,https://www.crunchbase.com/organization/interphase-materials,Seed,,"Jun 28, 2016",Seed,,Yes,1,,"177,343"
Seed Round - Cardeeo,https://www.crunchbase.com/funding_round/cardeeo-seed--2a5d27ab,Cardeeo,https://www.crunchbase.com/organization/cardeeo,Seed,,"Feb 1, 2013",Seed,,Yes,1,,"177,561"
Seed Round - Trusst Lingerie,https://www.crunchbase.com/funding_round/trusst-lingerie-seed--1b038423,Trusst Lingerie,https://www.crunchbase.com/organization/trusst-lingerie,Seed,,"Dec 23, 2015",Seed,,Yes,1,,"177,982"
Seed Round - TravelWits,https://www.crunchbase.com/funding_round/travelwits-seed--85248009,TravelWits,https://www.crunchbase.com/organization/travelwits,Seed,,"Jun 8, 2016",Seed,,Yes,2,,"178,298"
Convertible Note - Inteligistics,https://www.crunchbase.com/funding_round/inteligistics-convertible-note--9d10367d,Inteligistics,https://www.crunchbase.com/organization/inteligistics,Convertible Note,,"Feb 27, 2015",,,No,1,,"56,467"
Series A - Nowait,https://www.crunchbase.com/funding_round/nowait-series-a--236ca7c4,Nowait,https://www.crunchbase.com/organization/nowait,Series A,"$2,000,000","Aug 28, 2012",Early Stage Venture,,Yes,3,1,"114,737"
Seed Round - Ikos,https://www.crunchbase.com/funding_round/ikos-seed--ced7d51e,Ikos,https://www.crunchbase.com/organization/ikos,Seed,,"Jan 4, 2017",Seed,,Yes,1,,"118,146"
Seed Round - Summit Materials,https://www.crunchbase.com/funding_round/summit-materials-2-seed--8ae9bba1,Summit Materials,https://www.crunchbase.com/organization/summit-materials-2,Seed,,"Dec 23, 2011",Seed,,Yes,1,,"118,334"
Seed Round - Liquid X,https://www.crunchbase.com/funding_round/liquid-x-seed--1ca6564b,Liquid X,https://www.crunchbase.com/organization/liquid-x,Seed,,"Jun 15, 2016",Seed,,Yes,1,,"120,180"
Seed Round - VistaTEK,https://www.crunchbase.com/funding_round/vistatek-seed--2e6596ac,VistaTEK,https://www.crunchbase.com/organization/vistatek,Seed,"$25,000","Aug 1, 2009",Seed,,Yes,1,,"57,020"
Convertible Note - Accel Diagnostics,https://www.crunchbase.com/funding_round/accel-diagnostics-convertible-note--52981a14,Accel Diagnostics,https://www.crunchbase.com/organization/accel-diagnostics,Convertible Note,,"May 4, 2016",,,No,1,,"126,424"
Convertible Note - Bansen Labs,https://www.crunchbase.com/funding_round/bansen-labs-convertible-note--19896fc8,Bansen Labs,https://www.crunchbase.com/organization/bansen-labs,Convertible Note,"$300,000","Jul 20, 2016",,,No,1,,"126,468"
Seed Round - PECA Labs,https://www.crunchbase.com/funding_round/peca-labs-seed--48ebb59d,PECA Labs,https://www.crunchbase.com/organization/peca-labs,Seed,,"Jun 26, 2013",Seed,,Yes,1,,"127,482"
"Seed Round - Forest Devices, Inc.",https://www.crunchbase.com/funding_round/forest-devices-inc-seed--4cc08498,"Forest Devices, Inc.",https://www.crunchbase.com/organization/forest-devices-inc,Seed,"$145,000","Jun 30, 2016",Seed,,Yes,1,,"127,587"
Seed Round - Complexa,https://www.crunchbase.com/funding_round/complexa-seed--bce0a45a,Complexa,https://www.crunchbase.com/organization/complexa,Seed,,"May 23, 2012",Seed,,Yes,1,,"128,791"
Seed Round - Identified Technologies,https://www.crunchbase.com/funding_round/identified-technologies-seed--08583d53,Identified Technologies,https://www.crunchbase.com/organization/identified-technologies,Seed,"$2,000,000","Apr 7, 2015",Seed,,Yes,4,1,"133,990"
"Seed Round - BreatheWise, LLC",https://www.crunchbase.com/funding_round/breathewise-llc-seed--8a8b420b,"BreatheWise, LLC",https://www.crunchbase.com/organization/breathewise-llc,Seed,,"Jun 30, 2016",Seed,,Yes,1,,"134,233"
Seed Round - Sonya Labs,https://www.crunchbase.com/funding_round/sonya-labs-seed--80b8bde5,Sonya Labs,https://www.crunchbase.com/organization/sonya-labs,Seed,"$25,000","Jun 1, 2008",Seed,,Yes,2,,"135,902"
Seed Round - AutoRef.com,https://www.crunchbase.com/funding_round/autoref-com-seed--8e0bc77c,AutoRef.com,https://www.crunchbase.com/organization/autoref-com,Seed,"$850,000","Apr 12, 2013",Seed,,Yes,4,,"135,928"
Seed Round - Containership,https://www.crunchbase.com/funding_round/containership-seed--bbf6908c,Containership,https://www.crunchbase.com/organization/containership,Seed,"$200,000","Jun 30, 2015",Seed,,Yes,1,,"136,082"
Seed Round - nanoGriptech,https://www.crunchbase.com/funding_round/nanogriptech-seed--ed7090dc,nanoGriptech,https://www.crunchbase.com/organization/nanogriptech,Seed,,"Aug 1, 2014",Seed,,Yes,1,,"136,297"
Venture Round - Shoefitr,https://www.crunchbase.com/funding_round/shoefitr-series-unknown--d0f24cfd,Shoefitr,https://www.crunchbase.com/organization/shoefitr,Venture - Series Unknown,"$1,200,000","Oct 28, 2011",,,Yes,2,,"136,853"
Seed Round - 4moms,https://www.crunchbase.com/funding_round/4moms-seed--769813a9,4moms,https://www.crunchbase.com/organization/4moms,Seed,,"Jun 17, 2005",Seed,,Yes,1,,"57,853"
Series D - BPL Global,https://www.crunchbase.com/funding_round/bpl-global-series-d--92c9d295,BPL Global,https://www.crunchbase.com/organization/bpl-global,Series D,"$33,467,000","Jan 2, 2008",Late Stage Venture,,Yes,4,,"137,381"
Seed Round - Hebi Robotics,https://www.crunchbase.com/funding_round/hebi-robotics-seed--9afd507a,Hebi Robotics,https://www.crunchbase.com/organization/hebi-robotics,Seed,,"Dec 10, 2015",Seed,,Yes,1,,"140,274"
Seed Round - Treatspace,https://www.crunchbase.com/funding_round/treatspace-seed--6f95937f,Treatspace,https://www.crunchbase.com/organization/treatspace,Seed,"$150,000","Jan 27, 2014",Seed,,Yes,1,,"142,000"
Seed Round - RE2 Robotics,https://www.crunchbase.com/funding_round/re2-seed--267483c9,RE2 Robotics,https://www.crunchbase.com/organization/re2,Seed,"$250,000","Jan 29, 2014",Seed,,Yes,1,,"58,786"
Seed Round - BudgetSimple,https://www.crunchbase.com/funding_round/budgetsimple-seed--02dd8bf9,BudgetSimple,https://www.crunchbase.com/organization/budgetsimple,Seed,"$25,000","Jun 25, 2013",Seed,,Yes,2,,"143,175"
Convertible Note - Sharp Edge Labs,https://www.crunchbase.com/funding_round/sharp-edge-labs-convertible-note--932ae80a,Sharp Edge Labs,https://www.crunchbase.com/organization/sharp-edge-labs,Convertible Note,,"Sep 3, 2016",,,No,1,,"143,238"
Seed Round - Emplified Corp.,https://www.crunchbase.com/funding_round/emplified-corp-seed--a58ebf3d,Emplified Corp.,https://www.crunchbase.com/organization/emplified-corp,Seed,,"Oct 13, 2015",Seed,,Yes,1,,"143,449"
Seed Round - Romeo Delivers,https://www.crunchbase.com/funding_round/romeo-delivers-seed--fa45e34a,Romeo Delivers,https://www.crunchbase.com/organization/romeo-delivers,Seed,,"Oct 1, 2014",Seed,,Yes,1,,"143,574"
Venture Round - Compliance Assurance,https://www.crunchbase.com/funding_round/compliance-assurance-series-unknown--df9a2e97,Compliance Assurance,https://www.crunchbase.com/organization/compliance-assurance,Venture - Series Unknown,"$1,250,000","Mar 15, 2011",,,Yes,4,,"145,296"
Seed Round - Just Between Friends,https://www.crunchbase.com/funding_round/just-between-friends-seed--7341bd72,Just Between Friends,https://www.crunchbase.com/organization/just-between-friends,Seed,,"Oct 11, 2011",Seed,,Yes,1,,"145,827"
Seed Round - LumiShield,https://www.crunchbase.com/funding_round/lumishield-seed--0e4f4c42,LumiShield,https://www.crunchbase.com/organization/lumishield,Seed,,"Jul 16, 2015",Seed,,Yes,1,,"146,034"
Convertible Note - FreshTemp,https://www.crunchbase.com/funding_round/freshtemp-convertible-note--eb20234b,FreshTemp,https://www.crunchbase.com/organization/freshtemp,Convertible Note,,"Feb 10, 2015",,,No,1,,"60,286"
Series A - Penthera Partners,https://www.crunchbase.com/funding_round/penthera-partners-series-a--24fd28da,Penthera Partners,https://www.crunchbase.com/organization/penthera-partners,Series A,"$345,173","Jun 19, 2008",Early Stage Venture,,Yes,1,,"60,373"
Seed Round - The Efficiency Network (TEN),https://www.crunchbase.com/funding_round/the-efficiency-network-ten-seed--2ad0a4f6,The Efficiency Network (TEN),https://www.crunchbase.com/organization/the-efficiency-network-ten,Seed,,"Feb 15, 2013",Seed,,Yes,1,,"148,527"
"Seed Round - The VIT Initiative, LLC",https://www.crunchbase.com/funding_round/the-vit-initiative-llc-seed--0c69ccf4,"The VIT Initiative, LLC",https://www.crunchbase.com/organization/the-vit-initiative-llc,Seed,,"Aug 31, 2016",Seed,,Yes,1,,"90,698"
Seed Round - IAM Robotics,https://www.crunchbase.com/funding_round/iam-robotics-seed--2d367c88,IAM Robotics,https://www.crunchbase.com/organization/iam-robotics,Seed,,"May 27, 2015",Seed,,Yes,2,,"90,746"
Series A - NewCare Solutions,https://www.crunchbase.com/funding_round/newcare-solutions-series-a--13161ae7,NewCare Solutions,https://www.crunchbase.com/organization/newcare-solutions,Series A,"$2,055,000","Jan 16, 2013",Early Stage Venture,,Yes,1,,"149,331"
Convertible Note - Safaba Translation Solutions,https://www.crunchbase.com/funding_round/safaba-translation-solutions-convertible-note--287b2fa9,Safaba Translation Solutions,https://www.crunchbase.com/organization/safaba-translation-solutions,Convertible Note,,"Dec 12, 2014",,,No,1,,"149,611"
"Seed Round - EEme, LLC",https://www.crunchbase.com/funding_round/eeme-seed--8b2987ee,"EEme, LLC",https://www.crunchbase.com/organization/eeme,Seed,,"Nov 21, 2013",Seed,,Yes,1,,"150,499"
Seed Round - Digital Dream Labs,https://www.crunchbase.com/funding_round/digital-dream-labs-seed--ec98b0f9,Digital Dream Labs,https://www.crunchbase.com/organization/digital-dream-labs,Seed,,"Dec 17, 2015",Seed,,Yes,1,,"61,279"
Seed Round - Safaba Translation Solutions,https://www.crunchbase.com/funding_round/safaba-translation-solutions-seed--87573e9b,Safaba Translation Solutions,https://www.crunchbase.com/organization/safaba-translation-solutions,Seed,,"Aug 16, 2012",Seed,,Yes,1,,"150,924"
Seed Round - PittMoss,https://www.crunchbase.com/funding_round/pittmoss-seed--a52a8cc0,PittMoss,https://www.crunchbase.com/organization/pittmoss,Seed,,"Apr 17, 2015",Seed,,Yes,2,,"92,925"
Seed Round - Digital Dream Labs,https://www.crunchbase.com/funding_round/digital-dream-labs-seed--7e9368b4,Digital Dream Labs,https://www.crunchbase.com/organization/digital-dream-labs,Seed,,"Mar 15, 2016",Seed,,Yes,2,,"151,562"
Series A - Cognition Therapeutics,https://www.crunchbase.com/funding_round/cognition-therapeutics-series-a--a721dc1f,Cognition Therapeutics,https://www.crunchbase.com/organization/cognition-therapeutics,Series A,,"Dec 1, 2011",Early Stage Venture,,Yes,1,,"151,875"
Seed Round - Wing Ma'am,https://www.crunchbase.com/funding_round/wing-ma-am-seed--017fef93,Wing Ma'am,https://www.crunchbase.com/organization/wing-ma-am,Seed,"$50,000","Apr 17, 2014",Seed,,Yes,1,,"81,568"
Seed Round - Medallion Analytics Software,https://www.crunchbase.com/funding_round/medallion-analytics-software-seed--c3c60204,Medallion Analytics Software,https://www.crunchbase.com/organization/medallion-analytics-software,Seed,,"Sep 23, 2010",Seed,,Yes,1,,"94,671"
Seed Round - Carmell Therapeutics,https://www.crunchbase.com/funding_round/carmell-therapeutics-seed--6309e889,Carmell Therapeutics,https://www.crunchbase.com/organization/carmell-therapeutics,Seed,,"Aug 14, 2015",Seed,,Yes,1,,"84,526"
Seed Round - Kaarta,https://www.crunchbase.com/funding_round/kaarta-seed--dc7fa95e,Kaarta,https://www.crunchbase.com/organization/kaarta,Seed,,"Apr 1, 2016",Seed,,Yes,1,,"95,592"
Seed Round - PHRQL,https://www.crunchbase.com/funding_round/phrql-seed--4e0b2104,PHRQL,https://www.crunchbase.com/organization/phrql,Seed,"$100,000","Oct 23, 2014",Seed,,Yes,1,,"95,609"
Series A - Fluorous Technologies,https://www.crunchbase.com/funding_round/fluorous-technologies-series-a--f007e675,Fluorous Technologies,https://www.crunchbase.com/organization/fluorous-technologies,Series A,"$3,000,000","Jun 30, 2003",Early Stage Venture,,Yes,4,,"181,614"
Seed Round - SolePower,https://www.crunchbase.com/funding_round/solepower-seed--51d928e4,SolePower,https://www.crunchbase.com/organization/solepower,Seed,,"Nov 21, 2013",Seed,,Yes,1,,"181,797"
Seed Round - 4moms,https://www.crunchbase.com/funding_round/4moms-seed--5c55df2f,4moms,https://www.crunchbase.com/organization/4moms,Seed,,"Jan 1, 2006",Seed,,Yes,1,,"62,410"
Convertible Note - Jetpack Workflow,https://www.crunchbase.com/funding_round/jetpack-workflow-convertible-note--7dce9457,Jetpack Workflow,https://www.crunchbase.com/organization/jetpack-workflow,Convertible Note,,"Jun 30, 2016",,,No,1,,"62,590"
Series A - Penthera Partners,https://www.crunchbase.com/funding_round/penthera-partners-series-a--d8fd56a1,Penthera Partners,https://www.crunchbase.com/organization/penthera-partners,Series A,"$725,000","May 14, 2009",Early Stage Venture,,Yes,1,,"88,579"
Seed Round - Futurederm,https://www.crunchbase.com/funding_round/futurederm-seed--92b323a2,Futurederm,https://www.crunchbase.com/organization/futurederm,Seed,"$150,000","Dec 21, 2012",Seed,,Yes,1,,"88,771"
Seed Round - Encentiv Energy,https://www.crunchbase.com/funding_round/encentiv-energy-seed--ed1863d4,Encentiv Energy,https://www.crunchbase.com/organization/encentiv-energy,Seed,,"Apr 27, 2011",Seed,,Yes,1,,"90,339"
Series A - Penthera Partners,https://www.crunchbase.com/funding_round/penthera-partners-series-a--210e5276,Penthera Partners,https://www.crunchbase.com/organization/penthera-partners,Series A,"$1,200,000","Dec 8, 2009",Early Stage Venture,,Yes,1,,"63,560"
Series B - JazzHR,https://www.crunchbase.com/funding_round/theresumator-series-b--ed7eeca0,JazzHR,https://www.crunchbase.com/organization/theresumator,Series B,"$2,100,000","Oct 30, 2012",Early Stage Venture,,Yes,5,2,"64,278"
Seed Round - Tunessence,https://www.crunchbase.com/funding_round/tunessence-seed--5a727ba3,Tunessence,https://www.crunchbase.com/organization/tunessence,Seed,,"Feb 14, 2014",Seed,,Yes,1,,"93,762"
Seed Round - CivicScience,https://www.crunchbase.com/funding_round/civicscience-seed--84e003ce,CivicScience,https://www.crunchbase.com/organization/civicscience,Seed,,"Jun 4, 2009",Seed,,Yes,1,,"94,768"
Seed Round - Industry Weapon,https://www.crunchbase.com/funding_round/industry-weapon-seed--4caf2601,Industry Weapon,https://www.crunchbase.com/organization/industry-weapon,Seed,,"Jun 4, 2010",Seed,,Yes,1,,"97,985"
Debt Financing - Thar Pharmaceuticals,https://www.crunchbase.com/funding_round/thar-pharmaceuticals-debt-financing--2d8d7a4b,Thar Pharmaceuticals,https://www.crunchbase.com/organization/thar-pharmaceuticals,Debt Financing,"$1,242,000","Dec 21, 2009",,,No,1,,"193,716"
Venture Round - ImpactGames,https://www.crunchbase.com/funding_round/impactgames-series-unknown--eb4e8cf9,ImpactGames,https://www.crunchbase.com/organization/impactgames,Venture - Series Unknown,"$100,000","Mar 7, 2008",,,Yes,1,,"101,801"
Venture Round - Voci Technologies,https://www.crunchbase.com/funding_round/voci-technologies-series-unknown--44e894ed,Voci Technologies,https://www.crunchbase.com/organization/voci-technologies,Venture - Series Unknown,"$1,000,000","Aug 5, 2014",,,Yes,2,,"101,936"
Series A - Carmell Therapeutics,https://www.crunchbase.com/funding_round/carmell-therapeutics-series-a--ba5564ab,Carmell Therapeutics,https://www.crunchbase.com/organization/carmell-therapeutics,Series A,"$2,400,000","Apr 18, 2011",Early Stage Venture,,Yes,6,2,"154,267"
Series A - ThermalTherapeuticSystems,https://www.crunchbase.com/funding_round/thermaltherapeuticsystems-series-a--f18df3d7,ThermalTherapeuticSystems,https://www.crunchbase.com/organization/thermaltherapeuticsystems,Series A,"$2,700,000","Dec 1, 2009",Early Stage Venture,,Yes,3,,"103,875"
Convertible Note - Collected Inc.,https://www.crunchbase.com/funding_round/collected-inc-convertible-note--96a07d80,Collected Inc.,https://www.crunchbase.com/organization/collected-inc,Convertible Note,"$100,000","Mar 17, 2014",,,No,2,,"103,989"
Seed Round - Optimum Pumping Technology,https://www.crunchbase.com/funding_round/optimum-pumping-technology-seed--73a48b3d,Optimum Pumping Technology,https://www.crunchbase.com/organization/optimum-pumping-technology,Seed,,"Apr 27, 2012",Seed,,Yes,1,,"65,672"
Seed Round - BoardBookit,https://www.crunchbase.com/funding_round/boardbookit-seed--a290c2a3,BoardBookit,https://www.crunchbase.com/organization/boardbookit,Seed,,"Jun 5, 2013",Seed,,Yes,1,,"119,264"
Seed Round - Tailored Fit,https://www.crunchbase.com/funding_round/tailored-fit-seed--653a1f10,Tailored Fit,https://www.crunchbase.com/organization/tailored-fit,Seed,,"Jul 2, 2014",Seed,,Yes,1,,"194,710"
Series A - Encentiv Energy,https://www.crunchbase.com/funding_round/encentiv-energy-series-a--1700c704,Encentiv Energy,https://www.crunchbase.com/organization/encentiv-energy,Series A,"$2,440,000","Sep 28, 2016",Early Stage Venture,,Yes,3,,"106,350"
Convertible Note - Ocugenix,https://www.crunchbase.com/funding_round/ocugenix-convertible-note--dc9dad28,Ocugenix,https://www.crunchbase.com/organization/ocugenix,Convertible Note,,"Mar 29, 2017",,,No,1,,"106,587"
Series B - Sharp Edge Labs,https://www.crunchbase.com/funding_round/sharp-edge-labs-series-b--3937ed00,Sharp Edge Labs,https://www.crunchbase.com/organization/sharp-edge-labs,Series B,"$600,000","Aug 19, 2014",Early Stage Venture,,Yes,2,,"195,391"
Venture Round - Voci Technologies,https://www.crunchbase.com/funding_round/voci-technologies-series-unknown--eb6709c3,Voci Technologies,https://www.crunchbase.com/organization/voci-technologies,Venture - Series Unknown,"$1,400,000","Nov 12, 2010",,,Yes,2,,"195,441"
Seed Round - Jetpack Workflow,https://www.crunchbase.com/funding_round/jetpack-workflow-seed--d99baed4,Jetpack Workflow,https://www.crunchbase.com/organization/jetpack-workflow,Seed,,"Oct 28, 2015",Seed,,Yes,1,,"107,685"
Seed Round - ModCloth,https://www.crunchbase.com/funding_round/modcloth-seed--da3bbffb,ModCloth,https://www.crunchbase.com/organization/modcloth,Seed,"$1,055,000","Jun 18, 2008",Seed,,Yes,4,1,"107,809"
Seed Round - Shoefitr,https://www.crunchbase.com/funding_round/shoefitr-seed--5fc9db6f,Shoefitr,https://www.crunchbase.com/organization/shoefitr,Seed,"$30,000","May 31, 2010",Seed,,Yes,1,,"119,951"
Seed Round - Aurochs Brewing,https://www.crunchbase.com/funding_round/aurochs-brewing-seed--0f012ee0,Aurochs Brewing,https://www.crunchbase.com/organization/aurochs-brewing,Seed,"$200,000","Nov 21, 2013",Seed,,Yes,1,,"196,504"
Seed Round - Futurederm,https://www.crunchbase.com/funding_round/futurederm-seed--4c06647d,Futurederm,https://www.crunchbase.com/organization/futurederm,Seed,"$40,000","May 1, 2014",Seed,,Yes,1,,"108,822"
Seed Round - Meter Feeder,https://www.crunchbase.com/funding_round/meterfeeder-seed--1564febf,Meter Feeder,https://www.crunchbase.com/organization/meterfeeder,Seed,,"Apr 13, 2017",Seed,,Yes,1,,"109,505"
Seed Round - BoardBookit,https://www.crunchbase.com/funding_round/boardbookit-seed--e6c85b39,BoardBookit,https://www.crunchbase.com/organization/boardbookit,Seed,,"Jun 12, 2014",Seed,,Yes,1,,"67,739"
Seed Round - Inteligistics,https://www.crunchbase.com/funding_round/inteligistics-seed--948d2751,Inteligistics,https://www.crunchbase.com/organization/inteligistics,Seed,,"Apr 8, 2013",Seed,,Yes,1,,"67,975"
Convertible Note - PieceMaker Technologies,https://www.crunchbase.com/funding_round/piecemaker-technologies-convertible-note--a5534b46,PieceMaker Technologies,https://www.crunchbase.com/organization/piecemaker-technologies,Convertible Note,,"Jun 14, 2016",,,No,1,,"110,876"
Seed Round - Wexford Farms,https://www.crunchbase.com/funding_round/wexford-farms-seed--420443da,Wexford Farms,https://www.crunchbase.com/organization/wexford-farms,Seed,,"Jun 26, 2013",Seed,,Yes,1,,"111,008"
Seed Round - Adrich,https://www.crunchbase.com/funding_round/adrich-seed--9dfcc0b6,Adrich,https://www.crunchbase.com/organization/adrich,Seed,,"Jul 7, 2016",Seed,,Yes,2,,"199,343"
Convertible Note - Optimus Technologies,https://www.crunchbase.com/funding_round/optimus-technologies-convertible-note--3640fe9b,Optimus Technologies,https://www.crunchbase.com/organization/optimus-technologies,Convertible Note,,"Sep 30, 2016",,,No,1,,"111,406"
Seed Round - PieceMaker Technologies,https://www.crunchbase.com/funding_round/piecemaker-technologies-seed--467733a3,PieceMaker Technologies,https://www.crunchbase.com/organization/piecemaker-technologies,Seed,"$840,000","Apr 21, 2015",Seed,,Yes,3,,"112,032"
Convertible Note - PacketViper,https://www.crunchbase.com/funding_round/packet-viper-convertible-note--cdace4f9,PacketViper,https://www.crunchbase.com/organization/packet-viper,Convertible Note,,"May 4, 2016",,,No,1,,"112,075"
Venture Round - Lama Lab,https://www.crunchbase.com/funding_round/lama-lab-series-unknown--00ec7453,Lama Lab,https://www.crunchbase.com/organization/lama-lab,Venture - Series Unknown,"$30,000","May 31, 2010",,,Yes,1,,"112,467"
Seed Round - Digital Dream Labs,https://www.crunchbase.com/funding_round/digital-dream-labs-seed--891a0735,Digital Dream Labs,https://www.crunchbase.com/organization/digital-dream-labs,Seed,,"Aug 26, 2015",Seed,,Yes,1,,"68,629"
Seed Round - ForeFront Product Design,https://www.crunchbase.com/funding_round/forefront-product-design-seed--0a70185e,ForeFront Product Design,https://www.crunchbase.com/organization/forefront-product-design,Seed,,"Nov 14, 2014",Seed,,Yes,1,,"68,719"
Seed Round - LaneSpotter,https://www.crunchbase.com/funding_round/lanespotter-seed--d52fee54,LaneSpotter,https://www.crunchbase.com/organization/lanespotter,Seed,,"Feb 7, 2017",Seed,,Yes,2,,"120,775"
Seed Round - LifeShel,https://www.crunchbase.com/funding_round/lifeshel-seed--eeeaa66d,LifeShel,https://www.crunchbase.com/organization/lifeshel,Seed,,"Jun 30, 2014",Seed,,Yes,1,,"120,994"
Seed Round - Wombat Security Technologies,https://www.crunchbase.com/funding_round/wombat-security-technologies-seed--4ddd8611,Wombat Security Technologies,https://www.crunchbase.com/organization/wombat-security-technologies,Seed,,"Jun 28, 2012",Seed,,Yes,1,,"200,952"
Seed Round - CivicScience,https://www.crunchbase.com/funding_round/civicscience-seed--208c0748,CivicScience,https://www.crunchbase.com/organization/civicscience,Seed,,"Oct 20, 2008",Seed,,Yes,1,,"201,005"
Series A - Safaba Translation Solutions,https://www.crunchbase.com/funding_round/safaba-translation-solutions-series-a--39c873d4,Safaba Translation Solutions,https://www.crunchbase.com/organization/safaba-translation-solutions,Series A,,"Aug 23, 2013",Early Stage Venture,,Yes,2,,"201,328"
Seed Round - Twined,https://www.crunchbase.com/funding_round/twined-seed--83054c38,Twined,https://www.crunchbase.com/organization/twined,Seed,,"Jun 22, 2016",Seed,,Yes,1,,"113,149"
Series A - Voci Technologies,https://www.crunchbase.com/funding_round/voci-technologies-series-a--a2d92940,Voci Technologies,https://www.crunchbase.com/organization/voci-technologies,Series A,"$3,120,000","Apr 10, 2012",Early Stage Venture,,Yes,3,1,"113,682"
Seed Round - WebKite,https://www.crunchbase.com/funding_round/webkite-seed--72249f63,WebKite,https://www.crunchbase.com/organization/webkite,Seed,,"Nov 21, 2013",Seed,,Yes,1,,"201,906"
Seed Round - Voci Technologies,https://www.crunchbase.com/funding_round/voci-technologies-seed--537bb21d,Voci Technologies,https://www.crunchbase.com/organization/voci-technologies,Seed,,"Jul 24, 2009",Seed,,Yes,1,,"202,038"
Seed Round - Covey,https://www.crunchbase.com/funding_round/covey-seed--20b7bc5d,Covey,https://www.crunchbase.com/organization/covey,Seed,,"Mar 6, 2015",Seed,,Yes,1,,"202,206"
Series E - BPL Global,https://www.crunchbase.com/funding_round/bpl-global-series-e--d5632c7e,BPL Global,https://www.crunchbase.com/organization/bpl-global,Series E,"$6,863,000","Mar 10, 2008",Late Stage Venture,,Yes,5,,"158,324"
"Seed Round - EEme, LLC",https://www.crunchbase.com/funding_round/eeme-seed--3e8445b3,"EEme, LLC",https://www.crunchbase.com/organization/eeme,Seed,,"Dec 17, 2014",Seed,,Yes,1,,"158,707"
Venture Round - Bueda,https://www.crunchbase.com/funding_round/bueda-series-unknown--4750ba5c,Bueda,https://www.crunchbase.com/organization/bueda,Venture - Series Unknown,"$100,000","Jul 1, 2010",,,Yes,1,,"159,197"
Seed Round - Wombat Security Technologies,https://www.crunchbase.com/funding_round/wombat-security-technologies-seed--46c9482a,Wombat Security Technologies,https://www.crunchbase.com/organization/wombat-security-technologies,Seed,,"Jun 29, 2011",Seed,,Yes,1,,"159,226"
Seed Round - 25eight,https://www.crunchbase.com/funding_round/25eight-seed--354fd5ac,25eight,https://www.crunchbase.com/organization/25eight,Seed,"$25,000","Jan 26, 2010",Seed,,Yes,1,,"159,917"
Seed Round - Propel IT,https://www.crunchbase.com/funding_round/propel-it-seed--84412f9f,Propel IT,https://www.crunchbase.com/organization/propel-it,Seed,,"Feb 21, 2011",Seed,,Yes,1,,"160,100"
Seed Round - NewCare Solutions,https://www.crunchbase.com/funding_round/newcare-solutions-seed--d37ea272,NewCare Solutions,https://www.crunchbase.com/organization/newcare-solutions,Seed,"$100,000","Nov 16, 2014",Seed,,Yes,1,,"160,323"
Seed Round - Vivisimo,https://www.crunchbase.com/funding_round/vivsimo-seed--6c32358d,Vivisimo,https://www.crunchbase.com/organization/vivsimo,Seed,"$500,000","Jul 4, 2002",Seed,,Yes,1,,"161,009"
Convertible Note - Accel Diagnostics,https://www.crunchbase.com/funding_round/accel-diagnostics-convertible-note--26bae746,Accel Diagnostics,https://www.crunchbase.com/organization/accel-diagnostics,Convertible Note,,"Jan 14, 2015",,,No,1,,"162,199"
Convertible Note - Covey,https://www.crunchbase.com/funding_round/covey-convertible-note--50cb3ce1,Covey,https://www.crunchbase.com/organization/covey,Convertible Note,,"Aug 31, 2016",,,No,1,,"162,308"
Seed Round - Jetpack Workflow,https://www.crunchbase.com/funding_round/jetpack-workflow-seed--df986f24,Jetpack Workflow,https://www.crunchbase.com/organization/jetpack-workflow,Seed,,"Aug 1, 2014",Seed,,Yes,1,,"162,623"
Seed Round - Complexa,https://www.crunchbase.com/funding_round/complexa-seed--6fbd5a35,Complexa,https://www.crunchbase.com/organization/complexa,Seed,,"Dec 20, 2013",Seed,,Yes,1,,"162,900"
Seed Round - Optimus Technologies,https://www.crunchbase.com/funding_round/optimus-technologies-seed--3a65af54,Optimus Technologies,https://www.crunchbase.com/organization/optimus-technologies,Seed,,"Nov 16, 2015",Seed,,Yes,1,,"163,994"
Seed Round - Qualaris Healthcare Solutions,https://www.crunchbase.com/funding_round/qualaris-healthcare-solutions-seed--2cf813ff,Qualaris Healthcare Solutions,https://www.crunchbase.com/organization/qualaris-healthcare-solutions,Seed,,"Feb 21, 2014",Seed,,Yes,1,,"164,320"
Seed Round - nanoGriptech,https://www.crunchbase.com/funding_round/nanogriptech-seed--68a07e46,nanoGriptech,https://www.crunchbase.com/organization/nanogriptech,Seed,,"Aug 21, 2015",Seed,,Yes,1,,"181,832"
Series A - Carnegie Speech,https://www.crunchbase.com/funding_round/carnegie-speech-series-a--bf9d5558,Carnegie Speech,https://www.crunchbase.com/organization/carnegie-speech,Series A,"$1,250,001","Nov 12, 2007",Early Stage Venture,,Yes,11,1,"181,837"
Series B - Nowait,https://www.crunchbase.com/funding_round/nowait-series-b--ee4c1b4d,Nowait,https://www.crunchbase.com/organization/nowait,Series B,"$10,000,000","May 20, 2014",Early Stage Venture,,Yes,5,2,"182,219"
Seed Round - Rorus Inc.,https://www.crunchbase.com/funding_round/rorus-inc-seed--81d2c858,Rorus Inc.,https://www.crunchbase.com/organization/rorus-inc,Seed,,"Dec 23, 2015",Seed,,Yes,2,,"182,595"
Seed Round - Cardeeo,https://www.crunchbase.com/funding_round/cardeeo-seed--3d1a1111,Cardeeo,https://www.crunchbase.com/organization/cardeeo,Seed,,"Oct 20, 2011",Seed,,Yes,1,,"183,499"
Seed Round - ComVibe,https://www.crunchbase.com/funding_round/comvibe-seed--b08bb051,ComVibe,https://www.crunchbase.com/organization/comvibe,Seed,,"May 24, 2012",Seed,,Yes,1,,"184,195"
Seed Round - ComVibe,https://www.crunchbase.com/funding_round/comvibe-seed--69b41225,ComVibe,https://www.crunchbase.com/organization/comvibe,Seed,,"Feb 25, 2014",Seed,,Yes,1,,"203,130"
Seed Round - Jetpack Workflow,https://www.crunchbase.com/funding_round/jetpack-workflow-seed--55baf069,Jetpack Workflow,https://www.crunchbase.com/organization/jetpack-workflow,Seed,,"Apr 23, 2015",Seed,,Yes,2,,"203,253"
Seed Round - ATRP Solutions,https://www.crunchbase.com/funding_round/atrp-solutions-seed--e54e019d,ATRP Solutions,https://www.crunchbase.com/organization/atrp-solutions,Seed,,"May 16, 2012",Seed,,Yes,1,,"204,971"
Seed Round - Hability,https://www.crunchbase.com/funding_round/hability-seed--b08bb0ab,Hability,https://www.crunchbase.com/organization/hability,Seed,"$20,000","Apr 1, 2015",Seed,,Yes,1,,"205,034"
Seed Round - ShowClix,https://www.crunchbase.com/funding_round/showclix-seed--2b5ea57f,ShowClix,https://www.crunchbase.com/organization/showclix,Seed,"$250,000","Jun 1, 2008",Seed,,Yes,1,,"205,782"
Seed Round - JazzHR,https://www.crunchbase.com/funding_round/theresumator-seed--08b303be,JazzHR,https://www.crunchbase.com/organization/theresumator,Seed,"$50,000","Dec 10, 2009",Seed,,Yes,1,,"206,432"
Convertible Note - Qualaris Healthcare Solutions,https://www.crunchbase.com/funding_round/qualaris-healthcare-solutions-convertible-note--033408ac,Qualaris Healthcare Solutions,https://www.crunchbase.com/organization/qualaris-healthcare-solutions,Convertible Note,,"May 20, 2016",,,No,1,,"206,435"
Venture Round - StageMark,https://www.crunchbase.com/funding_round/stagemark-series-unknown--a7e9f29a,StageMark,https://www.crunchbase.com/organization/stagemark,Venture - Series Unknown,"$210,000","Mar 21, 2006",,,Yes,2,,"206,829"
Venture Round - NanoVision Diagnostics,https://www.crunchbase.com/funding_round/nanovision-diagnostics-series-unknown--b70ff23b,NanoVision Diagnostics,https://www.crunchbase.com/organization/nanovision-diagnostics,Venture - Series Unknown,"$1,500,000","Jan 10, 2014",,,Yes,2,,"208,359"
Series A - Cognition Therapeutics,https://www.crunchbase.com/funding_round/cognition-therapeutics-series-a--1ed0a52c,Cognition Therapeutics,https://www.crunchbase.com/organization/cognition-therapeutics,Series A,"$2,500,000","Jan 20, 2011",Early Stage Venture,,Yes,7,1,"208,906"
Seed Round - Thread,https://www.crunchbase.com/funding_round/thread-seed--d101af8f,Thread,https://www.crunchbase.com/organization/thread,Seed,"$700,000","Nov 21, 2013",Seed,,Yes,2,,"209,819"
Convertible Note - Bansen Labs,https://www.crunchbase.com/funding_round/bansen-labs-convertible-note--74757789,Bansen Labs,https://www.crunchbase.com/organization/bansen-labs,Convertible Note,,"Jan 4, 2017",,,No,1,,"210,251"
Seed Round - PieceMaker Technologies,https://www.crunchbase.com/funding_round/piecemaker-technologies-seed--e594242f,PieceMaker Technologies,https://www.crunchbase.com/organization/piecemaker-technologies,Seed,,"Dec 23, 2014",Seed,,Yes,1,,"210,496"
Convertible Note - Diversamé,https://www.crunchbase.com/funding_round/diversamé-convertible-note--d14b19ec,Diversamé,https://www.crunchbase.com/organization/diversamé,Convertible Note,,"Sep 30, 2016",,,No,1,,"210,581"
Seed Round - ReGear Life Sciences,https://www.crunchbase.com/funding_round/regear-life-sciences-seed--4cbcdb55,ReGear Life Sciences,https://www.crunchbase.com/organization/regear-life-sciences,Seed,"$500,000","Aug 12, 2011",Seed,,Yes,2,,"210,716"
Venture Round - BitArmor Systems,https://www.crunchbase.com/funding_round/bitarmor-systems-series-unknown--fb3b5149,BitArmor Systems,https://www.crunchbase.com/organization/bitarmor-systems,Venture - Series Unknown,"$250,000","Aug 11, 2005",,,Yes,2,,"211,118"
Seed Round - Thar Geothermal,https://www.crunchbase.com/funding_round/thar-geothermal-seed--719934c2,Thar Geothermal,https://www.crunchbase.com/organization/thar-geothermal,Seed,,"Jun 30, 2011",Seed,,Yes,1,,"211,628"
Series B - ShowClix,https://www.crunchbase.com/funding_round/showclix-series-b--c44bf12d,ShowClix,https://www.crunchbase.com/organization/showclix,Series B,"$1,650,000","Mar 11, 2011",Early Stage Venture,,Yes,5,1,"185,252"
Seed Round - Diamond Kinetics,https://www.crunchbase.com/funding_round/diamond-kinetics-seed--f66d5db6,Diamond Kinetics,https://www.crunchbase.com/organization/diamond-kinetics,Seed,"$1,100,000","Jul 17, 2014",Seed,,Yes,1,,"185,477"
Seed Round - ARIN Technologies,https://www.crunchbase.com/funding_round/arin-technologies-seed--9d219433,ARIN Technologies,https://www.crunchbase.com/organization/arin-technologies,Seed,,"Jan 4, 2017",Seed,,Yes,2,,"187,500"
Seed Round - Industry Weapon,https://www.crunchbase.com/funding_round/industry-weapon-seed--95853d59,Industry Weapon,https://www.crunchbase.com/organization/industry-weapon,Seed,,"Feb 25, 2009",Seed,,Yes,1,,"187,617"
Seed Round - ATRP Solutions,https://www.crunchbase.com/funding_round/atrp-solutions-seed--9a4d56d6,ATRP Solutions,https://www.crunchbase.com/organization/atrp-solutions,Seed,"$736,431","Jul 6, 2015",Seed,,Yes,1,,"188,114"
Seed Round - Activaided Orthotics,https://www.crunchbase.com/funding_round/activaided-orthotics-seed--0240b2d6,Activaided Orthotics,https://www.crunchbase.com/organization/activaided-orthotics,Seed,,"Sep 22, 2013",Seed,,Yes,1,,"188,626"
Seed Round - Activaided Orthotics,https://www.crunchbase.com/funding_round/activaided-orthotics-seed--7982b1ed,Activaided Orthotics,https://www.crunchbase.com/organization/activaided-orthotics,Seed,,"Nov 16, 2012",Seed,,Yes,1,,"188,740"
Venture Round - Rinovum Women's Health,https://www.crunchbase.com/funding_round/rinovum-womens-health-series-unknown--069ac731,Rinovum Women's Health,https://www.crunchbase.com/organization/rinovum-womens-health,Venture - Series Unknown,"$475,000","Nov 2, 2010",,,Yes,2,,"189,556"
Venture Round - WhereverTV Broadcasting Corporation,https://www.crunchbase.com/funding_round/wherevertv-series-unknown--bab57a70,WhereverTV Broadcasting Corporation,https://www.crunchbase.com/organization/wherevertv,Venture - Series Unknown,"$150,000","Jan 1, 2008",,,Yes,1,,"190,059"
Seed Round - Fotofeedback,https://www.crunchbase.com/funding_round/fotofeedback-seed--37ebb3c7,Fotofeedback,https://www.crunchbase.com/organization/fotofeedback,Seed,"$30,000","May 31, 2010",Seed,,Yes,1,,"190,925"
Seed Round - Westmoreland Advanced Materials,https://www.crunchbase.com/funding_round/westmoreland-advanced-materials-seed--53655797,Westmoreland Advanced Materials,https://www.crunchbase.com/organization/westmoreland-advanced-materials,Seed,,"Dec 20, 2011",Seed,,Yes,1,,"192,087"
Seed Round - SolePower,https://www.crunchbase.com/funding_round/solepower-seed--69d23a3c,SolePower,https://www.crunchbase.com/organization/solepower,Seed,,"May 26, 2015",Seed,,Yes,1,,"192,705"
Convertible Note - Social Media Information,https://www.crunchbase.com/funding_round/social-media-information-convertible-note--346990f8,Social Media Information,https://www.crunchbase.com/organization/social-media-information,Convertible Note,,"Sep 30, 2016",,,No,1,,"192,972"
Seed Round - AthleteTrax,https://www.crunchbase.com/funding_round/athletetrax-seed--f8097fda,AthleteTrax,https://www.crunchbase.com/organization/athletetrax,Seed,,"Mar 6, 2014",Seed,,Yes,1,,"75,681"
Seed Round - Atmosferiq,https://www.crunchbase.com/funding_round/atmosferiq-seed--a85a77d1,Atmosferiq,https://www.crunchbase.com/organization/atmosferiq,Seed,,"Oct 30, 2014",Seed,,Yes,1,,"76,170"
Venture Round - Cognition Therapeutics,https://www.crunchbase.com/funding_round/cognition-therapeutics-series-unknown--676667ec,Cognition Therapeutics,https://www.crunchbase.com/organization/cognition-therapeutics,Venture - Series Unknown,"$2,500,000","Dec 1, 2012",,,Yes,2,,"76,434"
Convertible Note - SolePower,https://www.crunchbase.com/funding_round/solepower-convertible-note--7261d5ec,SolePower,https://www.crunchbase.com/organization/solepower,Convertible Note,,"Aug 2, 2016",,,No,1,,"76,902"
Seed Round - CDL Warrior,https://www.crunchbase.com/funding_round/cdl-warrior-seed--e1f00224,CDL Warrior,https://www.crunchbase.com/organization/cdl-warrior,Seed,,"Jun 10, 2014",Seed,,Yes,1,,"77,683"
Seed Round - Accel Diagnostics,https://www.crunchbase.com/funding_round/accel-diagnostics-seed--0fd98132,Accel Diagnostics,https://www.crunchbase.com/organization/accel-diagnostics,Seed,,"Apr 25, 2013",Seed,,Yes,1,,"77,889"
Seed Round - NewCare Solutions,https://www.crunchbase.com/funding_round/newcare-solutions-seed--250d7f6d,NewCare Solutions,https://www.crunchbase.com/organization/newcare-solutions,Seed,"$200,000","Nov 3, 2011",Seed,,Yes,1,,"79,125"
Seed Round - Encentiv Energy,https://www.crunchbase.com/funding_round/encentiv-energy-seed--bfbb67c1,Encentiv Energy,https://www.crunchbase.com/organization/encentiv-energy,Seed,,"Dec 22, 2011",Seed,,Yes,1,,"80,209"
Series A - Cognition Therapeutics,https://www.crunchbase.com/funding_round/cognition-therapeutics-series-a--63d4f66b,Cognition Therapeutics,https://www.crunchbase.com/organization/cognition-therapeutics,Series A,"$1,210,000","Jul 15, 2009",Early Stage Venture,,Yes,4,,"80,360"
Seed Round - Pratter,https://www.crunchbase.com/funding_round/pratter-seed--db5526b8,Pratter,https://www.crunchbase.com/organization/pratter,Seed,,"May 20, 2016",Seed,,Yes,1,,"83,720"
Seed Round - The Zebra,https://www.crunchbase.com/funding_round/the-zebra-seed--cd1e08be,The Zebra,https://www.crunchbase.com/organization/the-zebra,Seed,,"Jun 10, 2012",Seed,,Yes,1,,"83,869"
Seed Round - Social Media Information,https://www.crunchbase.com/funding_round/social-media-information-seed--c162ac9e,Social Media Information,https://www.crunchbase.com/organization/social-media-information,Seed,,"Feb 15, 2015",Seed,,Yes,1,,"85,750"
Seed Round - Cosmitto,https://www.crunchbase.com/funding_round/community-elf-seed--6f8ff526,Cosmitto,https://www.crunchbase.com/organization/community-elf,Seed,,"Apr 30, 2015",Seed,,Yes,1,,"88,135"
Seed Round - Pittsburgh Iron Oxides (PIROX),https://www.crunchbase.com/funding_round/pittsburgh-iron-oxides-pirox-seed--49089dc9,Pittsburgh Iron Oxides (PIROX),https://www.crunchbase.com/organization/pittsburgh-iron-oxides-pirox,Seed,,"Dec 21, 2011",Seed,,Yes,1,,"91,758"
Seed Round - AbiliLife,https://www.crunchbase.com/funding_round/abililife-seed--f5227cc6,AbiliLife,https://www.crunchbase.com/organization/abililife,Seed,"$50,000","Aug 18, 2015",Seed,,Yes,1,,"98,720"
Series C - BPL Global,https://www.crunchbase.com/funding_round/bpl-global-series-c--19602e9c,BPL Global,https://www.crunchbase.com/organization/bpl-global,Series C,"$26,000,000","Feb 15, 2007",Late Stage Venture,,Yes,8,,"122,089"
Convertible Note - AbiliLife,https://www.crunchbase.com/funding_round/abililife-convertible-note--97be6c59,AbiliLife,https://www.crunchbase.com/organization/abililife,Convertible Note,,"Oct 14, 2016",,,No,1,,"102,345"
Seed Round - 8020select,https://www.crunchbase.com/funding_round/8020select-seed--11a6857e,8020select,https://www.crunchbase.com/organization/8020select,Seed,,"Feb 22, 2012",Seed,,Yes,1,,"123,547"
Series A - JazzHR,https://www.crunchbase.com/funding_round/theresumator-series-a--b5f40a7a,JazzHR,https://www.crunchbase.com/organization/theresumator,Series A,"$700,000","May 6, 2011",Early Stage Venture,,Yes,5,1,"116,170"
Seed Round - Jibbigo,https://www.crunchbase.com/funding_round/jibbigo-seed--0f4b7dcb,Jibbigo,https://www.crunchbase.com/organization/jibbigo,Seed,,"Apr 28, 2011",Seed,,Yes,1,,"116,630"
Seed Round - Atmosferiq,https://www.crunchbase.com/funding_round/atmosferiq-seed--7218f918,Atmosferiq,https://www.crunchbase.com/organization/atmosferiq,Seed,"$300,000","Dec 10, 2013",Seed,,Yes,1,,"123,659"
Seed Round - Vivisimo,https://www.crunchbase.com/funding_round/vivsimo-seed--ed8f79dd,Vivisimo,https://www.crunchbase.com/organization/vivsimo,Seed,"$100,000","Jun 1, 2000",Seed,,Yes,1,,"116,897"
Convertible Note - RC21X,https://www.crunchbase.com/funding_round/rc21x-convertible-note--8c1bca4b,RC21X,https://www.crunchbase.com/organization/rc21x,Convertible Note,,"Sep 6, 2016",,,No,1,,"129,817"
Seed Round - Headright Games,https://www.crunchbase.com/funding_round/headright-games-seed--f510fbf0,Headright Games,https://www.crunchbase.com/organization/headright-games,Seed,,"Apr 30, 2013",Seed,,Yes,1,,"129,979"
Series A - Carmell Therapeutics,https://www.crunchbase.com/funding_round/carmell-therapeutics-series-a--af910a23,Carmell Therapeutics,https://www.crunchbase.com/organization/carmell-therapeutics,Series A,"$1,000,000","Jun 13, 2014",Early Stage Venture,,Yes,4,2,"130,226"
Convertible Note - NetBeez,https://www.crunchbase.com/funding_round/netbeez-convertible-note--cb186f79,NetBeez,https://www.crunchbase.com/organization/netbeez,Convertible Note,"$100,000","Jul 7, 2014",,,No,1,,"130,755"
Seed Round - Kextil,https://www.crunchbase.com/funding_round/kextil-seed--3da25f73,Kextil,https://www.crunchbase.com/organization/kextil,Seed,,"Mar 14, 2013",Seed,,Yes,1,,"130,854"
Seed Round - 8020select,https://www.crunchbase.com/funding_round/8020select-seed--0979fe55,8020select,https://www.crunchbase.com/organization/8020select,Seed,,"Feb 6, 2013",Seed,,Yes,1,,"131,933"
Convertible Note - NetBeez,https://www.crunchbase.com/funding_round/netbeez-convertible-note--a8e97705,NetBeez,https://www.crunchbase.com/organization/netbeez,Convertible Note,"$100,000","Nov 10, 2013",,,No,1,,"118,777"
Seed Round - LumiShield,https://www.crunchbase.com/funding_round/lumishield-seed--95af6a83,LumiShield,https://www.crunchbase.com/organization/lumishield,Seed,,"Nov 18, 2015",Seed,,Yes,1,,"133,696"
Venture Round - ImpactGames,https://www.crunchbase.com/funding_round/impactgames-series-unknown--aa557a25,ImpactGames,https://www.crunchbase.com/organization/impactgames,Venture - Series Unknown,"$150,000","Oct 25, 2007",,,Yes,1,,"70,088"
Seed Round - Activaided Orthotics,https://www.crunchbase.com/funding_round/activaided-orthotics-seed--f866dd28,Activaided Orthotics,https://www.crunchbase.com/organization/activaided-orthotics,Seed,,"Dec 14, 2012",Seed,,Yes,1,,"70,168"
Seed Round - VistaTEK,https://www.crunchbase.com/funding_round/vistatek-seed--05d756c3,VistaTEK,https://www.crunchbase.com/organization/vistatek,Seed,,"Jun 30, 2011",Seed,,Yes,1,,"70,892"
Angel Round - TalkShoe,https://www.crunchbase.com/funding_round/talkshoe-angel--b056fe09,TalkShoe,https://www.crunchbase.com/organization/talkshoe,Angel,"$1,130,000","Jun 26, 2008",Seed,,Yes,5,,"124,795"
Venture Round - Plextronics,https://www.crunchbase.com/funding_round/plextronics-series-unknown--c4aa1757,Plextronics,https://www.crunchbase.com/organization/plextronics,Venture - Series Unknown,"$3,400,000","May 25, 2004",,,Yes,2,,"124,893"
Seed Round - Tunessence,https://www.crunchbase.com/funding_round/tunessence-seed--1353272e,Tunessence,https://www.crunchbase.com/organization/tunessence,Seed,,"Dec 14, 2012",Seed,,Yes,1,,"71,118"
Seed Round - Suitable,https://www.crunchbase.com/funding_round/suitable-2-seed--339c4589,Suitable,https://www.crunchbase.com/organization/suitable-2,Seed,,"Oct 7, 2015",Seed,,Yes,1,,"71,978"
Series B - StageMark,https://www.crunchbase.com/funding_round/stagemark-series-b--321eae41,StageMark,https://www.crunchbase.com/organization/stagemark,Series B,"$1,600,000","Apr 23, 2007",Early Stage Venture,,Yes,7,,"72,967"
Seed Round - Medallion Analytics Software,https://www.crunchbase.com/funding_round/medallion-analytics-software-seed--94ee58ed,Medallion Analytics Software,https://www.crunchbase.com/organization/medallion-analytics-software,Seed,,"Jul 25, 2011",Seed,,Yes,1,,"125,634"
Seed Round - Digital Dream Labs,https://www.crunchbase.com/funding_round/digital-dream-labs-seed--ff158195,Digital Dream Labs,https://www.crunchbase.com/organization/digital-dream-labs,Seed,,"Jun 26, 2013",Seed,,Yes,1,,"125,673"
Seed Round - Imagine Careers,https://www.crunchbase.com/funding_round/imagine-careers-seed--875476df,Imagine Careers,https://www.crunchbase.com/organization/imagine-careers,Seed,,"Jan 28, 2016",Seed,,Yes,1,,"125,916"
"Convertible Note - EEme, LLC",https://www.crunchbase.com/funding_round/eeme-convertible-note--e59fea2f,"EEme, LLC",https://www.crunchbase.com/organization/eeme,Convertible Note,,"Oct 25, 2016",,,No,1,,"139,805"
Debt Financing - Carmell Therapeutics,https://www.crunchbase.com/funding_round/carmell-therapeutics-debt-financing--54e5c731,Carmell Therapeutics,https://www.crunchbase.com/organization/carmell-therapeutics,Debt Financing,"$303,818","Nov 12, 2014",,,No,1,,"139,812"
Venture Round - Thar Pharmaceuticals,https://www.crunchbase.com/funding_round/thar-pharmaceuticals-series-unknown--90350401,Thar Pharmaceuticals,https://www.crunchbase.com/organization/thar-pharmaceuticals,Venture - Series Unknown,,"Sep 22, 2013",,,Yes,1,,"153,248"
