Transaction Name,Transaction Name URL,Organization Name,Organization Name URL,Funding Type,Money Raised,Announced Date,Funding Stage,Pre-Money Valuation,Equity Only Funding,Number of Investors,Number of Partner Investors,CB Rank (Funding Round)
Series C - SiFive,https://www.crunchbase.com/funding_round/sifive-series-c--dbf02021,SiFive,https://www.crunchbase.com/organization/sifive,Series C,"$50,600,000","Apr 2, 2018",Late Stage Venture,,Yes,6,2,63
Series C - Mark43,https://www.crunchbase.com/funding_round/mark43-series-c--e71e8378,Mark43,https://www.crunchbase.com/organization/mark43,Series C,"$38,000,000","Mar 20, 2018",Late Stage Venture,,Yes,8,1,201
Series A - Nift Networks,https://www.crunchbase.com/funding_round/nift-networks-series-a--722b2c04,Nift Networks,https://www.crunchbase.com/organization/nift-networks,Series A,"$16,500,000","Mar 30, 2018",Early Stage Venture,,Yes,3,1,234
Venture Round - Careship,https://www.crunchbase.com/funding_round/careship-series-unknown--dfc110b9,Careship,https://www.crunchbase.com/organization/careship,Venture - Series Unknown,"€6,000,000","Apr 5, 2018",,,Yes,5,,331
Seed Round - Wild Type,https://www.crunchbase.com/funding_round/wild-type-seed--a40fff76,Wild Type,https://www.crunchbase.com/organization/wild-type,Seed,"$3,500,000","Mar 30, 2018",Seed,,Yes,3,1,522
Series B - TravelPerk,https://www.crunchbase.com/funding_round/travelperk-s-l--series-b--46db3bd8,TravelPerk,https://www.crunchbase.com/organization/travelperk-s-l-,Series B,"$21,000,000","Apr 10, 2018",Early Stage Venture,,Yes,7,5,577
Series D - Sift Science,https://www.crunchbase.com/funding_round/sift-science-series-d--c995acbd,Sift Science,https://www.crunchbase.com/organization/sift-science,Series D,"$53,000,000","Mar 21, 2018",Late Stage Venture,,Yes,4,1,769
Series B - Zum,https://www.crunchbase.com/funding_round/liftee-series-b--ea61353d,Zum,https://www.crunchbase.com/organization/liftee,Series B,"$19,000,000","Mar 14, 2018",Early Stage Venture,,Yes,3,1,836
Series A - PreVeil,https://www.crunchbase.com/funding_round/preveil-series-a--54b2a4e5,PreVeil,https://www.crunchbase.com/organization/preveil,Series A,,"Mar 27, 2018",Early Stage Venture,,Yes,1,1,885
Series E - Wealthfront,https://www.crunchbase.com/funding_round/wealthfront-series-e--b99658be,Wealthfront,https://www.crunchbase.com/organization/wealthfront,Series E,"$75,000,000","Jan 4, 2018",Late Stage Venture,,Yes,8,1,"2,115"
Series C - Carta,https://www.crunchbase.com/funding_round/eshares-series-c--762c7566,Carta,https://www.crunchbase.com/organization/eshares,Series C,"$42,000,000","Oct 11, 2017",Late Stage Venture,,Yes,13,6,"2,359"
Series D - Coinbase,https://www.crunchbase.com/funding_round/coinbase-series-d--f67778b4,Coinbase,https://www.crunchbase.com/organization/coinbase,Series D,"$108,100,235","Aug 10, 2017",Late Stage Venture,"$1,500,000,000",Yes,13,3,"2,376"
Seed Round - Clora,https://www.crunchbase.com/funding_round/clora-seed--27885a16,Clora,https://www.crunchbase.com/organization/clora,Seed,"$3,300,000","Dec 7, 2017",Seed,,Yes,9,1,"2,430"
Series E - Affirm,https://www.crunchbase.com/funding_round/affirm-series-e--ce60ebc2,Affirm,https://www.crunchbase.com/organization/affirm,Series E,"$200,000,000","Dec 11, 2017",Late Stage Venture,"$1,300,000,000",Yes,7,3,"2,719"
Series C - Andela,https://www.crunchbase.com/funding_round/andela-series-c--198f968f,Andela,https://www.crunchbase.com/organization/andela,Series C,"$40,000,000","Oct 10, 2017",Late Stage Venture,,Yes,10,3,"2,788"
Series E - InVisionApp,https://www.crunchbase.com/funding_round/invisionapp-series-e--9bca5382,InVisionApp,https://www.crunchbase.com/organization/invisionapp,Series E,"$100,000,000","Nov 1, 2017",Late Stage Venture,"$900,000,000",Yes,7,2,"2,886"
Seed Round - Homeis,https://www.crunchbase.com/funding_round/homeis-seed--4f15c029,Homeis,https://www.crunchbase.com/organization/homeis,Seed,"$4,000,000","Dec 12, 2017",Seed,,Yes,7,1,"2,910"
Series A - Mirror,https://www.crunchbase.com/funding_round/mirror-439a-series-a--7c7055d5,Mirror,https://www.crunchbase.com/organization/mirror-439a,Series A,"$13,000,000","Feb 6, 2018",Early Stage Venture,,Yes,5,1,"2,942"
Series A - Lumi,https://www.crunchbase.com/funding_round/lumi-series-a--4c06d453,Lumi,https://www.crunchbase.com/organization/lumi,Series A,"$9,000,000","Feb 14, 2018",Early Stage Venture,,Yes,3,2,"3,304"
Series C - Flywire,https://www.crunchbase.com/funding_round/peertransfer-series-c--df19683e,Flywire,https://www.crunchbase.com/organization/peertransfer,Series C,"$22,000,000","Jan 13, 2015",Late Stage Venture,,Yes,6,1,"3,398"
Series B - Niantic Inc.,https://www.crunchbase.com/funding_round/nianticlabs-google-series-b--76e1c5df,Niantic Inc.,https://www.crunchbase.com/organization/nianticlabs-google,Series B,"$200,000,000","Nov 24, 2017",Early Stage Venture,,Yes,6,1,"3,527"
Venture Round - Mia Contacts,https://www.crunchbase.com/funding_round/mia-contacts-series-unknown--d8636e01,Mia Contacts,https://www.crunchbase.com/organization/mia-contacts,Venture - Series Unknown,"$3,000,000","Oct 24, 2017",,,Yes,8,3,"3,598"
Series A - Uncommon Co.,https://www.crunchbase.com/funding_round/uncommon-co-series-a--e5b32a36,Uncommon Co.,https://www.crunchbase.com/organization/uncommon-co,Series A,"$18,000,000","Feb 15, 2018",Early Stage Venture,,Yes,3,,"3,851"
Series D - GetYourGuide,https://www.crunchbase.com/funding_round/getyourguide-series-d--e199248d,GetYourGuide,https://www.crunchbase.com/organization/getyourguide,Series D,"$75,000,000","Nov 2, 2017",Late Stage Venture,,Yes,6,1,"4,058"
Series C - Talkspace,https://www.crunchbase.com/funding_round/talkspace-series-c--edffa961,Talkspace,https://www.crunchbase.com/organization/talkspace,Series C,"$31,000,000","Sep 6, 2017",Late Stage Venture,,Yes,7,3,"4,615"
Series B - Panorama Education,https://www.crunchbase.com/funding_round/panorama-education-series-b--fe8974cc,Panorama Education,https://www.crunchbase.com/organization/panorama-education,Series B,"$16,000,000","Nov 7, 2017",Early Stage Venture,,Yes,5,2,"4,759"
Series B - Particle,https://www.crunchbase.com/funding_round/particle-3-series-b--db389931,Particle,https://www.crunchbase.com/organization/particle-3,Series B,"$20,000,000","Jul 19, 2017",Early Stage Venture,,Yes,4,1,"5,725"
Series A - Badi,https://www.crunchbase.com/funding_round/badi-series-a--0958d317,Badi,https://www.crunchbase.com/organization/badi,Series A,"$10,000,000","Feb 6, 2018",Early Stage Venture,,Yes,1,1,"6,297"
"Series A - Lightmatter, Inc.",https://www.crunchbase.com/funding_round/lightmatter-inc-series-a--02fd85ae,"Lightmatter, Inc.",https://www.crunchbase.com/organization/lightmatter-inc,Series A,"$11,000,000","Feb 5, 2018",Early Stage Venture,,Yes,2,,"6,360"
Series F - Rover.com,https://www.crunchbase.com/funding_round/rover-com-series-f--7cc27724,Rover.com,https://www.crunchbase.com/organization/rover-com,Series F,"$65,000,000","Jul 20, 2017",Late Stage Venture,,Yes,8,4,"6,771"
Series A - CTRL-Labs,https://www.crunchbase.com/funding_round/ctrl-labs-series-a--f242ef65,CTRL-Labs,https://www.crunchbase.com/organization/ctrl-labs,Series A,"$11,000,000","Sep 13, 2017",Early Stage Venture,,Yes,4,,"6,883"
Series C - Pendo,https://www.crunchbase.com/funding_round/pendo-io-series-c--9856bc86,Pendo,https://www.crunchbase.com/organization/pendo-io,Series C,"$25,000,000","Jul 13, 2017",Late Stage Venture,,Yes,7,4,"7,804"
Series A - Andela,https://www.crunchbase.com/funding_round/andela-series-a--8f145a5c,Andela,https://www.crunchbase.com/organization/andela,Series A,"$14,000,000","Jun 25, 2015",Early Stage Venture,,Yes,9,5,"9,434"
Seed Round - Smash.gg,https://www.crunchbase.com/funding_round/smash-gg-seed--8ea82243,Smash.gg,https://www.crunchbase.com/organization/smash-gg,Seed,"$3,000,000","Apr 1, 2016",Seed,,Yes,5,2,"10,676"
Series A - Smash.gg,https://www.crunchbase.com/funding_round/smash-gg-series-a--98af1964,Smash.gg,https://www.crunchbase.com/organization/smash-gg,Series A,"$11,000,000","Aug 2, 2017",Early Stage Venture,,Yes,5,4,"10,889"
Series A - Splash,https://www.crunchbase.com/funding_round/splashthat-series-a--c065e434,Splash,https://www.crunchbase.com/organization/splashthat,Series A,"$6,000,000","Mar 11, 2015",Early Stage Venture,,Yes,16,8,"15,067"
Seed Round - Evolve App,https://www.crunchbase.com/funding_round/evolve-app-seed--9beea272,Evolve App,https://www.crunchbase.com/organization/evolve-app,Seed,"$1,000,000","Oct 14, 2015",Seed,,Yes,3,,"21,322"
Series A - Cruise Automation,https://www.crunchbase.com/funding_round/cruise-series-a--ca477be2,Cruise Automation,https://www.crunchbase.com/organization/cruise,Series A,"$12,500,000","Sep 18, 2015",Early Stage Venture,,Yes,10,3,"21,764"
Seed Round - Pray.com,https://www.crunchbase.com/funding_round/pray-seed--edd1f31a,Pray.com,https://www.crunchbase.com/organization/pray,Seed,"$2,000,000","Jun 29, 2017",Seed,,Yes,5,,"23,679"
Venture Round - Inform Technologies,https://www.crunchbase.com/funding_round/inform-technologies-2-series-unknown--15ddce59,Inform Technologies,https://www.crunchbase.com/organization/inform-technologies-2,Venture - Series Unknown,"$4,000,000","Jun 21, 2010",,,Yes,2,,"25,601"
Series A - Keep Holdings,https://www.crunchbase.com/funding_round/keep-holdings-series-a--7231cd95,Keep Holdings,https://www.crunchbase.com/organization/keep-holdings,Series A,"$8,000,000","Sep 1, 2010",Early Stage Venture,,Yes,10,3,"26,373"
Seed Round - Sonder,https://www.crunchbase.com/funding_round/flatbook-corp--seed--4a4b3976,Sonder,https://www.crunchbase.com/organization/flatbook-corp-,Seed,"$3,000,000","Feb 26, 2015",Seed,,Yes,4,2,"27,835"
Venture Round - Discord,https://www.crunchbase.com/funding_round/discord-series-unknown--4a55cd58,Discord,https://www.crunchbase.com/organization/discord,Venture - Series Unknown,"$20,000,000","Jan 26, 2016",,,Yes,6,1,"29,249"
Seed Round - Hivemapper,https://www.crunchbase.com/funding_round/hivemapper-seed--fbf15b57,Hivemapper,https://www.crunchbase.com/organization/hivemapper,Seed,"$2,900,000","Nov 5, 2015",Seed,,Yes,7,,"29,696"
Venture Round - Inform Technologies,https://www.crunchbase.com/funding_round/inform-technologies-2-series-unknown--9508aba8,Inform Technologies,https://www.crunchbase.com/organization/inform-technologies-2,Venture - Series Unknown,"$15,000,000","Jan 23, 2008",,,Yes,1,,"30,097"
Series B - Postmates,https://www.crunchbase.com/funding_round/postmates-series-b--7cdf13b6,Postmates,https://www.crunchbase.com/organization/postmates,Series B,"$16,000,000","Feb 18, 2014",Early Stage Venture,,Yes,6,4,"30,603"
Seed Round - DIY,https://www.crunchbase.com/funding_round/diy-co-seed--aa57b0f8,DIY,https://www.crunchbase.com/organization/diy-co,Seed,"$1,500,000","Dec 8, 2011",Seed,,Yes,5,1,"30,723"
Series A - Capella Space,https://www.crunchbase.com/funding_round/capella-space-series-a--2d3e8327,Capella Space,https://www.crunchbase.com/organization/capella-space,Series A,"$14,869,990","May 17, 2017",Early Stage Venture,,Yes,1,1,"32,421"
Series C - Clover Health,https://www.crunchbase.com/funding_round/clover-health-series-c--a2003bec,Clover Health,https://www.crunchbase.com/organization/clover-health,Series C,"$160,000,000","May 20, 2016",Late Stage Venture,,Yes,14,4,"33,459"
Series A - GetYourGuide,https://www.crunchbase.com/funding_round/getyourguide-series-a--3d972fb0,GetYourGuide,https://www.crunchbase.com/organization/getyourguide,Series A,"$14,000,000","Jan 7, 2013",Early Stage Venture,,Yes,4,4,"36,568"
Series E - Slack,https://www.crunchbase.com/funding_round/slack-series-e--049a00a0,Slack,https://www.crunchbase.com/organization/slack,Series E,"$160,000,000","Apr 16, 2015",Late Stage Venture,"$2,640,000,000",Yes,12,13,"37,099"
Series D - Affirm,https://www.crunchbase.com/funding_round/affirm-series-d--e470ed7f,Affirm,https://www.crunchbase.com/organization/affirm,Series D,"$100,000,000","Apr 13, 2016",Late Stage Venture,"$700,000,000",Yes,7,5,"38,288"
Series A - Superpedestrian,https://www.crunchbase.com/funding_round/superpedestrian-series-a--4a967cda,Superpedestrian,https://www.crunchbase.com/organization/superpedestrian,Series A,"$4,100,000","Apr 21, 2014",Early Stage Venture,,Yes,8,2,"38,759"
Series A - storefront,https://www.crunchbase.com/funding_round/storefront-series-a--361d5f38,storefront,https://www.crunchbase.com/organization/storefront,Series A,"$7,300,000","Apr 14, 2014",Early Stage Venture,,Yes,10,4,"38,930"
Venture Round - eToro,https://www.crunchbase.com/funding_round/etoro-series-unknown--cb029069,eToro,https://www.crunchbase.com/organization/etoro,Venture - Series Unknown,"$15,000,000","Mar 12, 2012",,,Yes,5,2,"39,240"
Series D - Postmates,https://www.crunchbase.com/funding_round/postmates-series-d--e97849a1,Postmates,https://www.crunchbase.com/organization/postmates,Series D,"$80,000,000","Jun 25, 2015",Late Stage Venture,"$420,000,000",Yes,8,5,"39,371"
Series A - Jelly HQ,https://www.crunchbase.com/funding_round/jellyhq-series-a--3305fa9f,Jelly HQ,https://www.crunchbase.com/organization/jellyhq,Series A,,"May 16, 2013",Early Stage Venture,,Yes,9,2,"39,329"
Series B - OMGPOP,https://www.crunchbase.com/funding_round/omgpop-series-b--0562f148,OMGPOP,https://www.crunchbase.com/organization/omgpop,Series B,"$1,500,000","Jun 26, 2008",Early Stage Venture,,Yes,5,4,"39,465"
Series B - OneRiot,https://www.crunchbase.com/funding_round/oneriot-series-b--2dd44ceb,OneRiot,https://www.crunchbase.com/organization/oneriot,Series B,"$15,000,000","Jun 11, 2007",Early Stage Venture,,Yes,5,3,"39,656"
Venture Round - Grammarly,https://www.crunchbase.com/funding_round/grammarly-series-unknown--51d2bc58,Grammarly,https://www.crunchbase.com/organization/grammarly,Venture - Series Unknown,"$110,000,000","May 8, 2017",,,Yes,5,,"41,088"
Series A - Coach.me,https://www.crunchbase.com/funding_round/lift-worldwide-series-a--19cd7aaf,Coach.me,https://www.crunchbase.com/organization/lift-worldwide,Series A,"$1,100,000","Dec 17, 2014",Early Stage Venture,,Yes,3,1,"42,688"
Series A - Panorama Education,https://www.crunchbase.com/funding_round/panorama-education-series-a--2a04d43f,Panorama Education,https://www.crunchbase.com/organization/panorama-education,Series A,"$12,000,000","Aug 4, 2015",Early Stage Venture,,Yes,7,4,"43,127"
Series A - CrowdRise,https://www.crunchbase.com/funding_round/crowdrise-series-a--c5862ad3,CrowdRise,https://www.crunchbase.com/organization/crowdrise,Series A,"$23,000,000","Apr 22, 2014",Early Stage Venture,,Yes,6,2,"46,057"
Series A - Carta,https://www.crunchbase.com/funding_round/eshares-series-a--393694a8,Carta,https://www.crunchbase.com/organization/eshares,Series A,"$7,000,000","Jan 5, 2015",Early Stage Venture,,Yes,8,2,"46,391"
Series B - Verse,https://www.crunchbase.com/funding_round/verse-2-series-b--282cf8d3,Verse,https://www.crunchbase.com/organization/verse-2,Series B,"$20,500,000","May 16, 2017",Early Stage Venture,,Yes,3,,"48,074"
Series B - Andela,https://www.crunchbase.com/funding_round/andela-series-b--3c35c38e,Andela,https://www.crunchbase.com/organization/andela,Series B,"$24,000,000","Jun 15, 2016",Early Stage Venture,,Yes,10,4,"49,264"
Series C - VivaReal,https://www.crunchbase.com/funding_round/vivareal-series-c--a28e91cc,VivaReal,https://www.crunchbase.com/organization/vivareal,Series C,"$41,700,000","Oct 31, 2014",Late Stage Venture,,Yes,2,2,"50,736"
Venture Round - SiFive,https://www.crunchbase.com/funding_round/sifive-series-unknown--20e459c9,SiFive,https://www.crunchbase.com/organization/sifive,Venture - Series Unknown,"$8,500,000","May 8, 2017",,,Yes,3,,"51,627"
Series B - Freight Farms,https://www.crunchbase.com/funding_round/freight-farms-series-b--3807db43,Freight Farms,https://www.crunchbase.com/organization/freight-farms,Series B,"$7,300,000","Apr 12, 2017",Early Stage Venture,,Yes,4,1,"52,077"
Series A - Upworthy,https://www.crunchbase.com/funding_round/upworthy-series-a--7839fa14,Upworthy,https://www.crunchbase.com/organization/upworthy,Series A,"$8,000,000","Sep 16, 2013",Early Stage Venture,,Yes,6,1,"53,205"
Series A - Lily,https://www.crunchbase.com/funding_round/lily-robotics-series-a--7696209b,Lily,https://www.crunchbase.com/organization/lily-robotics,Series A,"$14,000,000","Dec 17, 2015",Early Stage Venture,,Yes,14,4,"53,395"
Seed Round - BloomNation,https://www.crunchbase.com/funding_round/bloomnation-seed--a626ccad,BloomNation,https://www.crunchbase.com/organization/bloomnation,Seed,"$1,650,000","Oct 24, 2013",Seed,,Yes,6,2,"53,665"
Venture Round - Flex Pharma,https://www.crunchbase.com/funding_round/flex-pharma-series-unknown--1b56d0a3,Flex Pharma,https://www.crunchbase.com/organization/flex-pharma,Venture - Series Unknown,"$40,000,000","Sep 8, 2014",,,Yes,14,,"53,946"
Series B - Splash,https://www.crunchbase.com/funding_round/splashthat-series-b--3d17ccf1,Splash,https://www.crunchbase.com/organization/splashthat,Series B,"$7,000,000","Dec 14, 2016",Early Stage Venture,,Yes,8,4,"54,106"
Series C - Bug Labs,https://www.crunchbase.com/funding_round/buglabs-series-c--52ba567b,Bug Labs,https://www.crunchbase.com/organization/buglabs,Series C,,"Aug 14, 2008",Late Stage Venture,,Yes,3,1,"155,048"
Private Equity Round - Frontier Strategy Group,https://www.crunchbase.com/funding_round/frontier-strategy-group-private-equity--ea15c1b8,Frontier Strategy Group,https://www.crunchbase.com/organization/frontier-strategy-group,Private Equity,"$11,400,000","Dec 1, 2010",Private Equity,,Yes,2,1,"155,286"
Series B - OMGPOP,https://www.crunchbase.com/funding_round/omgpop-series-b--1c1f5dfa,OMGPOP,https://www.crunchbase.com/organization/omgpop,Series B,"$10,100,000","Jan 6, 2011",Early Stage Venture,,Yes,4,3,"155,512"
Series A - ConvertMedia,https://www.crunchbase.com/funding_round/convertmedia-series-a--bf824bf5,ConvertMedia,https://www.crunchbase.com/organization/convertmedia,Series A,,"Sep 1, 2010",Early Stage Venture,,Yes,1,1,"156,088"
Series B - Benu Networks,https://www.crunchbase.com/funding_round/benu-networks-series-b--9f7e3277,Benu Networks,https://www.crunchbase.com/organization/benu-networks,Series B,"$26,600,000","Sep 10, 2013",Early Stage Venture,,Yes,3,3,"156,199"
Series A - Sourcepoint,https://www.crunchbase.com/funding_round/sourcepoint-series-a--aa344861,Sourcepoint,https://www.crunchbase.com/organization/sourcepoint,Series A,"$10,000,000","Jun 18, 2015",Early Stage Venture,,Yes,5,,"157,118"
Series C - Warby Parker,https://www.crunchbase.com/funding_round/warby-parker-series-c--d4320583,Warby Parker,https://www.crunchbase.com/organization/warby-parker,Series C,"$60,000,000","Dec 20, 2013",Late Stage Venture,,Yes,7,5,"166,318"
Series B - Thalmic Labs,https://www.crunchbase.com/funding_round/get-myo-series-b--06520336,Thalmic Labs,https://www.crunchbase.com/organization/get-myo,Series B,"$120,000,000","Sep 19, 2016",Early Stage Venture,,Yes,8,2,"167,406"
Series B - Quantopian,https://www.crunchbase.com/funding_round/quantopian-series-b--c827bea2,Quantopian,https://www.crunchbase.com/organization/quantopian,Series B,"$15,000,000","Oct 16, 2014",Early Stage Venture,,Yes,4,4,"167,532"
Series C - Adap.tv,https://www.crunchbase.com/funding_round/adap-tv-series-c--75a24263,Adap.tv,https://www.crunchbase.com/organization/adap-tv,Series C,"$20,000,000","Mar 28, 2011",Late Stage Venture,,Yes,4,4,"169,476"
Series A - Admeld,https://www.crunchbase.com/funding_round/admeld-series-a--353c1a95,Admeld,https://www.crunchbase.com/organization/admeld,Series A,"$7,000,000","Nov 10, 2008",Early Stage Venture,,Yes,2,2,"169,708"
Series C - Fundbox,https://www.crunchbase.com/funding_round/fundbox-series-c--67f4a1e9,Fundbox,https://www.crunchbase.com/organization/fundbox,Series C,"$50,000,000","Sep 10, 2015",Late Stage Venture,,Yes,10,3,"170,435"
Series B - Affirm,https://www.crunchbase.com/funding_round/affirm-series-b--1fa0849d,Affirm,https://www.crunchbase.com/organization/affirm,Series B,"$275,000,000","May 6, 2015",Early Stage Venture,,Yes,5,3,"172,523"
Seed Round - Talkspace,https://www.crunchbase.com/funding_round/talkspace-seed--ebd16571,Talkspace,https://www.crunchbase.com/organization/talkspace,Seed,"$1,000,000","Dec 16, 2014",Seed,,Yes,2,1,"172,566"
Series B - 1stdibs,https://www.crunchbase.com/funding_round/1stdibs-series-b--d060bf2f,1stdibs,https://www.crunchbase.com/organization/1stdibs,Series B,"$42,000,000","Dec 3, 2012",Early Stage Venture,,Yes,3,3,"176,012"
Series B - Everything But The House (EBTH),https://www.crunchbase.com/funding_round/everything-but-the-house-series-b--a571b0d1,Everything But The House (EBTH),https://www.crunchbase.com/organization/everything-but-the-house,Series B,"$30,000,000","Aug 24, 2015",Early Stage Venture,,Yes,5,1,"176,480"
Series B - Handshake,https://www.crunchbase.com/funding_round/handshake-2-series-b--e4f1ad79,Handshake,https://www.crunchbase.com/organization/handshake-2,Series B,"$20,000,000","Nov 17, 2016",Early Stage Venture,,Yes,5,4,"177,218"
Venture Round - Benu Networks,https://www.crunchbase.com/funding_round/benu-networks-series-unknown--bda7f2d0,Benu Networks,https://www.crunchbase.com/organization/benu-networks,Venture - Series Unknown,"$5,030,248","Aug 19, 2013",,,Yes,1,,"177,481"
Seed Round - Priceonomics,https://www.crunchbase.com/funding_round/priceonomics-seed--3f5f759e,Priceonomics,https://www.crunchbase.com/organization/priceonomics,Seed,"$1,500,000","May 4, 2012",Seed,,Yes,28,1,"177,999"
Series A - LOLA,https://www.crunchbase.com/funding_round/lola-series-a--3089afe6,LOLA,https://www.crunchbase.com/organization/lola,Series A,"$7,000,000","Dec 12, 2016",Early Stage Venture,,Yes,7,3,"178,296"
Series B - Superpedestrian,https://www.crunchbase.com/funding_round/superpedestrian-series-b--2405ff3f,Superpedestrian,https://www.crunchbase.com/organization/superpedestrian,Series B,"$21,000,000","Jul 1, 2015",Early Stage Venture,,Yes,5,2,"178,538"
Seed Round - Hey! Inc.,https://www.crunchbase.com/funding_round/hey-seed--5e26c794,Hey! Inc.,https://www.crunchbase.com/organization/hey,Seed,"$2,000,000","Dec 5, 2013",Seed,,Yes,19,3,"179,137"
Series B - Warby Parker,https://www.crunchbase.com/funding_round/warby-parker-series-b--bcee9b01,Warby Parker,https://www.crunchbase.com/organization/warby-parker,Series B,"$41,500,000","Jan 1, 2013",Early Stage Venture,,Yes,10,3,"181,076"
Series A - Skillshare,https://www.crunchbase.com/funding_round/skillshare-series-a--3a513570,Skillshare,https://www.crunchbase.com/organization/skillshare,Series A,"$3,100,000","Aug 16, 2011",Early Stage Venture,,Yes,3,3,"54,899"
Seed Round - MightyTV,https://www.crunchbase.com/funding_round/mightytv-seed--4a47048a,MightyTV,https://www.crunchbase.com/organization/mightytv,Seed,"$2,000,000","Jun 14, 2016",Seed,,Yes,2,2,"115,565"
Series A - Qriously,https://www.crunchbase.com/funding_round/qriously-series-a--d1bfca52,Qriously,https://www.crunchbase.com/organization/qriously,Series A,"$3,500,000","May 30, 2013",Early Stage Venture,,Yes,2,2,"120,030"
Series B - Behalf,https://www.crunchbase.com/funding_round/behalf-series-b--9da89b4d,Behalf,https://www.crunchbase.com/organization/behalf,Series B,"$119,000,000","Jul 29, 2015",Early Stage Venture,,Yes,6,3,"122,047"
Series B - Carta,https://www.crunchbase.com/funding_round/eshares-series-b--a1f9ffce,Carta,https://www.crunchbase.com/organization/eshares,Series B,"$17,000,000","Aug 13, 2015",Early Stage Venture,"$60,000,000",Yes,8,1,"127,522"
Seed Round - Talkspace,https://www.crunchbase.com/funding_round/talkspace-seed--14b9a9d2,Talkspace,https://www.crunchbase.com/organization/talkspace,Seed,"$2,500,000","May 12, 2014",Seed,,Yes,4,1,"131,538"
Series B - KickApps,https://www.crunchbase.com/funding_round/kickapps-series-b--b1e97ad4,KickApps,https://www.crunchbase.com/organization/kickapps,Series B,"$11,000,000","Aug 1, 2007",Early Stage Venture,,Yes,4,2,"57,060"
Seed Round - Socratic,https://www.crunchbase.com/funding_round/socratic-seed--41c3c49e,Socratic,https://www.crunchbase.com/organization/socratic,Seed,"$1,500,000","Oct 8, 2013",Seed,,Yes,6,4,"134,540"
Seed Round - Superpedestrian,https://www.crunchbase.com/funding_round/superpedestrian-seed--37ed6e97,Superpedestrian,https://www.crunchbase.com/organization/superpedestrian,Seed,"$2,100,000","Dec 1, 2012",Seed,,Yes,1,,"136,560"
Series B - Buzzwire,https://www.crunchbase.com/funding_round/buzzwire-series-b--39554d4c,Buzzwire,https://www.crunchbase.com/organization/buzzwire,Series B,"$8,000,000","Dec 1, 2007",Early Stage Venture,,Yes,3,2,"139,101"
Series A - Bond Street,https://www.crunchbase.com/funding_round/bond-street-marketplace-series-a--aa89552f,Bond Street,https://www.crunchbase.com/organization/bond-street-marketplace,Series A,"$10,000,000","Jun 18, 2015",Early Stage Venture,,Yes,15,1,"139,284"
Series A - Verse,https://www.crunchbase.com/funding_round/verse-2-series-a--3e2b0f75,Verse,https://www.crunchbase.com/organization/verse-2,Series A,"$8,300,000","Oct 24, 2016",Early Stage Venture,,Yes,3,,"141,982"
Series A - Freight Farms,https://www.crunchbase.com/funding_round/freight-farms-series-a--5e6ee070,Freight Farms,https://www.crunchbase.com/organization/freight-farms,Series A,"$3,700,000","Dec 17, 2014",Early Stage Venture,,Yes,1,1,"142,061"
Seed Round - Colu,https://www.crunchbase.com/funding_round/colu-seed--d7d88ef0,Colu,https://www.crunchbase.com/organization/colu,Seed,"$2,500,000","Jan 27, 2015",Seed,,Yes,4,5,"142,465"
Series A - Sincerely,https://www.crunchbase.com/funding_round/sincerely-series-a--a9488194,Sincerely,https://www.crunchbase.com/organization/sincerely,Series A,"$3,000,000","Oct 26, 2011",Early Stage Venture,,Yes,4,2,"58,365"
Series A - WorkMarket,https://www.crunchbase.com/funding_round/work-market-series-a--c48cf305,WorkMarket,https://www.crunchbase.com/organization/work-market,Series A,"$6,000,000","Jun 14, 2010",Early Stage Venture,,Yes,2,,"58,522"
Venture Round - Pixie Technology,https://www.crunchbase.com/funding_round/pixie-technology-series-unknown--1fe63122,Pixie Technology,https://www.crunchbase.com/organization/pixie-technology,Venture - Series Unknown,"$1,470,000","Mar 1, 2014",,,Yes,2,2,"59,001"
Series A - Kitchensurfing,https://www.crunchbase.com/funding_round/kitchensurfing-series-a--20734513,Kitchensurfing,https://www.crunchbase.com/organization/kitchensurfing,Series A,"$3,500,000","Apr 4, 2013",Early Stage Venture,,Yes,3,3,"142,883"
Seed Round - OnSwipe,https://www.crunchbase.com/funding_round/onswipe-seed--1c6dfe86,OnSwipe,https://www.crunchbase.com/organization/onswipe,Seed,"$1,000,000","Jan 13, 2011",Seed,,Yes,11,6,"143,326"
Seed Round - Benu Networks,https://www.crunchbase.com/funding_round/benu-networks-seed--aaf757ef,Benu Networks,https://www.crunchbase.com/organization/benu-networks,Seed,,"Jan 1, 2011",Seed,,Yes,3,,"144,646"
Series A - Flywire,https://www.crunchbase.com/funding_round/peertransfer-series-a--38e84795,Flywire,https://www.crunchbase.com/organization/peertransfer,Series A,"$7,500,000","Aug 15, 2011",Early Stage Venture,,Yes,4,1,"60,033"
Series A - Lift,https://www.crunchbase.com/funding_round/lift-ux-series-a--3ee70eb7,Lift,https://www.crunchbase.com/organization/lift-ux,Series A,"$2,500,000","Nov 27, 2012",Early Stage Venture,,Yes,4,1,"145,798"
Series B - Timehop,https://www.crunchbase.com/funding_round/timehop-series-b--3716bf36,Timehop,https://www.crunchbase.com/organization/timehop,Series B,"$10,000,000","Jul 22, 2014",Early Stage Venture,,Yes,5,3,"60,347"
Series A - Biosocia,https://www.crunchbase.com/funding_round/biosocia-series-a--89f76ec7,Biosocia,https://www.crunchbase.com/organization/biosocia,Series A,"$1,500,000","Jul 20, 2008",Early Stage Venture,,Yes,3,1,"148,002"
Venture Round - Aviary,https://www.crunchbase.com/funding_round/aviary-series-unknown--12b2c981,Aviary,https://www.crunchbase.com/organization/aviary,Venture - Series Unknown,"$6,000,000","Jun 27, 2012",,,Yes,2,1,"148,032"
Series C - Everything But The House (EBTH),https://www.crunchbase.com/funding_round/everything-but-the-house-series-c--a55e66c8,Everything But The House (EBTH),https://www.crunchbase.com/organization/everything-but-the-house,Series C,"$41,500,000","Oct 1, 2016",Late Stage Venture,,Yes,5,2,"148,205"
Series A - TravelPerk,https://www.crunchbase.com/funding_round/travelperk-s-l--series-a--9a60be6c,TravelPerk,https://www.crunchbase.com/organization/travelperk-s-l-,Series A,"$7,000,000","Jun 9, 2016",Early Stage Venture,,Yes,5,,"90,612"
Seed Round - Extension Entertainment,https://www.crunchbase.com/funding_round/extension-entertainment-seed--b101fc48,Extension Entertainment,https://www.crunchbase.com/organization/extension-entertainment,Seed,"$500,000","May 16, 2010",Seed,,Yes,4,1,"150,595"
Series A - Orchard Platform,https://www.crunchbase.com/funding_round/orchard-series-a--2a3a1308,Orchard Platform,https://www.crunchbase.com/organization/orchard,Series A,"$12,000,000","Oct 21, 2014",Early Stage Venture,,Yes,9,2,"150,632"
Seed Round - Orchard Platform,https://www.crunchbase.com/funding_round/orchard-seed--a33da08e,Orchard Platform,https://www.crunchbase.com/organization/orchard,Seed,"$2,700,000","Dec 16, 2013",Seed,,Yes,10,3,"151,223"
Venture Round - Harmonix Music Systems,https://www.crunchbase.com/funding_round/harmonix-music-systems-series-unknown--8c17979b,Harmonix Music Systems,https://www.crunchbase.com/organization/harmonix-music-systems,Venture - Series Unknown,"$15,045,983","Sep 4, 2015",,,Yes,3,2,"92,839"
Series A - Group Commerce,https://www.crunchbase.com/funding_round/group-commerce-series-a--b07708e3,Group Commerce,https://www.crunchbase.com/organization/group-commerce,Series A,"$8,000,000","Jun 1, 2010",Early Stage Venture,,Yes,4,2,"81,219"
Series A - Coach.me,https://www.crunchbase.com/funding_round/lift-worldwide-series-a--8bb6fa96,Coach.me,https://www.crunchbase.com/organization/lift-worldwide,Series A,"$2,500,000","Nov 28, 2012",Early Stage Venture,,Yes,2,1,"81,838"
"Seed Round - Bumpers, Inc.",https://www.crunchbase.com/funding_round/bumpers-seed--813c68f7,"Bumpers, Inc.",https://www.crunchbase.com/organization/bumpers,Seed,"$1,000,000","Oct 20, 2016",Seed,,Yes,3,,"82,677"
Series A - Plaid,https://www.crunchbase.com/funding_round/plaid-series-a--27a2f9c7,Plaid,https://www.crunchbase.com/organization/plaid,Series A,"$12,500,000","Nov 15, 2014",Early Stage Venture,,Yes,4,2,"82,743"
Series B - Talkspace,https://www.crunchbase.com/funding_round/talkspace-series-b--1d546565,Talkspace,https://www.crunchbase.com/organization/talkspace,Series B,"$15,000,000","Jun 14, 2016",Early Stage Venture,,Yes,5,2,"61,928"
Series A - Hey! Inc.,https://www.crunchbase.com/funding_round/hey-series-a--ebb7f336,Hey! Inc.,https://www.crunchbase.com/organization/hey,Series A,"$3,500,000","Jan 3, 2014",Early Stage Venture,,Yes,3,2,"86,885"
Series C - Admeld,https://www.crunchbase.com/funding_round/admeld-series-c--7d10fd02,Admeld,https://www.crunchbase.com/organization/admeld,Series C,"$15,000,000","Aug 1, 2010",Late Stage Venture,,Yes,4,3,"87,024"
Seed Round - Panjo,https://www.crunchbase.com/funding_round/panjo-seed--ab37c92e,Panjo,https://www.crunchbase.com/organization/panjo,Seed,"$1,600,000","Jul 23, 2013",Seed,,Yes,5,1,"96,036"
Series B - Twitter,https://www.crunchbase.com/funding_round/twitter-series-b--012d17ab,Twitter,https://www.crunchbase.com/organization/twitter,Series B,"$15,000,000","Jun 24, 2008",Early Stage Venture,,Yes,6,3,"89,604"
Venture Round - OnSwipe,https://www.crunchbase.com/funding_round/onswipe-series-unknown--0678f6a1,OnSwipe,https://www.crunchbase.com/organization/onswipe,Venture - Series Unknown,"$5,000,000","Jun 2, 2011",,,Yes,8,7,"62,963"
Series A - Jana,https://www.crunchbase.com/funding_round/jana-series-a--5e4a526c,Jana,https://www.crunchbase.com/organization/jana,Series A,"$8,500,000","Apr 5, 2011",Early Stage Venture,,Yes,1,1,"63,188"
Series A - BloomNation,https://www.crunchbase.com/funding_round/bloomnation-series-a--894759c1,BloomNation,https://www.crunchbase.com/organization/bloomnation,Series A,"$5,550,000","Oct 7, 2014",Early Stage Venture,,Yes,6,3,"96,291"
Series D - Twitter,https://www.crunchbase.com/funding_round/twitter-series-d--31789519,Twitter,https://www.crunchbase.com/organization/twitter,Series D,"$100,000,000","Sep 25, 2009",Late Stage Venture,"$900,000,000",Yes,6,7,"96,518"
Venture Round - thePlatform,https://www.crunchbase.com/funding_round/theplatform-series-unknown--ea22687b,thePlatform,https://www.crunchbase.com/organization/theplatform,Venture - Series Unknown,"$8,000,000","Jan 12, 2006",,,Yes,2,2,"90,003"
Series B - Verivue,https://www.crunchbase.com/funding_round/verivue-series-b--bd8711ff,Verivue,https://www.crunchbase.com/organization/verivue,Series B,"$40,000,000","Jul 1, 2008",Early Stage Venture,,Yes,5,3,"91,094"
Series E - Tumblr Inc.,https://www.crunchbase.com/funding_round/tumblr-series-e--4dc08d15,Tumblr Inc.,https://www.crunchbase.com/organization/tumblr,Series E,"$85,000,000","Sep 26, 2011",Late Stage Venture,,Yes,8,7,"97,312"
Series B - Covestor,https://www.crunchbase.com/funding_round/covestor-series-b--fa7d05bd,Covestor,https://www.crunchbase.com/organization/covestor,Series B,"$12,750,000","Jun 13, 2013",Early Stage Venture,,Yes,4,3,"63,821"
Series C - Medium,https://www.crunchbase.com/funding_round/medium-series-c--26e87ef5,Medium,https://www.crunchbase.com/organization/medium,Series C,"$50,000,000","Apr 21, 2016",Late Stage Venture,"$550,000,000",Yes,3,2,"64,042"
Seed Round - Sidewire,https://www.crunchbase.com/funding_round/sidewire-seed--71918895,Sidewire,https://www.crunchbase.com/organization/sidewire,Seed,"$4,850,000","Sep 16, 2015",Seed,,Yes,2,1,"64,069"
Series A - Cover,https://www.crunchbase.com/funding_round/pay-with-cover-series-a--c380a636,Cover,https://www.crunchbase.com/organization/pay-with-cover,Series A,"$5,500,000","Jul 10, 2014",Early Stage Venture,,Yes,14,1,"94,882"
Series C - Kik,https://www.crunchbase.com/funding_round/kik-interactive-series-c--a07c7f29,Kik,https://www.crunchbase.com/organization/kik-interactive,Series C,"$38,300,000","Nov 19, 2014",Late Stage Venture,,Yes,10,6,"97,996"
Series C - Postmates,https://www.crunchbase.com/funding_round/postmates-series-c--0e65112f,Postmates,https://www.crunchbase.com/organization/postmates,Series C,"$35,000,000","Feb 20, 2015",Late Stage Venture,,Yes,6,5,"98,325"
Series A - Colu,https://www.crunchbase.com/funding_round/colu-series-a--024f39e7,Colu,https://www.crunchbase.com/organization/colu,Series A,"$9,600,000","Jun 22, 2016",Early Stage Venture,,Yes,3,3,"101,031"
Series A - Everything But The House (EBTH),https://www.crunchbase.com/funding_round/everything-but-the-house-series-a--ee97d165,Everything But The House (EBTH),https://www.crunchbase.com/organization/everything-but-the-house,Series A,"$13,000,000","Nov 25, 2014",Early Stage Venture,,Yes,3,1,"98,960"
Series C - Tumblr Inc.,https://www.crunchbase.com/funding_round/tumblr-series-c--1f67d19a,Tumblr Inc.,https://www.crunchbase.com/organization/tumblr,Series C,"$5,000,000","Apr 20, 2010",Late Stage Venture,,Yes,2,3,"99,255"
Series C - Foursquare,https://www.crunchbase.com/funding_round/foursquare-series-c--41ec877c,Foursquare,https://www.crunchbase.com/organization/foursquare,Series C,"$50,000,000","Jun 24, 2011",Late Stage Venture,"$600,000,000",Yes,5,6,"101,375"
Series B - Veoh,https://www.crunchbase.com/funding_round/veoh-series-b--b5a06b5d,Veoh,https://www.crunchbase.com/organization/veoh,Series B,"$12,500,000","Apr 1, 2006",Early Stage Venture,,Yes,3,2,"103,545"
Series A - 5min Media,https://www.crunchbase.com/funding_round/5min-series-a--3dc5ee98,5min Media,https://www.crunchbase.com/organization/5min,Series A,"$5,000,000","Nov 1, 2007",Early Stage Venture,,Yes,1,2,"154,345"
Series A - Altius Education,https://www.crunchbase.com/funding_round/altius-education-series-a--187e23da,Altius Education,https://www.crunchbase.com/organization/altius-education,Series A,"$8,000,000","Sep 23, 2009",Early Stage Venture,,Yes,2,2,"154,452"
Series B - Signpost,https://www.crunchbase.com/funding_round/signpost-series-b--60b4db78,Signpost,https://www.crunchbase.com/organization/signpost,Series B,"$10,000,000","Nov 19, 2013",Early Stage Venture,,Yes,4,3,"65,116"
Series B - Sourcepoint,https://www.crunchbase.com/funding_round/sourcepoint-series-b--17b29f24,Sourcepoint,https://www.crunchbase.com/organization/sourcepoint,Series B,"$16,000,000","Jan 25, 2017",Early Stage Venture,,Yes,5,1,"103,961"
Series B - Tumblr Inc.,https://www.crunchbase.com/funding_round/tumblr-series-b--5887dafc,Tumblr Inc.,https://www.crunchbase.com/organization/tumblr,Series B,"$4,500,000","Dec 11, 2008",Early Stage Venture,,Yes,2,3,"105,606"
Series A - Storenvy,https://www.crunchbase.com/funding_round/storenvy-series-a--b727f2ed,Storenvy,https://www.crunchbase.com/organization/storenvy,Series A,"$5,000,000","Feb 12, 2013",Early Stage Venture,,Yes,3,2,"105,743"
Series B - GetYourGuide,https://www.crunchbase.com/funding_round/getyourguide-series-b--f051038e,GetYourGuide,https://www.crunchbase.com/organization/getyourguide,Series B,"$25,000,000","Jul 31, 2014",Early Stage Venture,,Yes,4,3,"65,496"
Venture Round - Intune Networks,https://www.crunchbase.com/funding_round/intune-networks-series-unknown--8ecc1f37,Intune Networks,https://www.crunchbase.com/organization/intune-networks,Venture - Series Unknown,"$32,500,000","Oct 2, 2009",,,Yes,6,4,"193,986"
Series B - Oculus,https://www.crunchbase.com/funding_round/oculus-vr-series-b--02babe1b,Oculus,https://www.crunchbase.com/organization/oculus-vr,Series B,"$75,000,000","Dec 12, 2013",Early Stage Venture,,Yes,4,5,"194,208"
Series C - IEX Group,https://www.crunchbase.com/funding_round/iex-series-c--8ab93aeb,IEX Group,https://www.crunchbase.com/organization/iex,Series C,"$75,000,000","Sep 2, 2014",Late Stage Venture,,Yes,7,1,"194,365"
Series A - Academia.edu,https://www.crunchbase.com/funding_round/academia-edu-series-a--537798a2,Academia.edu,https://www.crunchbase.com/organization/academia-edu,Series A,"$4,500,000","Nov 30, 2011",Early Stage Venture,,Yes,2,1,"194,850"
Series B - 5min Media,https://www.crunchbase.com/funding_round/5min-series-b--dfaaa303,5min Media,https://www.crunchbase.com/organization/5min,Series B,"$7,500,000","Jul 23, 2009",Early Stage Venture,,Yes,2,3,"194,906"
Series C - Cybereason,https://www.crunchbase.com/funding_round/cybereason-series-c--3ea8c397,Cybereason,https://www.crunchbase.com/organization/cybereason,Series C,"$59,000,000","Oct 12, 2015",Late Stage Venture,,Yes,3,2,"107,144"
Series B - Pixie Technology,https://www.crunchbase.com/funding_round/pixie-technology-series-b--d708f9ac,Pixie Technology,https://www.crunchbase.com/organization/pixie-technology,Series B,"$18,500,000","Jul 7, 2016",Early Stage Venture,,Yes,3,2,"107,456"
Series B - Flywire,https://www.crunchbase.com/funding_round/peertransfer-series-b--93d55b76,Flywire,https://www.crunchbase.com/organization/peertransfer,Series B,"$6,200,000","Jan 1, 2014",Early Stage Venture,,Yes,4,2,"107,524"
Private Equity Round - I-Wireless,https://www.crunchbase.com/funding_round/i-wireless-private-equity--dec4567a,I-Wireless,https://www.crunchbase.com/organization/i-wireless,Private Equity,,"Jan 1, 2006",Private Equity,,Yes,3,1,"66,299"
Series A - gdgt,https://www.crunchbase.com/funding_round/gdgt-series-a--b65871ed,gdgt,https://www.crunchbase.com/organization/gdgt,Series A,"$3,165,000","Apr 7, 2010",Early Stage Venture,,Yes,6,4,"66,397"
Seed Round - Fig,https://www.crunchbase.com/funding_round/fig-4-seed--ba255484,Fig,https://www.crunchbase.com/organization/fig-4,Seed,,"Aug 18, 2015",Seed,,Yes,4,1,"119,479"
Venture Round - Verified Identity Pass,https://www.crunchbase.com/funding_round/verified-identity-pass-2-series-unknown--144ba95a,Verified Identity Pass,https://www.crunchbase.com/organization/verified-identity-pass-2,Venture - Series Unknown,"$44,000,000","Aug 20, 2008",,"$90,000,000",Yes,6,,"119,564"
Debt Financing - Foursquare,https://www.crunchbase.com/funding_round/foursquare-debt-financing--a1da23a9,Foursquare,https://www.crunchbase.com/organization/foursquare,Debt Financing,"$41,000,000","Apr 11, 2013",,,No,5,6,"119,865"
Series A - Tumblr Inc.,https://www.crunchbase.com/funding_round/tumblr-series-a--1a15d93c,Tumblr Inc.,https://www.crunchbase.com/organization/tumblr,Series A,"$750,000","Oct 31, 2007",Early Stage Venture,,Yes,5,3,"196,118"
Series A - 8D World,https://www.crunchbase.com/funding_round/8dworld-series-a--ca5833d2,8D World,https://www.crunchbase.com/organization/8dworld,Series A,"$7,000,000","Mar 1, 2008",Early Stage Venture,,Yes,2,1,"196,159"
Series A - Socratic,https://www.crunchbase.com/funding_round/socratic-series-a--69f11921,Socratic,https://www.crunchbase.com/organization/socratic,Series A,"$6,000,000","Mar 25, 2015",Early Stage Venture,,Yes,4,2,"196,211"
Seed Round - Privlo,https://www.crunchbase.com/funding_round/privlo-seed--1dd47fb9,Privlo,https://www.crunchbase.com/organization/privlo,Seed,"$3,800,000","Jul 30, 2014",Seed,,Yes,2,1,"196,424"
Series A - Trello,https://www.crunchbase.com/funding_round/trello-series-a--03cbfe20,Trello,https://www.crunchbase.com/organization/trello,Series A,"$10,340,000","Jul 24, 2014",Early Stage Venture,,Yes,3,3,"196,614"
Seed Round - FundersClub,https://www.crunchbase.com/funding_round/fundersclub-seed--005a1490,FundersClub,https://www.crunchbase.com/organization/fundersclub,Seed,"$6,500,000","Oct 19, 2012",Seed,,Yes,27,3,"108,620"
Series B - Plaid,https://www.crunchbase.com/funding_round/plaid-series-b--9faebc03,Plaid,https://www.crunchbase.com/organization/plaid,Series B,"$44,000,000","Jun 19, 2016",Early Stage Venture,,Yes,5,4,"197,629"
Series A - Coin,https://www.crunchbase.com/funding_round/coin-series-a--083643be,Coin,https://www.crunchbase.com/organization/coin,Series A,"$15,500,000","May 5, 2014",Early Stage Venture,,Yes,10,5,"198,231"
Series A - Fig,https://www.crunchbase.com/funding_round/fig-4-series-a--e0bfb623,Fig,https://www.crunchbase.com/organization/fig-4,Series A,"$7,840,000","Jan 19, 2017",Early Stage Venture,,Yes,5,2,"198,879"
Series A - OneRiot,https://www.crunchbase.com/funding_round/oneriot-series-a--96006d77,OneRiot,https://www.crunchbase.com/organization/oneriot,Series A,"$5,300,000","Jan 1, 2006",Early Stage Venture,,Yes,3,2,"199,075"
Series A - Hello Alfred,https://www.crunchbase.com/funding_round/alfred-series-a--f06e2808,Hello Alfred,https://www.crunchbase.com/organization/alfred,Series A,"$10,500,000","Apr 14, 2015",Early Stage Venture,,Yes,4,4,"199,089"
Series B - Cybereason,https://www.crunchbase.com/funding_round/cybereason-series-b--1eb5a6ac,Cybereason,https://www.crunchbase.com/organization/cybereason,Series B,"$25,000,000","May 5, 2015",Early Stage Venture,,Yes,3,2,"120,671"
Series B - WorkMarket,https://www.crunchbase.com/funding_round/work-market-series-b--771adde7,WorkMarket,https://www.crunchbase.com/organization/work-market,Series B,"$10,000,000","May 13, 2013",Early Stage Venture,,Yes,3,2,"201,034"
Series C - Veoh,https://www.crunchbase.com/funding_round/veoh-series-c--4276294a,Veoh,https://www.crunchbase.com/organization/veoh,Series C,"$26,000,000","Jun 14, 2007",Late Stage Venture,,Yes,5,3,"112,917"
Series A - Panjo,https://www.crunchbase.com/funding_round/panjo-series-a--d86bf0b4,Panjo,https://www.crunchbase.com/organization/panjo,Series A,"$4,600,000","Nov 12, 2015",Early Stage Venture,,Yes,9,1,"112,931"
Series C - Twitter,https://www.crunchbase.com/funding_round/twitter-series-c--7ef9b5f7,Twitter,https://www.crunchbase.com/organization/twitter,Series C,"$35,000,000","Feb 13, 2009",Late Stage Venture,,Yes,6,7,"201,508"
Series A - Haven,https://www.crunchbase.com/funding_round/haven-series-a--20d76330,Haven,https://www.crunchbase.com/organization/haven,Series A,"$11,000,000","May 3, 2016",Early Stage Venture,,Yes,7,3,"201,709"
Series D - Veoh,https://www.crunchbase.com/funding_round/veoh-series-d--d7d0f2d0,Veoh,https://www.crunchbase.com/organization/veoh,Series D,"$30,000,000","Jun 3, 2008",Late Stage Venture,,Yes,10,4,"202,222"
Seed Round - Drop Messages,https://www.crunchbase.com/funding_round/drop-seed--c4cb9faa,Drop Messages,https://www.crunchbase.com/organization/drop,Seed,"$1,250,000","Aug 5, 2014",Seed,,Yes,3,1,"159,127"
Series A - Buzzwire,https://www.crunchbase.com/funding_round/buzzwire-series-a--ce192445,Buzzwire,https://www.crunchbase.com/organization/buzzwire,Series A,"$4,000,000","Jul 1, 2007",Early Stage Venture,,Yes,2,1,"159,715"
Series C - GetYourGuide,https://www.crunchbase.com/funding_round/getyourguide-series-c--e9918eaa,GetYourGuide,https://www.crunchbase.com/organization/getyourguide,Series C,"$50,000,000","Nov 13, 2015",Late Stage Venture,,Yes,6,5,"161,411"
Series F - Twitter,https://www.crunchbase.com/funding_round/twitter-series-f--f6dd9ca0,Twitter,https://www.crunchbase.com/organization/twitter,Series F,"$200,000,000","Dec 15, 2010",Late Stage Venture,"$3,500,000,000",Yes,6,7,"161,450"
Series C - OneRiot,https://www.crunchbase.com/funding_round/oneriot-series-c--55fadb0f,OneRiot,https://www.crunchbase.com/organization/oneriot,Series C,"$7,000,000","Aug 27, 2009",Late Stage Venture,,Yes,3,2,"162,264"
Seed Round - Nift Networks,https://www.crunchbase.com/funding_round/nift-networks-seed--12f6d532,Nift Networks,https://www.crunchbase.com/organization/nift-networks,Seed,"$3,000,000","May 16, 2016",Seed,,Yes,3,,"162,831"
Seed Round - Pixelapse,https://www.crunchbase.com/funding_round/pixelapse-seed--7765b720,Pixelapse,https://www.crunchbase.com/organization/pixelapse,Seed,,"Jun 5, 2012",Seed,,Yes,1,,"163,128"
Series C - WorkMarket,https://www.crunchbase.com/funding_round/work-market-series-c--ec9793b1,WorkMarket,https://www.crunchbase.com/organization/work-market,Series C,"$20,000,000","Jan 21, 2015",Late Stage Venture,,Yes,5,2,"163,391"
Series C - Goji,https://www.crunchbase.com/funding_round/consumer-united-series-c--66a2c36e,Goji,https://www.crunchbase.com/organization/consumer-united,Series C,"$52,500,000","Feb 12, 2013",Late Stage Venture,,Yes,3,2,"163,442"
Series A - Thalmic Labs,https://www.crunchbase.com/funding_round/get-myo-series-a--5a9a7168,Thalmic Labs,https://www.crunchbase.com/organization/get-myo,Series A,"$14,500,000","Jun 5, 2013",Early Stage Venture,,Yes,4,1,"163,462"
Venture Round - Sensr.net,https://www.crunchbase.com/funding_round/sensr-net-series-unknown--8c40ac5f,Sensr.net,https://www.crunchbase.com/organization/sensr-net,Venture - Series Unknown,"$1,500,000","Jan 26, 2011",,,Yes,9,1,"163,471"
Series A - Talkspace,https://www.crunchbase.com/funding_round/talkspace-series-a--40957045,Talkspace,https://www.crunchbase.com/organization/talkspace,Series A,"$9,500,000","May 12, 2015",Early Stage Venture,,Yes,3,1,"163,732"
Series A - Accelera,https://www.crunchbase.com/funding_round/accelera-series-a--490ba29b,Accelera,https://www.crunchbase.com/organization/accelera,Series A,"$3,033,472","May 3, 2013",Early Stage Venture,,Yes,1,1,"163,792"
Series A - Sonder,https://www.crunchbase.com/funding_round/flatbook-corp--series-a--2592366d,Sonder,https://www.crunchbase.com/organization/flatbook-corp-,Series A,"$10,000,000","Sep 21, 2016",Early Stage Venture,,Yes,4,2,"164,028"
Series D - Stack Overflow,https://www.crunchbase.com/funding_round/stack-overflow-series-d--00be9789,Stack Overflow,https://www.crunchbase.com/organization/stack-overflow,Series D,"$40,000,000","Jan 20, 2015",Late Stage Venture,,Yes,5,4,"164,472"
Series B - SendMe,https://www.crunchbase.com/funding_round/sendme-series-b--f792885d,SendMe,https://www.crunchbase.com/organization/sendme,Series B,"$6,000,000","Dec 1, 2006",Early Stage Venture,,Yes,3,1,"182,346"
Series A - Covestor,https://www.crunchbase.com/funding_round/covestor-series-a--5680602d,Covestor,https://www.crunchbase.com/organization/covestor,Series A,"$6,500,000","Apr 7, 2008",Early Stage Venture,,Yes,4,4,"183,674"
Series B - Stack Overflow,https://www.crunchbase.com/funding_round/stack-overflow-series-b--f26787e9,Stack Overflow,https://www.crunchbase.com/organization/stack-overflow,Series B,"$12,000,000","Mar 8, 2011",Early Stage Venture,,Yes,3,3,"183,974"
Series B - Altius Education,https://www.crunchbase.com/funding_round/altius-education-series-b--9707209b,Altius Education,https://www.crunchbase.com/organization/altius-education,Series B,"$18,600,000","Nov 17, 2010",Early Stage Venture,,Yes,3,3,"184,363"
Series B - Next New Networks,https://www.crunchbase.com/funding_round/next-new-networks-series-b--2be577f9,Next New Networks,https://www.crunchbase.com/organization/next-new-networks,Series B,"$15,000,000","Mar 12, 2008",Early Stage Venture,,Yes,6,3,"203,151"
Debt Financing - Keep Holdings,https://www.crunchbase.com/funding_round/keep-holdings-debt-financing--bdbe7f40,Keep Holdings,https://www.crunchbase.com/organization/keep-holdings,Debt Financing,"$4,150,000","Mar 16, 2015",,,No,4,1,"203,631"
Venture Round - Intune Networks,https://www.crunchbase.com/funding_round/intune-networks-series-unknown--2143d372,Intune Networks,https://www.crunchbase.com/organization/intune-networks,Venture - Series Unknown,"$17,750,000","Aug 9, 2007",,,Yes,3,3,"205,164"
Series B - Admeld,https://www.crunchbase.com/funding_round/admeld-series-b--33aa054a,Admeld,https://www.crunchbase.com/organization/admeld,Series B,"$8,000,000","Jun 24, 2009",Early Stage Venture,,Yes,2,2,"206,859"
Series A - Behalf,https://www.crunchbase.com/funding_round/behalf-series-a--46d54d5d,Behalf,https://www.crunchbase.com/organization/behalf,Series A,"$10,000,000","Sep 3, 2013",Early Stage Venture,,Yes,3,2,"207,115"
Series C - Verivue,https://www.crunchbase.com/funding_round/verivue-series-c--ee8b1701,Verivue,https://www.crunchbase.com/organization/verivue,Series C,"$20,000,000","Sep 9, 2009",Late Stage Venture,,Yes,5,3,"207,435"
Seed Round - Hello Alfred,https://www.crunchbase.com/funding_round/alfred-seed--eaff3eec,Hello Alfred,https://www.crunchbase.com/organization/alfred,Seed,"$2,000,000","Nov 17, 2014",Seed,,Yes,3,1,"207,625"
Series B - Mark43,https://www.crunchbase.com/funding_round/mark43-series-b--d6b38918,Mark43,https://www.crunchbase.com/organization/mark43,Series B,"$27,000,000","Apr 27, 2016",Early Stage Venture,,Yes,9,2,"208,474"
Seed Round - Plaid,https://www.crunchbase.com/funding_round/plaid-seed--4bbe2fa4,Plaid,https://www.crunchbase.com/organization/plaid,Seed,"$2,800,000","Sep 19, 2013",Seed,,Yes,5,2,"208,536"
Series D - SendMe,https://www.crunchbase.com/funding_round/sendme-series-d--f0602c58,SendMe,https://www.crunchbase.com/organization/sendme,Series D,"$12,000,000","Mar 5, 2009",Late Stage Venture,,Yes,5,2,"209,745"
Series A - KickApps,https://www.crunchbase.com/funding_round/kickapps-series-a--a246c202,KickApps,https://www.crunchbase.com/organization/kickapps,Series A,"$6,000,000","Jun 1, 2006",Early Stage Venture,,Yes,2,1,"210,177"
Series A - Picturelife,https://www.crunchbase.com/funding_round/picturelife-series-a--3ef42da9,Picturelife,https://www.crunchbase.com/organization/picturelife,Series A,"$4,000,000","Nov 2, 2012",Early Stage Venture,,Yes,10,3,"211,310"
Seed Round - Top Prospect,https://www.crunchbase.com/funding_round/top-prospect-seed--c19082a2,Top Prospect,https://www.crunchbase.com/organization/top-prospect,Seed,,"Jan 1, 2010",Seed,,Yes,7,,"211,797"
Series B - Pendo,https://www.crunchbase.com/funding_round/pendo-io-series-b--a7bd039f,Pendo,https://www.crunchbase.com/organization/pendo-io,Series B,"$20,000,000","Dec 12, 2016",Early Stage Venture,,Yes,6,3,"211,815"
Series A - Aura Frames,https://www.crunchbase.com/funding_round/pushd-series-a--1dd915de,Aura Frames,https://www.crunchbase.com/organization/pushd,Series A,"$6,000,000","Sep 29, 2016",Early Stage Venture,,Yes,1,,"184,797"
Series C - Sift Science,https://www.crunchbase.com/funding_round/sift-science-series-c--f48d6383,Sift Science,https://www.crunchbase.com/organization/sift-science,Series C,"$30,000,000","Jul 19, 2016",Late Stage Venture,,Yes,3,2,"185,757"
Series A - Proletariat,https://www.crunchbase.com/funding_round/proletariat-series-a--b3a5fed5,Proletariat,https://www.crunchbase.com/organization/proletariat,Series A,"$6,000,000","Feb 10, 2015",Early Stage Venture,,Yes,3,2,"186,291"
Series A - Boxee,https://www.crunchbase.com/funding_round/boxee-series-a--fb342545,Boxee,https://www.crunchbase.com/organization/boxee,Series A,"$4,000,000","Nov 18, 2008",Early Stage Venture,,Yes,3,3,"186,470"
Series A - Signpost,https://www.crunchbase.com/funding_round/signpost-series-a--12f6c96f,Signpost,https://www.crunchbase.com/organization/signpost,Series A,"$3,750,000","May 1, 2012",Early Stage Venture,,Yes,2,1,"188,296"
Series A - Mark43,https://www.crunchbase.com/funding_round/mark43-series-a--74cd18b2,Mark43,https://www.crunchbase.com/organization/mark43,Series A,"$10,800,000","Aug 3, 2015",Early Stage Venture,,Yes,9,3,"188,646"
Series C - Linkwell Health,https://www.crunchbase.com/funding_round/linkwell-health-series-c--982186c3,Linkwell Health,https://www.crunchbase.com/organization/linkwell-health,Series C,"$11,000,000","Jan 30, 2013",Late Stage Venture,,Yes,3,3,"189,953"
Venture Round - Wayfair,https://www.crunchbase.com/funding_round/wayfair-series-unknown--cf14ab81,Wayfair,https://www.crunchbase.com/organization/wayfair,Venture - Series Unknown,"$36,000,000","Dec 10, 2012",,,Yes,4,3,"190,070"
Series C - Group Commerce,https://www.crunchbase.com/funding_round/group-commerce-series-c--cfb88aa2,Group Commerce,https://www.crunchbase.com/organization/group-commerce,Series C,"$21,000,000","May 29, 2012",Late Stage Venture,,Yes,5,4,"191,449"
Seed Round - Quantopian,https://www.crunchbase.com/funding_round/quantopian-seed--de420055,Quantopian,https://www.crunchbase.com/organization/quantopian,Seed,"$2,100,000","Jan 29, 2013",Seed,,Yes,2,1,"191,801"
Series B - Keep Holdings,https://www.crunchbase.com/funding_round/keep-holdings-series-b--f5f03ce8,Keep Holdings,https://www.crunchbase.com/organization/keep-holdings,Series B,"$35,000,000","Jan 1, 2011",Early Stage Venture,,Yes,5,1,"192,441"
Series A - Wayfair,https://www.crunchbase.com/funding_round/wayfair-series-a--1b3fd250,Wayfair,https://www.crunchbase.com/organization/wayfair,Series A,"$165,000,000","Jun 21, 2011",Early Stage Venture,,Yes,4,3,"75,891"
Series A - Kumu Wellness,https://www.crunchbase.com/funding_round/fitorbit-series-a--67d4cbd5,Kumu Wellness,https://www.crunchbase.com/organization/fitorbit,Series A,"$3,200,000","Jan 4, 2011",Early Stage Venture,,Yes,1,1,"76,595"
Seed Round - Storenvy,https://www.crunchbase.com/funding_round/storenvy-seed--e6670b7d,Storenvy,https://www.crunchbase.com/organization/storenvy,Seed,"$1,525,000","Jan 1, 2011",Seed,,Yes,10,3,"77,818"
Series A - EQAL,https://www.crunchbase.com/funding_round/eqal-series-a--74718f2b,EQAL,https://www.crunchbase.com/organization/eqal,Series A,"$5,000,000","Apr 16, 2008",Early Stage Venture,,Yes,7,,"77,834"
Series B - FitnessKeeper,https://www.crunchbase.com/funding_round/fitnesskeeper-series-b--d7752f2b,FitnessKeeper,https://www.crunchbase.com/organization/fitnesskeeper,Series B,"$10,000,000","Nov 21, 2011",Early Stage Venture,,Yes,2,1,"78,485"
Venture Round - G4Native,https://www.crunchbase.com/funding_round/triggit-series-unknown--e9a0b21e,G4Native,https://www.crunchbase.com/organization/triggit,Venture - Series Unknown,"$4,200,000","Jun 24, 2010",,,Yes,2,2,"78,704"
Seed Round - Timehop,https://www.crunchbase.com/funding_round/timehop-seed--89c59db5,Timehop,https://www.crunchbase.com/organization/timehop,Seed,"$1,100,000","Jan 22, 2012",Seed,,Yes,9,1,"83,217"
Series C - SendMe,https://www.crunchbase.com/funding_round/sendme-series-c--60114dc0,SendMe,https://www.crunchbase.com/organization/sendme,Series C,"$15,000,000","Mar 18, 2008",Late Stage Venture,,Yes,4,2,"83,848"
Series B - Kik,https://www.crunchbase.com/funding_round/kik-interactive-series-b--b5f1165d,Kik,https://www.crunchbase.com/organization/kik-interactive,Series B,"$19,500,000","Apr 21, 2013",Early Stage Venture,,Yes,4,4,"85,775"
Series B - Flywire,https://www.crunchbase.com/funding_round/peertransfer-series-b--64f253ce,Flywire,https://www.crunchbase.com/organization/peertransfer,Series B,"$6,400,000","Jun 27, 2013",Early Stage Venture,,Yes,5,2,"86,019"
Series C - Behalf,https://www.crunchbase.com/funding_round/behalf-series-c--14f0a8e1,Behalf,https://www.crunchbase.com/organization/behalf,Series C,"$27,000,000","Aug 30, 2016",Late Stage Venture,,Yes,5,4,"91,907"
Series A - Lexity,https://www.crunchbase.com/funding_round/lexity-series-a--61866b61,Lexity,https://www.crunchbase.com/organization/lexity,Series A,"$4,500,000","Mar 3, 2011",Early Stage Venture,,Yes,3,1,"98,879"
Series A - Quantopian,https://www.crunchbase.com/funding_round/quantopian-series-a--88c7ebb3,Quantopian,https://www.crunchbase.com/organization/quantopian,Series A,"$6,700,000","Oct 2, 2013",Early Stage Venture,,Yes,2,2,"122,436"
Series A - Kik,https://www.crunchbase.com/funding_round/kik-interactive-series-a--b1b58e34,Kik,https://www.crunchbase.com/organization/kik-interactive,Series A,"$8,000,000","Mar 7, 2011",Early Stage Venture,,Yes,3,3,"99,796"
Venture Round - Signpost,https://www.crunchbase.com/funding_round/signpost-series-unknown--e2077275,Signpost,https://www.crunchbase.com/organization/signpost,Venture - Series Unknown,"$1,050,000","Mar 25, 2010",,,Yes,1,1,"102,179"
Series B - WorkMarket,https://www.crunchbase.com/funding_round/work-market-series-b--a03d65bf,WorkMarket,https://www.crunchbase.com/organization/work-market,Series B,"$5,000,000","Sep 1, 2011",Early Stage Venture,,Yes,3,2,"102,288"
Series B - Kitchensurfing,https://www.crunchbase.com/funding_round/kitchensurfing-series-b--f511b7f9,Kitchensurfing,https://www.crunchbase.com/organization/kitchensurfing,Series B,"$15,000,000","Mar 31, 2014",Early Stage Venture,,Yes,3,1,"102,421"
Series B - Skillshare,https://www.crunchbase.com/funding_round/skillshare-series-b--f1af2175,Skillshare,https://www.crunchbase.com/organization/skillshare,Series B,"$12,000,000","May 26, 2016",Early Stage Venture,,Yes,4,2,"116,384"
Seed Round - Mark43,https://www.crunchbase.com/funding_round/mark43-seed--72f406d3,Mark43,https://www.crunchbase.com/organization/mark43,Seed,"$1,950,000","Jul 15, 2013",Seed,,Yes,8,2,"116,731"
Series E - Foursquare,https://www.crunchbase.com/funding_round/foursquare-series-e--140ade1a,Foursquare,https://www.crunchbase.com/organization/foursquare,Series E,"$45,000,000","Jan 14, 2016",Late Stage Venture,"$300,000,000",Yes,6,6,"129,598"
Series A - Oculus,https://www.crunchbase.com/funding_round/oculus-vr-series-a--1be5636e,Oculus,https://www.crunchbase.com/organization/oculus-vr,Series A,"$16,000,000","Jun 17, 2013",Early Stage Venture,,Yes,8,4,"130,239"
Series D - Kateeva,https://www.crunchbase.com/funding_round/kateeva-series-d--65922207,Kateeva,https://www.crunchbase.com/organization/kateeva,Series D,"$38,000,000","Sep 15, 2014",Late Stage Venture,,Yes,7,2,"130,475"
Series A - Next New Networks,https://www.crunchbase.com/funding_round/next-new-networks-series-a--48365fcd,Next New Networks,https://www.crunchbase.com/organization/next-new-networks,Series A,"$8,000,000","Jan 1, 2007",Early Stage Venture,,Yes,1,2,"132,111"
Series B - Jelly HQ,https://www.crunchbase.com/funding_round/jellyhq-series-b--aba90d88,Jelly HQ,https://www.crunchbase.com/organization/jellyhq,Series B,,"Jan 23, 2014",Early Stage Venture,,Yes,2,2,"69,359"
Seed Round - Plume Design Inc.,https://www.crunchbase.com/funding_round/plume-design-inc-seed--ae12a7aa,Plume Design Inc.,https://www.crunchbase.com/organization/plume-design-inc,Seed,"$4,657,341","Jan 25, 2016",Seed,,Yes,3,,"69,890"
Series C - Jana,https://www.crunchbase.com/funding_round/jana-series-c--c5a37efc,Jana,https://www.crunchbase.com/organization/jana,Series C,"$57,000,000","Feb 18, 2016",Late Stage Venture,,Yes,3,3,"69,940"
Series C - Signpost,https://www.crunchbase.com/funding_round/signpost-series-c--2e828e60,Signpost,https://www.crunchbase.com/organization/signpost,Series C,"$20,500,000","Apr 28, 2015",Late Stage Venture,,Yes,6,7,"70,145"
Venture Round - eToro,https://www.crunchbase.com/funding_round/etoro-series-unknown--bbeef2bf,eToro,https://www.crunchbase.com/organization/etoro,Venture - Series Unknown,"$8,300,000","Jan 26, 2011",,,Yes,1,1,"70,429"
Series B - Academia.edu,https://www.crunchbase.com/funding_round/academia-edu-series-b--9c6aa8ce,Academia.edu,https://www.crunchbase.com/organization/academia-edu,Series B,"$11,100,000","Sep 26, 2013",Early Stage Venture,,Yes,3,2,"70,518"
Seed Round - Flywire,https://www.crunchbase.com/funding_round/peertransfer-seed--a68dfcb7,Flywire,https://www.crunchbase.com/organization/peertransfer,Seed,"$1,100,000","Oct 28, 2010",Seed,,Yes,11,1,"71,140"
Series A - Timehop,https://www.crunchbase.com/funding_round/timehop-series-a--6015fe27,Timehop,https://www.crunchbase.com/organization/timehop,Series A,"$3,000,000","Jul 25, 2013",Early Stage Venture,,Yes,2,1,"71,706"
Series A - IPWireless,https://www.crunchbase.com/funding_round/ipwireless-series-a--66a0182d,IPWireless,https://www.crunchbase.com/organization/ipwireless,Series A,"$15,500,000","Nov 18, 2009",Early Stage Venture,,Yes,2,1,"71,839"
Venture Round - Jana,https://www.crunchbase.com/funding_round/jana-series-unknown--4fc5d147,Jana,https://www.crunchbase.com/organization/jana,Venture - Series Unknown,"$12,500,008","Dec 30, 2014",,,Yes,2,3,"72,404"
Venture Round - Careship,https://www.crunchbase.com/funding_round/careship-series-unknown--bddb4ea5,Careship,https://www.crunchbase.com/organization/careship,Venture - Series Unknown,"$4,000,000","Jan 24, 2017",,,Yes,1,,"126,257"
Venture Round - Skillshare,https://www.crunchbase.com/funding_round/skillshare-series-unknown--893a7671,Skillshare,https://www.crunchbase.com/organization/skillshare,Venture - Series Unknown,"$6,100,168","Feb 28, 2014",,,Yes,3,1,"73,646"
Series C - Boxee,https://www.crunchbase.com/funding_round/boxee-series-c--0a238c65,Boxee,https://www.crunchbase.com/organization/boxee,Series C,"$16,500,000","Mar 1, 2011",Late Stage Venture,,Yes,5,4,"73,670"
Series B - Boxee,https://www.crunchbase.com/funding_round/boxee-series-b--d73204cf,Boxee,https://www.crunchbase.com/organization/boxee,Series B,"$6,000,000","Aug 12, 2009",Early Stage Venture,,Yes,3,2,"73,797"
Series D - Wealthfront,https://www.crunchbase.com/funding_round/wealthfront-series-d--545bc1b5,Wealthfront,https://www.crunchbase.com/organization/wealthfront,Series D,"$64,000,000","Oct 27, 2014",Late Stage Venture,"$636,000,000",Yes,7,5,"127,060"
Series C - Benu Networks,https://www.crunchbase.com/funding_round/benu-networks-series-c--c80875d8,Benu Networks,https://www.crunchbase.com/organization/benu-networks,Series C,"$27,700,000","Jan 27, 2015",Late Stage Venture,,Yes,6,3,"127,150"
Series D - Tumblr Inc.,https://www.crunchbase.com/funding_round/tumblr-series-d--47305214,Tumblr Inc.,https://www.crunchbase.com/organization/tumblr,Series D,"$30,000,000","Nov 19, 2010",Late Stage Venture,,Yes,3,4,"127,152"
Venture Round - Extension Entertainment,https://www.crunchbase.com/funding_round/extension-entertainment-series-unknown--05ed569e,Extension Entertainment,https://www.crunchbase.com/organization/extension-entertainment,Venture - Series Unknown,"$1,500,000","Feb 15, 2012",,,Yes,1,1,"128,197"
Series B - Group Commerce,https://www.crunchbase.com/funding_round/group-commerce-series-b--aa5a92d8,Group Commerce,https://www.crunchbase.com/organization/group-commerce,Series B,"$10,000,000","May 12, 2011",Early Stage Venture,,Yes,4,2,"128,497"
Seed Round - Svpply,https://www.crunchbase.com/funding_round/svpply-seed--882027ad,Svpply,https://www.crunchbase.com/organization/svpply,Seed,"$550,000","Nov 22, 2010",Seed,,Yes,5,1,"138,284"
Series B - Adap.tv,https://www.crunchbase.com/funding_round/adap-tv-series-b--1ed936ff,Adap.tv,https://www.crunchbase.com/organization/adap-tv,Series B,"$13,000,000","Sep 1, 2008",Early Stage Venture,,Yes,3,3,"138,300"
Venture Round - Twistbox Entertainment,https://www.crunchbase.com/funding_round/twistbox-entertainment-series-unknown--4f2c6773,Twistbox Entertainment,https://www.crunchbase.com/organization/twistbox-entertainment,Venture - Series Unknown,"$12,750,000","Jan 1, 2006",,,Yes,1,1,"139,658"
Series B - Sift Science,https://www.crunchbase.com/funding_round/sift-science-series-b--bb3003cc,Sift Science,https://www.crunchbase.com/organization/sift-science,Series B,"$18,000,000","May 14, 2014",Early Stage Venture,,Yes,4,2,"141,388"
Series D - Goji,https://www.crunchbase.com/funding_round/consumer-united-series-d--c4c3fabc,Goji,https://www.crunchbase.com/organization/consumer-united,Series D,"$14,000,000","Apr 15, 2014",Late Stage Venture,,Yes,4,2,"129,158"
Series B - Orchard Platform,https://www.crunchbase.com/funding_round/orchard-series-b--5ba8326e,Orchard Platform,https://www.crunchbase.com/organization/orchard,Series B,"$30,000,000","Sep 10, 2015",Early Stage Venture,,Yes,11,2,"129,560"
Series B - G4Native,https://www.crunchbase.com/funding_round/triggit-series-b--cd5f60c5,G4Native,https://www.crunchbase.com/organization/triggit,Series B,"$7,400,000","Nov 29, 2012",Early Stage Venture,,Yes,2,2,"143,977"
Seed Round - Extension Entertainment,https://www.crunchbase.com/funding_round/extension-entertainment-seed--fa476399,Extension Entertainment,https://www.crunchbase.com/organization/extension-entertainment,Seed,"$750,000","Apr 19, 2011",Seed,,Yes,4,2,"147,390"
Series B - Aviary,https://www.crunchbase.com/funding_round/aviary-series-b--0b16a8ad,Aviary,https://www.crunchbase.com/organization/aviary,Series B,"$7,000,000","Oct 26, 2009",Early Stage Venture,,Yes,2,1,"150,148"
Series E - Kateeva,https://www.crunchbase.com/funding_round/kateeva-series-e--39f1a783,Kateeva,https://www.crunchbase.com/organization/kateeva,Series E,"$88,000,000","May 19, 2016",Late Stage Venture,,Yes,12,2,"153,423"
