Transaction Name,Transaction Name URL,Organization Name,Organization Name URL,Funding Type,Money Raised,Announced Date,Funding Stage,Pre-Money Valuation,Equity Only Funding,Number of Investors,Number of Partner Investors,CB Rank (Funding Round)
Series C - Formlabs,https://www.crunchbase.com/funding_round/formlabs-series-c--9185bd55,Formlabs,https://www.crunchbase.com/organization/formlabs,Series C,"$29,999,968","Apr 4, 2018",Late Stage Venture,,Yes,6,,11
Series A - Sensu,https://www.crunchbase.com/funding_round/sensu-inc-series-a--54cf03b4,Sensu,https://www.crunchbase.com/organization/sensu-inc,Series A,"$10,000,000","Apr 13, 2018",Early Stage Venture,,Yes,2,1,130
Series B - Glowforge,https://www.crunchbase.com/funding_round/glowforge-series-b--b130c47f,Glowforge,https://www.crunchbase.com/organization/glowforge,Series B,"$10,000,000","Apr 23, 2018",Early Stage Venture,,Yes,2,,216
Series A - Nift Networks,https://www.crunchbase.com/funding_round/nift-networks-series-a--722b2c04,Nift Networks,https://www.crunchbase.com/organization/nift-networks,Series A,"$16,500,000","Mar 30, 2018",Early Stage Venture,,Yes,3,1,234
Series B - Pioneer Square Labs,https://www.crunchbase.com/funding_round/pioneer-square-labs-series-b--f6671a3f,Pioneer Square Labs,https://www.crunchbase.com/organization/pioneer-square-labs,Series B,"$15,000,000","Jan 18, 2018",Early Stage Venture,,Yes,18,1,"1,487"
Seed Round - Amper Music,https://www.crunchbase.com/funding_round/amper-music-seed--6e48f289,Amper Music,https://www.crunchbase.com/organization/amper-music,Seed,"$4,000,000","Mar 22, 2018",Seed,,Yes,5,2,"1,492"
Series C - Suzy,https://www.crunchbase.com/funding_round/crowdtap-series-c--6d9beaa5,Suzy,https://www.crunchbase.com/organization/crowdtap,Series C,"$5,100,000","Nov 20, 2017",Late Stage Venture,,Yes,3,3,"2,711"
Series B - Havenly,https://www.crunchbase.com/funding_round/havenly-series-b--ca6fd310,Havenly,https://www.crunchbase.com/organization/havenly,Series B,"$12,500,000","Jan 24, 2018",Early Stage Venture,,Yes,5,,"2,797"
Series A - Pi Inc.,https://www.crunchbase.com/funding_round/pi-charging-series-a--7c74c1c5,Pi Inc.,https://www.crunchbase.com/organization/pi-charging,Series A,"$11,400,000","Dec 5, 2017",Early Stage Venture,,Yes,6,1,"3,403"
Series D - Integrate,https://www.crunchbase.com/funding_round/integrate-series-d--81bbe3c0,Integrate,https://www.crunchbase.com/organization/integrate,Series D,"$8,000,000","Jul 19, 2017",Late Stage Venture,,Yes,10,7,"3,803"
Seed Round - Peer5,https://www.crunchbase.com/funding_round/peer5-seed--c0aefe65,Peer5,https://www.crunchbase.com/organization/peer5,Seed,,"Jan 20, 2015",Seed,,Yes,3,,"4,113"
Series C - Mapbox,https://www.crunchbase.com/funding_round/mapbox-series-c--0d6f112b,Mapbox,https://www.crunchbase.com/organization/mapbox,Series C,"$164,000,000","Oct 10, 2017",Late Stage Venture,"$64,000,000",Yes,6,1,"4,277"
Series A - Data Nerds,https://www.crunchbase.com/funding_round/data-nerds-series-a--a27c993b,Data Nerds,https://www.crunchbase.com/organization/data-nerds,Series A,"$3,000,000","Dec 7, 2017",Early Stage Venture,,Yes,2,,"4,584"
Venture Round - Dwolla,https://www.crunchbase.com/funding_round/dwolla-series-unknown--dbe1b4c0,Dwolla,https://www.crunchbase.com/organization/dwolla,Venture - Series Unknown,"$12,000,000","Feb 12, 2018",,,Yes,3,,"4,618"
Series C - Occipital,https://www.crunchbase.com/funding_round/occipital-series-c--7333c233,Occipital,https://www.crunchbase.com/organization/occipital,Series C,"$12,000,000","Jan 25, 2018",Late Stage Venture,,Yes,1,,"5,172"
Seed Round - Yumi,https://www.crunchbase.com/funding_round/yumi-seed--26ac67d2,Yumi,https://www.crunchbase.com/organization/yumi,Seed,"$4,099,999","Jun 13, 2017",Seed,"$11,000,000",Yes,10,1,"6,310"
Venture Round - The Pro's Closet,https://www.crunchbase.com/funding_round/the-pro-s-closet-series-unknown--c9f9cd80,The Pro's Closet,https://www.crunchbase.com/organization/the-pro-s-closet,Venture - Series Unknown,"$9,000,000","Sep 15, 2017",,,Yes,2,2,"6,758"
Series F - Rover.com,https://www.crunchbase.com/funding_round/rover-com-series-f--7cc27724,Rover.com,https://www.crunchbase.com/organization/rover-com,Series F,"$65,000,000","Jul 20, 2017",Late Stage Venture,,Yes,8,4,"6,771"
Series A - JOANY,https://www.crunchbase.com/funding_round/impact-health-series-a--f69bb27a,JOANY,https://www.crunchbase.com/organization/impact-health,Series A,"$13,000,000","Jul 17, 2017",Early Stage Venture,,Yes,6,2,"8,322"
Series B - Pilot,https://www.crunchbase.com/funding_round/pilot-2-series-b--f529a007,Pilot,https://www.crunchbase.com/organization/pilot-2,Series B,"$17,000,000","Sep 21, 2017",Early Stage Venture,,Yes,3,1,"9,391"
Series B - TrackR,https://www.crunchbase.com/funding_round/phone-halo-series-b--f40c3de8,TrackR,https://www.crunchbase.com/organization/phone-halo,Series B,"$50,000,000","Aug 2, 2017",Early Stage Venture,,Yes,6,2,"9,551"
Venture Round - JumpCloud,https://www.crunchbase.com/funding_round/jumpcloud-series-unknown--28b9ede9,JumpCloud,https://www.crunchbase.com/organization/jumpcloud,Venture - Series Unknown,"$20,000,000","Nov 20, 2017",,,Yes,2,,"10,065"
Seed Round - Taunt,https://www.crunchbase.com/funding_round/taunt-seed--ca6c0aa6,Taunt,https://www.crunchbase.com/organization/taunt,Seed,"$1,700,000","Sep 7, 2017",Seed,,Yes,2,1,"15,453"
Series B - HelloSign,https://www.crunchbase.com/funding_round/hellosign-series-b--b5fd8ff0,HelloSign,https://www.crunchbase.com/organization/hellosign,Series B,"$16,000,000","Jun 12, 2017",Early Stage Venture,,Yes,9,2,"20,414"
Series A - Misty Robotics,https://www.crunchbase.com/funding_round/misty-robotics-series-a--48056f39,Misty Robotics,https://www.crunchbase.com/organization/misty-robotics,Series A,"$11,500,000","Jun 20, 2017",Early Stage Venture,,Yes,2,,"23,250"
Seed Round - Cheddar Up,https://www.crunchbase.com/funding_round/cheddar-up-seed--5d88891d,Cheddar Up,https://www.crunchbase.com/organization/cheddar-up,Seed,"$725,000","Apr 9, 2015",Seed,,Yes,4,,"23,366"
Series A - Shelfari,https://www.crunchbase.com/funding_round/shelfari-series-a--5d442b8b,Shelfari,https://www.crunchbase.com/organization/shelfari,Series A,"$1,000,000","Mar 25, 2007",Early Stage Venture,,Yes,5,2,"26,080"
Series A - Pioneer Square Labs,https://www.crunchbase.com/funding_round/pioneer-square-labs-series-a--1897c15c,Pioneer Square Labs,https://www.crunchbase.com/organization/pioneer-square-labs,Series A,"$12,500,000","Oct 1, 2015",Early Stage Venture,,Yes,19,4,"26,334"
Series B - sovrn,https://www.crunchbase.com/funding_round/sovrn-series-b--a3938b7a,sovrn,https://www.crunchbase.com/organization/sovrn,Series B,"$3,300,000","Jun 25, 2007",Early Stage Venture,,Yes,3,2,"26,372"
Series A - Wanderu,https://www.crunchbase.com/funding_round/wanderu-series-a--f66df5a1,Wanderu,https://www.crunchbase.com/organization/wanderu,Series A,"$5,600,000","Nov 5, 2014",Early Stage Venture,,Yes,11,3,"26,526"
Series A - Looking Glass,https://www.crunchbase.com/funding_round/looking-glass-series-a--0612af29,Looking Glass,https://www.crunchbase.com/organization/looking-glass,Series A,,"Feb 11, 2017",Early Stage Venture,,Yes,4,3,"28,191"
Seed Round - Wonolo,https://www.crunchbase.com/funding_round/wonolo-seed--179fbaa6,Wonolo,https://www.crunchbase.com/organization/wonolo,Seed,"$2,200,000","May 15, 2015",Seed,"$7,500,000",Yes,8,,"29,391"
Venture Round - Sensu,https://www.crunchbase.com/funding_round/sensu-inc-series-unknown--f166385b,Sensu,https://www.crunchbase.com/organization/sensu-inc,Venture - Series Unknown,"$2,500,000","Jan 30, 2017",,,Yes,1,,"29,476"
Venture Round - PogoPlug,https://www.crunchbase.com/funding_round/pogoplug-series-unknown--afbe0cfa,PogoPlug,https://www.crunchbase.com/organization/pogoplug,Venture - Series Unknown,"$3,000,000","Dec 14, 2009",,,Yes,1,1,"29,699"
Series B - PogoPlug,https://www.crunchbase.com/funding_round/pogoplug-series-b--6b7cdc97,PogoPlug,https://www.crunchbase.com/organization/pogoplug,Series B,"$4,999,996","Oct 15, 2012",Early Stage Venture,,Yes,2,2,"29,707"
Series A - PogoPlug,https://www.crunchbase.com/funding_round/pogoplug-series-a--3265670e,PogoPlug,https://www.crunchbase.com/organization/pogoplug,Series A,"$3,253,184","May 13, 2009",Early Stage Venture,,Yes,1,1,"29,741"
Series A - Chowbotics,https://www.crunchbase.com/funding_round/casabots-series-a--81a5eb09,Chowbotics,https://www.crunchbase.com/organization/casabots,Series A,"$5,000,000","Mar 9, 2017",Early Stage Venture,,Yes,5,,"29,868"
Seed Round - Amper Music,https://www.crunchbase.com/funding_round/amper-music-seed--c7971dfe,Amper Music,https://www.crunchbase.com/organization/amper-music,Seed,"$4,000,000","Mar 2, 2017",Seed,,Yes,5,,"30,464"
Series B - 3D Robotics,https://www.crunchbase.com/funding_round/3d-robotics-series-b--d6221c11,3D Robotics,https://www.crunchbase.com/organization/3d-robotics,Series B,"$30,000,000","Sep 12, 2013",Early Stage Venture,,Yes,7,1,"30,807"
Series C - AppDirect,https://www.crunchbase.com/funding_round/appdirect-series-c--8eb99957,AppDirect,https://www.crunchbase.com/organization/appdirect,Series C,"$35,000,000","Apr 10, 2014",Late Stage Venture,,Yes,5,2,"30,819"
Series E - AppDirect,https://www.crunchbase.com/funding_round/appdirect-series-e--c8da82b2,AppDirect,https://www.crunchbase.com/organization/appdirect,Series E,"$140,000,000","Oct 7, 2015",Late Stage Venture,"$900,000,000",Yes,7,2,"30,828"
Series B - TeamSnap,https://www.crunchbase.com/funding_round/teamsnap-series-b--4bdda39d,TeamSnap,https://www.crunchbase.com/organization/teamsnap,Series B,"$10,000,000","Sep 16, 2015",Early Stage Venture,,Yes,5,1,"31,602"
Seed Round - Boundless,https://www.crunchbase.com/funding_round/boundless-2-seed--a73a0ce1,Boundless,https://www.crunchbase.com/organization/boundless-2,Seed,"$3,500,000","Apr 20, 2017",Seed,,Yes,6,1,"31,920"
Series B - Two Bit Circus,https://www.crunchbase.com/funding_round/two-bit-circus-series-b--26456e66,Two Bit Circus,https://www.crunchbase.com/organization/two-bit-circus,Series B,"$15,000,000","Jan 19, 2017",Early Stage Venture,,Yes,6,2,"32,576"
Series B - Chewse,https://www.crunchbase.com/funding_round/chewse-series-b--5920d7d4,Chewse,https://www.crunchbase.com/organization/chewse,Series B,"$7,300,000","Jun 6, 2017",Early Stage Venture,,Yes,4,,"35,248"
Series C - TeamSnap,https://www.crunchbase.com/funding_round/teamsnap-series-c--8f8e4c33,TeamSnap,https://www.crunchbase.com/organization/teamsnap,Series C,"$25,000,000","Jan 31, 2017",Late Stage Venture,,Yes,3,2,"37,366"
Series E - sovrn,https://www.crunchbase.com/funding_round/sovrn-series-e--68f8d13b,sovrn,https://www.crunchbase.com/organization/sovrn,Series E,"$10,000,000","Apr 20, 2011",Late Stage Venture,,Yes,4,2,"38,784"
Series C - sovrn,https://www.crunchbase.com/funding_round/sovrn-series-c--9f885ae6,sovrn,https://www.crunchbase.com/organization/sovrn,Series C,"$7,100,000","Aug 12, 2008",Late Stage Venture,,Yes,3,2,"38,725"
Series D - sovrn,https://www.crunchbase.com/funding_round/sovrn-series-d--404e263a,sovrn,https://www.crunchbase.com/organization/sovrn,Series D,"$6,000,000","Jun 18, 2010",Late Stage Venture,,Yes,3,2,"38,792"
Series A - Nima,https://www.crunchbase.com/funding_round/6sensor-labs-series-a--ed885a26,Nima,https://www.crunchbase.com/organization/6sensor-labs,Series A,"$9,200,000","May 19, 2016",Early Stage Venture,,Yes,7,4,"38,946"
Series A - Zynga,https://www.crunchbase.com/funding_round/zynga-series-a--66d64809,Zynga,https://www.crunchbase.com/organization/zynga,Series A,"$10,000,000","Jan 1, 2008",Early Stage Venture,,Yes,10,5,"39,377"
Series B - Pantheon,https://www.crunchbase.com/funding_round/pantheon-series-b--0ee7a39c,Pantheon,https://www.crunchbase.com/organization/pantheon,Series B,"$21,500,000","May 15, 2014",Early Stage Venture,,Yes,5,4,"39,530"
Series A - Sameroom,https://www.crunchbase.com/funding_round/sameroom-series-a--6a2de0b0,Sameroom,https://www.crunchbase.com/organization/sameroom,Series A,,"Sep 1, 2013",Early Stage Venture,,Yes,3,2,"39,649"
Series B - OneRiot,https://www.crunchbase.com/funding_round/oneriot-series-b--2dd44ceb,OneRiot,https://www.crunchbase.com/organization/oneriot,Series B,"$15,000,000","Jun 11, 2007",Early Stage Venture,,Yes,5,3,"39,656"
Equity Crowdfunding - Kuli Kuli,https://www.crunchbase.com/funding_round/kuli-kuli-equity-crowdfunding--8e404611,Kuli Kuli,https://www.crunchbase.com/organization/kuli-kuli,Equity Crowdfunding,"$350,000","Jun 27, 2014",,,Yes,3,1,"39,626"
Series A - EventVue,https://www.crunchbase.com/funding_round/eventvue-series-a--7620f8d2,EventVue,https://www.crunchbase.com/organization/eventvue,Series A,"$440,000","Sep 24, 2007",Early Stage Venture,,Yes,8,2,"39,603"
Series A - Vengo Labs,https://www.crunchbase.com/funding_round/vengo-labs-series-a--8b7f2044,Vengo Labs,https://www.crunchbase.com/organization/vengo-labs,Series A,"$2,000,000","Apr 7, 2014",Early Stage Venture,,Yes,11,2,"39,604"
Series A - Oblong Industries,https://www.crunchbase.com/funding_round/oblong-series-a--4ef352ce,Oblong Industries,https://www.crunchbase.com/organization/oblong,Series A,"$8,800,000","Dec 13, 2007",Early Stage Venture,,Yes,2,3,"39,593"
Series A - madKast,https://www.crunchbase.com/funding_round/madkast-series-a--ca5e5535,madKast,https://www.crunchbase.com/organization/madkast,Series A,"$300,000","Oct 5, 2007",Early Stage Venture,,Yes,8,2,"39,612"
Venture Round - Bolt,https://www.crunchbase.com/funding_round/bolt-io-series-unknown--c33ee602,Bolt,https://www.crunchbase.com/organization/bolt-io,Venture - Series Unknown,"$3,900,000","Feb 20, 2013",,,Yes,8,1,"39,622"
Seed Round - Vango,https://www.crunchbase.com/funding_round/vangoart-seed--843c39c3,Vango,https://www.crunchbase.com/organization/vangoart,Seed,"$2,200,000","May 28, 2015",Seed,,Yes,16,3,"45,528"
Convertible Note - ParkiFi,https://www.crunchbase.com/funding_round/parkifi-convertible-note--884800ae,ParkiFi,https://www.crunchbase.com/organization/parkifi,Convertible Note,"$2,000,000","Jun 10, 2015",,,No,7,,"48,087"
Venture Round - TrackR,https://www.crunchbase.com/funding_round/phone-halo-series-unknown--fa701a33,TrackR,https://www.crunchbase.com/organization/phone-halo,Venture - Series Unknown,"$8,700,000","Oct 6, 2015",,,Yes,3,,"50,222"
Venture Round - Techstars,https://www.crunchbase.com/funding_round/techstars-series-unknown--81c1af96,Techstars,https://www.crunchbase.com/organization/techstars,Venture - Series Unknown,"$24,000,000","Sep 21, 2011",,,Yes,9,3,"50,944"
Series A - Are You a Human,https://www.crunchbase.com/funding_round/are-you-a-human-series-a--fa6d80b8,Are You a Human,https://www.crunchbase.com/organization/are-you-a-human,Series A,"$4,200,000","Jun 18, 2015",Early Stage Venture,,Yes,5,5,"51,764"
Series A - June,https://www.crunchbase.com/funding_round/june-series-a--4c8d81ff,June,https://www.crunchbase.com/organization/june,Series A,"$22,500,000","Mar 25, 2016",Early Stage Venture,,Yes,8,2,"52,204"
Series A - Glowforge,https://www.crunchbase.com/funding_round/glowforge-series-a--a73e2578,Glowforge,https://www.crunchbase.com/organization/glowforge,Series A,"$9,000,000","May 20, 2015",Early Stage Venture,,Yes,5,,"53,710"
Series B - Sifteo,https://www.crunchbase.com/funding_round/sifteo-series-b--ec18b2f0,Sifteo,https://www.crunchbase.com/organization/sifteo,Series B,"$12,000,000","May 1, 2010",Early Stage Venture,,Yes,2,2,"155,076"
Venture Round - Standing Cloud,https://www.crunchbase.com/funding_round/standing-cloud-series-unknown--c79e990a,Standing Cloud,https://www.crunchbase.com/organization/standing-cloud,Venture - Series Unknown,"$3,000,000","Nov 10, 2011",,,Yes,2,1,"155,354"
Series A - Sourcepoint,https://www.crunchbase.com/funding_round/sourcepoint-series-a--aa344861,Sourcepoint,https://www.crunchbase.com/organization/sourcepoint,Series A,"$10,000,000","Jun 18, 2015",Early Stage Venture,,Yes,5,,"157,118"
Series A - Leadpages,https://www.crunchbase.com/funding_round/leadpages-series-a--a432a8a8,Leadpages,https://www.crunchbase.com/organization/leadpages,Series A,"$5,000,000","Sep 26, 2013",Early Stage Venture,,Yes,2,1,"157,480"
Series D - Oblong Industries,https://www.crunchbase.com/funding_round/oblong-series-d--4a83a801,Oblong Industries,https://www.crunchbase.com/organization/oblong,Series D,"$35,000,000","Oct 18, 2016",Late Stage Venture,,Yes,6,3,"167,221"
Series B - Standing Cloud,https://www.crunchbase.com/funding_round/standing-cloud-series-b--e80e7c78,Standing Cloud,https://www.crunchbase.com/organization/standing-cloud,Series B,"$3,000,000","Nov 30, 2010",Early Stage Venture,,Yes,2,1,"167,265"
Series A - Mocavo,https://www.crunchbase.com/funding_round/mocavo-series-a--4d2b45ac,Mocavo,https://www.crunchbase.com/organization/mocavo,Series A,"$4,100,000","May 16, 2012",Early Stage Venture,,Yes,3,2,"168,853"
Series A - Admeld,https://www.crunchbase.com/funding_round/admeld-series-a--353c1a95,Admeld,https://www.crunchbase.com/organization/admeld,Series A,"$7,000,000","Nov 10, 2008",Early Stage Venture,,Yes,2,2,"169,708"
Series D - Rover.com,https://www.crunchbase.com/funding_round/rover-com-series-d--8fdba26c,Rover.com,https://www.crunchbase.com/organization/rover-com,Series D,"$25,000,000","Mar 19, 2015",Late Stage Venture,,Yes,5,5,"170,439"
Series B - Occipital,https://www.crunchbase.com/funding_round/occipital-series-b--fd796b73,Occipital,https://www.crunchbase.com/organization/occipital,Series B,"$13,000,000","Jul 29, 2015",Early Stage Venture,,Yes,5,2,"173,005"
Series D - SendGrid,https://www.crunchbase.com/funding_round/sendgrid-series-d--219e88fb,SendGrid,https://www.crunchbase.com/organization/sendgrid,Series D,"$33,000,000","Nov 30, 2016",Late Stage Venture,,Yes,4,4,"173,156"
Series B - Cloudability,https://www.crunchbase.com/funding_round/cloudability-series-b--ce5f77dc,Cloudability,https://www.crunchbase.com/organization/cloudability,Series B,"$24,000,000","Jun 6, 2016",Early Stage Venture,,Yes,4,,"174,154"
Series A - Standing Cloud,https://www.crunchbase.com/funding_round/standing-cloud-series-a--d11b575d,Standing Cloud,https://www.crunchbase.com/organization/standing-cloud,Series A,"$500,000","Jan 1, 2009",Early Stage Venture,,Yes,1,,"174,269"
Series B - Unified,https://www.crunchbase.com/funding_round/unified-series-b--b70a0de2,Unified,https://www.crunchbase.com/organization/unified,Series B,"$30,000,000","Sep 10, 2015",Early Stage Venture,,Yes,4,1,"175,197"
Private Equity Round - AvidXchange,https://www.crunchbase.com/funding_round/avidxchange-private-equity--c7d89b43,AvidXchange,https://www.crunchbase.com/organization/avidxchange,Private Equity,"$225,000,000","Sep 14, 2015",Private Equity,,Yes,5,2,"175,291"
"Series A - Ello, Inc.",https://www.crunchbase.com/funding_round/ello-inc-series-a--602408c8,"Ello, Inc.",https://www.crunchbase.com/organization/ello-inc,Series A,"$5,500,000","Oct 23, 2014",Early Stage Venture,,Yes,3,1,"176,314"
Series C - Distil Networks,https://www.crunchbase.com/funding_round/distil-series-c--543de755,Distil Networks,https://www.crunchbase.com/organization/distil,Series C,"$21,000,000","Aug 2, 2016",Late Stage Venture,,Yes,4,1,"179,064"
Series B - FullContact,https://www.crunchbase.com/funding_round/fullcontact-series-b--140ffc0a,FullContact,https://www.crunchbase.com/organization/fullcontact,Series B,"$10,000,000","Jan 29, 2015",Early Stage Venture,,Yes,4,2,"179,190"
Series C - Yesware,https://www.crunchbase.com/funding_round/yesware-series-c--92ba301e,Yesware,https://www.crunchbase.com/organization/yesware,Series C,"$13,300,000","Jun 11, 2015",Late Stage Venture,,Yes,4,2,"179,966"
Series B - Medialets,https://www.crunchbase.com/funding_round/medialets-series-b--e26de359,Medialets,https://www.crunchbase.com/organization/medialets,Series B,"$6,000,000","Aug 10, 2010",Early Stage Venture,,Yes,3,2,"180,439"
Seed Round - VictorOps,https://www.crunchbase.com/funding_round/victorops-seed--e42affd7,VictorOps,https://www.crunchbase.com/organization/victorops,Seed,"$1,600,000","Dec 28, 2012",Seed,,Yes,5,,"181,085"
Series B - ROLI,https://www.crunchbase.com/funding_round/roli-series-b--b4559db1,ROLI,https://www.crunchbase.com/organization/roli,Series B,"$27,000,000","May 4, 2016",Early Stage Venture,,Yes,9,2,"55,759"
Series A - Havenly,https://www.crunchbase.com/funding_round/havenly-series-a--53f3b56f,Havenly,https://www.crunchbase.com/organization/havenly,Series A,"$5,800,000","Mar 29, 2016",Early Stage Venture,,Yes,3,,"118,183"
Series D - Fitbit,https://www.crunchbase.com/funding_round/fitbit-series-d--32b72aea,Fitbit,https://www.crunchbase.com/organization/fitbit,Series D,"$43,000,000","Aug 13, 2013",Late Stage Venture,,Yes,5,2,"126,413"
Series D - Craftsy,https://www.crunchbase.com/funding_round/sympoz-series-d--9237ed6c,Craftsy,https://www.crunchbase.com/organization/sympoz,Series D,"$50,000,000","Nov 13, 2014",Late Stage Venture,,Yes,6,3,"131,139"
Series B - JumpCloud,https://www.crunchbase.com/funding_round/jumpcloud-series-b--908fa8f9,JumpCloud,https://www.crunchbase.com/organization/jumpcloud,Series B,"$3,200,000","Apr 13, 2015",Early Stage Venture,,Yes,3,2,"131,574"
Series B - Rover.com,https://www.crunchbase.com/funding_round/rover-com-series-b--494e41d9,Rover.com,https://www.crunchbase.com/organization/rover-com,Series B,"$7,000,000","Feb 4, 2013",Early Stage Venture,,Yes,2,2,"57,135"
Series E - Rover.com,https://www.crunchbase.com/funding_round/rover-com-series-e--cd251121,Rover.com,https://www.crunchbase.com/organization/rover-com,Series E,"$40,000,000","Sep 9, 2016",Late Stage Venture,,Yes,3,2,"57,170"
Series A - Suzy,https://www.crunchbase.com/funding_round/crowdtap-series-a--36a80ff0,Suzy,https://www.crunchbase.com/organization/crowdtap,Series A,"$7,000,000","Jul 27, 2011",Early Stage Venture,,Yes,4,3,"134,598"
Series B - SendGrid,https://www.crunchbase.com/funding_round/sendgrid-series-b--d3a38041,SendGrid,https://www.crunchbase.com/organization/sendgrid,Series B,"$21,600,000","Jan 17, 2012",Early Stage Venture,,Yes,7,6,"134,613"
Series C - BigDoor,https://www.crunchbase.com/funding_round/bigdoor-series-c--195018ac,BigDoor,https://www.crunchbase.com/organization/bigdoor,Series C,"$5,000,000","Apr 3, 2012",Late Stage Venture,,Yes,1,1,"136,539"
Series A - Two Bit Circus,https://www.crunchbase.com/funding_round/two-bit-circus-series-a--e0381994,Two Bit Circus,https://www.crunchbase.com/organization/two-bit-circus,Series A,"$6,500,000","Oct 28, 2015",Early Stage Venture,,Yes,3,2,"136,901"
Venture Round - MakerBot,https://www.crunchbase.com/funding_round/makerbot-series-unknown--2fa513d4,MakerBot,https://www.crunchbase.com/organization/makerbot,Venture - Series Unknown,"$10,000,000","Aug 23, 2011",,,Yes,7,4,"57,869"
Series B - Integrate,https://www.crunchbase.com/funding_round/integrate-series-b--928b28ae,Integrate,https://www.crunchbase.com/organization/integrate,Series B,"$11,000,000","Mar 21, 2012",Early Stage Venture,,Yes,3,2,"138,377"
Series C - Rover.com,https://www.crunchbase.com/funding_round/rover-com-series-c--1a55616c,Rover.com,https://www.crunchbase.com/organization/rover-com,Series C,"$12,000,000","Mar 12, 2014",Late Stage Venture,,Yes,4,4,"58,429"
Series B - Fitbit,https://www.crunchbase.com/funding_round/fitbit-series-b--e43270dc,Fitbit,https://www.crunchbase.com/organization/fitbit,Series B,"$9,000,000","Sep 10, 2010",Early Stage Venture,,Yes,4,4,"58,577"
Venture Round - Cheezburger,https://www.crunchbase.com/funding_round/pet-holdings-inc-series-unknown--c3514440,Cheezburger,https://www.crunchbase.com/organization/pet-holdings-inc,Venture - Series Unknown,"$5,000,000","Dec 29, 2012",,,Yes,4,3,"142,842"
Venture Round - Gist,https://www.crunchbase.com/funding_round/gist-series-unknown--e518732a,Gist,https://www.crunchbase.com/organization/gist,Venture - Series Unknown,"$4,000,000","Jul 28, 2010",,,Yes,2,1,"143,161"
Series A - Medialets,https://www.crunchbase.com/funding_round/medialets-series-a--5cd175ed,Medialets,https://www.crunchbase.com/organization/medialets,Series A,"$4,000,000","May 12, 2009",Early Stage Venture,,Yes,3,3,"143,381"
Series D - Sphero,https://www.crunchbase.com/funding_round/orbotix-series-d--a0b63cf3,Sphero,https://www.crunchbase.com/organization/orbotix,Series D,"$20,000,000","May 5, 2014",Late Stage Venture,,Yes,4,2,"59,122"
Venture Round - Yesware,https://www.crunchbase.com/funding_round/yesware-series-unknown--e6baf161,Yesware,https://www.crunchbase.com/organization/yesware,Venture - Series Unknown,"$1,000,000","Sep 27, 2011",,,Yes,6,4,"59,244"
Series A - Chute,https://www.crunchbase.com/funding_round/chute-series-a--8db02351,Chute,https://www.crunchbase.com/organization/chute,Series A,"$7,000,000","May 7, 2013",Early Stage Venture,,Yes,3,,"90,573"
Series B - Gnip,https://www.crunchbase.com/funding_round/gnip-series-b--36d347f2,Gnip,https://www.crunchbase.com/organization/gnip,Series B,"$3,500,000","Nov 3, 2008",Early Stage Venture,,Yes,3,3,"61,013"
Seed Round - PivotDesk,https://www.crunchbase.com/funding_round/pivotdesk-seed--28a1d8dc,PivotDesk,https://www.crunchbase.com/organization/pivotdesk,Seed,"$3,235,000","Sep 24, 2012",Seed,,Yes,6,2,"148,977"
"Series A - LinkSmart, Inc.",https://www.crunchbase.com/funding_round/linksmart-series-a--f5c20dc3,"LinkSmart, Inc.",https://www.crunchbase.com/organization/linksmart,Series A,"$500,000","Nov 6, 2009",Early Stage Venture,,Yes,1,1,"150,830"
Series A - Cloudability,https://www.crunchbase.com/funding_round/cloudability-series-a--2d35d3ba,Cloudability,https://www.crunchbase.com/organization/cloudability,Series A,"$8,700,000","Jul 12, 2012",Early Stage Venture,,Yes,7,,"150,890"
"Series B - LinkSmart, Inc.",https://www.crunchbase.com/funding_round/linksmart-series-b--4d7f2720,"LinkSmart, Inc.",https://www.crunchbase.com/organization/linksmart,Series B,"$4,200,000","Jun 1, 2010",Early Stage Venture,,Yes,3,2,"92,093"
Series C - Fitbit,https://www.crunchbase.com/funding_round/fitbit-series-c--2dec566b,Fitbit,https://www.crunchbase.com/organization/fitbit,Series C,"$12,000,000","Jan 24, 2012",Late Stage Venture,,Yes,4,4,"150,908"
Venture Round - VictorOps,https://www.crunchbase.com/funding_round/victorops-series-unknown--79e9ce4f,VictorOps,https://www.crunchbase.com/organization/victorops,Venture - Series Unknown,"$10,600,000","Nov 10, 2015",,,Yes,2,2,"151,040"
Venture Round - Harmonix Music Systems,https://www.crunchbase.com/funding_round/harmonix-music-systems-series-unknown--8c17979b,Harmonix Music Systems,https://www.crunchbase.com/organization/harmonix-music-systems,Venture - Series Unknown,"$15,045,983","Sep 4, 2015",,,Yes,3,2,"92,839"
Seed Round - Attachments.me,https://www.crunchbase.com/funding_round/attachments-me-seed--6e1fd3b9,Attachments.me,https://www.crunchbase.com/organization/attachments-me,Seed,"$500,000","Mar 2, 2011",Seed,,Yes,1,,"151,436"
Series B - TeamSnap,https://www.crunchbase.com/funding_round/teamsnap-series-b--ebde1bfd,TeamSnap,https://www.crunchbase.com/organization/teamsnap,Series B,"$7,500,000","Feb 4, 2014",Early Stage Venture,,Yes,4,1,"151,781"
Series B - Glowforge,https://www.crunchbase.com/funding_round/glowforge-series-b--32d9b936,Glowforge,https://www.crunchbase.com/organization/glowforge,Series B,"$22,000,000","Aug 1, 2016",Early Stage Venture,,Yes,2,,"81,167"
Series A - Integrate,https://www.crunchbase.com/funding_round/integrate-series-a--8090dc7e,Integrate,https://www.crunchbase.com/organization/integrate,Series A,"$4,250,000","Dec 14, 2010",Early Stage Venture,,Yes,1,1,"152,060"
Venture Round - Cotera,https://www.crunchbase.com/funding_round/cotera-series-unknown--5be1dcaa,Cotera,https://www.crunchbase.com/organization/cotera,Venture - Series Unknown,"$5,041,000","Oct 1, 2012",,,Yes,3,,"84,566"
Series A - Revolv,https://www.crunchbase.com/funding_round/revolv-series-a--05520ea2,Revolv,https://www.crunchbase.com/organization/revolv,Series A,"$4,500,000","Nov 25, 2013",Early Stage Venture,,Yes,4,,"84,806"
Seed Round - CTRL+Console,https://www.crunchbase.com/funding_round/ctrl+console-seed--1551c55b,CTRL+Console,https://www.crunchbase.com/organization/ctrl+console,Seed,"$261,000","Mar 31, 2015",Seed,,Yes,2,,"95,679"
Series D - Trada,https://www.crunchbase.com/funding_round/trada-series-d--54f7d8b4,Trada,https://www.crunchbase.com/organization/trada,Series D,"$9,000,000","Jan 5, 2012",Late Stage Venture,,Yes,2,2,"86,292"
Venture Round - Gnip,https://www.crunchbase.com/funding_round/gnip-series-unknown--f9a663d6,Gnip,https://www.crunchbase.com/organization/gnip,Venture - Series Unknown,"$2,000,000","Nov 18, 2010",,,Yes,2,2,"86,319"
Series C - Admeld,https://www.crunchbase.com/funding_round/admeld-series-c--7d10fd02,Admeld,https://www.crunchbase.com/organization/admeld,Series C,"$15,000,000","Aug 1, 2010",Late Stage Venture,,Yes,4,3,"87,024"
Series B - Organic Motion,https://www.crunchbase.com/funding_round/organic-motion-series-b--9d6242bb,Organic Motion,https://www.crunchbase.com/organization/organic-motion,Series B,"$7,400,000","Oct 22, 2009",Early Stage Venture,,Yes,1,,"87,155"
Series A - PivotDesk,https://www.crunchbase.com/funding_round/pivotdesk-series-a--706aaa39,PivotDesk,https://www.crunchbase.com/organization/pivotdesk,Series A,"$3,625,000","Apr 10, 2014",Early Stage Venture,,Yes,4,2,"181,491"
Series A - MakeTime,https://www.crunchbase.com/funding_round/maketime-io-series-a--a8b3a9dc,MakeTime,https://www.crunchbase.com/organization/maketime-io,Series A,"$8,000,000","May 3, 2016",Early Stage Venture,,Yes,3,2,"62,629"
Series B - Mighty AI,https://www.crunchbase.com/funding_round/spare5-series-b--37146382,Mighty AI,https://www.crunchbase.com/organization/spare5,Series B,"$14,000,000","Jan 10, 2017",Early Stage Venture,,Yes,6,1,"62,684"
Series A - StockTwits,https://www.crunchbase.com/funding_round/stocktwits-series-a--49164784,StockTwits,https://www.crunchbase.com/organization/stocktwits,Series A,"$3,000,000","Dec 1, 2009",Early Stage Venture,,Yes,2,2,"95,877"
Venture Round - StockTwits,https://www.crunchbase.com/funding_round/stocktwits-series-unknown--3982c1a0,StockTwits,https://www.crunchbase.com/organization/stocktwits,Venture - Series Unknown,"$4,000,000","Oct 19, 2010",,,Yes,2,2,"89,606"
Series A - Singly,https://www.crunchbase.com/funding_round/singly-series-a--c96836a3,Singly,https://www.crunchbase.com/organization/singly,Series A,"$7,000,000","Apr 23, 2012",Early Stage Venture,,Yes,8,3,"96,302"
Series B - Suzy,https://www.crunchbase.com/funding_round/crowdtap-series-b--8ca6b13e,Suzy,https://www.crunchbase.com/organization/crowdtap,Series B,"$5,000,000","Mar 20, 2014",Early Stage Venture,,Yes,4,2,"97,279"
Seed Round - OpenSpace,https://www.crunchbase.com/funding_round/openspace-seed--8b5e3a53,OpenSpace,https://www.crunchbase.com/organization/openspace,Seed,,"Apr 18, 2011",Seed,,Yes,1,,"91,489"
Venture Round - On Target Laboratories,https://www.crunchbase.com/funding_round/on-target-laboratories-series-unknown--57495c4b,On Target Laboratories,https://www.crunchbase.com/organization/on-target-laboratories,Venture - Series Unknown,"$1,700,000","May 4, 2015",,,Yes,1,,"63,610"
Seed Round - Woot Math,https://www.crunchbase.com/funding_round/woot-math-seed--445d7d04,Woot Math,https://www.crunchbase.com/organization/woot-math,Seed,"$1,299,997","May 27, 2016",Seed,,Yes,1,,"63,798"
Seed Round - Codementor,https://www.crunchbase.com/funding_round/codementor-seed--a460600d,Codementor,https://www.crunchbase.com/organization/codementor,Seed,"$1,200,000","Aug 26, 2015",Seed,,Yes,4,1,"94,043"
Series B - Yesware,https://www.crunchbase.com/funding_round/yesware-series-b--678e6fb3,Yesware,https://www.crunchbase.com/organization/yesware,Series B,"$13,500,000","Sep 18, 2013",Early Stage Venture,,Yes,5,3,"94,856"
Angel Round - U Grok It - Smartphone RFID,https://www.crunchbase.com/funding_round/u-grok-it-angel--450618b6,U Grok It - Smartphone RFID,https://www.crunchbase.com/organization/u-grok-it,Angel,"$600,000","May 5, 2014",Seed,,Yes,4,1,"95,026"
Series C - Trada,https://www.crunchbase.com/funding_round/trada-series-c--99d087ae,Trada,https://www.crunchbase.com/organization/trada,Series C,"$5,750,000","Jul 21, 2010",Late Stage Venture,,Yes,2,2,"100,662"
Seed Round - Dragon Innovation,https://www.crunchbase.com/funding_round/dragon-innovation-seed--7b7d1bec,Dragon Innovation,https://www.crunchbase.com/organization/dragon-innovation,Seed,"$2,300,000","Aug 8, 2013",Seed,,Yes,5,4,"193,671"
Seed Round - DataHero,https://www.crunchbase.com/funding_round/datahero-seed--fde936b4,DataHero,https://www.crunchbase.com/organization/datahero,Seed,"$3,150,000","Dec 10, 2013",Seed,,Yes,1,1,"193,867"
Series B - VictorOps,https://www.crunchbase.com/funding_round/victorops-series-b--8b8e4b2c,VictorOps,https://www.crunchbase.com/organization/victorops,Series B,"$15,000,000","Dec 16, 2016",Early Stage Venture,,Yes,3,3,"103,436"
Seed Round - BigDoor,https://www.crunchbase.com/funding_round/bigdoor-seed--e27ae1e2,BigDoor,https://www.crunchbase.com/organization/bigdoor,Seed,"$250,000","Oct 14, 2009",Seed,,Yes,2,2,"103,960"
Series B - Sourcepoint,https://www.crunchbase.com/funding_round/sourcepoint-series-b--17b29f24,Sourcepoint,https://www.crunchbase.com/organization/sourcepoint,Series B,"$16,000,000","Jan 25, 2017",Early Stage Venture,,Yes,5,1,"103,961"
Series A - JumpCloud,https://www.crunchbase.com/funding_round/jumpcloud-series-a--e4dcef25,JumpCloud,https://www.crunchbase.com/organization/jumpcloud,Series A,"$3,000,000","Jan 24, 2014",Early Stage Venture,,Yes,2,1,"105,442"
Series D - Rover.com,https://www.crunchbase.com/funding_round/rover-com-series-d--b8ffb396,Rover.com,https://www.crunchbase.com/organization/rover-com,Series D,,"Nov 4, 2014",Late Stage Venture,,Yes,4,4,"65,528"
Series B - Formlabs,https://www.crunchbase.com/funding_round/formlabs-series-b--0e61e24b,Formlabs,https://www.crunchbase.com/organization/formlabs,Series B,"$35,000,000","Aug 4, 2016",Early Stage Venture,,Yes,7,1,"194,868"
Seed Round - Mighty AI,https://www.crunchbase.com/funding_round/spare5-seed--d0496439,Mighty AI,https://www.crunchbase.com/organization/spare5,Seed,"$3,250,000","Dec 7, 2014",Seed,,Yes,3,1,"195,206"
Series A - Jirafe,https://www.crunchbase.com/funding_round/jirafe-series-a--ba5d906e,Jirafe,https://www.crunchbase.com/organization/jirafe,Series A,"$7,000,000","Jun 26, 2012",Early Stage Venture,,Yes,4,1,"106,924"
Seed Round - Sensu App,https://www.crunchbase.com/funding_round/sensu-app-seed--6aa2aac0,Sensu App,https://www.crunchbase.com/organization/sensu-app,Seed,"$2,500,000","Jan 31, 2017",Seed,,Yes,1,,"107,176"
Series A - Kato,https://www.crunchbase.com/funding_round/kato-series-a--c69eff7d,Kato,https://www.crunchbase.com/organization/kato,Series A,"$1,760,000","Aug 1, 2013",Early Stage Venture,,Yes,5,3,"107,269"
Seed Round - MobileDay,https://www.crunchbase.com/funding_round/mobileday-seed--6a7e586f,MobileDay,https://www.crunchbase.com/organization/mobileday,Seed,"$1,475,000","Dec 27, 2011",Seed,,Yes,6,5,"107,692"
Series B - Yesware,https://www.crunchbase.com/funding_round/yesware-series-b--a8c06860,Yesware,https://www.crunchbase.com/organization/yesware,Series B,"$1,200,000","Nov 15, 2013",Early Stage Venture,,Yes,5,3,"66,165"
Series A - Next Big Sound,https://www.crunchbase.com/funding_round/next-big-sound-series-a--5b7bce9e,Next Big Sound,https://www.crunchbase.com/organization/next-big-sound,Series A,"$6,500,000","Jan 3, 2012",Early Stage Venture,,Yes,4,3,"66,340"
Series C - Integrate,https://www.crunchbase.com/funding_round/integrate-series-c--6d4ca2e9,Integrate,https://www.crunchbase.com/organization/integrate,Series C,"$7,000,000","May 26, 2015",Late Stage Venture,,Yes,5,2,"66,812"
Series D - WorkMarket,https://www.crunchbase.com/funding_round/work-market-series-d--41adabb4,WorkMarket,https://www.crunchbase.com/organization/work-market,Series D,"$25,000,000","Apr 25, 2017",Late Stage Venture,,Yes,2,,"66,945"
Seed Round - Next Big Sound,https://www.crunchbase.com/funding_round/next-big-sound-seed--33d07de2,Next Big Sound,https://www.crunchbase.com/organization/next-big-sound,Seed,"$1,000,000","Dec 3, 2009",Seed,,Yes,7,3,"108,538"
Series C - Urban Airship,https://www.crunchbase.com/funding_round/urban-airship-series-c--88906f4a,Urban Airship,https://www.crunchbase.com/organization/urban-airship,Series C,"$15,100,000","Nov 7, 2011",Late Stage Venture,,Yes,5,2,"108,869"
Series B - mLab,https://www.crunchbase.com/funding_round/objectlabs-series-b--2c9c5245,mLab,https://www.crunchbase.com/organization/objectlabs,Series B,"$5,000,000","Oct 1, 2012",Early Stage Venture,,Yes,5,2,"109,425"
"Series A - Borrowed & Blue, Inc.",https://www.crunchbase.com/funding_round/borrowed-blue-inc-series-a--c0095e77,"Borrowed & Blue, Inc.",https://www.crunchbase.com/organization/borrowed-blue-inc,Series A,"$7,000,000","Nov 2, 2016",Early Stage Venture,,Yes,5,1,"67,564"
Series B - Mapbox,https://www.crunchbase.com/funding_round/mapbox-series-b--948f8975,Mapbox,https://www.crunchbase.com/organization/mapbox,Series B,"$52,600,000","Jun 17, 2015",Early Stage Venture,,Yes,8,2,"67,708"
Series C - FullContact,https://www.crunchbase.com/funding_round/fullcontact-series-c--6dd2c5f7,FullContact,https://www.crunchbase.com/organization/fullcontact,Series C,"$25,000,000","Aug 10, 2016",Late Stage Venture,,Yes,4,2,"68,007"
Series A - Standing Cloud,https://www.crunchbase.com/funding_round/standing-cloud-series-a--4d13f980,Standing Cloud,https://www.crunchbase.com/organization/standing-cloud,Series A,"$1,500,000","Oct 1, 2009",Early Stage Venture,,Yes,1,1,"199,681"
Seed Round - Suzy,https://www.crunchbase.com/funding_round/crowdtap-seed--05d3b55d,Suzy,https://www.crunchbase.com/organization/crowdtap,Seed,"$3,000,000","Aug 1, 2009",Seed,,Yes,2,2,"68,263"
"Series B - LinkSmart, Inc.",https://www.crunchbase.com/funding_round/linksmart-series-b--bb855a35,"LinkSmart, Inc.",https://www.crunchbase.com/organization/linksmart,Series B,"$5,000,000","May 3, 2013",Early Stage Venture,,Yes,2,2,"68,368"
Series C - 3D Robotics,https://www.crunchbase.com/funding_round/3d-robotics-series-c--ff3c1d1a,3D Robotics,https://www.crunchbase.com/organization/3d-robotics,Series C,"$50,000,000","Feb 25, 2015",Late Stage Venture,,Yes,11,3,"200,062"
Venture Round - Brightleaf Solutions,https://www.crunchbase.com/funding_round/brightleaf-series-unknown--0dafaca7,Brightleaf Solutions,https://www.crunchbase.com/organization/brightleaf,Venture - Series Unknown,"$3,000,000","Apr 1, 2010",,,Yes,1,1,"112,436"
Series B - EmSense,https://www.crunchbase.com/funding_round/emsense-series-b--b1bf2004,EmSense,https://www.crunchbase.com/organization/emsense,Series B,"$7,300,000","Jul 30, 2008",Early Stage Venture,,Yes,1,,"69,041"
Series A - MobileDay,https://www.crunchbase.com/funding_round/mobileday-series-a--9f016cd9,MobileDay,https://www.crunchbase.com/organization/mobileday,Series A,"$6,577,000","Aug 20, 2014",Early Stage Venture,,Yes,7,4,"120,706"
Series A - SimpleGeo,https://www.crunchbase.com/funding_round/simplegeo-series-a--1df0a3ca,SimpleGeo,https://www.crunchbase.com/organization/simplegeo,Series A,"$8,140,000","May 18, 2010",Early Stage Venture,,Yes,5,3,"113,510"
Series B - Sphero,https://www.crunchbase.com/funding_round/orbotix-series-b--0f6cfb0a,Sphero,https://www.crunchbase.com/organization/orbotix,Series B,"$5,000,000","Apr 7, 2011",Early Stage Venture,,Yes,3,2,"201,658"
Series A - Craftsy,https://www.crunchbase.com/funding_round/sympoz-series-a--cb58e125,Craftsy,https://www.crunchbase.com/organization/sympoz,Series A,"$6,000,000","Sep 14, 2011",Early Stage Venture,,Yes,2,2,"113,810"
Seed Round - June,https://www.crunchbase.com/funding_round/june-seed--efe1116f,June,https://www.crunchbase.com/organization/june,Seed,"$7,000,000","Jun 9, 2015",Seed,,Yes,4,,"113,964"
Series B - Integrate,https://www.crunchbase.com/funding_round/integrate-series-b--96bc7ec0,Integrate,https://www.crunchbase.com/organization/integrate,Series B,"$7,000,000","Oct 22, 2013",Early Stage Venture,,Yes,3,3,"121,141"
Convertible Note - LoopLabs,https://www.crunchbase.com/funding_round/looplabs-convertible-note--d4ced75d,LoopLabs,https://www.crunchbase.com/organization/looplabs,Convertible Note,"$1,700,000","Mar 9, 2015",,,No,2,1,"121,469"
Series A - Urban Airship,https://www.crunchbase.com/funding_round/urban-airship-series-a--4c002c8b,Urban Airship,https://www.crunchbase.com/organization/urban-airship,Series A,"$1,100,000","Feb 16, 2010",Early Stage Venture,,Yes,6,3,"158,546"
Series A - Help Scout,https://www.crunchbase.com/funding_round/help-scout-series-a--4c9a9c0d,Help Scout,https://www.crunchbase.com/organization/help-scout,Series A,"$6,000,000","Mar 18, 2015",Early Stage Venture,,Yes,2,1,"159,264"
Series A - VictorOps,https://www.crunchbase.com/funding_round/victorops-series-a--53ceb580,VictorOps,https://www.crunchbase.com/organization/victorops,Series A,"$6,500,000","Sep 26, 2013",Early Stage Venture,,Yes,2,2,"159,874"
Series A - Trada,https://www.crunchbase.com/funding_round/trada-series-a--33159bac,Trada,https://www.crunchbase.com/organization/trada,Series A,"$850,000","Sep 1, 2008",Early Stage Venture,,Yes,7,1,"160,194"
Series A - Modular Robotics,https://www.crunchbase.com/funding_round/modular-robotics-series-a--c91930c5,Modular Robotics,https://www.crunchbase.com/organization/modular-robotics,Series A,"$3,000,000","Jul 23, 2012",Early Stage Venture,,Yes,1,1,"161,567"
"Venture Round - Authentic8, Inc.",https://www.crunchbase.com/funding_round/authentic8-series-unknown--6223304a,"Authentic8, Inc.",https://www.crunchbase.com/organization/authentic8,Venture - Series Unknown,,"Dec 1, 2010",,,Yes,2,,"161,954"
Series B - littleBits Electronics,https://www.crunchbase.com/funding_round/littlebits-electronics-series-b--62e41833,littleBits Electronics,https://www.crunchbase.com/organization/littlebits-electronics,Series B,"$46,744,476","Jul 28, 2015",Early Stage Venture,,Yes,10,3,"161,972"
Series A - Chewse,https://www.crunchbase.com/funding_round/chewse-series-a--4cc5c240,Chewse,https://www.crunchbase.com/organization/chewse,Series A,"$5,900,000","Aug 3, 2015",Early Stage Venture,,Yes,5,,"163,480"
Series A - SendGrid,https://www.crunchbase.com/funding_round/sendgrid-series-a--e9eb3b2b,SendGrid,https://www.crunchbase.com/organization/sendgrid,Series A,"$5,000,000","Apr 20, 2010",Early Stage Venture,,Yes,9,4,"164,174"
Series B - Urban Airship,https://www.crunchbase.com/funding_round/urban-airship-series-b--c44d5964,Urban Airship,https://www.crunchbase.com/organization/urban-airship,Series B,"$5,400,000","Nov 2, 2010",Early Stage Venture,,Yes,3,3,"183,123"
Series A - FullContact,https://www.crunchbase.com/funding_round/fullcontact-series-a--5531b712,FullContact,https://www.crunchbase.com/organization/fullcontact,Series A,"$7,000,000","Jul 9, 2012",Early Stage Venture,,Yes,10,3,"183,600"
Series B - Oblong Industries,https://www.crunchbase.com/funding_round/oblong-series-b--fbf3a079,Oblong Industries,https://www.crunchbase.com/organization/oblong,Series B,"$15,800,000","Jul 1, 2011",Early Stage Venture,,Yes,3,3,"202,643"
Series A - Attachments.me,https://www.crunchbase.com/funding_round/attachments-me-series-a--132bb966,Attachments.me,https://www.crunchbase.com/organization/attachments-me,Series A,"$2,000,000","Apr 3, 2012",Early Stage Venture,,Yes,1,1,"203,002"
Series A - Mighty AI,https://www.crunchbase.com/funding_round/spare5-series-a--2b76c4bf,Mighty AI,https://www.crunchbase.com/organization/spare5,Series A,"$10,000,000","Aug 25, 2015",Early Stage Venture,"$40,000,000",Yes,3,1,"203,701"
Venture Round - awe.sm,https://www.crunchbase.com/funding_round/snowball-factory-series-unknown--561c87e5,awe.sm,https://www.crunchbase.com/organization/snowball-factory,Venture - Series Unknown,"$4,000,000","Dec 1, 2011",,,Yes,5,3,"203,993"
Series A - DataHero,https://www.crunchbase.com/funding_round/datahero-series-a--bc1780b5,DataHero,https://www.crunchbase.com/organization/datahero,Series A,"$6,100,000","May 19, 2015",Early Stage Venture,,Yes,1,1,"204,050"
Series C - Betabrand,https://www.crunchbase.com/funding_round/betabrand-series-c--4ddea547,Betabrand,https://www.crunchbase.com/organization/betabrand,Series C,"$15,000,000","Oct 1, 2015",Late Stage Venture,,Yes,3,1,"204,585"
Series B - Zynga,https://www.crunchbase.com/funding_round/zynga-series-b--72e4fdf2,Zynga,https://www.crunchbase.com/organization/zynga,Series B,"$25,000,000","Jul 18, 2008",Early Stage Venture,,Yes,5,5,"205,132"
Series D - Urban Airship,https://www.crunchbase.com/funding_round/urban-airship-series-d--b5e95473,Urban Airship,https://www.crunchbase.com/organization/urban-airship,Series D,"$21,000,000","Mar 4, 2015",Late Stage Venture,,Yes,3,3,"206,125"
Series C - Pantheon,https://www.crunchbase.com/funding_round/pantheon-series-c--6e4034c1,Pantheon,https://www.crunchbase.com/organization/pantheon,Series C,"$29,000,000","Jul 20, 2016",Late Stage Venture,,Yes,4,4,"206,473"
Series B - Admeld,https://www.crunchbase.com/funding_round/admeld-series-b--33aa054a,Admeld,https://www.crunchbase.com/organization/admeld,Series B,"$8,000,000","Jun 24, 2009",Early Stage Venture,,Yes,2,2,"206,859"
Series A - Nix Hydra,https://www.crunchbase.com/funding_round/nix-hydra-games-series-a--5a2791bd,Nix Hydra,https://www.crunchbase.com/organization/nix-hydra-games,Series A,"$5,000,000","May 29, 2014",Early Stage Venture,,Yes,1,,"207,191"
Seed Round - SideTour,https://www.crunchbase.com/funding_round/sidetour-seed--1383339e,SideTour,https://www.crunchbase.com/organization/sidetour,Seed,"$1,500,000","Oct 17, 2011",Seed,,Yes,3,1,"208,990"
Series C - VigLink,https://www.crunchbase.com/funding_round/viglink-series-c--21dc4d8d,VigLink,https://www.crunchbase.com/organization/viglink,Series C,"$2,000,000","Nov 25, 2014",Late Stage Venture,,Yes,3,1,"209,007"
Venture Round - Cheezburger,https://www.crunchbase.com/funding_round/pet-holdings-inc-series-unknown--3e6a5366,Cheezburger,https://www.crunchbase.com/organization/pet-holdings-inc,Venture - Series Unknown,"$30,000,000","Jan 17, 2011",,,Yes,4,3,"209,133"
Seed Round - DataHero,https://www.crunchbase.com/funding_round/datahero-seed--563a6df7,DataHero,https://www.crunchbase.com/organization/datahero,Seed,"$1,000,000","May 31, 2012",Seed,,Yes,7,,"210,133"
Series G - Return Path,https://www.crunchbase.com/funding_round/return-path-series-g--db6f3afd,Return Path,https://www.crunchbase.com/organization/return-path,Series G,"$6,800,000","Oct 7, 2013",Late Stage Venture,,Yes,3,3,"184,936"
Series B - Betabrand,https://www.crunchbase.com/funding_round/betabrand-series-b--95c956d8,Betabrand,https://www.crunchbase.com/organization/betabrand,Series B,"$6,500,000","Nov 8, 2012",Early Stage Venture,,Yes,3,1,"185,062"
Venture Round - FORTIFIED Bicycle,https://www.crunchbase.com/funding_round/fortified-bicycle-series-unknown--30eb5c60,FORTIFIED Bicycle,https://www.crunchbase.com/organization/fortified-bicycle,Venture - Series Unknown,"$800,000","Jul 19, 2014",,,Yes,8,,"186,145"
Series A - isocket,https://www.crunchbase.com/funding_round/isocket-series-a--c61b3574,isocket,https://www.crunchbase.com/organization/isocket,Series A,"$8,000,000","Oct 31, 2012",Early Stage Venture,,Yes,7,4,"186,944"
Series D - Urban Airship,https://www.crunchbase.com/funding_round/urban-airship-series-d--0e3b6de2,Urban Airship,https://www.crunchbase.com/organization/urban-airship,Series D,"$25,000,000","Feb 6, 2013",Late Stage Venture,,Yes,5,3,"189,083"
Series A - Pantheon,https://www.crunchbase.com/funding_round/pantheon-series-a--0f538e89,Pantheon,https://www.crunchbase.com/organization/pantheon,Series A,"$5,000,000","Jun 26, 2012",Early Stage Venture,,Yes,1,1,"189,124"
Series C - EmSense,https://www.crunchbase.com/funding_round/emsense-series-c--5e7d048b,EmSense,https://www.crunchbase.com/organization/emsense,Series C,"$9,000,000","Nov 3, 2009",Late Stage Venture,,Yes,2,1,"189,135"
Venture Round - Dwolla,https://www.crunchbase.com/funding_round/dwolla-series-unknown--1ae311ea,Dwolla,https://www.crunchbase.com/organization/dwolla,Venture - Series Unknown,"$6,850,000","Jan 20, 2017",,,Yes,7,2,"189,725"
Series B - Spanning Cloud Apps,https://www.crunchbase.com/funding_round/spanning-cloud-apps-series-b--e800d5db,Spanning Cloud Apps,https://www.crunchbase.com/organization/spanning-cloud-apps,Series B,"$6,000,000","Mar 20, 2013",Early Stage Venture,,Yes,1,,"190,219"
Series A - Gnip,https://www.crunchbase.com/funding_round/gnip-series-a--8891e081,Gnip,https://www.crunchbase.com/organization/gnip,Series A,"$1,100,000","Mar 1, 2008",Early Stage Venture,,Yes,3,3,"191,459"
Seed Round - Revolv,https://www.crunchbase.com/funding_round/revolv-seed--b9427794,Revolv,https://www.crunchbase.com/organization/revolv,Seed,"$2,700,000","Sep 25, 2012",Seed,,Yes,8,,"192,661"
Series C - SendGrid,https://www.crunchbase.com/funding_round/sendgrid-series-c--8f0cf2ea,SendGrid,https://www.crunchbase.com/organization/sendgrid,Series C,"$20,000,000","Dec 2, 2014",Late Stage Venture,,Yes,3,3,"76,221"
Series B - Topspin Media,https://www.crunchbase.com/funding_round/topspin-media-series-b--47aa405a,Topspin Media,https://www.crunchbase.com/organization/topspin-media,Series B,,"Jul 7, 2008",Early Stage Venture,,Yes,1,1,"76,350"
Private Equity Round - Return Path,https://www.crunchbase.com/funding_round/return-path-private-equity--83d2cb01,Return Path,https://www.crunchbase.com/organization/return-path,Private Equity,"$35,000,000","Dec 2, 2014",Private Equity,,Yes,6,4,"76,766"
Series B - Mattermark,https://www.crunchbase.com/funding_round/mattermark-series-b--2f375630,Mattermark,https://www.crunchbase.com/organization/mattermark,Series B,"$7,300,000","Mar 20, 2016",Early Stage Venture,"$42,000,000",Yes,3,,"77,211"
Series A - Spanning Cloud Apps,https://www.crunchbase.com/funding_round/spanning-cloud-apps-series-a--bb5be422,Spanning Cloud Apps,https://www.crunchbase.com/organization/spanning-cloud-apps,Series A,"$3,000,000","Apr 6, 2011",Early Stage Venture,,Yes,1,,"77,284"
Venture Round - G4Native,https://www.crunchbase.com/funding_round/triggit-series-unknown--e9a0b21e,G4Native,https://www.crunchbase.com/organization/triggit,Venture - Series Unknown,"$4,200,000","Jun 24, 2010",,,Yes,2,2,"78,704"
Series D - 3D Robotics,https://www.crunchbase.com/funding_round/3d-robotics-series-d--33f6586a,3D Robotics,https://www.crunchbase.com/organization/3d-robotics,Series D,"$53,000,000","Apr 27, 2017",Late Stage Venture,,Yes,5,2,"80,104"
Series C - Sphero,https://www.crunchbase.com/funding_round/orbotix-series-c--a8fc3530,Sphero,https://www.crunchbase.com/organization/orbotix,Series C,"$5,000,000","May 25, 2012",Late Stage Venture,,Yes,2,2,"80,885"
Series A - Broadly,https://www.crunchbase.com/funding_round/broadly-series-a--adb120e4,Broadly,https://www.crunchbase.com/organization/broadly,Series A,"$6,699,000","Jul 22, 2016",Early Stage Venture,,Yes,1,,"80,961"
Seed Round - Bamba,https://www.crunchbase.com/funding_round/bamba-group-seed--7259b3f7,Bamba,https://www.crunchbase.com/organization/bamba-group,Seed,"$1,100,000","Feb 14, 2017",Seed,,Yes,7,,"82,525"
Series B - Trada,https://www.crunchbase.com/funding_round/trada-series-b--fd23fa8e,Trada,https://www.crunchbase.com/organization/trada,Series B,"$1,375,000","Mar 17, 2010",Early Stage Venture,,Yes,1,1,"83,343"
Series A - Havenly,https://www.crunchbase.com/funding_round/havenly-series-a--4b82a47b,Havenly,https://www.crunchbase.com/organization/havenly,Series A,"$7,500,000","Nov 4, 2015",Early Stage Venture,,Yes,6,,"83,426"
Venture Round - Smith & Tinker,https://www.crunchbase.com/funding_round/smith-tinker-series-unknown--b3966de6,Smith & Tinker,https://www.crunchbase.com/organization/smith-tinker,Venture - Series Unknown,"$29,000,000","Aug 25, 2009",,,Yes,5,2,"85,339"
Series A - Mapbox,https://www.crunchbase.com/funding_round/mapbox-series-a--108c82a0,Mapbox,https://www.crunchbase.com/organization/mapbox,Series A,"$10,000,000","Oct 16, 2013",Early Stage Venture,,Yes,1,1,"85,364"
Series B - BigDoor,https://www.crunchbase.com/funding_round/bigdoor-series-b--b7d65856,BigDoor,https://www.crunchbase.com/organization/bigdoor,Series B,"$5,000,000","Jun 8, 2010",Early Stage Venture,,Yes,1,1,"85,380"
"Series C - Moz, Inc.",https://www.crunchbase.com/funding_round/moz-series-c--05e5f54c,"Moz, Inc.",https://www.crunchbase.com/organization/moz,Series C,"$10,000,000","Jan 26, 2016",Late Stage Venture,"$120,000,000",Yes,1,1,"85,402"
Series B - about.me,https://www.crunchbase.com/funding_round/aboutme-series-b--42d1fa6c,about.me,https://www.crunchbase.com/organization/aboutme,Series B,"$11,000,000","Jun 10, 2014",Early Stage Venture,,Yes,5,3,"85,671"
Venture Round - Barnana,https://www.crunchbase.com/funding_round/barnana-series-unknown--ec63244c,Barnana,https://www.crunchbase.com/organization/barnana,Venture - Series Unknown,,"Jan 1, 2014",,,Yes,2,,"89,095"
Series B - Leadpages,https://www.crunchbase.com/funding_round/leadpages-series-b--fdbf8861,Leadpages,https://www.crunchbase.com/organization/leadpages,Series B,"$27,000,000","Jun 17, 2015",Early Stage Venture,,Yes,3,1,"91,702"
Series A - Modria,https://www.crunchbase.com/funding_round/modria-series-a--e85429f6,Modria,https://www.crunchbase.com/organization/modria,Series A,"$5,000,000","Jul 1, 2013",Early Stage Venture,,Yes,2,,"122,272"
Series B - Craftsy,https://www.crunchbase.com/funding_round/sympoz-series-b--5cb45a28,Craftsy,https://www.crunchbase.com/organization/sympoz,Series B,"$15,000,000","Apr 20, 2012",Early Stage Venture,,Yes,3,2,"99,705"
Series B - Memeo,https://www.crunchbase.com/funding_round/memeo-series-b--c5648ec5,Memeo,https://www.crunchbase.com/organization/memeo,Series B,"$8,100,000","Jan 7, 2008",Early Stage Venture,,Yes,1,1,"102,977"
Seed Round - CoinTent,https://www.crunchbase.com/funding_round/cointent-seed--5e2c5329,CoinTent,https://www.crunchbase.com/organization/cointent,Seed,"$1,075,000","Apr 20, 2015",Seed,,Yes,8,,"123,452"
Series B - Distil Networks,https://www.crunchbase.com/funding_round/distil-series-b--9f130101,Distil Networks,https://www.crunchbase.com/organization/distil,Series B,"$21,000,000","Jun 30, 2015",Early Stage Venture,,Yes,8,3,"116,301"
Seed Round - Mattermark,https://www.crunchbase.com/funding_round/mattermark-seed--25a144c2,Mattermark,https://www.crunchbase.com/organization/mattermark,Seed,"$2,000,000","Jun 29, 2014",Seed,"$25,000,000",Yes,19,4,"123,918"
Series A - Zynga,https://www.crunchbase.com/funding_round/zynga-series-a--eb198261,Zynga,https://www.crunchbase.com/organization/zynga,Series A,"$5,026,000","Feb 12, 2008",Early Stage Venture,,Yes,3,3,"123,967"
Seed Round - BuyNow WorldWide,https://www.crunchbase.com/funding_round/buynow-worldwide-seed--e3da4e9f,BuyNow WorldWide,https://www.crunchbase.com/organization/buynow-worldwide,Seed,"$355,000","Jun 2, 2014",Seed,,Yes,3,1,"116,992"
Series A - Gist,https://www.crunchbase.com/funding_round/gist-series-a--ca5b0037,Gist,https://www.crunchbase.com/organization/gist,Series A,"$6,750,000","May 5, 2009",Early Stage Venture,,Yes,2,1,"117,306"
Seed Round - Looklist,https://www.crunchbase.com/funding_round/looklist-seed--55f88a5c,Looklist,https://www.crunchbase.com/organization/looklist,Seed,"$174,000","Jun 11, 2015",Seed,,Yes,2,,"130,690"
Series A - Distil Networks,https://www.crunchbase.com/funding_round/distil-series-a--3f260c0a,Distil Networks,https://www.crunchbase.com/organization/distil,Series A,"$10,000,000","May 27, 2014",Early Stage Venture,,Yes,7,2,"132,272"
"Series B - Moz, Inc.",https://www.crunchbase.com/funding_round/moz-series-b--f57e94c6,"Moz, Inc.",https://www.crunchbase.com/organization/moz,Series B,"$18,000,000","May 1, 2012",Early Stage Venture,"$75,000,000",Yes,2,1,"133,622"
Series A - bounce.io (dba: ThreatWave),https://www.crunchbase.com/funding_round/bounce-io-series-a--d8d57ee9,bounce.io (dba: ThreatWave),https://www.crunchbase.com/organization/bounce-io,Series A,"$4,800,000","Feb 4, 2014",Early Stage Venture,,Yes,2,,"135,734"
"Series B - Ello, Inc.",https://www.crunchbase.com/funding_round/ello-inc-series-b--f99de85b,"Ello, Inc.",https://www.crunchbase.com/organization/ello-inc,Series B,"$5,000,000","Apr 2, 2015",Early Stage Venture,,Yes,3,2,"69,559"
Seed Round - Woot Math,https://www.crunchbase.com/funding_round/woot-math-seed--304a6748,Woot Math,https://www.crunchbase.com/organization/woot-math,Seed,"$1,000,000","Feb 12, 2015",Seed,,Yes,1,,"70,085"
Series A - littleBits Electronics,https://www.crunchbase.com/funding_round/littlebits-electronics-series-a--cc13175e,littleBits Electronics,https://www.crunchbase.com/organization/littlebits-electronics,Series A,"$11,100,000","Nov 20, 2013",Early Stage Venture,,Yes,12,3,"70,659"
Series A - Yesware,https://www.crunchbase.com/funding_round/yesware-series-a--cd70b12e,Yesware,https://www.crunchbase.com/organization/yesware,Series A,"$4,000,000","Jun 20, 2012",Early Stage Venture,,Yes,4,2,"71,314"
Seed Round - UniqueSound,https://www.crunchbase.com/funding_round/uniquesound-seed--4884767d,UniqueSound,https://www.crunchbase.com/organization/uniquesound,Seed,"$1,000,000","Sep 22, 2015",Seed,,Yes,7,1,"73,592"
Series E - Sphero,https://www.crunchbase.com/funding_round/orbotix-series-e--2908f948,Sphero,https://www.crunchbase.com/organization/orbotix,Series E,"$45,000,000","Jun 1, 2015",Late Stage Venture,"$110,000,000",Yes,3,2,"73,878"
Series A - SideTour,https://www.crunchbase.com/funding_round/sidetour-series-a--b60f9d44,SideTour,https://www.crunchbase.com/organization/sidetour,Series A,"$2,500,000","Mar 25, 2013",Early Stage Venture,,Yes,2,1,"128,299"
Series A - Occipital,https://www.crunchbase.com/funding_round/occipital-series-a--590d5858,Occipital,https://www.crunchbase.com/organization/occipital,Series A,"$7,000,000","Aug 10, 2011",Early Stage Venture,,Yes,2,2,"139,870"
Series A - mLab,https://www.crunchbase.com/funding_round/objectlabs-series-a--fefc2389,mLab,https://www.crunchbase.com/organization/objectlabs,Series A,"$3,000,000","May 1, 2011",Early Stage Venture,,Yes,5,2,"129,089"
Series B - G4Native,https://www.crunchbase.com/funding_round/triggit-series-b--cd5f60c5,G4Native,https://www.crunchbase.com/organization/triggit,Series B,"$7,400,000","Nov 29, 2012",Early Stage Venture,,Yes,2,2,"143,977"
Series A - Beeswax,https://www.crunchbase.com/funding_round/beeswax-series-a--d5c56ae5,Beeswax,https://www.crunchbase.com/organization/beeswax,Series A,"$11,000,000","Sep 9, 2016",Early Stage Venture,,Yes,2,2,"147,292"
