,ppid1,ppid2
0,P102503,P102504
1,P102504,P102503
2,P102813,P128706
3,P102813,P54477
4,P104006,P386047
5,P104006,P386333
6,P104914,P381702
7,P104914,P413264
8,P109905,P268212
9,P109908,P110012
10,P109911,P109949
11,P109931,P109959
12,P109935,P109959
13,P109936,P109908
14,P109936,P109929
15,P109936,P110010
16,P110012,P109908
17,P110113,P380579
18,P110113,P380580
19,P110113,P380581
20,P110409,P241301
21,P110409,P384066
22,P111902,P275309
23,P112814,P380696
24,P116609,P116610
25,P122345,P380579
26,P122345,P380580
27,P122345,P380581
28,P122628,P122748
29,P122628,P126301
30,P122641,P380566
31,P122668,P126301
32,P122668,P393325
33,P122670,P122735
34,P122670,P403817
35,P122684,P313020
36,P122684,P384695
37,P122685,P122735
38,P122685,P400708
39,P122690,P122735
40,P122690,P400708
41,P122694,P126301
42,P122694,P403817
43,P122722,P122735
44,P122722,P400708
45,P122735,P126301
46,P122735,P381030
47,P122736,P126301
48,P122736,P411552
49,P122739,P122735
50,P122739,P405130
51,P122740,P122748
52,P122740,P126301
53,P122748,P126301
54,P122748,P310726
55,P122750,P126301
56,P122750,P393634
57,P122751,P122735
58,P122751,P384996
59,P122764,P122735
60,P122764,P410815
61,P122765,P122735
62,P122765,P122912
63,P122767,P122735
64,P122767,P409101
65,P122782,P122735
66,P122782,P405130
67,P122807,P126301
68,P122807,P384996
69,P122834,P122735
70,P122834,P403817
71,P122866,P122735
72,P122866,P122912
73,P122868,P122735
74,P122868,P399232
75,P122912,P122735
76,P122912,P403817
77,P122914,P126301
78,P122914,P403817
79,P124001,P155706
80,P124001,P379510
81,P12420,P380592
82,P12430,P380552
83,P12430,P380554
84,P124716,P211343
85,P124716,P416815
86,P124904,P380596
87,P124904,P380597
88,P124904,P380598
89,P12564,P380586
90,P12630,P12662
91,P12630,P382431
92,P126302,P122764
93,P126302,P122782
94,P12657,P382393
95,P12662,P382378
96,P12790,P386333
97,P128706,P244006
98,P128706,P247905
99,P129610,P397883
100,P129610,P405237
101,P129704,P385744
102,P129704,P410767
103,P129705,P385744
104,P129705,P410765
105,P133173,P264900
106,P133173,P295206
107,P133401,P381164
108,P133401,P381165
109,P133707,P418593
110,P136022,P109908
111,P136022,P110010
112,P136022,P140905
113,P136216,P403628
114,P136216,P403632
115,P136300,P385582
116,P139803,P126301
117,P139803,P403817
118,P140903,P313009
119,P140903,P313012
120,P140906,P109908
121,P140906,P110010
122,P140906,P140905
123,P143329,P126301
124,P143329,P409146
125,P148400,P379510
126,P148400,P54509
127,P151107,P382437
128,P152703,P392850
129,P153000,P313028
130,P155706,P217932
131,P155706,P379510
132,P157011,P49706
133,P158043,P155706
134,P158043,P379510
135,P158702,P158705
136,P158702,P379510
137,P158703,P379510
138,P158703,P54477
139,P158704,P158705
140,P158704,P379510
141,P158705,P158702
142,P158705,P379510
143,P163103,P306816
144,P163604,P380567
145,P163604,P380568
146,P163604,P380571
147,P166111,P240604
148,P166111,P61003
149,P168103,P380610
150,P171917,P193614
151,P171917,P34105
152,P171917,P45606
153,P173620,P398379
154,P173690,P388058
155,P173690,P390724
156,P173690,P393074
157,P174900,P237120
158,P174901,P237120
159,P175208,P396240
160,P177117,P382426
161,P178407,P178408
162,P178407,P178409
163,P178407,P178410
164,P180727,P306857
165,P183301,P382745
166,P183916,P377755
167,P183916,P405231
168,P185818,P379510
169,P185818,P54477
170,P186402,P306859
171,P187415,P313009
172,P187415,P384695
173,P189147,P1273
174,P189147,P290636
175,P190247,P388222
176,P191603,P313009
177,P191603,P313012
178,P191858,P380572
179,P193231,P210575
180,P193231,P231040
181,P194400,P122735
182,P194400,P405130
183,P195321,P380603
184,P196516,P389021
185,P196516,P389023
186,P196516,P389027
187,P196542,P126301
188,P196542,P409146
189,P197107,P389120
190,P197107,P408017
191,P200313,P306826
192,P201441,P126301
193,P201441,P271903
194,P204725,P313039
195,P205020,P237120
196,P205614,P398379
197,P206900,P279510
198,P206900,P403817
199,P208012,P313009
200,P208012,P414674
201,P208603,P392516
202,P208603,P409239
203,P208606,P405202
204,P208606,P59457
205,P209445,P384585
206,P209815,P240604
207,P209815,P61003
208,P210575,P388108
209,P210589,P264900
210,P210589,P290636
211,P211343,P42318
212,P211613,P126301
213,P211613,P411552
214,P211616,P122735
215,P211616,P405130
216,P212928,P396240
217,P214216,P110010
218,P214216,P151915
219,P214216,P277510
220,P217512,P403748
221,P217907,P382442
222,P217909,P217931
223,P217909,P379510
224,P217931,P217932
225,P217931,P379510
226,P217932,P217931
227,P217932,P379510
228,P217935,P379510
229,P217935,P54509
230,P218700,P384780
231,P218700,P404338
232,P218791,P396240
233,P219001,P409523
234,P219008,P308201
235,P219907,P306870
236,P220111,P128706
237,P220111,P310620
238,P223807,P380572
239,P224300,P306876
240,P228100,P313009
241,P228913,P379449
242,P228913,P406235
243,P228914,P228913
244,P229206,P231510
245,P229206,P289307
246,P229400,P379510
247,P229400,P54477
248,P229401,P229400
249,P229401,P379510
250,P229406,P377629
251,P229406,P384066
252,P230701,P398357
253,P231022,P390722
254,P231113,P311138
255,P231113,P409975
256,P231501,P237120
257,P231510,P1273
258,P231510,P264900
259,P231607,P0417
260,P231607,P395163
261,P232903,P393675
262,P232903,P415667
263,P232910,P407401
264,P232910,P407402
265,P234100,P234101
266,P234100,P234102
267,P234438,P377675
268,P234438,P380582
269,P234438,P380584
270,P234438,P380585
271,P234921,P234922
272,P234921,P259801
273,P234921,P259802
274,P234967,P313009
275,P235346,P390722
276,P235346,P405237
277,P236400,P190247
278,P236814,P396240
279,P236816,P254222
280,P236816,P404710
281,P236816,P404712
282,P237500,P382436
283,P238433,P396238
284,P238433,P408966
285,P240604,P396527
286,P241301,P229406
287,P241303,P381000
288,P242137,P242138
289,P243804,P386725
290,P244006,P128706
291,P244006,P247905
292,P244437,P173619
293,P244437,P173620
294,P244509,P244510
295,P244510,P244509
296,P244700,P188308
297,P244700,P259605
298,P244911,P54433
299,P245205,P385528
300,P247355,P377873
301,P247905,P379510
302,P249814,P401715
303,P249814,P409800
304,P252916,P289307
305,P252916,P408219
306,P253113,P264900
307,P253113,P408312
308,P253209,P395905
309,P253313,P235346
310,P253313,P397881
311,P253313,P409230
312,P253313,P410771
313,P253810,P396526
314,P254209,P385345
315,P254713,P122735
316,P254713,P403817
317,P255110,P110010
318,P255506,P377803
319,P255506,P380616
320,P256308,P380544
321,P256308,P380545
322,P256308,P380546
323,P258057,P382516
324,P259605,P126301
325,P259605,P410652
326,P259615,P386033
327,P260311,P385398
328,P260311,P398372
329,P260313,P313039
330,P260921,P385017
331,P260921,P385021
332,P262041,P390664
333,P262109,P382431
334,P262113,P394259
335,P262303,P128706
336,P262303,P54477
337,P262304,P392013
338,P263504,P410548
339,P263504,P418595
340,P264428,P379510
341,P264428,P397397
342,P264900,P1273
343,P264900,P289307
344,P266800,P302940
345,P266811,P406223
346,P266811,P407321
347,P267200,P284716
348,P267200,P418593
349,P267310,P385744
350,P267310,P385745
351,P267814,P173619
352,P267814,P173620
353,P267817,P313009
354,P267817,P313012
355,P268711,P382389
356,P268711,P382391
357,P269120,P380550
358,P269705,P269706
359,P269705,P378716
360,P269706,P269705
361,P269706,P378716
362,P270539,P270580
363,P270539,P382581
364,P270540,P270549
365,P270540,P270551
366,P270541,P270542
367,P270541,P270566
368,P270542,P270541
369,P270543,P270544
370,P270543,P270591
371,P270543,P270607
372,P270544,P270543
373,P270544,P270555
374,P270544,P285605
375,P270545,P270570
376,P270545,P270575
377,P270545,P270576
378,P270548,P270570
379,P270548,P270575
380,P270548,P270576
381,P270549,P270594
382,P270551,P270549
383,P270551,P270594
384,P270555,P270544
385,P270555,P270598
386,P270555,P285605
387,P270562,P270539
388,P270562,P383334
389,P270562,P413402
390,P270567,P270579
391,P270568,P270539
392,P270568,P270577
393,P270568,P382581
394,P270569,P270579
395,P270570,P270548
396,P270570,P270574
397,P270570,P270575
398,P270580,P270539
399,P270580,P270568
400,P270585,P270575
401,P270594,P270549
402,P270594,P270551
403,P270706,P270707
404,P270707,P270706
405,P271538,P380556
406,P271538,P409513
407,P271538,P409516
408,P271903,P126301
409,P271903,P277401
410,P272008,P290636
411,P272008,P392516
412,P272812,P376892
413,P273404,P240604
414,P273404,P61003
415,P273416,P389033
416,P273801,P313009
417,P273801,P313012
418,P276318,P312914
419,P276318,P409800
420,P276319,P312914
421,P276322,P393986
422,P276322,P409012
423,P276329,P409800
424,P276331,P276322
425,P276800,P411039
426,P276800,P411042
427,P277221,P374830
428,P277221,P415988
429,P277222,P309813
430,P277222,P374830
431,P277222,P410548
432,P277401,P126301
433,P277401,P271903
434,P277510,P110012
435,P278001,P278002
436,P278002,P278001
437,P278021,P302942
438,P278807,P276319
439,P278807,P385121
440,P279113,P122735
441,P279113,P387634
442,P279509,P381000
443,P280421,P389120
444,P280421,P408017
445,P280505,P280506
446,P280506,P280505
447,P280513,P378842
448,P280518,P280519
449,P280519,P280518
450,P280552,P280519
451,P280562,P280563
452,P280563,P280562
453,P280566,P280571
454,P280567,P280572
455,P280568,P280573
456,P280571,P280566
457,P280572,P280567
458,P280573,P280568
459,P280717,P286403
460,P280717,P7844
461,P281400,P389033
462,P281411,P401715
463,P281411,P409800
464,P281424,P306829
465,P281835,P281837
466,P282915,P382079
467,P282915,P396249
468,P283330,P386195
469,P283330,P396249
470,P283507,P264900
471,P283507,P283509
472,P283508,P264900
473,P283508,P283509
474,P283509,P1273
475,P283509,P289307
476,P283903,P303109
477,P283903,P307909
478,P283905,P283905
479,P283905,P388405
480,P284106,P291430
481,P284106,P414676
482,P284507,P409800
483,P284507,P414234
484,P284710,P385582
485,P284716,P302916
486,P284716,P418593
487,P284717,P302916
488,P284717,P418593
489,P284718,P302916
490,P284718,P418593
491,P285151,P285152
492,P285152,P285151
493,P285153,P285155
494,P285155,P285153
495,P285163,P229205
496,P285323,P109956
497,P285605,P270544
498,P285605,P270555
499,P285605,P270598
500,P286202,P42083
501,P286205,P382403
502,P286513,P407327
503,P286513,P414678
504,P286608,P397881
505,P286608,P409230
506,P287901,P384585
507,P289307,P392516
508,P289307,P409239
509,P290634,P289307
510,P290634,P408218
511,P290636,P264900
512,P290636,P295206
513,P290902,P381000
514,P290902,P384402
515,P291430,P384677
516,P291430,P414674
517,P291910,P414674
518,P292005,P388616
519,P292006,P292005
520,P292015,P418593
521,P292403,P410005
522,P292412,P313009
523,P292412,P313012
524,P292507,P292508
525,P292508,P292507
526,P293010,P126301
527,P293010,P223705
528,P293302,P128706
529,P293302,P54477
530,P293603,P386048
531,P294005,P313009
532,P294006,P313009
533,P294101,P405207
534,P294713,P375780
535,P294713,P380973
536,P294713,P380974
537,P294810,P270541
538,P294812,P270566
539,P295206,P289307
540,P295206,P290636
541,P296412,P309218
542,P296439,P296440
543,P296440,P296439
544,P296843,P296914
545,P296898,P229205
546,P296917,P155706
547,P296917,P379510
548,P297132,P395361
549,P297134,P406221
550,P297134,P408904
551,P297524,P415772
552,P297547,P405016
553,P297551,P405016
554,P297552,P297553
555,P297553,P297552
556,P300339,P313009
557,P300705,P313009
558,P300705,P313012
559,P301802,P210575
560,P301802,P231040
561,P302633,P290636
562,P302916,P284716
563,P302916,P418593
564,P302918,P302919
565,P302919,P302918
566,P302923,P377873
567,P302924,P410552
568,P302940,P385038
569,P302942,P278021
570,P303302,P409030
571,P303303,P386617
572,P303303,P409800
573,P304704,P387272
574,P304704,P395104
575,P305114,P122735
576,P305114,P122912
577,P305413,P244437
578,P305701,P1273
579,P305701,P231510
580,P306004,P264900
581,P306004,P305701
582,P306816,P163103
583,P306826,P377678
584,P306829,P281424
585,P306857,P180727
586,P306859,P186402
587,P306870,P219907
588,P306876,P224300
589,P307009,P396525
590,P307010,P396522
591,P307909,P405057
592,P308201,P379510
593,P308201,P403944
594,P308201,P417146
595,P309218,P296412
596,P309310,P309308
597,P309513,P382409
598,P309704,P383334
599,P309704,P403974
600,P309706,P403804
601,P309813,P418593
602,P310307,P297134
603,P310307,P406221
604,P310714,P262038
605,P310714,P407321
606,P310717,P310718
607,P310717,P414226
608,P310718,P310717
609,P310718,P414226
610,P310719,P403326
611,P310719,P414226
612,P310720,P379509
613,P310720,P414226
614,P310726,P122748
615,P310726,P409146
616,P311129,P312607
617,P311130,P311132
618,P311132,P311130
619,P311138,P409985
620,P311138,P409986
621,P311601,P313009
622,P311601,P409800
623,P312114,P385754
624,P312910,P414677
625,P312914,P276318
626,P312915,P409800
627,P312916,P409800
628,P313004,P401715
629,P313004,P409800
630,P313006,P389120
631,P313006,P408017
632,P313007,P389120
633,P313007,P408017
634,P313009,P389120
635,P313009,P408017
636,P313012,P389120
637,P313012,P408017
638,P313013,P389120
639,P313013,P408017
640,P313014,P389120
641,P313014,P408017
642,P313016,P389120
643,P313016,P408017
644,P313017,P389120
645,P313017,P408017
646,P313018,P389120
647,P313018,P408017
648,P313020,P389120
649,P313020,P408017
650,P313021,P389120
651,P313021,P408017
652,P313023,P389120
653,P313023,P408017
654,P313025,P389120
655,P313025,P408017
656,P313026,P389120
657,P313026,P408017
658,P313028,P389120
659,P313028,P408017
660,P313029,P389120
661,P313029,P408017
662,P313032,P389120
663,P313032,P408017
664,P313033,P389120
665,P313033,P408017
666,P313034,P389120
667,P313034,P408017
668,P313035,P389120
669,P313035,P408017
670,P313039,P389120
671,P313039,P408017
672,P33801,P376180
673,P33801,P381763
674,P34109,P385592
675,P36740,P380600
676,P370325,P410246
677,P370325,P411049
678,P374207,P385019
679,P374552,P266812
680,P374552,P410003
681,P374580,P122735
682,P374580,P403817
683,P374830,P392854
684,P374830,P410550
685,P374830,P418600
686,P374928,P313009
687,P374928,P313012
688,P374933,P259615
689,P375100,P313020
690,P375100,P384695
691,P375113,P380964
692,P375115,P380983
693,P375117,P375118
694,P375120,P380624
695,P375120,P380625
696,P375120,P380626
697,P375120,P380627
698,P375123,P380628
699,P375123,P380629
700,P375123,P380631
701,P375123,P380966
702,P375125,P375126
703,P375125,P375127
704,P375126,P375125
705,P375126,P375127
706,P375127,P375125
707,P375127,P375126
708,P375131,P375130
709,P375169,P397883
710,P375169,P410771
711,P375170,P129704
712,P375170,P410767
713,P375256,P375257
714,P375257,P375256
715,P375258,P375259
716,P375259,P375258
717,P375289,P396523
718,P375363,P294101
719,P375369,P268212
720,P375384,P376892
721,P375386,P375389
722,P375386,P381128
723,P375389,P375386
724,P375389,P378351
725,P375462,P382419
726,P375666,P244509
727,P375713,P390708
728,P375720,P380971
729,P375720,P380972
730,P375780,P294713
731,P375817,P388507
732,P375817,P388509
733,P375841,P379510
734,P375841,P54509
735,P375909,P270543
736,P375909,P270557
737,P375909,P270594
738,P375910,P270543
739,P375910,P270549
740,P375910,P270557
741,P375982,P409325
742,P375987,P404106
743,P376135,P379510
744,P376135,P54477
745,P376136,P379009
746,P376136,P379510
747,P376180,P33801
748,P376187,P380637
749,P376187,P380638
750,P376187,P380639
751,P376213,P410558
752,P376213,P418593
753,P376285,P376619
754,P376285,P377613
755,P376286,P377612
756,P376286,P406001
757,P376287,P377612
758,P376287,P406217
759,P376430,P376136
760,P376430,P379510
761,P376470,P122735
762,P376470,P403817
763,P376504,P376531
764,P376504,P377714
765,P376523,P393847
766,P376523,P393849
767,P376529,P377714
768,P376531,P393632
769,P376531,P406217
770,P376533,P376617
771,P376533,P377612
772,P376615,P376617
773,P376615,P377714
774,P376617,P376287
775,P376617,P376533
776,P376619,P376285
777,P376619,P406217
778,P377118,P387885
779,P377118,P408661
780,P377122,P389120
781,P377122,P408017
782,P377189,P378100
783,P377218,P122735
784,P377218,P387634
785,P377219,P122735
786,P377219,P403817
787,P377296,P409028
788,P377296,P414677
789,P377347,P405531
790,P377347,P412147
791,P377404,P377405
792,P377405,P377404
793,P377446,P380556
794,P377456,P306816
795,P377464,P380572
796,P377485,P380592
797,P377528,P389120
798,P377528,P408017
799,P377612,P376287
800,P377612,P394579
801,P377613,P377714
802,P377613,P394579
803,P377629,P384065
804,P377630,P381000
805,P377630,P386033
806,P377675,P234438
807,P377676,P38220
808,P377677,P54900
809,P377701,P393802
810,P377706,P410553
811,P377706,P410554
812,P377710,P218202
813,P377714,P392107
814,P377723,P377724
815,P377724,P377723
816,P377749,P264900
817,P377749,P392516
818,P377750,P385531
819,P377753,P260408
820,P377753,P386818
821,P377755,P183916
822,P377755,P405231
823,P377756,P377873
824,P377756,P386046
825,P377757,P377873
826,P377757,P386046
827,P377784,P409030
828,P377784,P409800
829,P377785,P409800
830,P377785,P414234
831,P377803,P255506
832,P377804,P296215
833,P377804,P9864
834,P377821,P396240
835,P377873,P386048
836,P378006,P378007
837,P378007,P378006
838,P378017,P379097
839,P378029,P270575
840,P378034,P403326
841,P378034,P414676
842,P378051,P377817
843,P378102,P376504
844,P378102,P406217
845,P378111,P374933
846,P378111,P386033
847,P378133,P380646
848,P378133,P380647
849,P378133,P380648
850,P378133,P380649
851,P378133,P385778
852,P378145,P270539
853,P378145,P382581
854,P378165,P378174
855,P378166,P378167
856,P378167,P378166
857,P378169,P406254
858,P378176,P378177
859,P378177,P378176
860,P378216,P313009
861,P378216,P313012
862,P378284,P379994
863,P378285,P313009
864,P378285,P384695
865,P378286,P313009
866,P378287,P313013
867,P378304,P378306
868,P378306,P378304
869,P378348,P398379
870,P378351,P375389
871,P378393,P378310
872,P378634,P126301
873,P378634,P309226
874,P378639,P126301
875,P378639,P209117
876,P378685,P407323
877,P378685,P414676
878,P378716,P269705
879,P378716,P269706
880,P378821,P284716
881,P378821,P410556
882,P378821,P418593
883,P378841,P378842
884,P378842,P378841
885,P378852,P297511
886,P378859,P389033
887,P378859,P84818
888,P379009,P376136
889,P379009,P379510
890,P379045,P385582
891,P379097,P382936
892,P379126,P406216
893,P379126,P413261
894,P379128,P382936
895,P379221,P231510
896,P379221,P305701
897,P379320,P414675
898,P379324,P249814
899,P379324,P408604
900,P379413,P384066
901,P379415,P379416
902,P379417,P409044
903,P379422,P394260
904,P379434,P380704
905,P379434,P403806
906,P379449,P228913
907,P379509,P409800
908,P379509,P414675
909,P379510,P375841
910,P379526,P208012
911,P379526,P389122
912,P379527,P208012
913,P379527,P389122
914,P379529,P389120
915,P379529,P408017
916,P379530,P208012
917,P379530,P389122
918,P379534,P208012
919,P379534,P389122
920,P379535,P208012
921,P379535,P389122
922,P379546,P208012
923,P379546,P389122
924,P379556,P377118
925,P379556,P408661
926,P379559,P389120
927,P379559,P408017
928,P379832,P379449
929,P379832,P406235
930,P379987,P289307
931,P379987,P408311
932,P379994,P380023
933,P380537,P296215
934,P380537,P9864
935,P380538,P296215
936,P380538,P9864
937,P380539,P41391
938,P380540,P41391
939,P380541,P41391
940,P380544,P256308
941,P380545,P256308
942,P380546,P256308
943,P380550,P269120
944,P380552,P12430
945,P380554,P12430
946,P380556,P271538
947,P380557,P96611
948,P380558,P96611
949,P380561,P54900
950,P380562,P54900
951,P380564,P54900
952,P380565,P122641
953,P380566,P122641
954,P380567,P163604
955,P380568,P163604
956,P380571,P163604
957,P380572,P191858
958,P380574,P40576
959,P380579,P122345
960,P380580,P122345
961,P380581,P122345
962,P380582,P234438
963,P380584,P234438
964,P380585,P234438
965,P380586,P12564
966,P380588,P6325
967,P380590,P6325
968,P380592,P12420
969,P380593,P44903
970,P380595,P44903
971,P380596,P124904
972,P380597,P124904
973,P380598,P124904
974,P380600,P36740
975,P380603,P195321
976,P380610,P168103
977,P380615,P397836
978,P380615,P416703
979,P380616,P255506
980,P380620,P6430
981,P380621,P6430
982,P380622,P6430
983,P380624,P375120
984,P380625,P375120
985,P380626,P375120
986,P380627,P375120
987,P380628,P375123
988,P380629,P375123
989,P380631,P375123
990,P380637,P376187
991,P380639,P376187
992,P380646,P378133
993,P380647,P378133
994,P380648,P378133
995,P380649,P378133
996,P380650,P38220
997,P380652,P38220
998,P380653,P38220
999,P380673,P380676
1000,P380674,P380675
1001,P380677,P380676
1002,P380690,P219008
1003,P380690,P313009
1004,P380696,P112814
1005,P380697,P296215
1006,P380697,P9864
1007,P380698,P296215
1008,P380698,P9864
1009,P380702,P398803
1010,P380704,P313026
1011,P380704,P379434
1012,P380704,P403806
1013,P380705,P380704
1014,P380705,P403806
1015,P380706,P379417
1016,P380708,P379419
1017,P380709,P379418
1018,P380805,P384780
1019,P380827,P380829
1020,P380829,P380827
1021,P380835,P392437
1022,P380952,P380675
1023,P380953,P380676
1024,P380954,P380676
1025,P380955,P38221
1026,P380956,P38221
1027,P380957,P38221
1028,P380958,P44903
1029,P380959,P179007
1030,P380960,P179007
1031,P380964,P375113
1032,P380966,P375123
1033,P380971,P375720
1034,P380972,P375720
1035,P380973,P294713
1036,P380974,P294713
1037,P380979,P264506
1038,P380983,P375115
1039,P381000,P290902
1040,P381000,P407909
1041,P381033,P384820
1042,P381146,P410220
1043,P381155,P407323
1044,P381155,P409800
1045,P381164,P133401
1046,P381165,P133401
1047,P381169,P263504
1048,P381169,P284716
1049,P381169,P415989
1050,P381170,P313013
1051,P381170,P313042
1052,P381176,P409325
1053,P381195,P398379
1054,P381207,P376892
1055,P381306,P302916
1056,P381306,P418593
1057,P381315,P390664
1058,P381714,P109931
1059,P381714,P386053
1060,P381714,P414034
1061,P381729,P303109
1062,P381729,P405057
1063,P381762,P33801
1064,P381763,P33801
1065,P381793,P392209
1066,P381795,P382092
1067,P381796,P382094
1068,P381797,P382093
1069,P381798,P381793
1070,P381810,P286608
1071,P381810,P397881
1072,P381823,P379449
1073,P381823,P406235
1074,P381916,P122735
1075,P381916,P403817
1076,P381918,P122735
1077,P381918,P403817
1078,P382079,P282915
1079,P382079,P386793
1080,P382092,P392211
1081,P382094,P394943
1082,P382125,P379510
1083,P382125,P54509
1084,P38220,P377676
1085,P38220,P380650
1086,P38220,P380652
1087,P38220,P380653
1088,P38221,P380956
1089,P38221,P380957
1090,P38221,P382517
1092,P382251,P313009
1093,P382282,P376714
1094,P382309,P377724
1095,P382345,P61204
1096,P382354,P382355
1097,P382354,P391765
1098,P382354,P391767
1099,P382355,P382354
1100,P382355,P391765
1101,P382355,P391767
1102,P382356,P383308
1103,P382438,P393966
1104,P382448,P236816
1105,P382448,P386289
1106,P382448,P411036
1107,P382500,P234967
1108,P382502,P126301
1109,P382502,P271903
1110,P382504,P234967
1111,P382504,P393325
1112,P382516,P258057
1113,P382517,P38221
1114,P382537,P382538
1115,P382537,P408017
1116,P382538,P382537
1117,P382538,P408017
1118,P382581,P270539
1119,P382581,P383334
1120,P382601,P374552
1121,P38262,P38264
1122,P38262,P56306
1123,P38264,P38262
1124,P383053,P383054
1125,P383054,P383053
1126,P383103,P313009
1127,P383103,P313012
1128,P383116,P386048
1129,P383116,P386051
1130,P383163,P395101
1131,P383179,P383182
1132,P383179,P384046
1133,P383183,P383182
1134,P383183,P384046
1135,P383308,P382356
1136,P383308,P399754
1137,P383334,P382581
1138,P383334,P403974
1139,P383341,P313009
1140,P38347,P264900
1141,P38347,P290636
1142,P383529,P383530
1143,P383529,P383531
1144,P383530,P383529
1145,P383531,P383529
1146,P383912,P388505
1147,P383912,P400353
1148,P383914,P388503
1149,P383914,P400351
1150,P384059,P384060
1151,P384060,P384059
1152,P384065,P377629
1153,P384065,P392009
1154,P384066,P229406
1155,P384066,P48406
1156,P384099,P284716
1157,P384099,P418593
1158,P384101,P418593
1159,P384114,P379994
1160,P384114,P380023
1161,P384328,P8850
1162,P384346,P290636
1163,P384346,P392516
1164,P384402,P381000
1165,P384402,P384065
1166,P384505,P122735
1167,P384505,P403817
1168,P384533,P384534
1169,P384534,P384533
1170,P384539,P384540
1171,P384539,P394502
1172,P384583,P208012
1173,P384583,P389122
1174,P384585,P208012
1175,P384585,P389122
1176,P384630,P231510
1177,P384630,P377749
1178,P384632,P270566
1179,P384640,P382936
1180,P384640,P399831
1181,P384659,P384660
1182,P384660,P384659
1183,P384677,P291430
1184,P384677,P377296
1185,P384691,P389120
1186,P384691,P408017
1187,P384693,P389120
1188,P384693,P408017
1189,P384695,P208012
1190,P384695,P389122
1191,P384708,P386112
1192,P384708,P386113
1193,P384744,P382379
1194,P384780,P218700
1195,P384780,P380805
1196,P384792,P384842
1197,P384812,P384815
1198,P384812,P384817
1199,P384815,P234100
1200,P384817,P384812
1201,P384817,P384815
1202,P384818,P384819
1203,P384819,P386315
1204,P384842,P384792
1205,P384862,P110010
1206,P384877,P408602
1207,P384877,P409030
1208,P384885,P389120
1209,P384885,P408017
1210,P384889,P389120
1211,P384889,P408017
1212,P384910,P219001
1213,P384917,P379418
1214,P384919,P384921
1215,P384920,P379418
1216,P384921,P384919
1217,P384954,P380049
1218,P384954,P418804
1219,P384963,P193244
1220,P384964,P264900
1221,P384964,P290636
1222,P384967,P384975
1223,P384967,P384977
1224,P384967,P384979
1225,P384975,P384967
1226,P384977,P384967
1227,P384979,P384967
1228,P384996,P126301
1229,P384996,P395524
1230,P385023,P393077
1231,P385038,P302940
1232,P385111,P208012
1233,P385111,P389122
1234,P385113,P385602
1235,P385113,P385691
1236,P385117,P387885
1237,P385117,P393363
1238,P385121,P385121
1239,P385121,P409030
1240,P385261,P396250
1241,P385317,P394941
1242,P385332,P122735
1243,P385332,P399232
1244,P385345,P254209
1245,P385350,P410811
1246,P385354,P410810
1247,P385358,P410810
1248,P385364,P385437
1249,P385364,P389226
1250,P385364,P399811
1251,P385368,P378133
1252,P385398,P313020
1253,P385398,P384695
1254,P385437,P385364
1255,P385453,P385454
1256,P385453,P385455
1257,P385465,P306816
1258,P385477,P395907
1259,P385528,P245205
1260,P385528,P380049
1261,P385559,P380552
1262,P385559,P380554
1263,P385561,P379324
1264,P385561,P407321
1265,P385567,P385691
1266,P385569,P385592
1267,P385586,P270568
1268,P385586,P378145
1269,P385586,P382581
1270,P385587,P270542
1271,P385587,P397613
1272,P385596,P385691
1273,P385598,P385113
1274,P385598,P385691
1275,P385602,P385691
1276,P385604,P385691
1277,P385626,P407323
1278,P385626,P409800
1279,P385651,P38220
1280,P385653,P54900
1281,P385655,P38220
1282,P385669,P235346
1283,P385669,P375169
1284,P385691,P385113
1285,P385691,P385602
1286,P385693,P385592
1287,P385693,P385691
1288,P385695,P395357
1289,P385695,P406045
1290,P385721,P409800
1291,P385721,P414220
1292,P385741,P385742
1293,P385742,P385741
1294,P385743,P388058
1295,P385743,P393074
1296,P385744,P386781
1297,P385744,P410767
1298,P385745,P375170
1299,P385752,P385751
1300,P385762,P385763
1301,P385763,P385762
1302,P386030,P109959
1303,P386033,P378111
1304,P386036,P418593
1305,P386112,P386113
1306,P386113,P386112
1307,P386135,P385169
1308,P386135,P386141
1309,P386141,P385169
1310,P386179,P406221
1311,P386179,P408904
1312,P386194,P282915
1313,P386194,P283330
1314,P386195,P283330
1315,P386195,P400212
1316,P386289,P378386
1317,P386315,P384819
1318,P386335,P313014
1319,P386335,P404833
1320,P386376,P126301
1321,P386376,P209117
1322,P386377,P386378
1323,P386378,P386377
1324,P386380,P382356
1325,P386439,P394605
1326,P386462,P386463
1327,P386463,P386462
1328,P386500,P370325
1329,P386501,P370325
1330,P386502,P370325
1331,P386515,P370325
1332,P386615,P409800
1333,P386615,P414232
1334,P386623,P313020
1335,P386623,P389120
1336,P386631,P313041
1337,P386631,P382933
1338,P386660,P410840
1339,P386664,P386052
1340,P386701,P1272
1341,P386701,P289307
1342,P386781,P385744
1343,P386781,P385745
1344,P386783,P386784
1345,P386793,P283330
1346,P386793,P396249
1347,P386816,P396240
1348,P386845,P296439
1349,P386915,P289307
1350,P386915,P409239
1351,P387034,P379434
1352,P387037,P392349
1353,P387073,P387074
1354,P387074,P387073
1355,P387263,P261211
1356,P387270,P289307
1357,P387270,P386915
1358,P387415,P386910
1359,P387417,P387420
1360,P387418,P387420
1361,P387419,P387420
1362,P387420,P387417
1363,P387420,P387418
1364,P387420,P387419
1365,P387423,P110010
1366,P387548,P388647
1367,P387548,P388649
1368,P387562,P387568
1369,P387564,P387568
1370,P387568,P387562
1371,P387589,P377629
1372,P387589,P48406
1373,P387591,P229406
1374,P387591,P384402
1375,P387599,P122735
1376,P387599,P405130
1377,P387603,P380556
1378,P387626,P376737
1379,P387630,P389120
1380,P387630,P408017
1381,P387634,P126301
1382,P387634,P279113
1383,P387670,P387671
1384,P387671,P382410
1385,P387671,P387670
1386,P387705,P307909
1387,P387705,P388405
1388,P387709,P129610
1389,P387709,P381810
1390,P387825,P379449
1391,P387825,P406235
1392,P387827,P382936
1393,P387835,P264900
1394,P387835,P289307
1395,P387843,P389120
1396,P387843,P408017
1397,P387845,P389120
1398,P387845,P408017
1399,P387849,P377784
1400,P387849,P395532
1401,P387853,P297134
1402,P387853,P406221
1403,P387885,P377118
1404,P387885,P408661
1405,P387887,P385117
1406,P387887,P387885
1407,P387889,P313009
1408,P387889,P414674
1409,P387906,P389033
1410,P387956,P387594
1411,P387956,P418593
1412,P388013,P398345
1413,P388013,P407323
1414,P388017,P388018
1415,P388017,P388701
1416,P388018,P376287
1417,P388018,P388701
1418,P388019,P377714
1419,P388019,P398737
1420,P388058,P398379
1421,P388061,P199612
1422,P388062,P384108
1423,P388108,P193244
1424,P388108,P210575
1425,P388123,P405016
1426,P388222,P190247
1427,P388225,P410558
1428,P388225,P418593
1429,P388241,P128706
1430,P388241,P310620
1431,P388503,P383914
1432,P388503,P400351
1433,P388505,P383912
1434,P388505,P400353
1435,P388507,P375817
1436,P388509,P375817
1437,P388511,P380610
1438,P388511,P388532
1439,P388532,P388532
1440,P388556,P389512
1441,P388615,P406503
1442,P388616,P292005
1443,P388625,P402071
1444,P388626,P408411
1445,P388627,P402074
1446,P388629,P396733
1447,P388629,P402072
1448,P388629,P402073
1449,P388647,P387548
1450,P388649,P387548
1451,P388664,P270601
1452,P388677,P398627
1453,P388677,P398629
1454,P388682,P388616
1455,P388687,P384792
1456,P388695,P389512
1457,P388696,P389512
1458,P388697,P389512
1459,P388701,P376531
1460,P388701,P377714
1461,P388703,P388705
1462,P388703,P389592
1463,P388705,P388703
1464,P388708,P390987
1465,P388775,P388776
1466,P388953,P388950
1467,P388953,P388952
1468,P389023,P196516
1469,P389027,P196516
1470,P389033,P387906
1471,P389120,P313009
1472,P389120,P414674
1473,P389170,P377784
1474,P389170,P395532
1475,P389185,P377873
1476,P389226,P385364
1477,P389226,P399811
1478,P389512,P388556
1479,P389556,P397380
1480,P389592,P388703
1481,P389809,P380566
1482,P390106,P414226
1483,P390202,P390204
1484,P390204,P390202
1485,P390310,P396821
1486,P390310,P396822
1487,P390324,P393361
1488,P390422,P403974
1489,P390664,P276319
1490,P390664,P276322
1491,P390722,P397883
1492,P390722,P405237
1493,P390724,P173690
1494,P390726,P173690
1495,P390728,P173690
1496,P390961,P394558
1497,P390987,P388708
1498,P391110,P380586
1499,P391305,P313020
1500,P391306,P313026
1501,P391335,P389120
1502,P391335,P408017
1503,P391618,P394357
1504,P391632,P394357
1505,P391633,P394357
1506,P391634,P394357
1507,P391635,P394357
1508,P391636,P394357
1509,P391637,P394357
1510,P391638,P394357
1511,P391639,P394357
1512,P391656,P386135
1513,P391656,P386141
1514,P391759,P403812
1515,P391759,P403813
1516,P391761,P406764
1517,P391765,P382354
1518,P391765,P382355
1519,P391765,P391767
1520,P391767,P382354
1521,P391767,P382355
1522,P391767,P391765
1523,P391790,P264900
1524,P391790,P289307
1525,P391802,P404010
1526,P391918,P387670
1527,P392009,P381000
1528,P392013,P262304
1529,P392018,P392009
1530,P392107,P377714
1531,P392107,P394579
1532,P392128,P392129
1533,P392129,P392128
1534,P392132,P395103
1535,P392135,P383914
1536,P392209,P381793
1537,P392211,P382092
1538,P392234,P392235
1539,P392235,P392234
1540,P392255,P386195
1541,P392255,P396249
1542,P392347,P392346
1543,P392348,P392350
1544,P392349,P392351
1545,P392350,P392348
1546,P392351,P392349
1547,P392352,P392349
1548,P392375,P390664
1549,P392379,P1273
1550,P392379,P264900
1551,P392431,P268212
1552,P392437,P311138
1553,P392458,P392461
1554,P392461,P392458
1555,P392472,P388708
1556,P392500,P392501
1557,P392500,P392502
1558,P392500,P392503
1559,P392501,P392500
1560,P392501,P392502
1561,P392501,P392503
1562,P392502,P392500
1563,P392502,P392501
1564,P392502,P392503
1565,P392503,P392500
1566,P392503,P392501
1567,P392503,P392502
1568,P392516,P289307
1569,P392516,P409239
1570,P392524,P384792
1571,P392600,P379994
1572,P392600,P380017
1573,P392603,P379994
1574,P392603,P379995
1575,P392630,P413431
1576,P392631,P413430
1577,P392707,P193245
1578,P392805,P396310
1579,P392805,P396312
1580,P392827,P392813
1581,P392850,P152703
1582,P392853,P392854
1583,P392854,P374830
1584,P392854,P410552
1585,P392854,P418592
1586,P392911,P414674
1587,P392915,P208012
1588,P392915,P389122
1589,P392945,P384537
1590,P393014,P393809
1591,P393077,P217932
1592,P393077,P54509
1593,P393095,P389120
1594,P393095,P408017
1595,P393097,P389120
1596,P393097,P408017
1597,P393099,P208012
1598,P393099,P389122
1599,P393101,P389120
1600,P393101,P408017
1601,P393103,P385592
1602,P393107,P398311
1603,P393107,P403417
1604,P393113,P208012
1605,P393113,P389122
1606,P393132,P393422
1607,P393132,P410765
1608,P393135,P386818
1609,P393151,P415223
1610,P393167,P415223
1611,P393173,P393167
1612,P393175,P393167
1613,P393266,P414676
1614,P393306,P0732
1615,P393325,P126301
1616,P393325,P409146
1617,P393356,P393357
1618,P393357,P393356
1619,P393361,P390324
1620,P393363,P303303
1621,P393369,P286513
1622,P393369,P407327
1623,P393401,P393402
1624,P393402,P393401
1625,P393402,P393403
1626,P393403,P393402
1627,P393412,P393409
1628,P393412,P393413
1629,P393422,P386781
1630,P393422,P410765
1631,P393430,P393408
1632,P393435,P393723
1633,P393456,P384903
1634,P393456,P393369
1635,P393509,P303303
1636,P393605,P313014
1637,P393632,P393679
1638,P393632,P413261
1639,P393633,P126301
1640,P393633,P393325
1641,P393634,P126301
1642,P393634,P393325
1643,P393658,P377873
1644,P393661,P393662
1645,P393662,P393661
1646,P393664,P393666
1647,P393664,P393668
1648,P393666,P393664
1649,P393668,P393664
1650,P393679,P393632
1651,P393679,P413261
1652,P393722,P254604
1653,P393723,P393435
1654,P393803,P393834
1655,P393809,P393014
1656,P393811,P294101
1657,P393834,P393803
1658,P393847,P376523
1659,P393849,P376523
1660,P393852,P409068
1661,P393853,P409068
1662,P393857,P409068
1663,P393858,P409068
1664,P393859,P409068
1665,P393859,P411840
1666,P393946,P393857
1667,P393946,P409068
1668,P393953,P393961
1669,P393953,P393963
1670,P393954,P404818
1671,P393955,P393952
1672,P393955,P404817
1673,P393962,P393960
1674,P393962,P404818
1675,P393966,P382438
1676,P393986,P389120
1677,P393986,P408661
1678,P393999,P393135
1679,P393999,P394000
1680,P394000,P393135
1681,P394000,P393999
1682,P394116,P388708
1683,P394151,P410811
1684,P394161,P389120
1685,P394161,P408661
1686,P394162,P394167
1687,P394162,P394175
1688,P394164,P394165
1689,P394165,P394164
1690,P394166,P394806
1691,P394166,P407377
1692,P394167,P394162
1693,P394167,P394815
1694,P394168,P394163
1695,P394170,P394171
1696,P394171,P394170
1697,P394172,P394173
1698,P394173,P394172
1699,P394175,P394162
1700,P394175,P394809
1701,P394178,P394177
1702,P394179,P394177
1703,P394227,P409068
1704,P394252,P126301
1705,P394252,P410652
1706,P394502,P384539
1707,P394534,P406908
1708,P394534,P408986
1709,P394549,P394552
1710,P394550,P394552
1711,P394558,P390961
1712,P394579,P377613
1713,P394579,P398331
1714,P394690,P405016
1715,P394805,P394166
1716,P394806,P394166
1717,P394807,P394175
1718,P394808,P394175
1719,P394809,P394175
1720,P394810,P394175
1721,P394811,P394175
1722,P394815,P394167
1723,P394816,P394164
1724,P394817,P394163
1725,P394825,P280513
1726,P394825,P378841
1727,P394825,P378842
1728,P394851,P292005
1729,P394851,P388616
1730,P394854,P59454
1731,P394937,P109908
1732,P394937,P110010
1733,P394937,P151915
1734,P394941,P385317
1735,P394943,P382094
1736,P394945,P12564
1737,P395101,P378034
1738,P395101,P398015
1739,P395103,P389120
1740,P395103,P408017
1741,P395108,P405290
1742,P395126,P217931
1743,P395126,P379510
1744,P395139,P313009
1745,P395139,P404041
1746,P395141,P313009
1747,P395141,P404041
1748,P395159,P382936
1749,P395163,P409800
1750,P395205,P395206
1751,P395230,P392516
1752,P395230,P409239
1753,P395319,P382936
1754,P395327,P129610
1755,P395327,P183916
1756,P395331,P208012
1757,P395331,P389122
1758,P395335,P208012
1759,P395335,P389122
1760,P395337,P208012
1761,P395337,P389122
1762,P395357,P406045
1763,P395359,P384903
1764,P395359,P409002
1765,P395363,P374552
1766,P395409,P395411
1767,P395411,P395409
1768,P395413,P395415
1769,P395415,P395413
1770,P395432,P395438
1771,P395446,P395438
1772,P395446,P395440
1773,P395448,P395438
1774,P395448,P395440
1775,P395524,P122735
1776,P395524,P400708
1777,P395526,P395337
1778,P395532,P408604
1779,P395553,P389120
1780,P395553,P408661
1781,P395637,P183919
1782,P395640,P392810
1783,P395641,P392811
1784,P395697,P297710
1785,P395697,P377724
1786,P395719,P306883
1787,P395728,P410554
1788,P395728,P418593
1789,P395770,P388766
1790,P395772,P388770
1791,P395776,P388764
1792,P395905,P385477
1793,P395907,P395905
1794,P396003,P396005
1795,P396005,P396003
1796,P396021,P378111
1797,P396034,P382936
1798,P396240,P377821
1799,P396240,P396238
1800,P396240,P408966
1801,P396240,P418204
1802,P396249,P382079
1803,P396249,P386793
1804,P396250,P385261
1805,P396279,P396285
1806,P396285,P396279
1807,P396308,P4095
1808,P396310,P392805
1809,P396312,P392805
1810,P396409,P382431
1811,P396413,P313009
1812,P396413,P404041
1813,P396521,P61005
1814,P396521,P61009
1815,P396522,P307010
1816,P396523,P375289
1817,P396524,P61009
1818,P396526,P253810
1819,P396527,P61003
1820,P396601,P387548
1821,P396640,P396642
1822,P396640,P396644
1823,P396640,P396646
1824,P396642,P396640
1825,P396644,P396640
1826,P396646,P396640
1827,P396648,P396640
1828,P396720,P396721
1829,P396721,P396720
1830,P396721,P409068
1831,P396723,P409068
1832,P396726,P409068
1833,P396733,P388629
1834,P396733,P402072
1835,P396733,P402073
1836,P396734,P388625
1837,P396734,P402071
1838,P396747,P392235
1839,P396748,P392235
1840,P396822,P390310
1841,P396826,P396824
1842,P396908,P396914
1843,P396910,P396914
1844,P396912,P396914
1845,P396914,P396908
1846,P396914,P396910
1847,P397044,P397045
1848,P397045,P397044
1849,P397059,P391992
1850,P397102,P397115
1851,P397105,P397116
1852,P397106,P397263
1853,P397107,P397116
1854,P397109,P397114
1855,P397110,P397102
1856,P397111,P397116
1857,P397112,P397102
1858,P397113,P397116
1859,P397115,P397112
1860,P397116,P397105
1861,P397119,P397104
1862,P397120,P397263
1863,P397207,P397212
1864,P397208,P397215
1865,P397214,P395385
1866,P397215,P397208
1867,P397217,P397891
1868,P397217,P410523
1869,P397340,P264900
1870,P397340,P408311
1871,P397344,P1273
1872,P397344,P289307
1873,P397380,P278610
1874,P397383,P111902
1875,P397401,P266812
1876,P397401,P374552
1877,P397407,P276319
1878,P397407,P409800
1879,P397423,P385398
1880,P397423,P9889
1881,P397498,P384060
1882,P397502,P397514
1883,P397506,P313026
1884,P397508,P313026
1885,P397514,P397502
1886,P397517,P387589
1887,P397517,P410500
1888,P397519,P387589
1889,P397615,P397617
1890,P397617,P397615
1891,P397671,P398803
1892,P397719,P383912
1893,P397836,P380615
1894,P397836,P408465
1895,P397836,P416702
1896,P397849,P397850
1897,P397850,P397849
1898,P397868,P378111
1899,P397883,P385669
1900,P397883,P397881
1901,P397885,P397886
1902,P397886,P397885
1903,P397887,P378015
1904,P397887,P378016
1905,P397890,P405016
1906,P397891,P397217
1907,P397891,P410523
1908,P397901,P397902
1909,P397902,P397901
1910,P397913,P398663
1911,P398007,P286513
1912,P398007,P393369
1913,P398009,P403328
1914,P398009,P414674
1915,P398011,P379509
1916,P398011,P414226
1917,P398013,P414226
1918,P398015,P407323
1919,P398015,P414676
1920,P398019,P398015
1921,P398019,P414226
1922,P398021,P414226
1923,P398023,P409030
1924,P398023,P414234
1925,P398082,P409800
1926,P398082,P414677
1927,P398126,P397397
1928,P398321,P382427
1929,P398321,P404037
1930,P398331,P377714
1931,P398331,P394579
1932,P398335,P389120
1933,P398335,P408017
1934,P398339,P208012
1935,P398339,P389122
1936,P398341,P389120
1937,P398341,P408017
1938,P398343,P389120
1939,P398343,P408017
1940,P398353,P276319
1941,P398353,P276322
1942,P398357,P230701
1943,P398371,P384673
1944,P398379,P388058
1945,P398401,P405057
1946,P398403,P405057
1947,P398414,P122735
1948,P398414,P122912
1949,P398415,P122735
1950,P398415,P122912
1951,P398417,P410559
1952,P398418,P410559
1953,P398419,P284716
1954,P398419,P418593
1955,P398532,P398534
1956,P398534,P398532
1957,P398537,P398538
1958,P398538,P398537
1959,P398540,P208012
1960,P398540,P389122
1961,P398556,P208012
1962,P398556,P389122
1963,P398558,P208012
1964,P398558,P389122
1965,P398613,P387616
1966,P398615,P387616
1967,P398627,P398629
1968,P398629,P398627
1969,P398637,P398906
1970,P398663,P397913
1971,P398673,P375939
1972,P398673,P398675
1973,P398675,P375939
1974,P398675,P398673
1975,P398719,P398819
1976,P398735,P244437
1977,P398736,P398735
1978,P398737,P394579
1979,P398737,P409070
1980,P398755,P398757
1981,P398757,P398755
1982,P398775,P393965
1983,P398795,P12430
1984,P398795,P380552
1985,P398803,P397671
1986,P398803,P398947
1987,P398819,P398719
1988,P398831,P398832
1989,P398832,P398831
1990,P398848,P398850
1991,P398850,P398848
1992,P398905,P122735
1993,P398905,P403817
1994,P398906,P398637
1995,P398908,P398909
1996,P398909,P398908
1997,P398911,P228914
1998,P398911,P379449
1999,P398927,P386725
2000,P398941,P398434
2001,P398941,P398949
2002,P398947,P398803
2003,P398949,P398434
2004,P398949,P398941
2005,P398965,P398967
2006,P398965,P398969
2007,P398967,P398965
2008,P398969,P398965
2009,P398969,P398967
2010,P398969,P398969
2011,P398971,P398965
2012,P398971,P398967
2013,P398971,P398969
2014,P398973,P398965
2015,P398973,P398967
2016,P398973,P398969
2017,P398973,P398975
2018,P398975,P398965
2019,P398975,P398967
2020,P398975,P398969
2021,P398975,P398973
2022,P398985,P399015
2023,P398996,P398995
2024,P399008,P399010
2025,P399012,P399015
2026,P399112,P398831
2027,P399112,P398832
2028,P399118,P399119
2029,P399118,P399120
2030,P399119,P399118
2031,P399119,P399120
2032,P399120,P399118
2033,P399120,P399119
2034,P399128,P395768
2035,P399130,P395766
2036,P399232,P122735
2037,P399232,P122868
2038,P399326,P404918
2039,P399332,P399333
2040,P399333,P399332
2041,P399335,P399336
2042,P399335,P399337
2043,P399336,P399335
2044,P399336,P399337
2045,P399337,P399335
2046,P399337,P399336
2047,P399348,P392117
2048,P399352,P399667
2049,P399352,P402686
2050,P399506,P393857
2051,P399506,P409068
2052,P399508,P393857
2053,P399508,P409068
2054,P399609,P399611
2055,P399667,P399352
2056,P399667,P402686
2057,P399681,P398844
2058,P399703,P393857
2059,P399703,P409068
2060,P399736,P174626
2061,P399736,P214002
2062,P399737,P399740
2063,P399737,P399743
2064,P399738,P399741
2065,P399738,P399744
2066,P399739,P399742
2067,P399739,P399745
2068,P399740,P399737
2069,P399740,P399743
2070,P399741,P399738
2071,P399741,P399744
2072,P399742,P399739
2073,P399742,P399745
2074,P399743,P399737
2075,P399743,P399740
2076,P399744,P399738
2077,P399744,P399741
2078,P399745,P399739
2079,P399745,P399742
2080,P399752,P382354
2081,P399752,P382355
2082,P399754,P382356
2083,P399754,P386380
2084,P399755,P281835
2085,P399755,P281837
2086,P399761,P375720
2087,P399811,P385364
2088,P399811,P389226
2089,P399812,P313009
2090,P399831,P382936
2091,P399831,P384640
2092,P399914,P313020
2093,P399933,P399934
2094,P399934,P399933
2095,P399982,P388688
2096,P399982,P388689
2097,P399993,P399994
2098,P399994,P399993
2099,P400004,P400005
2100,P400004,P400006
2101,P400005,P400004
2102,P400005,P400006
2103,P400006,P400004
2104,P400006,P400005
2105,P400016,P400017
2106,P400017,P400016
2107,P400057,P400059
2108,P400057,P400061
2109,P400059,P400057
2110,P400061,P400057
2111,P400102,P400103
2112,P400102,P400104
2113,P400103,P400102
2114,P400103,P400104
2115,P400104,P400102
2116,P400104,P400103
2117,P400172,P270544
2118,P400172,P401774
2119,P400209,P400210
2120,P400210,P400209
2121,P400212,P386195
2122,P400214,P396090
2123,P400252,P400253
2124,P400253,P400252
2125,P400280,P396090
2126,P400316,P0847
2127,P400318,P0847
2128,P400351,P383914
2129,P400351,P388503
2130,P400353,P383912
2131,P400353,P388505
2132,P400504,P289307
2133,P400504,P413171
2134,P400506,P409030
2135,P400506,P414234
2136,P400510,P414226
2137,P400556,P401154
2138,P400558,P401154
2139,P400560,P401154
2140,P400600,P261211
2141,P400600,P397915
2142,P400608,P400609
2143,P400608,P400610
2144,P400609,P400608
2145,P400609,P400610
2146,P400610,P400608
2147,P400610,P400609
2148,P400625,P270566
2149,P400625,P397613
2150,P400664,P208012
2151,P400664,P389122
2152,P400703,P400704
2153,P400704,P400703
2154,P400706,P122735
2155,P400706,P399232
2156,P400708,P122735
2157,P400708,P410815
2158,P400821,P255506
2159,P400888,P400908
2160,P400888,P400921
2161,P400889,P400908
2162,P400890,P400899
2163,P400891,P400899
2164,P400892,P400904
2165,P400893,P400904
2166,P400894,P400907
2167,P400896,P400907
2168,P400909,P400907
2169,P400910,P400901
2170,P400912,P400900
2171,P400913,P400903
2172,P400915,P400905
2173,P400921,P400907
2174,P400960,P385341
2175,P400960,P399326
2176,P401103,P313025
2177,P401133,P388976
2178,P401158,P398721
2179,P401163,P401161
2180,P401163,P401162
2181,P401164,P401161
2182,P401164,P401162
2183,P401165,P401161
2184,P401166,P401161
2185,P401166,P401162
2186,P401167,P401162
2187,P401239,P398840
2188,P401266,P401268
2189,P401268,P401266
2190,P401401,P401402
2191,P401401,P401403
2192,P401402,P401401
2193,P401402,P401403
2194,P401426,P396409
2195,P401445,P401463
2196,P401445,P401466
2197,P401459,P401464
2198,P401463,P401445
2199,P401463,P401466
2200,P401464,P401459
2201,P401505,P379925
2202,P401505,P391917
2203,P401606,P389330
2204,P401606,P392607
2205,P401607,P309226
2206,P401608,P247716
2207,P401715,P249814
2208,P401715,P408604
2209,P401771,P418593
2210,P401774,P400172
2211,P401784,P382936
2212,P401818,P400783
2213,P401820,P400783
2214,P402036,P266812
2215,P402036,P374552
2216,P402071,P388625
2217,P402072,P388629
2218,P402072,P396733
2219,P402072,P402073
2220,P402073,P388629
2221,P402073,P396733
2222,P402073,P402072
2223,P402074,P388627
2224,P402537,P402539
2225,P402538,P313009
2226,P402539,P401175
2227,P402607,P396824
2228,P402622,P400608
2229,P402622,P400610
2230,P402686,P399352
2231,P402704,P394177
2232,P402716,P413429
2233,P402730,P388264
2234,P402738,P392235
2235,P402929,P402931
2236,P402931,P402929
2237,P402942,P402943
2238,P402942,P402944
2239,P402943,P402942
2240,P402943,P402944
2241,P402944,P402942
2242,P402944,P402943
2243,P402987,P403809
2244,P403318,P398379
2245,P403319,P397825
2246,P403319,P403320
2247,P403320,P397825
2248,P403320,P403319
2249,P403322,P415921
2250,P403324,P389120
2251,P403324,P409030
2252,P403328,P393986
2253,P403328,P398009
2254,P403407,P297134
2255,P403407,P406221
2256,P403409,P313026
2257,P403409,P377122
2258,P403411,P389120
2259,P403411,P404041
2260,P403413,P276331
2261,P403417,P409008
2262,P403417,P414220
2263,P403433,P385606
2264,P403626,P389120
2265,P403626,P393986
2266,P403628,P384903
2267,P403628,P403632
2268,P403632,P384903
2269,P403632,P403628
2270,P403707,P289307
2271,P403707,P392516
2272,P403742,P392810
2273,P403743,P392811
2274,P403748,P217512
2275,P403754,P289307
2276,P403754,P408218
2277,P403800,P403815
2278,P403804,P229406
2279,P403804,P309706
2280,P403804,P417316
2281,P403805,P269020
2282,P403806,P387034
2283,P403806,P403807
2284,P403807,P403806
2285,P403808,P403806
2286,P403809,P402987
2287,P403811,P270549
2288,P403811,P410001
2289,P403812,P391759
2290,P403812,P403813
2291,P403813,P391759
2292,P403813,P403812
2293,P403815,P403800
2294,P403944,P313012
2295,P403944,P54438
2296,P403949,P378014
2297,P403949,P397887
2298,P403974,P270539
2299,P403974,P383334
2300,P404010,P391802
2301,P404037,P398321
2302,P404039,P379529
2303,P404041,P389120
2304,P404041,P408017
2305,P404043,P389120
2306,P404043,P408017
2307,P404047,P136216
2308,P404047,P403632
2309,P404091,P122735
2310,P404091,P403817
2311,P404106,P378017
2312,P404106,P411611
2313,P404107,P393662
2314,P404107,P404106
2315,P404163,P389120
2316,P404163,P408017
2317,P404229,P389120
2318,P404229,P408017
2319,P404231,P389120
2320,P404231,P408017
2321,P404238,P304704
2322,P404240,P292403
2323,P404240,P398371
2324,P404247,P380704
2325,P404247,P403806
2326,P404251,P388405
2327,P404269,P389120
2328,P404269,P408661
2329,P404294,P404286
2330,P404296,P404286
2331,P404302,P404354
2332,P404302,P404356
2333,P404306,P404302
2334,P404306,P404308
2335,P404306,P404312
2336,P404308,P404302
2337,P404308,P404360
2338,P404310,P404302
2339,P404310,P404308
2340,P404310,P404312
2341,P404312,P404302
2342,P404312,P404310
2343,P404331,P6430
2344,P404338,P218700
2345,P404342,P404343
2346,P404343,P404342
2347,P404354,P404358
2348,P404356,P404358
2349,P404358,P404354
2350,P404360,P404302
2351,P404360,P404308
2352,P404465,P395389
2353,P404468,P126301
2354,P404468,P393634
2355,P404479,P393986
2356,P404479,P414674
2357,P404495,P264900
2358,P404495,P409239
2359,P404613,P290636
2360,P404613,P295206
2361,P404615,P264900
2362,P404615,P290636
2363,P404706,P404708
2364,P404708,P404706
2365,P404710,P236816
2366,P404710,P404712
2367,P404712,P236816
2368,P404712,P404710
2369,P404716,P381155
2370,P404716,P414226
2371,P404721,P109908
2372,P404721,P110010
2373,P404721,P299223
2374,P404722,P268212
2375,P404735,P404736
2376,P404736,P404735
2377,P404756,P410811
2378,P404758,P410810
2379,P404766,P397615
2380,P404766,P405083
2381,P404766,P418329
2382,P404768,P218431
2383,P404768,P397617
2384,P404776,P382432
2385,P404789,P404801
2386,P404790,P405109
2387,P404793,P404795
2388,P404793,P410176
2389,P404794,P404801
2390,P404794,P410176
2391,P404795,P410176
2392,P404795,P411508
2393,P404796,P410176
2394,P404797,P404798
2395,P404797,P404799
2396,P404798,P404797
2397,P404798,P404799
2398,P404799,P404797
2399,P404799,P411508
2400,P404800,P410176
2401,P404801,P404789
2402,P404803,P404789
2403,P404805,P404789
2404,P404806,P387849
2405,P404807,P405108
2406,P404808,P405108
2407,P404809,P393961
2408,P404809,P404813
2409,P404825,P377873
2410,P404829,P266812
2411,P404829,P374552
2412,P404832,P406575
2413,P404833,P386335
2414,P404912,P393281
2415,P404918,P399326
2416,P404929,P394809
2417,P404931,P392348
2418,P405013,P405016
2419,P405033,P403743
2420,P405038,P405039
2421,P405039,P405038
2422,P405041,P385437
2423,P405057,P303109
2424,P405057,P307909
2425,P405057,P388405
2426,P405059,P379922
2427,P405059,P405061
2428,P405059,P406567
2429,P405061,P405059
2430,P405081,P397615
2431,P405081,P404766
2432,P405083,P218431
2433,P405083,P397615
2434,P405083,P406814
2435,P405098,P405103
2436,P405101,P405102
2437,P405102,P405101
2438,P405102,P405598
2439,P405105,P410176
2440,P405109,P404790
2441,P405113,P407931
2442,P405130,P122735
2443,P405130,P384996
2444,P405137,P404728
2445,P405138,P404728
2446,P405139,P404728
2447,P405140,P404728
2448,P405141,P404728
2449,P405142,P404728
2450,P405143,P404728
2451,P405144,P404728
2452,P405169,P264900
2453,P405169,P290636
2454,P405202,P270801
2455,P405202,P59405
2456,P405207,P294101
2457,P405208,P122735
2458,P405208,P400708
2459,P405225,P405073
2460,P405231,P183916
2461,P405231,P405231
2462,P405237,P390722
2463,P405237,P410771
2464,P405261,P405265
2465,P405261,P405267
2466,P405265,P405261
2467,P405267,P405261
2468,P405269,P405497
2469,P405290,P395108
2470,P405292,P405293
2471,P405293,P405292
2472,P405294,P404795
2473,P405294,P410176
2474,P405298,P405299
2475,P405299,P405298
2476,P405497,P405269
2477,P405505,P405511
2478,P405511,P405505
2479,P405519,P389120
2480,P405519,P405525
2481,P405521,P389120
2482,P405521,P405519
2483,P405523,P389120
2484,P405523,P405525
2485,P405525,P389120
2486,P405525,P405519
2487,P405527,P313026
2488,P405527,P389120
2489,P405529,P276329
2490,P405529,P405531
2491,P405531,P389120
2492,P405531,P408661
2493,P405533,P408661
2494,P405533,P409002
2495,P405537,P393363
2496,P405537,P403409
2497,P405555,P290636
2498,P405580,P405581
2499,P405581,P405580
2500,P405597,P405598
2501,P405598,P405102
2502,P405598,P405597
2503,P405602,P379449
2504,P405602,P406235
2505,P405802,P122735
2506,P405802,P400708
2507,P405808,P397923
2508,P405809,P405600
2509,P405809,P406578
2510,P405829,P393402
2511,P405829,P405833
2512,P406001,P377714
2513,P406001,P416218
2514,P406003,P403944
2515,P406003,P54400
2516,P406004,P406011
2517,P406004,P407668
2518,P406005,P406006
2519,P406005,P406009
2520,P406006,P406005
2521,P406006,P406010
2522,P406008,P406012
2523,P406008,P406534
2524,P406009,P406005
2525,P406009,P406010
2526,P406010,P406005
2527,P406010,P406006
2528,P406010,P406537
2529,P406011,P406012
2530,P406011,P407668
2531,P406012,P406016
2532,P406012,P406600
2533,P406014,P406018
2534,P406014,P406019
2535,P406015,P406005
2536,P406015,P406009
2537,P406016,P406012
2538,P406016,P406600
2539,P406017,P406019
2540,P406018,P406014
2541,P406019,P406014
2542,P406019,P406017
2543,P406023,P385592
2544,P406043,P389120
2545,P406043,P408017
2546,P406045,P385596
2547,P406045,P385695
2548,P406049,P382399
2549,P406053,P290636
2550,P406053,P295206
2551,P406059,P313009
2552,P406059,P404041
2553,P406080,P417312
2554,P406101,P380574
2555,P406101,P403958
2556,P406101,P40576
2557,P406214,P406215
2558,P406214,P406216
2559,P406215,P406214
2560,P406215,P406217
2561,P406216,P406214
2562,P406216,P406217
2563,P406217,P406214
2564,P406217,P406216
2565,P406219,P406223
2566,P406219,P410156
2567,P406221,P276331
2568,P406221,P408904
2569,P406223,P286029
2570,P406254,P378169
2571,P406281,P269020
2572,P406282,P406283
2573,P406286,P406287
2574,P406287,P406286
2575,P406401,P406503
2576,P406521,P406522
2577,P406522,P406521
2578,P406526,P406527
2579,P406527,P406526
2580,P406534,P406541
2581,P406534,P406542
2582,P406535,P406536
2583,P406535,P406542
2584,P406536,P406540
2585,P406536,P406541
2586,P406537,P406539
2587,P406537,P406541
2588,P406538,P406541
2589,P406539,P406535
2590,P406539,P406540
2591,P406540,P406535
2592,P406540,P406539
2593,P406541,P406536
2594,P406541,P406539
2595,P406542,P406540
2596,P406550,P406551
2597,P406551,P406550
2598,P406552,P406553
2599,P406553,P406552
2600,P406567,P405059
2601,P406567,P405061
2602,P406569,P313009
2603,P406569,P414674
2604,P406576,P395101
2605,P406576,P406574
2606,P406577,P404830
2607,P406577,P404831
2608,P406578,P405809
2609,P406600,P406542
2610,P406617,P407180
2611,P406618,P407051
2612,P406621,P406627
2613,P406625,P406629
2614,P406627,P401602
2615,P406627,P406621
2616,P406629,P406625
2617,P406632,P392854
2618,P406655,P388708
2619,P406657,P406658
2620,P406658,P406657
2621,P406659,P406660
2622,P406660,P406659
2623,P406661,P406662
2624,P406662,P406661
2625,P406663,P406664
2626,P406664,P406663
2627,P406722,P255506
2628,P406731,P379449
2629,P406731,P406235
2630,P406733,P228914
2631,P406733,P379449
2632,P406751,P407876
2633,P406764,P391761
2634,P406778,P403815
2635,P406806,P406816
2636,P406808,P397423
2637,P406814,P218431
2638,P406814,P397615
2639,P406814,P405083
2640,P406816,P406806
2641,P406908,P394534
2642,P406941,P377722
2643,P406941,P399981
2644,P407004,P407006
2645,P407006,P407004
2646,P407042,P407044
2647,P407043,P407045
2648,P407044,P407042
2649,P407045,P407043
2650,P407046,P407180
2651,P407047,P407046
2652,P407048,P407049
2653,P407049,P407048
2654,P407050,P407181
2655,P407051,P407058
2656,P407052,P407053
2657,P407053,P407052
2658,P407054,P407055
2659,P407055,P407054
2660,P407056,P407182
2661,P407057,P407056
2662,P407058,P407181
2663,P407059,P407064
2664,P407060,P407065
2665,P407061,P407066
2666,P407062,P407067
2667,P407064,P407059
2668,P407065,P407060
2669,P407066,P407061
2670,P407067,P407062
2671,P407068,P407886
2672,P407180,P407043
2673,P407181,P407050
2674,P407182,P407056
2675,P407186,P392348
2676,P407186,P392350
2677,P407186,P398803
2678,P407317,P313026
2679,P407319,P303303
2680,P407321,P249814
2681,P407321,P281411
2682,P407323,P403326
2683,P407323,P408606
2684,P407327,P286513
2685,P407327,P393369
2686,P407332,P407333
2687,P407332,P407334
2688,P407333,P407332
2689,P407333,P407334
2690,P407334,P407332
2691,P407334,P407333
2692,P407377,P394166
2693,P407379,P407108
2694,P407381,P126301
2695,P407381,P409101
2696,P407433,P410553
2697,P407434,P410551
2698,P407435,P410555
2699,P407436,P409325
2700,P407473,P407479
2701,P407475,P407479
2702,P407477,P407479
2703,P407483,P310726
2704,P407483,P409146
2705,P407486,P407487
2706,P407487,P407486
2707,P407488,P407489
2708,P407489,P407488
2709,P407637,P408432
2710,P407668,P406012
2711,P407668,P409362
2712,P407674,P128706
2713,P407674,P54477
2714,P407719,P402980
2715,P407872,P395371
2716,P407872,P405808
2717,P407886,P407068
2718,P407892,P418024
2719,P407896,P400057
2720,P407896,P407897
2721,P407897,P400057
2722,P407897,P407896
2723,P407899,P255506
2724,P407902,P284507
2725,P407902,P377784
2726,P407908,P407909
2727,P407909,P407908
2728,P407919,P404816
2729,P407919,P404819
2730,P407921,P393952
2731,P407921,P393960
2732,P407929,P404815
2733,P408017,P313009
2734,P408017,P414674
2735,P408029,P407180
2736,P408032,P313025
2737,P408034,P380049
2738,P408038,P408037
2739,P408039,P408037
2740,P408103,P393422
2741,P408103,P410767
2742,P408121,P408123
2743,P408121,P408125
2744,P408123,P408121
2745,P408123,P408125
2746,P408125,P408121
2747,P408125,P408123
2748,P408218,P408311
2749,P408218,P409242
2750,P408219,P409239
2751,P408219,P409243
2752,P408264,P282915
2753,P408264,P396249
2754,P408286,P395108
2755,P408287,P395108
2756,P408289,P270801
2757,P408289,P390660
2758,P408289,P59454
2759,P408308,P393960
2760,P408308,P404818
2761,P408311,P409240
2762,P408311,P409242
2763,P408312,P408218
2764,P408312,P409243
2765,P408313,P409240
2766,P408313,P409241
2767,P408314,P408219
2768,P408314,P409239
2769,P408315,P408311
2770,P408315,P409240
2771,P408411,P388626
2772,P408413,P408414
2773,P408414,P408413
2774,P408458,P400899
2775,P408465,P397836
2776,P408507,P403944
2777,P408508,P381214
2778,P408508,P393631
2779,P408509,P381214
2780,P408509,P393631
2781,P408512,P377612
2782,P408512,P377714
2783,P408602,P393460
2784,P408602,P398001
2785,P408604,P401715
2786,P408604,P415311
2787,P408606,P409800
2788,P408606,P414674
2789,P408657,P385592
2790,P408661,P389120
2791,P408661,P398009
2792,P408663,P374552
2793,P408663,P408665
2794,P408665,P374552
2795,P408665,P408663
2796,P408702,P382437
2797,P408721,P411320
2798,P408728,P408729
2799,P408729,P408728
2800,P408904,P406221
2801,P408905,P407004
2802,P408966,P377821
2803,P408966,P386719
2804,P408966,P396240
2805,P408968,P408969
2806,P408968,P408972
2807,P408969,P408972
2808,P408970,P408967
2809,P408970,P408969
2810,P408971,P408967
2811,P408971,P408969
2812,P408972,P408967
2813,P408972,P408969
2814,P408973,P408967
2815,P408973,P408969
2816,P408982,P396296
2817,P408983,P396296
2818,P408984,P396640
2819,P408985,P396914
2820,P408986,P394534
2821,P409002,P407323
2822,P409002,P409800
2823,P409004,P313009
2824,P409004,P404041
2825,P409006,P407323
2826,P409006,P415305
2827,P409008,P414220
2828,P409008,P415305
2829,P409010,P407323
2830,P409010,P409800
2831,P409012,P409800
2832,P409012,P414220
2833,P409014,P409800
2834,P409014,P414220
2835,P409026,P409800
2836,P409026,P414232
2837,P409028,P284507
2838,P409028,P377296
2839,P409030,P377296
2840,P409030,P377784
2841,P409032,P396521
2842,P409044,P379417
2843,P409055,P409056
2844,P409056,P409055
2845,P409064,P409069
2846,P409065,P313026
2847,P409065,P409068
2848,P409066,P313026
2849,P409066,P409068
2850,P409067,P409068
2851,P409067,P409069
2852,P409069,P409067
2853,P409070,P394579
2854,P409070,P398737
2855,P409074,P389120
2856,P409074,P415404
2857,P409076,P313020
2858,P409076,P389120
2859,P409078,P313026
2860,P409078,P389120
2861,P409080,P389120
2862,P409080,P406223
2863,P409141,P409142
2864,P409142,P409141
2865,P409146,P403817
2866,P409146,P409101
2867,P409190,P409192
2868,P409191,P409192
2869,P409192,P409190
2870,P409192,P409191
2871,P409194,P409195
2872,P409195,P409194
2873,P409230,P129610
2874,P409230,P286608
2875,P409238,P289307
2876,P409238,P409240
2877,P409239,P264900
2878,P409239,P289307
2879,P409240,P408219
2880,P409240,P408311
2881,P409241,P408219
2882,P409241,P409239
2883,P409242,P289307
2884,P409242,P408218
2885,P409243,P289307
2886,P409243,P409239
2887,P409317,P387272
2888,P409340,P255506
2889,P409352,P44903
2890,P409362,P406011
2891,P409362,P406012
2892,P409513,P271538
2893,P409513,P409516
2894,P409516,P271538
2895,P409516,P409513
2896,P409523,P219001
2897,P409523,P418596
2898,P409525,P394259
2899,P409535,P382442
2900,P409535,P401505
2901,P409535,P408706
2902,P409537,P279510
2903,P409537,P403817
2904,P409539,P122735
2905,P409539,P122912
2906,P409615,P404820
2907,P409635,P409637
2908,P409637,P409635
2909,P409639,P409641
2910,P409641,P409639
2911,P409763,P398203
2912,P409765,P406216
2913,P409765,P413261
2914,P409800,P276329
2915,P409800,P409012
2916,P409812,P409814
2917,P409814,P409812
2918,P409815,P400919
2919,P409845,P126301
2920,P409845,P393325
2921,P409925,P376737
2922,P409926,P376737
2923,P409937,P386049
2924,P409955,P284716
2925,P409955,P410556
2926,P409955,P418593
2927,P409956,P387956
2928,P409956,P418593
2929,P409975,P409985
2930,P409981,P262113
2931,P409981,P278610
2932,P409981,P394259
2933,P409982,P409983
2934,P409983,P409982
2935,P409985,P311138
2936,P409985,P409975
2937,P409986,P311138
2938,P409987,P409985
2939,P409987,P409988
2940,P409988,P409989
2941,P409989,P409988
2942,P410001,P270551
2943,P410001,P403811
2944,P410003,P266812
2945,P410003,P374552
2946,P410004,P284701
2947,P410004,P385398
2948,P410005,P292403
2949,P410156,P395163
2950,P410156,P407006
2951,P410166,P303109
2952,P410166,P307909
2953,P410166,P388405
2954,P410168,P379449
2955,P410168,P406235
2956,P410170,P379449
2957,P410170,P406235
2958,P410172,P379449
2959,P410172,P406235
2960,P410176,P404795
2961,P410176,P411508
2962,P410200,P410201
2963,P410201,P410200
2964,P410203,P410204
2965,P410203,P410205
2966,P410203,P410206
2967,P410204,P410203
2968,P410204,P410205
2969,P410204,P410206
2970,P410205,P410203
2971,P410205,P410204
2972,P410205,P410206
2973,P410206,P410203
2974,P410206,P410204
2975,P410206,P410205
2976,P410207,P410208
2977,P410208,P410207
2978,P410218,P410219
2979,P410219,P410218
2980,P410220,P381146
2981,P410221,P410222
2982,P410222,P410221
2983,P410223,P410224
2984,P410224,P410223
2985,P410235,P410236
2986,P410236,P378383
2987,P410243,P410400
2988,P410245,P313009
2989,P410245,P414674
2990,P410246,P411049
2991,P410248,P410251
2992,P410248,P410252
2993,P410249,P410251
2994,P410249,P410252
2995,P410250,P410251
2996,P410250,P410252
2997,P410251,P410248
2998,P410251,P410249
2999,P410252,P410248
3000,P410252,P410249
3001,P410301,P410302
3002,P410301,P410303
3003,P410301,P410304
3004,P410302,P410301
3005,P410302,P410303
3006,P410302,P410304
3007,P410303,P410301
3008,P410303,P410302
3009,P410303,P410304
3010,P410304,P410301
3011,P410304,P410302
3012,P410304,P410303
3013,P410307,P61204
3014,P410400,P410243
3015,P410482,P410483
3016,P410483,P410482
3017,P410484,P410485
3018,P410485,P410484
3019,P410486,P410487
3020,P410487,P410486
3021,P410498,P410499
3022,P410499,P410498
3023,P410500,P397517
3024,P410501,P397517
3025,P410504,P386335
3026,P410504,P406576
3027,P410512,P386660
3028,P410512,P410840
3029,P410513,P382431
3030,P410515,P382382
3031,P410516,P183919
3032,P410523,P397217
3033,P410523,P410523
3034,P410532,P410535
3035,P410535,P410532
3036,P410543,P410668
3037,P410548,P410551
3038,P410548,P418592
3039,P410549,P407637
3040,P410550,P374830
3041,P410550,P410548
3042,P410551,P407434
3043,P410551,P410548
3044,P410552,P302924
3045,P410552,P392854
3046,P410553,P377706
3047,P410553,P407433
3048,P410554,P377706
3049,P410554,P395728
3050,P410555,P377706
3051,P410555,P407435
3052,P410556,P378821
3053,P410556,P409955
3054,P410557,P309813
3055,P410557,P376213
3056,P410558,P309813
3057,P410558,P376213
3058,P410559,P398417
3059,P410660,P410662
3060,P410660,P410663
3061,P410660,P411920
3062,P410661,P410662
3063,P410661,P410663
3064,P410661,P411920
3065,P410662,P410661
3066,P410663,P410661
3067,P410668,P410543
3068,P410743,P218202
3069,P410743,P218431
3070,P410748,P289307
3071,P410748,P290636
3072,P410749,P289307
3073,P410749,P290636
3074,P410753,P392516
3075,P410753,P408311
3076,P410765,P129705
3077,P410765,P393422
3078,P410766,P129705
3079,P410766,P375170
3080,P410767,P385745
3081,P410767,P408103
3082,P410768,P385744
3083,P410768,P386781
3084,P410769,P183916
3085,P410769,P405231
3086,P410771,P231022
3087,P410771,P381810
3088,P410772,P218431
3089,P410772,P405083
3090,P410772,P406814
3091,P410774,P413341
3092,P410808,P410809
3093,P410809,P410808
3094,P410810,P385354
3095,P410810,P385358
3096,P410810,P404758
3097,P410811,P385350
3098,P410811,P394151
3099,P410811,P404756
3100,P410815,P122735
3101,P410815,P400708
3102,P410831,P403717
3103,P410840,P386660
3104,P410840,P393965
3105,P410840,P410512
3106,P410846,P410848
3107,P410848,P410846
3108,P410886,P404789
3109,P410896,P381209
3110,P410896,P399326
3111,P411020,P406535
3112,P411020,P406542
3113,P411035,P284716
3114,P411035,P387956
3115,P411036,P382448
3116,P411036,P386289
3117,P411036,P398203
3118,P411039,P276800
3119,P411042,P276800
3120,P411044,P411569
3121,P411046,P411568
3122,P411049,P370325
3123,P411049,P410246
3124,P411224,P374936
3125,P411224,P410667
3126,P411225,P391319
3127,P411243,P403806
3128,P411244,P403806
3129,P411251,P409535
3130,P411320,P408721
3131,P411358,P394357
3132,P411391,P411401
3133,P411392,P411394
3134,P411392,P411400
3135,P411394,P411392
3136,P411394,P411886
3137,P411398,P411887
3138,P411400,P411392
3139,P411400,P411886
3140,P411401,P411402
3141,P411402,P411401
3142,P411403,P411398
3143,P411403,P411885
3144,P411508,P404799
3145,P411508,P410176
3146,P411510,P411525
3147,P411525,P411510
3148,P411527,P411529
3149,P411529,P411527
3150,P411531,P122735
3151,P411531,P400708
3152,P411539,P411540
3153,P411540,P411539
3154,P411548,P411547
3155,P411552,P122748
3156,P411552,P126301
3157,P411555,P414681
3158,P411568,P411046
3159,P411569,P411044
3160,P411570,P409635
3161,P411570,P409637
3162,P411611,P313020
3163,P411714,P411719
3164,P411719,P411714
3165,P411811,P374552
3166,P411811,P408663
3167,P411824,P411829
3168,P411825,P411829
3169,P411826,P411832
3170,P411827,P411832
3171,P411828,P411829
3172,P411829,P411828
3173,P411831,P411847
3174,P411832,P411826
3175,P411833,P411832
3176,P411834,P411832
3177,P411835,P411832
3178,P411840,P393859
3179,P411847,P411829
3180,P411849,P411851
3181,P411850,P411851
3182,P411851,P411852
3183,P411852,P411851
3184,P411853,P411852
3185,P411881,P404232
3186,P411885,P412024
3187,P411886,P411394
3188,P411886,P411400
3189,P411889,P412024
3190,P411892,P411893
3191,P411893,P411892
3192,P411895,P411896
3193,P411896,P411895
3194,P411907,P399352
3195,P411908,P40576
3196,P411909,P405261
3197,P411917,P411918
3198,P411917,P411919
3199,P411918,P411917
3200,P411918,P411919
3201,P411919,P411917
3202,P411919,P411918
3203,P411921,P393401
3204,P411921,P405829
3205,P412021,P412020
3206,P412024,P411885
3207,P412024,P411889
3208,P412046,P412050
3209,P412048,P412053
3210,P412049,P412054
3211,P412050,P412046
3212,P412053,P412048
3213,P412054,P412049
3214,P412080,P412081
3215,P412081,P412080
3216,P412084,P412085
3217,P412085,P412084
3218,P412086,P412087
3219,P412087,P412086
3220,P412088,P412089
3221,P412089,P412088
3222,P412317,P400920
3223,P412319,P400896
3224,P412319,P400907
3225,P412320,P400915
3226,P412321,P407479
3227,P412322,P407479
3228,P412329,P382587
3229,P412335,P404789
3230,P412335,P405294
3231,P412347,P313016
3232,P412348,P313014
3233,P412393,P406536
3234,P412393,P406542
3235,P412424,P382382
3236,P412548,P375817
3237,P412549,P392805
3238,P412550,P376523
3239,P412551,P405909
3240,P412556,P411833
3241,P412557,P408967
3242,P412557,P408969
3243,P412565,P414232
3244,P412565,P414678
3245,P412571,P412568
3246,P412571,P93518324
3247,P412576,P208012
3248,P412577,P208012
3249,P412580,P208012
3250,P412582,P208012
3251,P412583,P208012
3252,P412584,P406041
3253,P412593,P389120
3254,P413152,P398973
3255,P413152,P398975
3256,P413171,P289307
3257,P413171,P413175
3258,P413175,P289307
3259,P413175,P413171
3260,P413177,P407637
3261,P413177,P408432
3262,P413177,P413462
3263,P413181,P413182
3264,P413181,P416419
3265,P413182,P413181
3266,P413258,P208012
3267,P413261,P376617
3268,P413261,P409765
3269,P413264,P104914
3270,P413341,P410774
3271,P413342,P397114
3272,P413343,P405283
3273,P413429,P402716
3274,P413430,P392631
3275,P413431,P392630
3276,P413432,P413437
3277,P413437,P413432
3278,P413448,P413449
3279,P413449,P413448
3280,P413457,P395371
3281,P413458,P392128
3282,P413458,P413459
3283,P413459,P392128
3284,P413459,P413458
3285,P413462,P394259
3286,P413462,P413177
3287,P413462,P414993
3288,P413510,P410888
3289,P413513,P292005
3290,P413513,P388616
3291,P413523,P411832
3292,P413668,P413669
3293,P413669,P413668
3294,P413676,P393151
3295,P413677,P393153
3296,P413706,P402036
3297,P41378,P380539
3298,P41378,P380540
3299,P41378,P380541
3300,P41391,P380539
3301,P41391,P380540
3302,P41391,P380541
3303,P413931,P405057
3304,P413931,P416215
3305,P413957,P407637
3306,P414034,P404721
3307,P414034,P414167
3308,P414063,P388950
3309,P414110,P416100
3310,P414167,P109908
3311,P414167,P299223
3312,P414167,P404721
3313,P414402,P63087456
3314,P414628,P410238
3315,P414679,P292005
3316,P414679,P388616
3317,P414680,P292005
3318,P414680,P388616
3319,P414681,P411555
3320,P414794,P377574
3321,P414900,P414901
3322,P414900,P414902
3323,P414900,P414903
3324,P414901,P414900
3325,P414901,P414902
3326,P414901,P414903
3327,P414902,P414900
3328,P414902,P414901
3329,P414902,P414903
3330,P414903,P414900
3331,P414903,P414901
3332,P414903,P414902
3333,P414992,P403813
3334,P414992,P413177
3335,P414992,P414993
3336,P414993,P413462
3337,P414993,P414992
3338,P415195,P313012
3339,P415195,P313020
3340,P415196,P208012
3341,P415215,P385341
3342,P415215,P399326
3343,P415216,P379449
3344,P415217,P379449
3345,P415221,P404302
3346,P415221,P404360
3347,P415221,P415222
3348,P415222,P404302
3349,P415222,P404310
3350,P415222,P415221
3351,P415230,P411835
3352,P415231,P409985
3353,P415231,P409989
3354,P415232,P409989
3355,P415304,P389120
3356,P415304,P408017
3357,P415305,P389120
3358,P415305,P408017
3359,P415308,P389120
3360,P415308,P408017
3361,P415309,P389120
3362,P415309,P408017
3363,P415310,P389120
3364,P415310,P408017
3365,P415310,P415308
3366,P415311,P249814
3367,P415311,P281411
3368,P415312,P404716
3369,P415312,P415312
3370,P415324,P393369
3371,P415402,P377784
3372,P415402,P409026
3373,P415403,P407323
3374,P415403,P414676
3375,P415404,P407323
3376,P415404,P414676
3377,P415405,P266811
3378,P415405,P415311
3379,P415406,P408602
3380,P415406,P409028
3381,P415502,P406526
3382,P415510,P392349
3383,P415641,P376892
3384,P415645,P249814
3385,P415645,P281411
3386,P415646,P408967
3387,P415647,P408967
3388,P415647,P408970
3389,P415648,P408967
3390,P415648,P415647
3391,P415650,P408967
3392,P415650,P408973
3393,P415651,P408972
3394,P415652,P408972
3395,P415653,P408967
3396,P415684,P412027
3397,P415710,P403817
3398,P415710,P409101
3399,P415777,P392245
3400,P415780,P270543
3401,P415780,P270595
3402,P415780,P392648
3403,P415789,P394259
3404,P415799,P415991
3405,P415920,P387849
3406,P415921,P403322
3407,P415921,P415311
3408,P415962,P48696122
3409,P415969,P244911
3410,P415969,P54433
3411,P415982,P210592
3412,P415982,P418599
3413,P415983,P307909
3414,P415983,P388405
3415,P415984,P111902
3416,P415984,P415990
3417,P415985,P405596
3418,P415985,P416368
3419,P415986,P399015
3420,P415987,P263504
3421,P415987,P418599
3422,P415988,P277221
3423,P415988,P284716
3424,P415989,P263504
3425,P415989,P418599
3426,P415990,P407637
3427,P415990,P415984
3428,P415991,P415799
3429,P415991,P416321
3430,P415991,P416420
3431,P415992,P263504
3432,P415992,P418599
3433,P416010,P109927
3434,P416010,P394250
3435,P416055,P404106
3436,P416056,P416566
3437,P416100,P414110
3438,P416156,P183919
3439,P416200,P377873
3440,P416200,P393658
3441,P416215,P389170
3442,P416215,P405057
3443,P416216,P307909
3444,P416216,P416215
3445,P416217,P377613
3446,P416217,P406001
3447,P416218,P376504
3448,P416218,P377714
3449,P416219,P374936
3450,P416321,P387052
3451,P416321,P416420
3452,P416349,P380624
3453,P416349,P380625
3454,P416349,P380626
3455,P416349,P380627
3456,P416352,P393953
3457,P416353,P416355
3458,P416354,P416355
3459,P416355,P416354
3460,P416356,P411600
3461,P416358,P289307
3462,P416358,P416360
3463,P416359,P289307
3464,P416359,P416358
3465,P416360,P416358
3466,P416366,P236816
3467,P416368,P415985
3468,P416403,P416404
3469,P416404,P416403
3470,P416409,P122735
3471,P416409,P387634
3472,P416410,P122735
3473,P416410,P387634
3474,P416411,P122735
3475,P416411,P387634
3476,P416413,P387272
3477,P416413,P409317
3478,P416415,P379434
3479,P416415,P387034
3480,P416415,P403806
3481,P416416,P392349
3482,P416416,P392352
3483,P416417,P379434
3484,P416417,P387034
3485,P416417,P403806
3486,P416418,P405600
3487,P416418,P409984
3488,P416419,P413181
3489,P416420,P415991
3490,P416420,P416321
3491,P416422,P381209
3492,P416422,P399326
3493,P416423,P379832
3494,P416524,P410176
3495,P416545,P394851
3496,P416546,P292005
3497,P416546,P388616
3498,P416566,P381176
3499,P416566,P416056
3500,P416567,P406537
3501,P416701,P397836
3502,P416701,P416702
3503,P416702,P397836
3504,P416702,P416701
3505,P416703,P380615
3506,P416703,P397836
3507,P416728,P415619
3508,P416771,P416775
3509,P416775,P416771
3510,P416785,P405833
3511,P416788,P219001
3512,P416788,P395733
3513,P416788,P417934
3514,P416818,P416815
3515,P416818,P416816
3516,P416900,P405108
3517,P416901,P410176
3518,P416929,P416930
3519,P416929,P416938
3520,P416930,P416929
3521,P416930,P416938
3522,P416938,P416929
3523,P416938,P416930
3524,P416939,P311138
3525,P416939,P392437
3526,P417004,P378161
3527,P417103,P308201
3528,P417103,P417146
3529,P417143,P411527
3530,P417143,P411529
3531,P417146,P308201
3532,P417146,P414796
3533,P417146,P417249
3534,P417148,P417151
3535,P417149,P417151
3536,P417149,P417152
3537,P417151,P417149
3538,P417151,P417152
3539,P417152,P417149
3540,P417152,P417151
3541,P417154,P388616
3542,P417155,P292005
3543,P417155,P388616
3544,P417178,P417205
3545,P417178,P417210
3546,P417178,P417220
3547,P417179,P417206
3548,P417179,P417211
3549,P417179,P417221
3550,P417180,P417197
3551,P417180,P417207
3552,P417180,P417215
3553,P417180,P417222
3554,P417180,P417230
3555,P417181,P417212
3556,P417181,P417224
3557,P417182,P417198
3558,P417182,P417208
3559,P417182,P417213
3560,P417183,P417199
3561,P417183,P417214
3562,P417183,P417225
3563,P417185,P417201
3564,P417185,P417227
3565,P417186,P417200
3566,P417186,P417203
3567,P417186,P417216
3568,P417186,P417218
3569,P417186,P417229
3570,P417187,P417202
3571,P417187,P417217
3572,P417187,P417226
3573,P417187,P417231
3574,P417189,P417209
3575,P417196,P418382
3576,P417197,P417180
3577,P417197,P417207
3578,P417197,P417215
3579,P417197,P417222
3580,P417197,P417230
3581,P417198,P417182
3582,P417198,P417198
3583,P417198,P417208
3584,P417198,P417213
3585,P417199,P417183
3586,P417199,P417214
3587,P417199,P417225
3588,P417200,P417186
3589,P417200,P417203
3590,P417200,P417216
3591,P417200,P417218
3592,P417200,P417229
3593,P417201,P417185
3594,P417201,P417227
3595,P417202,P417187
3596,P417202,P417217
3597,P417202,P417226
3598,P417202,P417231
3599,P417203,P417186
3600,P417203,P417200
3601,P417203,P417216
3602,P417203,P417218
3603,P417203,P417229
3604,P417205,P417178
3605,P417205,P417210
3606,P417205,P417220
3607,P417206,P417179
3608,P417206,P417211
3609,P417206,P417221
3610,P417207,P417180
3611,P417207,P417197
3612,P417207,P417215
3613,P417207,P417222
3614,P417207,P417230
3615,P417208,P417182
3616,P417208,P417198
3617,P417208,P417213
3618,P417209,P417189
3619,P417210,P417178
3620,P417210,P417205
3621,P417210,P417220
3622,P417211,P417179
3623,P417211,P417206
3624,P417211,P417221
3625,P417212,P417181
3626,P417212,P417224
3627,P417213,P417182
3628,P417213,P417198
3629,P417213,P417208
3630,P417214,P417183
3631,P417214,P417199
3632,P417214,P417225
3633,P417215,P417180
3634,P417215,P417197
3635,P417215,P417207
3636,P417215,P417222
3637,P417215,P417230
3638,P417216,P417186
3639,P417216,P417200
3640,P417216,P417203
3641,P417216,P417218
3642,P417216,P417229
3643,P417217,P417187
3644,P417217,P417202
3645,P417217,P417226
3646,P417217,P417231
3647,P417218,P417186
3648,P417218,P417200
3649,P417218,P417203
3650,P417218,P417216
3651,P417218,P417229
3652,P417220,P417178
3653,P417220,P417205
3654,P417220,P417210
3655,P417221,P417179
3656,P417221,P417206
3657,P417221,P417211
3658,P417222,P417180
3659,P417222,P417197
3660,P417222,P417207
3661,P417222,P417215
3662,P417222,P417230
3663,P417224,P417181
3664,P417224,P417212
3665,P417225,P417183
3666,P417225,P417199
3667,P417225,P417214
3668,P417226,P417187
3669,P417226,P417202
3670,P417226,P417217
3671,P417226,P417231
3672,P417227,P417185
3673,P417227,P417201
3674,P417228,P417232
3675,P417229,P417186
3676,P417229,P417200
3677,P417229,P417203
3678,P417229,P417216
3679,P417229,P417218
3680,P417230,P417180
3681,P417230,P417197
3682,P417230,P417207
3683,P417230,P417222
3684,P417231,P417187
3685,P417231,P417202
3686,P417231,P417217
3687,P417231,P417226
3688,P417232,P417228
3689,P417249,P308201
3690,P417249,P414796
3691,P417249,P417146
3692,P417255,P403326
3693,P417255,P403328
3694,P417257,P379509
3695,P417257,P398009
3696,P417316,P403804
3697,P417320,P264900
3698,P417320,P290636
3699,P417325,P2866
3700,P417325,P386333
3701,P417326,P292403
3702,P417326,P417880
3703,P417339,P411824
3704,P417339,P411829
3705,P417340,P411829
3706,P417342,P417345
3707,P417343,P417345
3708,P417344,P417345
3709,P417345,P417343
3710,P417346,P411835
3711,P417347,P417345
3712,P417348,P417349
3713,P417349,P417348
3714,P417350,P411835
3715,P417351,P411835
3716,P417352,P411825
3717,P417352,P417339
3718,P417374,P411834
3719,P417644,P264900
3720,P417644,P290636
3721,P417646,P396522
3722,P417646,P417647
3723,P417647,P396522
3724,P417647,P417646
3725,P417649,P417650
3726,P417650,P417649
3727,P417708,P417709
3728,P417709,P417708
3729,P417710,P417711
3730,P417711,P417710
3731,P417850,P218431
3732,P417861,P264900
3733,P417861,P295206
3734,P417880,P292403
3735,P417880,P387426
3736,P417882,P284701
3737,P417882,P406818
3738,P417900,P244437
3739,P417900,P267814
3740,P417900,P398736
3741,P417901,P244437
3742,P417901,P267814
3743,P417902,P393809
3744,P417902,P393811
3745,P417904,P417906
3746,P417904,P46531349
3747,P417905,P417906
3748,P417905,P417907
3749,P417906,P417904
3750,P417906,P417905
3751,P417907,P417905
3752,P417907,P417911
3753,P417908,P417905
3754,P417908,P417911
3755,P417909,P409981
3756,P417911,P409981
3757,P417911,P417907
3758,P417911,P417908
3759,P417913,P389120
3760,P417913,P408017
3761,P417914,P389120
3762,P417914,P408017
3763,P417915,P389120
3764,P417915,P408017
3765,P417916,P389120
3766,P417916,P408017
3767,P417918,P389120
3768,P417918,P408017
3769,P417919,P389120
3770,P417919,P408017
3771,P417920,P389120
3772,P417920,P408017
3773,P417934,P409523
3774,P417934,P416788
3775,P417944,P408967
3776,P417944,P408969
3777,P417982,P392132
3778,P417986,P286513
3779,P417986,P393369
3780,P417987,P408606
3781,P417988,P414226
3782,P417989,P391323
3783,P418013,P290636
3784,P418013,P295206
3785,P418014,P290636
3786,P418014,P295206
3787,P418015,P419275
3788,P418019,P419276
3789,P418204,P408966
3790,P418213,P193244
3791,P418307,P268212
3792,P418329,P218431
3793,P418329,P397615
3794,P418329,P405083
3795,P418382,P417196
3796,P418400,P401715
3797,P418400,P409800
3798,P418545,P417182
3799,P418545,P417183
3800,P418545,P417198
3801,P418545,P417199
3802,P418545,P417208
3803,P418545,P417225
3804,P418550,P418551
3805,P418551,P418550
3806,P418552,P418553
3807,P418553,P418552
3808,P418572,P386333
3809,P418576,P407925
3810,P418576,P419469
3811,P418589,P302916
3812,P418589,P418593
3813,P418590,P302916
3814,P418590,P418593
3815,P418591,P302916
3816,P418591,P418593
3817,P418592,P418593
3818,P418592,P418594
3819,P418593,P418592
3820,P418593,P418594
3821,P418594,P418592
3822,P418594,P418593
3823,P418596,P418595
3824,P418596,P418599
3825,P418600,P418595
3826,P418600,P418596
3827,P418800,P416939
3828,P418802,P380049
3829,P418803,P380049
3830,P418804,P384954
3831,P418825,P381209
3832,P418825,P399326
3833,P418834,P381731
3834,P418834,P405083
3835,P418834,P406814
3836,P419006,P416355
3837,P419100,P129610
3838,P419101,P377755
3839,P419101,P395327
3840,P419106,P419103
3841,P419108,P397615
3842,P419108,P405083
3843,P419108,P418329
3844,P419129,P411851
3845,P419201,P407479
3846,P419233,P416524
3847,P419268,P419273
3848,P419268,P419281
3849,P419269,P419270
3850,P419270,P419269
3851,P419271,P419279
3852,P419272,P419280
3853,P419273,P419268
3854,P419274,P418015
3855,P419275,P419282
3856,P419276,P418019
3857,P419279,P419271
3858,P419280,P419272
3859,P419281,P419268
3860,P419282,P419275
3861,P419283,P419275
3862,P419413,P381768
3863,P419413,P409733
3864,P419413,P417711
3865,P419414,P417710
3866,P419438,P410771
3867,P419438,P419441
3868,P419441,P419438
3869,P419469,P407925
3870,P419469,P418576
3871,P419471,P389120
3872,P419471,P408017
3873,P419504,P397883
3874,P419504,P405237
3875,P419505,P183916
3876,P419505,P405231
3877,P419515,P410176
3878,P419604,P382936
3879,P419604,P407436
3880,P420003,P183916
3881,P420003,P419101
3882,P420027,P313009
3883,P42318,P211343
3884,P44903,P380593
3885,P44903,P380595
3886,P44903,P380958
3887,P44903,P382319
3888,P44903,P409352
3889,P46017,P385531
3890,P48406,P384066
3891,P49014,P289307
3892,P49014,P408219
3893,P54400,P247905
3894,P54417,P128706
3895,P54417,P310620
3896,P54419,P219008
3897,P54419,P313008
3898,P54450,P128706
3899,P54450,P54477
3900,P54477,P247905
3901,P54477,P376136
3902,P54509,P148400
3903,P54509,P379510
3904,P54900,P377677
3905,P54900,P380561
3906,P54900,P385653
3907,P54900,P385659
3908,P56306,P38262
3909,P59405,P405202
3910,P59405,P59457
3911,P59454,P270801
3912,P59457,P59405
3913,P61003,P396527
3914,P61004,P209815
3915,P61005,P396521
3916,P61006,P396526
3917,P61009,P396521
3918,P61009,P396524
3919,P61038,P240604
3920,P61038,P61003
3921,P61040,P61003
3922,P61204,P382345
3923,P65300,P128706
3924,P65300,P54477
3925,P67617,P302919
3926,P69718,P49706
3927,P72503,P213011
3928,P72503,P213012
3929,P72503,P213013
3930,P72503,P7823
3931,P74312,P387956
3932,P74312,P418593
3933,P74520,P374933
3934,P74520,P386033
3935,P78811,P313009
3936,P78834,P389033
3937,P78834,P84818
3938,P86616,P382422
3939,P96611,P380557
3940,P96611,P380558
3941,P99809,P394259
3942,P99901,P396240
