Vendors,Number of Contracts,Total Value of Contracts,Average Value of Contracts,Location,Location - State,Small Business?,Small Disadvantaged Business?,Historically Underutilized Business Zone?,Sheltered Workshop?,Women Owned Business?,Veteran Owned Business?,Service Related Disabled Veteran Owned Business?,Minority Owned Business?,Minority Institution?,Black American Owned Business?,Historic Black College Or University?,Native American Owned Business?,Hispanic American Owned Business?,Asian Pacific American Owned Business?,Asian Indian Owned Business?,Subcontinent Asian (Asian-Indian) American Owned Business?,Local Government?,Hospital?,Nonprofit Organization?,Educational Institution?,Federal Government?,State Government?,Tribal Government?,Eight?
2020 Company,2,"518,249.54","259,124.77","Falls Church, Virginia, United States",Virginia,Yes,Yes,No,No,No,No,No,Yes,No,No,No,No,No,No,No,Yes,No,No,No,No,No,No,No,Yes
3PS,1,"13,736.00","13,736.00","Cedar Park, Texas, United States",Texas,Yes,No,No,No,No,No,No,No,No,No,No,No,No,No,No,No,No,No,No,No,No,No,No,No
A Creole Girl Catering,2,"382,317.47","191,158.74","Harvey, Louisiana, United States",Louisiana,No,No,No,No,No,No,No,No,No,No,No,No,No,No,No,No,No,No,No,No,No,No,No,No
A.M. Best Company,1,"10,040.00","10,040.00","Oldwick, New Jersey, United States",New Jersey,Yes,No,No,No,No,No,No,No,No,No,No,No,No,No,No,No,No,No,No,No,No,No,No,No
A&M Cold Storage,2,"53,940.00","26,970.00","Sugar Hill, Georgia, United States",Georgia,Yes,No,No,No,No,No,No,No,No,No,No,No,No,No,No,No,No,No,No,No,No,No,No,No
AAA Reporting,1,"2,700.00","2,700.00","Lakeville, Minnesota, United States",Minnesota,No,No,No,No,Yes,No,No,Yes,No,No,No,Yes,No,No,Yes,No,No,No,No,No,No,No,No,No
AAI Corporation,1,"-2,640,476.00","-2,640,476.00","Hunt Valley, Maryland, United States",Maryland,No,No,No,No,No,No,No,No,No,No,No,No,No,No,No,No,No,No,No,No,No,No,No,No
ABSG Consulting,1,"389,155.39","389,155.39","Arlington, Virginia, United States",Virginia,No,No,No,No,No,No,No,No,No,No,No,No,No,No,No,No,No,No,No,No,No,No,No,No
Adolph Kiefer & Associates,2,0.00,0.00,"Zion, Illinois, United States",Illinois,Yes,No,No,No,No,No,No,No,No,No,No,No,No,No,No,No,No,No,No,No,No,No,No,No
Advanced Language Systems International,1,720.00,720.00,"Rockville, Maryland, United States",Maryland,Yes,No,No,No,No,No,No,No,No,No,No,No,No,No,No,No,No,No,No,No,No,No,No,No
Advanced Resource Technologies,1,"4,005.00","4,005.00","Alexandria, Virginia, United States",Virginia,Yes,No,No,No,No,Yes,Yes,No,No,No,No,No,No,No,No,No,No,No,No,No,No,No,No,No
AET Environmental,1,"35,435.75","35,435.75","Denver, Colorado, United States",Colorado,Yes,Yes,No,No,Yes,No,No,No,No,No,No,No,No,No,No,No,No,No,No,No,No,No,No,Yes
Agilent Technologies,4,"455,868.71","113,967.18","Santa Clara, California, United States",California,No,No,No,No,No,No,No,No,No,No,No,No,No,No,No,No,No,No,No,No,No,No,No,No
Airsis,1,"49,991.43","49,991.43","San Diego, California, United States",California,Yes,No,No,No,No,No,No,No,No,No,No,No,No,No,No,No,No,No,No,No,No,No,No,No
Alabama Dept Of Conservation & Natural Resources,1,"9,250.00","9,250.00","Montgomery, Alabama, United States",Alabama,No,No,No,No,No,No,No,No,No,No,No,No,No,No,No,No,No,No,No,No,No,Yes,No,No
Alexander & Jones Services,1,"46,353.67","46,353.67","Shreveport, Louisiana, United States",Louisiana,Yes,No,No,No,No,Yes,Yes,No,No,No,No,No,No,No,No,No,No,No,No,No,No,No,No,No
Alfa Laval,3,"8,582.33","2,860.78","Warminster, Pennsylvania, United States",Pennsylvania,No,No,No,No,No,No,No,No,No,No,No,No,No,No,No,No,No,No,No,No,No,No,No,No
Alion Science And Technology Corporation,1,"375,000.00","375,000.00","Chicago, Illinois, United States",Illinois,No,No,No,No,No,No,No,No,No,No,No,No,No,No,No,No,No,No,No,No,No,No,No,No
All Star Chevrolet,1,"3,119.55","3,119.55","Baton Rouge, Louisiana, United States",Louisiana,No,No,No,No,No,No,No,No,No,No,No,No,No,No,No,No,No,No,No,No,No,No,No,No
All-clean Water Solutions,4,"12,661.00","3,165.25","Solvang, California, United States",California,Yes,No,No,No,Yes,No,No,Yes,No,No,No,No,Yes,No,No,No,No,No,No,No,No,No,No,No
Alutiiq Diversified Services,3,"335,000.00","111,666.67","Anchorage, Alaska, United States",Alaska,Yes,No,No,No,No,No,No,Yes,No,No,No,Yes,No,No,No,No,No,No,No,No,No,No,No,No
Alyssa Mitchell,2,"8,995.00","4,497.50","Lafayette, Louisiana, United States",Louisiana,Yes,No,No,No,No,No,No,No,No,No,No,No,No,No,No,No,No,No,No,No,No,No,No,No
Amea,3,"115,560.00","38,520.00","West Monroe, Louisiana, United States",Louisiana,Yes,No,No,No,Yes,No,No,No,No,No,No,No,No,No,No,No,No,No,No,No,No,No,No,No
American Covers,2,"9,125.00","4,562.50","Harvey, Louisiana, United States",Louisiana,No,No,No,No,No,No,No,No,No,No,No,No,No,No,No,No,No,No,No,No,No,No,No,No
American Marine,3,"29,573.18","9,857.73","Cocoa, Florida, United States",Florida,Yes,No,No,No,No,No,No,No,No,No,No,No,No,No,No,No,No,No,No,No,No,No,No,No
Amirix Systems,4,"231,330.02","57,832.51","Halifax, , United States",,No,No,No,No,No,No,No,No,No,No,No,No,No,No,No,No,No,No,No,No,No,No,No,No
Analytic Focus,2,"425,000.00","212,500.00","Birmingham, Alabama, United States",Alabama,Yes,No,No,No,Yes,No,No,No,No,No,No,No,No,No,No,No,No,No,No,No,No,No,No,No
Andree's Wine Cheese & Things,11,"66,027.50","6,002.50","Fairhope, Alabama, United States",Alabama,Yes,No,No,No,No,No,No,No,No,No,No,No,No,No,No,No,No,No,No,No,No,No,No,No
Anna Pottebau,1,300.00,300.00,"Grimes, Iowa, United States",Iowa,Yes,No,No,No,Yes,No,No,Yes,No,No,No,No,Yes,No,No,No,No,No,No,No,No,No,No,No
Appleton Marine,1,"12,950.00","12,950.00","Appleton, Wisconsin, United States",Wisconsin,Yes,No,No,No,No,No,No,No,No,No,No,No,No,No,No,No,No,No,No,No,No,No,No,No
Applied Fabric Technologies,5,"254,918.51","50,983.70","Orchard Park, New York, United States",New York,Yes,No,No,No,No,No,No,No,No,No,No,No,No,No,No,No,No,No,No,No,No,No,No,No
Applied Industrial Technologies - Dixie,1,"4,320.00","4,320.00","Mobile, Alabama, United States",Alabama,No,No,No,No,No,No,No,No,No,No,No,No,No,No,No,No,No,No,No,No,No,No,No,No
Applied Science Associates,1,"65,000.00","65,000.00","Wakefield, Rhode Island, United States",Rhode Island,Yes,No,No,No,No,No,No,No,No,No,No,No,No,No,No,No,No,No,No,No,No,No,No,No
Archer Daniels Midland,1,"260,550.00","260,550.00","Decatur, Illinois, United States",Illinois,No,No,No,No,No,No,No,No,No,No,No,No,No,No,No,No,No,No,No,No,No,No,No,No
Ardl,1,"15,750.00","15,750.00","Mount Vernon, Illinois, United States",Illinois,Yes,No,Yes,No,No,Yes,No,No,No,No,No,No,No,No,No,No,No,No,No,No,No,No,No,No
Arrae,8,"694,195.74","86,774.47","Midlothian, Texas, United States",Texas,Yes,No,No,No,No,Yes,Yes,No,No,No,No,No,No,No,No,No,No,No,No,No,No,No,No,No
Assure Controls,1,"16,074.44","16,074.44","Vista, California, United States",California,Yes,No,No,No,No,No,No,No,No,No,No,No,No,No,No,No,No,No,No,No,No,No,No,No
AT&T,2,"52,880.00","26,440.00","Vienna, Virginia, United States",Virginia,No,No,No,No,No,No,No,No,No,No,No,No,No,No,No,No,No,No,No,No,No,No,No,No
Atmost Refrigeration Company,1,"15,160.86","15,160.86","Hudson, New York, United States",New York,Yes,No,No,No,No,No,No,No,No,No,No,No,No,No,No,No,No,No,No,No,No,No,No,No
Audio Visual Services Group,1,"33,085.00","33,085.00","Schaumburg, Illinois, United States",Illinois,No,No,No,No,No,No,No,No,No,No,No,No,No,No,No,No,No,No,No,No,No,No,No,No
B & B Hose And Rubber,1,"10,131.10","10,131.10","Chesapeake, Virginia, United States",Virginia,Yes,No,No,No,No,No,No,No,No,No,No,No,No,No,No,No,No,No,No,No,No,No,No,No
Bakercorp,2,"4,036.00","2,018.00","Seal Beach, California, United States",California,No,No,No,No,No,No,No,No,No,No,No,No,No,No,No,No,No,No,No,No,No,No,No,No
Bald Mountain Air Service,4,0.00,0.00,"Homer, Alaska, United States",Alaska,Yes,Yes,Yes,No,Yes,No,No,Yes,No,No,No,Yes,No,No,No,No,No,No,No,No,No,No,No,Yes
Barksdale & Associates,1,"28,752.50","28,752.50","Pensacola, Florida, United States",Florida,Yes,No,No,No,Yes,No,No,No,No,No,No,No,No,No,No,No,No,No,No,No,No,No,No,No
Bath Iron Works,1,0.00,0.00,"Bath, Maine, United States",Maine,No,No,No,No,No,No,No,No,No,No,No,No,No,No,No,No,No,No,No,No,No,No,No,No
Bay Diesel,2,"48,810.71","24,405.36","Chesapeake, Virginia, United States",Virginia,Yes,No,No,No,No,Yes,No,No,No,No,No,No,No,No,No,No,No,No,No,No,No,No,No,No
Bay Inn & Suites,2,"91,746.00","45,873.00","Loxley, Alabama, United States",Alabama,Yes,No,No,No,No,No,No,No,No,No,No,No,No,No,No,No,No,No,No,No,No,No,No,No
Bayside Canvas Upholstery,1,"4,815.00","4,815.00","Panama City, Florida, United States",Florida,Yes,No,No,No,Yes,Yes,No,No,No,No,No,No,No,No,No,No,No,No,No,No,No,No,No,No
"Bell, Katrell",1,"6,425.00","6,425.00","Opelousas, Louisiana, United States",Louisiana,No,No,No,No,No,No,No,No,No,No,No,No,No,No,No,No,No,No,No,No,No,No,No,No
Ben Nelson Golf & Utility Vehicles,1,550.00,550.00,"Pearl, Mississippi, United States",Mississippi,Yes,No,No,No,No,No,No,No,No,No,No,No,No,No,No,No,No,No,No,No,No,No,No,No
Benedicts Of Mandeville,1,"78,096.15","78,096.15","Mandeville, Louisiana, United States",Louisiana,Yes,No,No,No,Yes,Yes,No,No,No,No,No,No,No,No,No,No,No,No,No,No,No,No,No,No
Bernard Cap,1,"18,900.00","18,900.00","Hialeah, Florida, United States",Florida,Yes,No,No,No,No,No,No,No,No,No,No,No,No,No,No,No,No,No,No,No,No,No,No,No
beverly Tippie,1,"11,000.00","11,000.00","Hutchinson, Kansas, United States",Kansas,Yes,No,No,No,Yes,No,No,No,No,No,No,No,No,No,No,No,No,No,No,No,No,No,No,No
Biocorp,1,"7,638.00","7,638.00","Redondo Beach, California, United States",California,No,No,No,No,No,No,No,No,No,No,No,No,No,No,No,No,No,No,No,No,No,No,No,No
Biodiversity Research Institute,13,"4,904,435.33","377,264.26","Gorham, Maine, United States",Maine,No,No,No,No,No,No,No,No,No,No,No,No,No,No,No,No,No,No,Yes,No,No,No,No,No
Biomark,1,"11,725.00","11,725.00","Boise, Idaho, United States",Idaho,Yes,No,No,No,No,No,No,No,No,No,No,No,No,No,No,No,No,No,No,No,No,No,No,No
Bishop Lifting Products,1,"3,480.00","3,480.00","Houston, Texas, United States",Texas,Yes,No,No,No,No,Yes,No,No,No,No,No,No,No,No,No,No,No,No,No,No,No,No,No,No
Bizco,2,"49,357.64","24,678.82","Lincoln, Nebraska, United States",Nebraska,Yes,No,No,No,No,No,No,No,No,No,No,No,No,No,No,No,No,No,No,No,No,No,No,No
Blue Heron Of Navarre,2,"140,770.00","70,385.00","Navarre, Florida, United States",Florida,Yes,No,No,No,No,No,No,No,No,No,No,No,No,No,No,No,No,No,No,No,No,No,No,No
Boccaccio Productions,1,"15,000.00","15,000.00","Baton Rouge, Louisiana, United States",Louisiana,Yes,No,No,No,No,No,No,No,No,No,No,No,No,No,No,No,No,No,No,No,No,No,No,No
Bollinger Fourchon,7,"1,196,814.00","170,973.43","Golden Meadow, Louisiana, United States",Louisiana,No,No,No,No,No,No,No,No,No,No,No,No,No,No,No,No,No,No,No,No,No,No,No,No
Booz Allen Hamilton,1,"646,707.01","646,707.01","Mc Lean, Virginia, United States",Virginia,No,No,No,No,No,No,No,No,No,No,No,No,No,No,No,No,No,No,No,No,No,No,No,No
Bottom Line Equipment,2,"38,195.00","19,097.50","Saint Rose, Louisiana, United States",Louisiana,Yes,No,No,No,No,No,No,No,No,No,No,No,No,No,No,No,No,No,No,No,No,No,No,No
Brettly C. Wilson,1,"8,352.50","8,352.50","Lafayette, Louisiana, United States",Louisiana,Yes,No,No,No,No,No,No,No,No,No,No,No,No,No,No,No,No,No,No,No,No,No,No,No
Bright Flying Service,1,"46,000.00","46,000.00","Manila, Arkansas, United States",Arkansas,Yes,No,No,No,No,No,No,No,No,No,No,No,No,No,No,No,No,No,No,No,No,No,No,No
Brodee J. Landry,1,"7,710.00","7,710.00","Scott, Louisiana, United States",Louisiana,Yes,No,No,No,No,No,No,No,No,No,No,No,No,No,No,No,No,No,No,No,No,No,No,No
Brookfield Relocation,1,"-3,918.60","-3,918.60","Washington, District Of Columbia, United States",District Of Columbia,No,No,No,No,No,No,No,No,No,No,No,No,No,No,No,No,No,No,No,No,No,No,No,No
Brunson Net & Supply,1,"7,638.50","7,638.50","Foley, Alabama, United States",Alabama,Yes,No,No,No,No,No,No,No,No,No,No,No,No,No,No,No,No,No,No,No,No,No,No,No
Buccaneer Inn Of St. George,4,"14,540.00","3,635.00","Eastpoint, Florida, United States",Florida,Yes,No,No,No,No,No,No,No,No,No,No,No,No,No,No,No,No,No,No,No,No,No,No,No
Budget Inn Of Daphne,7,"75,407.52","10,772.50","Daphne, Alabama, United States",Alabama,Yes,No,No,No,No,No,No,No,No,No,No,No,No,No,No,No,No,No,No,No,No,No,No,No
C & C Technologies,1,"10,880.00","10,880.00","Lafayette, Louisiana, United States",Louisiana,No,No,No,No,No,No,No,No,No,No,No,No,No,No,No,No,No,No,No,No,No,No,No,No
C Tech Industries,1,"7,615.58","7,615.58","Camas, Washington, United States",Washington,No,No,No,No,No,No,No,No,No,No,No,No,No,No,No,No,No,No,No,No,No,No,No,No
Caci Incorporated Commercial,34,"42,453,044.37","1,248,618.95","Arlington, Virginia, United States",Virginia,No,No,No,No,No,No,No,No,No,No,No,No,No,No,No,No,No,No,No,No,No,No,No,No
Cahall's Deli & More,6,"90,450.60","15,075.10","Foley, Alabama, United States",Alabama,Yes,No,No,No,Yes,No,No,No,No,No,No,No,No,No,No,No,No,No,No,No,No,No,No,No
Cajun Lodging,3,"134,563.62","44,854.54","La Place, Louisiana, United States",Louisiana,No,No,No,No,No,No,No,No,No,No,No,No,No,No,No,No,No,No,No,No,No,No,No,No
Cambridge Isotope Laboratories,1,"4,950.00","4,950.00","Andover, Massachusetts, United States",Massachusetts,No,No,No,No,No,No,No,No,No,No,No,No,No,No,No,No,No,No,No,No,No,No,No,No
Capital Project Management,1,"996,823.00","996,823.00","Blue Bell, Pennsylvania, United States",Pennsylvania,Yes,No,No,No,No,No,No,No,No,No,No,No,No,No,No,No,No,No,No,No,No,No,No,No
Capitol Furniture Distributing,1,28.93,28.93,"Sunrise, Florida, United States",Florida,Yes,No,No,No,No,No,No,No,No,No,No,No,No,No,No,No,No,No,No,No,No,No,No,No
Carahsoft Technology,2,"103,786.04","51,893.02","Reston, Virginia, United States",Virginia,Yes,No,No,No,No,No,No,No,No,No,No,No,No,No,No,No,No,No,No,No,No,No,No,No
Cardinal Health 414,1,"100,000.00","100,000.00","Dublin, Ohio, United States",Ohio,No,No,No,No,No,No,No,No,No,No,No,No,No,No,No,No,No,No,No,No,No,No,No,No
Cardinal Maintenance Service,1,"-622,772.73","-622,772.73","Grand Rapids, Michigan, United States",Michigan,Yes,No,Yes,No,No,No,No,No,No,No,No,No,No,No,No,No,No,No,No,No,No,No,No,No
Career Management Assoc Of Iowa,1,"1,943.76","1,943.76","Ankeny, Iowa, United States",Iowa,Yes,No,No,No,No,Yes,No,No,No,No,No,No,No,No,No,No,No,No,No,No,No,No,No,No
Careerstone Group,1,"15,461.66","15,461.66","Washington, District Of Columbia, United States",District Of Columbia,Yes,No,No,No,Yes,No,No,No,No,No,No,No,No,No,No,No,No,No,No,No,No,No,No,No
Carlton & Associates,2,"13,472.00","6,736.00","Davis, California, United States",California,Yes,No,No,No,No,No,No,No,No,No,No,No,No,No,No,No,No,No,No,No,No,No,No,No
Carnitech U.S.,1,"21,450.00","21,450.00","Seattle, Washington, United States",Washington,Yes,No,No,No,No,No,No,No,No,No,No,No,No,No,No,No,No,No,No,No,No,No,No,No
Carter Machinery,1,"4,149.00","4,149.00","Chesapeake, Virginia, United States",Virginia,No,No,No,No,No,No,No,No,No,No,No,No,No,No,No,No,No,No,No,No,No,No,No,No
Case Marine,1,"4,808.36","4,808.36","Seattle, Washington, United States",Washington,No,No,No,No,No,No,No,No,No,No,No,No,No,No,No,No,No,No,No,No,No,No,No,No
CDW Government,5,"128,438.89","25,687.78","Vernon Hills, Illinois, United States",Illinois,No,No,No,No,No,No,No,No,No,No,No,No,No,No,No,No,No,No,No,No,No,No,No,No
Cellco Partnership,28,"34,063.64","1,216.56","Bedminster, New Jersey, United States",New Jersey,No,No,No,No,No,No,No,No,No,No,No,No,No,No,No,No,No,No,No,No,No,No,No,No
Central Digital,1,"21,498.00","21,498.00","Brooklyn, New York, United States",New York,No,No,No,No,No,No,No,No,No,No,No,No,No,No,No,No,No,No,No,No,No,No,No,No
Central Florida Yamaha,1,"56,265.36","56,265.36","Lake Placid, Florida, United States",Florida,Yes,No,Yes,No,No,Yes,No,No,No,No,No,No,No,No,No,No,No,No,No,No,No,No,No,No
Central Power Systems & Services,13,"194,894.65","14,991.90","Liberty, Missouri, United States",Missouri,Yes,No,No,No,No,No,No,No,No,No,No,No,No,No,No,No,No,No,No,No,No,No,No,No
Century 21 Island Realty,2,"1,092,897.23","546,448.62","Grand Isle, Louisiana, United States",Louisiana,Yes,No,No,No,Yes,No,No,No,No,No,No,No,No,No,No,No,No,No,No,No,No,No,No,No
Chad M. Hebert,1,"-2,763.77","-2,763.77","Sunset, Louisiana, United States",Louisiana,Yes,No,No,No,No,No,No,No,No,No,No,No,No,No,No,No,No,No,No,No,No,No,No,No
Chartech,1,"4,017.20","4,017.20","Centre, Alabama, United States",Alabama,Yes,Yes,No,No,No,Yes,Yes,Yes,No,No,No,Yes,No,No,Yes,No,No,No,No,No,No,No,No,No
Chef Rob,12,"187,191.00","15,599.25","Mobile, Alabama, United States",Alabama,Yes,No,No,No,No,No,No,No,No,No,No,No,No,No,No,No,No,No,No,No,No,No,No,No
Chick & Sea Foods,8,"69,090.00","8,636.25","Foley, Alabama, United States",Alabama,Yes,No,No,No,No,No,No,No,No,No,No,No,No,No,No,No,No,No,No,No,No,No,No,No
Christopher Timmins,1,"50,000.00","50,000.00","Chapel Hill, North Carolina, United States",North Carolina,Yes,No,No,No,No,No,No,No,No,No,No,No,No,No,No,No,No,No,No,No,No,No,No,No
City Of Gulf Shores,1,"31,650.00","31,650.00","Gulf Shores, Alabama, United States",Alabama,No,No,No,No,No,No,No,No,No,No,No,No,No,No,No,No,Yes,No,No,No,No,No,No,No
City Of Orange Beach,1,"12,775.00","12,775.00","Orange Beach, Alabama, United States",Alabama,No,No,No,No,No,No,No,No,No,No,No,No,No,No,No,No,Yes,No,No,No,No,No,No,No
Clean Harbors Environmental Services,4,"154,675.80","38,668.95","Norwell, Massachusetts, United States",Massachusetts,No,No,No,No,No,No,No,No,No,No,No,No,No,No,No,No,No,No,No,No,No,No,No,No
CNA Corporation,1,"-22,924.07","-22,924.07","Alexandria, Virginia, United States",Virginia,No,No,No,No,No,No,No,No,No,No,No,No,No,No,No,No,No,No,Yes,No,No,No,No,No
Cole-Parmer Instrument,1,"13,405.17","13,405.17","Vernon Hills, Illinois, United States",Illinois,No,No,No,No,No,No,No,No,No,No,No,No,No,No,No,No,No,No,No,No,No,No,No,No
Colette Foret,2,"148,400.00","74,200.00","Grand Isle, Louisiana, United States",Louisiana,Yes,No,No,No,Yes,No,No,No,No,No,No,No,No,No,No,No,No,No,No,No,No,No,No,No
College Of William & Mary - The,2,"588,447.00","294,223.50","Williamsburg, Virginia, United States",Virginia,No,No,No,No,No,No,No,No,No,No,No,No,No,No,No,No,No,No,No,Yes,No,Yes,No,No
Comfort Suites,3,"75,458.40","25,152.80","Mobile, Alabama, United States",Alabama,No,No,No,No,No,No,No,No,No,No,No,No,No,No,No,No,No,No,No,No,No,No,No,No
Communications Professionals,1,"5,696.00","5,696.00","Farmington Hills, Michigan, United States",Michigan,Yes,Yes,No,No,No,No,No,Yes,No,Yes,No,No,No,No,No,No,No,No,No,No,No,No,No,No
Complete Packaging & Shipping Supplies,2,"149,688.00","74,844.00","Freeport, New York, United States",New York,Yes,No,No,No,No,No,No,No,No,No,No,No,No,No,No,No,No,No,No,No,No,No,No,No
Computer Cite,4,"98,863.20","24,715.80","Vacaville, California, United States",California,Yes,Yes,No,No,Yes,No,No,No,No,No,No,No,No,No,No,No,No,No,No,No,No,No,No,No
Computer Sciences,3,"50,000.00","16,666.67","Falls Church, Virginia, United States",Virginia,No,No,No,No,No,No,No,No,No,No,No,No,No,No,No,No,No,No,No,No,No,No,No,No
Conlon & Sons Refrigeration,3,"7,000.00","2,333.33","Taunton, Massachusetts, United States",Massachusetts,Yes,No,No,No,No,No,No,No,No,No,No,No,No,No,No,No,No,No,No,No,No,No,No,No
Conservian,4,"329,065.00","82,266.25","Big Pine Key, Florida, United States",Florida,No,No,No,No,No,No,No,No,No,No,No,No,No,No,No,No,No,No,Yes,No,No,No,No,No
Consolidated Safety Services,3,"4,500,536.00","1,500,178.67","Fairfax, Virginia, United States",Virginia,Yes,Yes,No,No,Yes,No,No,No,No,No,No,No,No,No,No,No,No,No,No,No,No,No,No,No
Control Analytics,1,"15,614.55","15,614.55","Greensburg, Pennsylvania, United States",Pennsylvania,Yes,No,No,No,No,No,No,No,No,No,No,No,No,No,No,No,No,No,No,No,No,No,No,No
Cornell University,1,"14,877.00","14,877.00","Ithaca, New York, United States",New York,No,No,No,No,No,No,No,No,No,No,No,No,No,No,No,No,No,No,Yes,Yes,No,No,No,No
Cost & Performance Solutions,7,"1,009,290.96","144,184.42","Bethesda, Maryland, United States",Maryland,Yes,No,No,No,Yes,No,No,No,No,No,No,No,No,No,No,No,No,No,No,No,No,No,No,No
Countertrade Products,1,"5,298.96","5,298.96","Arvada, Colorado, United States",Colorado,Yes,No,No,No,Yes,No,No,No,No,No,No,No,No,No,No,No,No,No,No,No,No,No,No,No
Coys Contemp Cuisine,4,"624,006.50","156,001.63","Hammond, Louisiana, United States",Louisiana,Yes,No,No,No,Yes,No,No,No,No,No,No,No,No,No,No,No,No,No,No,No,No,No,No,No
Craft Oil,1,"8,732.40","8,732.40","Avoca, Pennsylvania, United States",Pennsylvania,Yes,No,No,No,Yes,No,No,No,No,No,No,No,No,No,No,No,No,No,No,No,No,No,No,No
Creative Engineering,1,53.00,53.00,"Plymouth, Michigan, United States",Michigan,Yes,No,No,No,Yes,No,No,No,No,No,No,No,No,No,No,No,No,No,No,No,No,No,No,No
Creative Map,1,"24,000.00","24,000.00","Amesbury, Massachusetts, United States",Massachusetts,Yes,No,No,No,No,No,No,No,No,No,No,No,No,No,No,No,No,No,No,No,No,No,No,No
Crew Training International,1,"528,057.00","528,057.00","Memphis, Tennessee, United States",Tennessee,Yes,No,No,No,No,Yes,No,No,No,No,No,No,No,No,No,No,No,No,No,No,No,No,No,No
Crystal Ryder,1,"13,750.00","13,750.00","Pittsville, Virginia, United States",Virginia,Yes,No,No,No,Yes,No,No,No,No,No,No,No,No,No,No,No,No,No,No,No,No,No,No,No
Custom Networks,1,"20,017.00","20,017.00","Littleton, Massachusetts, United States",Massachusetts,Yes,No,No,No,No,No,No,Yes,No,No,No,No,No,No,No,Yes,No,No,No,No,No,No,No,No
Cytec Engineered Materials,1,"27,507.90","27,507.90","Havre De Grace, Maryland, United States",Maryland,No,No,No,No,No,No,No,No,No,No,No,No,No,No,No,No,No,No,No,No,No,No,No,No
Danny's Cajun Catering,1,"31,664.00","31,664.00","White Castle, Louisiana, United States",Louisiana,Yes,No,No,No,No,No,No,No,No,No,No,No,No,No,No,No,No,No,No,No,No,No,No,No
Davison Fuels.,3,"9,155.80","3,051.93","Mobile, Alabama, United States",Alabama,Yes,No,No,No,No,No,No,No,No,No,No,No,No,No,No,No,No,No,No,No,No,No,No,No
Defenders Of Wildlife,3,"281,812.83","93,937.61","Washington, District Of Columbia, United States",District Of Columbia,No,No,No,No,No,No,No,No,No,No,No,No,No,No,No,No,No,No,Yes,No,No,No,No,No
Del-jen,1,"100,000.00","100,000.00","Rolling Hills Estates, California, United States",California,No,No,No,No,No,No,No,No,No,No,No,No,No,No,No,No,No,No,No,No,No,No,No,No
Delaware State University,3,"147,585.17","49,195.06","Dover, Delaware, United States",Delaware,No,No,No,No,No,No,No,No,Yes,No,Yes,No,No,No,No,No,Yes,No,No,Yes,No,No,No,No
Dell Federal Systems,2,"36,016.22","18,008.11","Round Rock, Texas, United States",Texas,No,No,No,No,No,No,No,No,No,No,No,No,No,No,No,No,No,No,No,No,No,No,No,No
Dell Marketing,8,"535,059.25","66,882.41","Round Rock, Texas, United States",Texas,No,No,No,No,No,No,No,No,No,No,No,No,No,No,No,No,No,No,No,No,No,No,No,No
Delmar Systems,1,"49,000.00","49,000.00","Broussard, Louisiana, United States",Louisiana,No,No,No,No,No,No,No,No,No,No,No,No,No,No,No,No,No,No,No,No,No,No,No,No
Delta 21 Resources,1,0.00,0.00,"Knoxville, Tennessee, United States",Tennessee,Yes,No,Yes,No,Yes,No,No,No,No,No,No,No,No,No,No,No,No,No,No,No,No,No,No,No
Delta Sanitation,2,203.62,101.81,"Ocean Springs, Mississippi, United States",Mississippi,Yes,No,No,No,No,No,No,No,No,No,No,No,No,No,No,No,No,No,No,No,No,No,No,No
Department Of Agriculture And Forestry - Louisiana,2,"24,139.79","12,069.90","Baton Rouge, Louisiana, United States",Louisiana,No,No,No,No,No,No,No,No,No,No,No,No,No,No,No,No,No,No,No,No,No,Yes,No,No
Department Of Public Safety - Mississippi,1,"51,248.00","51,248.00","Jackson, Mississippi, United States",Mississippi,No,No,No,No,No,No,No,No,No,No,No,No,No,No,No,No,No,No,No,No,No,Yes,No,No
Department Of Public Safety Services - Louisiana,1,"33,578.00","33,578.00","Baton Rouge, Louisiana, United States",Louisiana,No,No,No,No,No,No,No,No,No,No,No,No,No,No,No,No,No,No,No,No,No,Yes,No,No
Department Of Wildlife And Fisheries - Louisiana,1,"8,673.00","8,673.00","Baton Rouge, Louisiana, United States",Louisiana,No,No,No,No,No,No,No,No,No,No,No,No,No,No,No,No,No,No,No,No,No,Yes,No,No
Detyens Shipyards,3,"1,028,873.80","342,957.93","North Charleston, South Carolina, United States",South Carolina,Yes,No,No,No,No,No,No,No,No,No,No,No,No,No,No,No,No,No,No,No,No,No,No,No
Diesel America West,1,"4,899.54","4,899.54","Friday Harbor, Washington, United States",Washington,Yes,No,No,No,Yes,No,No,No,No,No,No,No,No,No,No,No,No,No,No,No,No,No,No,No
Dionex,1,"58,771.63","58,771.63","Sunnyvale, California, United States",California,No,No,No,No,No,No,No,No,No,No,No,No,No,No,No,No,No,No,No,No,No,No,No,No
Discovery Books,1,"27,178.00","27,178.00","Colorado Springs, Colorado, United States",Colorado,Yes,No,No,No,No,Yes,Yes,No,No,No,No,No,No,No,No,No,No,No,No,No,No,No,No,No
Dittman And Greer,1,"10,877.80","10,877.80","Middletown, Connecticut, United States",Connecticut,Yes,No,No,No,No,No,No,No,No,No,No,No,No,No,No,No,No,No,No,No,No,No,No,No
DNV Columbus,11,"8,252,899.40","750,263.58","Dublin, Ohio, United States",Ohio,No,No,No,No,No,No,No,No,No,No,No,No,No,No,No,No,No,No,No,No,No,No,No,No
Dor-Mor,1,"90,000.00","90,000.00","Claremont, New Hampshire, United States",New Hampshire,Yes,No,No,No,No,No,No,No,No,No,No,No,No,No,No,No,No,No,No,No,No,No,No,No
Draeger Safety,3,"53,733.98","17,911.33","Pittsburgh, Pennsylvania, United States",Pennsylvania,No,No,No,No,No,No,No,No,No,No,No,No,No,No,No,No,No,No,No,No,No,No,No,No
Dt Marine Products,1,"3,328.00","3,328.00","Katy, Texas, United States",Texas,Yes,No,No,No,No,No,No,No,No,No,No,No,No,No,No,No,No,No,No,No,No,No,No,No
Dun & Bradstreet,1,"75,000.00","75,000.00","Arlington, Virginia, United States",Virginia,No,No,No,No,No,No,No,No,No,No,No,No,No,No,No,No,No,No,No,No,No,No,No,No
E-volve Partners,3,"-6,631.72","-2,210.57","Anaheim, California, United States",California,Yes,No,No,No,No,Yes,Yes,No,No,No,No,No,No,No,No,No,No,No,No,No,No,No,No,No
"EA Engineering, Science, And Technology",1,"1,858,596.00","1,858,596.00","Hunt Valley, Maryland, United States",Maryland,Yes,No,No,No,No,No,No,No,No,No,No,No,No,No,No,No,No,No,No,No,No,No,No,No
Eagle Hydraulics,1,"15,000.00","15,000.00","Auburn, Washington, United States",Washington,Yes,No,No,No,No,No,No,No,No,No,No,No,No,No,No,No,No,No,No,No,No,No,No,No
Earth Resources Technology,12,"3,549,165.58","295,763.80","Annapolis Junction, Maryland, United States",Maryland,No,No,No,No,Yes,No,No,Yes,No,No,No,No,No,Yes,No,No,No,No,No,No,No,No,No,No
Eastern Research Group,6,"518,623.00","86,437.17","Lexington, Massachusetts, United States",Massachusetts,No,No,No,No,No,No,No,No,No,No,No,No,No,No,No,No,No,No,No,No,No,No,No,No
Ecm Cdd Joint Venture,1,"78,226.16","78,226.16","Metairie, Louisiana, United States",Louisiana,Yes,No,No,No,No,No,No,Yes,No,No,No,No,No,No,No,Yes,No,No,No,No,No,No,No,No
Economic Analysis,1,"12,884.00","12,884.00","Wakefield, Rhode Island, United States",Rhode Island,Yes,No,No,No,No,No,No,No,No,No,No,No,No,No,No,No,No,No,No,No,No,No,No,No
Eleison Group,1,"13,750.00","13,750.00","Arlington, Virginia, United States",Virginia,Yes,No,No,No,No,No,No,No,No,No,No,No,No,No,No,No,No,No,No,No,No,No,No,No
Elmer P. Danenberger III,2,"42,600.00","21,300.00","Reston, Virginia, United States",Virginia,Yes,No,No,No,No,No,No,No,No,No,No,No,No,No,No,No,No,No,No,No,No,No,No,No
Emergency Management Services,11,"9,308,318.00","846,210.73","Culpeper, Virginia, United States",Virginia,No,No,No,No,No,No,No,No,No,No,No,No,No,No,No,No,No,No,No,No,No,No,No,No
Encore D'iberville Hotel,3,"17,257.00","5,752.33","Diberville, Mississippi, United States",Mississippi,No,No,No,No,No,No,No,No,No,No,No,No,No,No,No,No,No,No,No,No,No,No,No,No
Encore Sf North,11,"508,377.40","46,216.13","Spanish Fort, Alabama, United States",Alabama,No,No,No,No,No,No,No,No,No,No,No,No,No,No,No,No,No,No,No,No,No,No,No,No
Engenius Consulting Group,1,"61,047.54","61,047.54","Duluth, Georgia, United States",Georgia,Yes,Yes,No,No,No,No,No,Yes,No,No,No,No,No,No,No,Yes,No,No,No,No,No,No,No,Yes
Engineering Environmental Management,1,"209,600.00","209,600.00","Englewood, Colorado, United States",Colorado,No,No,No,No,No,No,No,No,No,No,No,No,No,No,No,No,No,No,No,No,No,No,No,No
Engineering Services Group,9,"720,304.12","80,033.79","Humble, Texas, United States",Texas,Yes,No,No,No,Yes,No,No,No,No,No,No,No,No,No,No,No,No,No,No,No,No,No,No,No
Entergy Arkansas,1,"2,764.00","2,764.00","Little Rock, Arkansas, United States",Arkansas,Yes,No,No,No,No,No,No,No,No,No,No,No,No,No,No,No,No,No,No,No,No,No,No,No
Enterprise Leasing - Southeast,1,"13,275.00","13,275.00","Fayetteville, North Carolina, United States",North Carolina,Yes,No,No,No,No,No,No,No,No,No,No,No,No,No,No,No,No,No,No,No,No,No,No,No
Environmental Protection Agency,1,"104,800.00","104,800.00","Washington, District Of Columbia, United States",District Of Columbia,Yes,No,No,No,No,No,No,No,No,No,No,No,No,No,No,No,No,No,Yes,No,No,No,No,No
Environmental Sampling Technologies,2,"28,663.35","14,331.68","Saint Joseph, Missouri, United States",Missouri,Yes,No,No,No,No,No,No,No,No,No,No,No,No,No,No,No,No,No,No,No,No,No,No,No
Environmental Systems Research,1,"23,904.36","23,904.36","Redlands, California, United States",California,No,No,No,No,No,No,No,No,No,No,No,No,No,No,No,No,No,No,No,No,No,No,No,No
"Environmental, Safety & Health Consulting Services",2,"5,162.50","2,581.25","Houma, Louisiana, United States",Louisiana,No,No,No,No,No,No,No,No,No,No,No,No,No,No,No,No,No,No,No,No,No,No,No,No
ERA Helicopters,6,"7,862,000.00","1,310,333.33","Lake Charles, Louisiana, United States",Louisiana,No,No,No,No,No,No,No,No,No,No,No,No,No,No,No,No,No,No,No,No,No,No,No,No
Erin Rusca,2,"13,878.00","6,939.00","Lafayette, Louisiana, United States",Louisiana,Yes,No,No,No,Yes,No,No,No,No,No,No,No,No,No,No,No,No,No,No,No,No,No,No,No
Esco Electrical Supply,1,449.40,449.40,"Philadelphia, Pennsylvania, United States",Pennsylvania,Yes,No,No,No,No,No,No,No,No,No,No,No,No,No,No,No,No,No,No,No,No,No,No,No
EVAC - North America,1,"24,516.00","24,516.00","Cherry Valley, Illinois, United States",Illinois,No,No,No,No,No,No,No,No,No,No,No,No,No,No,No,No,No,No,No,No,No,No,No,No
Evans Equipment & Environmental,1,"12,402.77","12,402.77","Broussard, Louisiana, United States",Louisiana,Yes,No,No,No,No,No,No,No,No,No,No,No,No,No,No,No,No,No,No,No,No,No,No,No
Exa Data & Mapping,6,"2,082,693.15","347,115.53","Port Townsend, Washington, United States",Washington,Yes,No,Yes,No,Yes,No,No,No,No,No,No,No,No,No,No,No,No,No,No,No,No,No,No,No
Excalibur Associates,1,"418,000.00","418,000.00","Westminster, Colorado, United States",Colorado,Yes,No,No,No,No,Yes,Yes,No,No,No,No,No,No,No,No,No,No,No,No,No,No,No,No,No
Fairfield Inn & Suites,10,"113,127.00","11,312.70","Orange Beach, Alabama, United States",Alabama,Yes,No,No,No,No,No,No,No,No,No,No,No,No,No,No,No,No,No,No,No,No,No,No,No
Federal Marine And Defense Services,5,"154,427.46","30,885.49","Seattle, Washington, United States",Washington,Yes,Yes,No,No,No,No,No,Yes,No,Yes,No,No,No,No,No,No,No,No,No,No,No,No,No,Yes
Federal News Service,1,"5,973.75","5,973.75","Washington, District Of Columbia, United States",District Of Columbia,Yes,No,No,No,No,No,No,No,No,No,No,No,No,No,No,No,No,No,No,No,No,No,No,No
Fedstore Corporation,2,"2,789.88","1,394.94","Rockville, Maryland, United States",Maryland,Yes,No,No,No,No,Yes,Yes,No,No,No,No,No,No,No,No,No,No,No,No,No,No,No,No,No
Fire And Safety Technicians,1,"5,150.00","5,150.00","Thibodaux, Louisiana, United States",Louisiana,Yes,No,No,No,Yes,No,No,No,No,No,No,No,No,No,No,No,No,No,No,No,No,No,No,No
Five Rivers Services,1,"51,547.55","51,547.55","Colorado Springs, Colorado, United States",Colorado,Yes,Yes,No,No,No,No,No,Yes,No,No,No,Yes,No,No,No,No,No,No,No,No,No,No,No,Yes
Fling Charters,3,"12,500.00","4,166.67","Freeport, Texas, United States",Texas,Yes,No,No,No,No,No,No,No,No,No,No,No,No,No,No,No,No,No,No,No,No,No,No,No
Florida Department Of Agriculture And Consumer Services,1,"15,553.20","15,553.20","Tallahassee, Florida, United States",Florida,No,No,No,No,No,No,No,No,No,No,No,No,No,No,No,No,No,No,No,No,No,Yes,No,No
Florida State University,4,"187,247.63","46,811.91","Tallahassee, Florida, United States",Florida,No,No,No,No,No,No,No,No,No,No,No,No,No,No,No,No,No,No,Yes,Yes,No,No,No,No
Foley Equipment,1,"100,000.00","100,000.00","Wichita, Kansas, United States",Kansas,No,No,No,No,Yes,No,No,No,No,No,No,No,No,No,No,No,No,No,No,No,No,No,No,No
Forestry Commission - Georgia,2,"31,626.30","15,813.15","Dry Branch, Georgia, United States",Georgia,No,No,No,No,No,No,No,No,No,No,No,No,No,No,No,No,No,No,No,No,No,Yes,No,No
Forestry Commission - Mississippi,1,"9,503.29","9,503.29","Jackson, Mississippi, United States",Mississippi,No,No,No,No,No,No,No,No,No,No,No,No,No,No,No,No,No,No,No,No,No,Yes,No,No
Foster Fuels,2,"23,954.20","11,977.10","Brookneal, Virginia, United States",Virginia,Yes,No,No,No,No,No,No,No,No,No,No,No,No,No,No,No,No,No,No,No,No,No,No,No
Frank's,1,"10,432.00","10,432.00","Baton Rouge, Louisiana, United States",Louisiana,Yes,No,No,No,No,No,No,No,No,No,No,No,No,No,No,No,No,No,No,No,No,No,No,No
Free State Reporting,1,"5,397.00","5,397.00","Annapolis, Maryland, United States",Maryland,Yes,No,No,No,Yes,No,No,No,No,No,No,No,No,No,No,No,No,No,No,No,No,No,No,No
Freestone Environmental Services,2,"3,183,839.66","1,591,919.83","Richland, Washington, United States",Washington,Yes,No,No,No,No,No,No,No,No,No,No,No,No,No,No,No,No,No,No,No,No,No,No,No
G.A. Fish,3,"309,000.00","103,000.00","Panama City, Florida, United States",Florida,No,No,No,No,No,No,No,No,No,No,No,No,No,No,No,No,No,No,No,No,No,No,No,No
G.E.C..,1,"31,055.59","31,055.59","Baton Rouge, Louisiana, United States",Louisiana,No,No,No,No,No,No,No,No,No,No,No,No,No,No,No,No,No,No,No,No,No,No,No,No
G2 Engineering And Management,1,0.00,0.00,"Oak Ridge, Tennessee, United States",Tennessee,Yes,Yes,No,No,No,No,No,Yes,No,Yes,No,No,No,No,No,No,No,No,No,No,No,No,No,Yes
Gap Solutions.,3,"32,872.06","10,957.35","Reston, Virginia, United States",Virginia,No,Yes,No,No,No,No,No,Yes,No,No,No,No,No,Yes,No,No,No,No,No,No,No,No,No,No
Gatewood Service & Repair,1,"14,367.60","14,367.60","Rockport, Texas, United States",Texas,Yes,No,No,No,No,No,No,No,No,No,No,No,No,No,No,No,No,No,No,No,No,No,No,No
General Oceanics,2,"8,634.66","4,317.33","Miami, Florida, United States",Florida,Yes,No,No,No,No,Yes,No,No,No,No,No,No,No,No,No,No,No,No,No,No,No,No,No,No
Genwest Systems,21,"8,712,616.37","414,886.49","Edmonds, Washington, United States",Washington,Yes,No,No,No,No,Yes,Yes,No,No,No,No,No,No,No,No,No,No,No,No,No,No,No,No,No
GHC Specialty Brands,1,"7,785.00","7,785.00","Janesville, Wisconsin, United States",Wisconsin,No,No,No,No,No,No,No,No,No,No,No,No,No,No,No,No,No,No,No,No,No,No,No,No
GHE Healthcare,1,"16,920.00","16,920.00","Brinklow, Maryland, United States",Maryland,Yes,No,No,No,Yes,No,No,No,No,No,No,No,No,No,No,No,No,No,No,No,No,No,No,No
Gilson,1,"3,644.60","3,644.60","Middleton, Wisconsin, United States",Wisconsin,Yes,No,No,No,No,No,No,No,No,No,No,No,No,No,No,No,No,No,No,No,No,No,No,No
Global PCCI,1,"3,079,429.00","3,079,429.00","Irvine, California, United States",California,No,No,No,No,No,No,No,No,No,No,No,No,No,No,No,No,No,No,No,No,No,No,No,No
GM Systems,2,"33,192.00","16,596.00","Garden City, New York, United States",New York,Yes,No,No,No,No,Yes,No,No,No,No,No,No,No,No,No,No,No,No,No,No,No,No,No,No
Govconnection,1,"6,665.15","6,665.15","Rockville, Maryland, United States",Maryland,No,No,No,No,No,No,No,No,No,No,No,No,No,No,No,No,No,No,No,No,No,No,No,No
Government Acquisitions,2,"226,356.87","113,178.44","Cincinnati, Ohio, United States",Ohio,Yes,No,No,No,No,No,No,Yes,No,No,No,No,No,Yes,No,No,No,No,No,No,No,No,No,No
Government Scientific Source,1,"13,724.59","13,724.59","Reston, Virginia, United States",Virginia,Yes,No,No,No,No,Yes,No,No,No,No,No,No,No,No,No,No,No,No,No,No,No,No,No,No
Graybar Electric,1,"2,498.54","2,498.54","Harahan, Louisiana, United States",Louisiana,No,No,No,No,No,No,No,No,No,No,No,No,No,No,No,No,No,No,No,No,No,No,No,No
Greg Lewis,1,"7,067.50","7,067.50","Lafayette, Louisiana, United States",Louisiana,Yes,No,No,No,No,No,No,No,No,No,No,No,No,No,No,No,No,No,No,No,No,No,No,No
Grove Hotel Group,2,"6,480.00","3,240.00","Miami, Florida, United States",Florida,Yes,No,No,No,No,No,No,No,No,No,No,No,No,No,No,No,No,No,No,No,No,No,No,No
GS Development,4,"163,342.00","40,835.50","Panama City, Florida, United States",Florida,Yes,No,No,No,No,No,No,No,No,No,No,No,No,No,No,No,No,No,No,No,No,No,No,No
Gulf States Saw & Machine,1,"6,895.00","6,895.00","Bessemer, Alabama, United States",Alabama,Yes,No,No,No,No,No,No,No,No,No,No,No,No,No,No,No,No,No,No,No,No,No,No,No
H L Dalis,1,"7,298.04","7,298.04","Long Island City, New York, United States",New York,Yes,No,No,No,Yes,No,No,No,No,No,No,No,No,No,No,No,No,No,No,No,No,No,No,No
H. Barber & Sons,1,"48,668.51","48,668.51","Naugatuck, Connecticut, United States",Connecticut,Yes,No,No,No,No,No,No,No,No,No,No,No,No,No,No,No,No,No,No,No,No,No,No,No
H&E Inland Services,1,"5,000.00","5,000.00","Houma, Louisiana, United States",Louisiana,Yes,No,No,No,No,No,No,No,No,No,No,No,No,No,No,No,No,No,No,No,No,No,No,No
Hadco Services,1,"6,000.00","6,000.00","Theodore, Alabama, United States",Alabama,Yes,No,No,No,No,No,No,Yes,No,No,No,No,No,No,No,No,No,No,No,No,No,No,No,No
Hampton Rubber Company,2,"95,131.17","47,565.59","Hampton, Virginia, United States",Virginia,No,No,No,No,No,No,No,No,No,No,No,No,No,No,No,No,No,No,No,No,No,No,No,No
Hayley Reese,2,"15,420.00","7,710.00","Kaplan, Louisiana, United States",Louisiana,Yes,No,No,No,Yes,No,No,No,No,No,No,No,No,No,No,No,No,No,No,No,No,No,No,No
HDR Engineering,7,"665,173.54","95,024.79","Omaha, Nebraska, United States",Nebraska,No,No,No,No,No,No,No,No,No,No,No,No,No,No,No,No,No,No,No,No,No,No,No,No
Helical Concepts,1,-750.00,-750.00,"Wylie, Texas, United States",Texas,Yes,No,No,No,No,No,No,No,No,No,No,No,No,No,No,No,No,No,No,No,No,No,No,No
Hewlett-Packard,3,"30,314.48","10,104.83","Bethesda, Maryland, United States",Maryland,No,No,No,No,No,No,No,No,No,No,No,No,No,No,No,No,No,No,No,No,No,No,No,No
Hill Marine Refrigeration,1,"3,400.00","3,400.00","Mobile, Alabama, United States",Alabama,Yes,No,No,No,No,Yes,No,No,No,No,No,No,No,No,No,No,No,No,No,No,No,No,No,No
Hilton Houston Plaza,1,"18,386.67","18,386.67","Houston, Texas, United States",Texas,No,No,No,No,No,No,No,No,No,No,No,No,No,No,No,No,No,No,No,No,No,No,No,No
Holiday Inn,2,"33,606.00","16,803.00","Metairie, Louisiana, United States",Louisiana,No,No,No,No,No,No,No,Yes,No,No,No,No,No,No,No,No,No,No,No,No,No,No,No,No
Homewood Suites Hotel,7,"581,360.00","83,051.43","Daphne, Alabama, United States",Alabama,No,No,No,No,No,No,No,No,No,No,No,No,No,No,No,No,No,No,No,No,No,No,No,No
Hosan Environment,1,128.33,128.33,"Taegu, , United States",,No,No,No,No,No,No,No,No,No,No,No,No,No,No,No,No,No,No,No,No,No,No,No,No
Hov Services,2,"793,650.00","396,825.00","Troy, Michigan, United States",Michigan,No,No,No,No,No,No,No,No,No,No,No,No,No,No,No,No,No,No,No,No,No,No,No,No
Hughes Group,1,"296,685.34","296,685.34","Tacoma, Washington, United States",Washington,Yes,Yes,Yes,No,No,Yes,Yes,Yes,No,Yes,No,No,No,No,No,No,No,No,No,No,No,No,No,Yes
Humana Military Healthcare Services,1,"4,427,925.86","4,427,925.86","Louisville, Kentucky, United States",Kentucky,No,No,No,No,No,No,No,No,No,No,No,No,No,No,No,No,No,No,No,No,No,No,No,No
Huntsville Tractor & Equipment,1,"12,702.26","12,702.26","Huntsville, Alabama, United States",Alabama,Yes,No,No,No,No,No,No,No,No,No,No,No,No,No,No,No,No,No,No,No,No,No,No,No
Hydralift Amclyde,1,"3,755.00","3,755.00","Saint Paul, Minnesota, United States",Minnesota,Yes,No,No,No,No,No,No,No,No,No,No,No,No,No,No,No,No,No,No,No,No,No,No,No
I.M. Systems Group,12,"11,732,513.22","977,709.44","Rockville, Maryland, United States",Maryland,No,No,No,No,No,No,No,Yes,No,No,No,No,No,Yes,No,No,No,No,No,No,No,No,No,No
IAP World Services,4,"1,247,840.00","311,960.00","Cape Canaveral, Florida, United States",Florida,No,No,No,No,No,No,No,No,No,No,No,No,No,No,No,No,No,No,No,No,No,No,No,No
IDSC Holdings,1,"-9,703.80","-9,703.80","Kenosha, Wisconsin, United States",Wisconsin,No,No,No,No,No,No,No,No,No,No,No,No,No,No,No,No,No,No,No,No,No,No,No,No
Immixtechnology.,1,"91,576.00","91,576.00","Mclean, Virginia, United States",Virginia,Yes,No,No,No,No,No,No,No,No,No,No,No,No,No,No,No,No,No,No,No,No,No,No,No
Inchcape Shipping Services,4,"57,078.64","14,269.66","Piti, Guam, United States",Guam,No,No,No,No,No,No,No,No,No,No,No,No,No,No,No,No,No,No,No,No,No,No,No,No
Indigo Energy Partners,6,"72,924.83","12,154.14","Alpharetta, Georgia, United States",Georgia,Yes,No,No,No,No,No,No,No,No,No,No,No,No,No,No,No,No,No,No,No,No,No,No,No
Industrial Economics,55,"259,637,272.57","4,720,677.68","Cambridge, Massachusetts, United States",Massachusetts,No,No,No,No,No,No,No,No,No,No,No,No,No,No,No,No,No,No,No,No,No,No,No,No
Industrial Scientific,1,"36,769.29","36,769.29","Oakdale, Pennsylvania, United States",Pennsylvania,Yes,No,No,No,No,No,No,No,No,No,No,No,No,No,No,No,No,No,No,No,No,No,No,No
Industrial Supply Company,1,"5,919.52","5,919.52","Salt Lake City, Utah, United States",Utah,Yes,No,No,No,No,No,No,No,No,No,No,No,No,No,No,No,No,No,No,No,No,No,No,No
Infonet Solutions,1,"17,910.00","17,910.00","Fremont, California, United States",California,Yes,No,No,No,No,No,No,No,No,No,No,No,No,No,No,No,No,No,No,No,No,No,No,No
Information Network Systems,1,0.00,0.00,"Arlington, Virginia, United States",Virginia,No,No,No,No,No,No,No,No,No,No,No,No,No,No,No,No,No,No,No,No,No,No,No,No
Inn Days,2,"75,592.40","37,796.20","Houma, Louisiana, United States",Louisiana,Yes,No,No,No,No,No,No,No,No,No,No,No,No,No,No,No,No,No,No,No,No,No,No,No
Inner Parish Security,1,"47,109.60","47,109.60","Hammond, Louisiana, United States",Louisiana,Yes,No,Yes,No,No,No,No,No,No,No,No,No,No,No,No,No,No,No,No,No,No,No,No,No
Intech Marine Service,1,"15,250.00","15,250.00","Chesapeake, Virginia, United States",Virginia,Yes,No,No,No,No,No,No,No,No,No,No,No,No,No,No,No,No,No,No,No,No,No,No,No
Integrated Laboratory Systems,4,"345,000.00","86,250.00","Research Triangle Park, North Carolina, United States",North Carolina,Yes,Yes,No,No,No,No,No,Yes,No,No,No,No,No,No,No,Yes,No,No,No,No,No,No,No,No
Integrated Statistics,3,"164,332.82","54,777.61","Woods Hole, Massachusetts, United States",Massachusetts,Yes,No,No,No,Yes,No,No,No,No,No,No,No,No,No,No,No,No,No,No,No,No,No,No,No
Integrated Systems Solutions,2,0.00,0.00,"California, Maryland, United States",Maryland,Yes,No,No,No,No,Yes,No,No,No,No,No,No,No,No,No,No,No,No,No,No,No,No,No,No
Intelligent Decisions,2,"6,390.28","3,195.14","Ashburn, Virginia, United States",Virginia,No,No,No,No,No,No,No,Yes,No,Yes,No,No,No,No,No,No,No,No,No,No,No,No,No,No
Inter Con Security Systems,1,"129,212.96","129,212.96","Pasadena, California, United States",California,No,No,No,No,No,No,No,Yes,No,No,No,No,Yes,No,No,No,No,No,No,No,No,No,No,No
Interdyne,1,"-631,305.98","-631,305.98","Mooresville, North Carolina, United States",North Carolina,Yes,No,No,No,No,No,No,No,No,No,No,No,No,No,No,No,No,No,No,No,No,No,No,No
International Business Sales And Services Corporation,1,"899,790.40","899,790.40","Silver Spring, Maryland, United States",Maryland,Yes,Yes,No,No,Yes,No,No,Yes,No,No,No,No,Yes,No,No,No,No,No,No,No,No,No,No,Yes
International Center For Language Studies,1,"-24,470.00","-24,470.00","Washington, District Of Columbia, United States",District Of Columbia,Yes,No,No,No,Yes,No,No,No,No,No,No,No,No,No,No,No,No,No,No,Yes,No,No,No,No
International Ship Repair & Marine Services,11,"4,787,275.16","435,206.83","Tampa, Florida, United States",Florida,No,No,No,No,No,No,No,No,No,No,No,No,No,No,No,No,No,No,No,No,No,No,No,No
Interstate Hotels & Resorts,1,"11,250.00","11,250.00","Atlanta, Georgia, United States",Georgia,Yes,No,No,No,No,No,No,No,No,No,No,No,No,No,No,No,No,No,No,No,No,No,No,No
Interstate Products,1,"8,899.70","8,899.70","Sarasota, Florida, United States",Florida,Yes,No,No,No,No,No,No,No,No,No,No,No,No,No,No,No,No,No,No,No,No,No,No,No
Irobot,2,"49,134.79","24,567.40","Bedford, Massachusetts, United States",Massachusetts,Yes,No,No,No,No,No,No,No,No,No,No,No,No,No,No,No,No,No,No,No,No,No,No,No
Irrigation Equipment,1,"7,275.00","7,275.00","Indianola, Mississippi, United States",Mississippi,Yes,No,No,No,No,No,No,No,No,No,No,No,No,No,No,No,No,No,No,No,No,No,No,No
Islander Motel,7,"129,733.53","18,533.36","Panama City Beach, Florida, United States",Florida,No,No,No,No,No,No,No,No,No,No,No,No,No,No,No,No,No,No,No,No,No,No,No,No
IVS 3D,1,"12,500.00","12,500.00","Portsmouth, New Hampshire, United States",New Hampshire,Yes,No,No,No,No,No,No,No,No,No,No,No,No,No,No,No,No,No,No,No,No,No,No,No
J & L America,1,"10,571.42","10,571.42","Livonia, Michigan, United States",Michigan,No,No,No,No,No,No,No,No,No,No,No,No,No,No,No,No,No,No,No,No,No,No,No,No
Jackson County Port Authority,1,"-40,377.37","-40,377.37","Pascagoula, Mississippi, United States",Mississippi,No,No,No,No,No,No,No,No,No,No,No,No,No,No,No,No,Yes,No,No,No,No,No,No,No
Jardon & Howard Technologies,5,"75,135.59","15,027.12","Orlando, Florida, United States",Florida,Yes,No,No,No,No,Yes,Yes,Yes,No,No,No,No,Yes,No,No,No,No,No,No,No,No,No,No,No
Jim Puckey,1,"12,240.00","12,240.00","North Bend, Ohio, United States",Ohio,Yes,No,No,No,No,Yes,No,No,No,No,No,No,No,No,No,No,No,No,No,No,No,No,No,No
Jimmy Richard,1,"24,592.00","24,592.00","Dulac, Louisiana, United States",Louisiana,Yes,No,No,No,No,No,No,No,No,No,No,No,No,No,No,No,No,No,No,No,No,No,No,No
John Peno,1,"7,710.00","7,710.00","Gonzales, Louisiana, United States",Louisiana,Yes,No,No,No,No,No,No,No,No,No,No,No,No,No,No,No,No,No,No,No,No,No,No,No
John Rogers Smith-Petroleum Consulting,1,"21,000.00","21,000.00","Baton Rouge, Louisiana, United States",Louisiana,Yes,No,No,No,No,No,No,No,No,No,No,No,No,No,No,No,No,No,No,No,No,No,No,No
Joyce And Associates Construction,1,"7,662.00","7,662.00","Newport, North Carolina, United States",North Carolina,Yes,No,No,No,No,No,No,No,No,No,No,No,No,No,No,No,No,No,No,No,No,No,No,No
Juan Carlos Salinas Vargas,1,"13,450.00","13,450.00","Ciudad De Mexico, , United States",,No,No,No,No,No,No,No,No,No,No,No,No,No,No,No,No,No,No,No,No,No,No,No,No
K & N Wingate Hotel Of Houma,4,"227,055.00","56,763.75","Houma, Louisiana, United States",Louisiana,No,No,No,No,No,No,No,No,No,No,No,No,No,No,No,No,No,No,No,No,No,No,No,No
K Arnold Consulting,1,"24,800.00","24,800.00","Houston, Texas, United States",Texas,Yes,No,No,No,No,No,No,No,No,No,No,No,No,No,No,No,No,No,No,No,No,No,No,No
Katie's Seafood Market,1,"256,000.00","256,000.00","Galveston, Texas, United States",Texas,Yes,No,No,No,No,No,No,No,No,No,No,No,No,No,No,No,No,No,No,No,No,No,No,No
Kaydon,1,"171,776.00","171,776.00","Muskegon, Michigan, United States",Michigan,No,No,No,No,No,No,No,No,No,No,No,No,No,No,No,No,No,No,No,No,No,No,No,No
Kelsie S. Hayes,1,"-11,410.78","-11,410.78","Duson, Louisiana, United States",Louisiana,Yes,No,No,No,Yes,No,No,No,No,No,No,No,No,No,No,No,No,No,No,No,No,No,No,No
Kern International,1,"76,308.00","76,308.00","Columbus, Ohio, United States",Ohio,Yes,No,No,No,No,No,No,No,No,No,No,No,No,No,No,No,No,No,No,No,No,No,No,No
Key West Harbor Services,1,"5,000.00","5,000.00","Key West, Florida, United States",Florida,Yes,No,No,No,No,Yes,No,No,No,No,No,No,No,No,No,No,No,No,No,No,No,No,No,No
Keystone Engineering,1,"50,430.00","50,430.00","Metairie, Louisiana, United States",Louisiana,Yes,No,No,No,No,No,No,No,No,No,No,No,No,No,No,No,No,No,No,No,No,No,No,No
Kongsberg Underwater Technology,1,"8,770.00","8,770.00","Lynnwood, Washington, United States",Washington,No,No,No,No,No,No,No,No,No,No,No,No,No,No,No,No,No,No,No,No,No,No,No,No
KPMG,1,"86,083.00","86,083.00","Washington, District Of Columbia, United States",District Of Columbia,No,No,No,No,No,No,No,No,No,No,No,No,No,No,No,No,No,No,No,No,No,No,No,No
L B & B Associates,1,"101,196.00","101,196.00","Columbia, Maryland, United States",Maryland,No,No,No,No,No,No,No,No,No,No,No,No,No,No,No,No,No,No,No,No,No,No,No,No
La Quinta Inn,1,"55,098.19","55,098.19","Morgan City, Louisiana, United States",Louisiana,Yes,No,No,No,No,No,No,Yes,No,No,No,No,No,No,No,No,No,No,No,No,No,No,No,No
Labat Anderson,16,"2,042,567.74","127,660.48","Mc Lean, Virginia, United States",Virginia,No,No,No,No,No,Yes,Yes,No,No,No,No,No,No,No,No,No,No,No,No,No,No,No,No,No
Landerson Consulting,5,"35,121.40","7,024.28","Baton Rouge, Louisiana, United States",Louisiana,Yes,No,No,No,Yes,No,No,Yes,No,Yes,No,No,No,No,No,No,No,No,No,No,No,No,No,No
Language Line,1,"2,499.00","2,499.00","Monterey, California, United States",California,No,No,No,No,No,No,No,No,No,No,No,No,No,No,No,No,No,No,No,No,No,No,No,No
Lawrence Factor.,1,973.20,973.20,"Hialeah, Florida, United States",Florida,Yes,No,No,No,No,No,No,No,No,No,No,No,No,No,No,No,No,No,No,No,No,No,No,No
Leads Corporation,1,"1,744,363.56","1,744,363.56","Arlington, Virginia, United States",Virginia,No,No,No,No,No,No,No,No,No,No,No,No,No,No,No,No,No,No,No,No,No,No,No,No
Leica Microsystems,1,"14,111.46","14,111.46","Deerfield, Illinois, United States",Illinois,No,No,No,No,No,No,No,No,No,No,No,No,No,No,No,No,No,No,No,No,No,No,No,No
Life Safety Concepts,3,"47,400.00","15,800.00","Madison, Alabama, United States",Alabama,Yes,No,No,No,No,Yes,Yes,No,No,No,No,No,No,No,No,No,No,No,No,No,No,No,No,No
Lifesaving Systems,5,"133,502.00","26,700.40","Apollo Beach, Florida, United States",Florida,Yes,No,No,No,No,Yes,No,No,No,No,No,No,No,No,No,No,No,No,No,No,No,No,No,No
Linde,1,"49,947.00","49,947.00","Murray Hill, New Jersey, United States",New Jersey,No,No,No,No,No,No,No,No,No,No,No,No,No,No,No,No,No,No,No,No,No,No,No,No
Lockheed Martin Services,11,"6,622,932.11","602,084.74","Gaithersburg, Maryland, United States",Maryland,No,No,No,No,No,No,No,No,No,No,No,No,No,No,No,No,No,No,No,No,No,No,No,No
Long's Personnel Services,1,"-1,603.10","-1,603.10","Mobile, Alabama, United States",Alabama,Yes,No,No,No,Yes,No,No,No,No,No,No,No,No,No,No,No,No,No,No,No,No,No,No,No
Louis Berger Group/URS Group JV,1,"286,943.00","286,943.00","Kansas City, Missouri, United States",Missouri,No,No,No,No,No,No,No,No,No,No,No,No,No,No,No,No,No,No,No,No,No,No,No,No
Louisiana Grill Restaurant And Catering,1,"236,605.00","236,605.00","Mandeville, Louisiana, United States",Louisiana,Yes,No,No,No,No,No,No,No,No,No,No,No,No,No,No,No,No,No,No,No,No,No,No,No
Louisiana Machinery Company,1,"161,849.55","161,849.55","Gonzales, Louisiana, United States",Louisiana,No,No,No,No,No,No,No,No,No,No,No,No,No,No,No,No,No,No,No,No,No,No,No,No
Louisiana State University System,18,"1,369,188.33","76,066.02","Baton Rouge, Louisiana, United States",Louisiana,No,No,No,No,No,No,No,No,No,No,No,No,No,No,No,No,No,No,No,Yes,No,Yes,No,No
Lumen Dynamics Group,1,"7,450.00","7,450.00","Mississauga, , United States",,No,No,No,No,No,No,No,No,No,No,No,No,No,No,No,No,No,No,No,No,No,No,No,No
Lyme Computer Systems,2,"31,953.00","15,976.50","Lyme, New Hampshire, United States",New Hampshire,Yes,No,No,No,No,No,No,No,No,No,No,No,No,No,No,No,No,No,No,No,No,No,No,No
M & T Oceanographic Research,1,"28,800.00","28,800.00","Cut Off, Louisiana, United States",Louisiana,Yes,No,No,No,Yes,No,No,No,No,No,No,No,No,No,No,No,No,No,No,No,No,No,No,No
M A Federal,1,"8,028.30","8,028.30","Mc Lean, Virginia, United States",Virginia,Yes,No,No,No,No,No,No,No,No,No,No,No,No,No,No,No,No,No,No,No,No,No,No,No
M M International,1,"5,345.00","5,345.00","Honolulu, Hawaii, United States",Hawaii,No,No,No,No,No,No,No,No,No,No,No,No,No,No,No,No,No,No,No,No,No,No,No,No
M7 Aerospace,1,0.00,0.00,"San Antonio, Texas, United States",Texas,No,No,No,No,No,No,No,No,No,No,No,No,No,No,No,No,No,No,No,No,No,No,No,No
Mackay Communications,2,"228,203.90","114,101.95","Jacksonville, Florida, United States",Florida,Yes,No,No,No,No,No,No,No,No,No,No,No,No,No,No,No,No,No,No,No,No,No,No,No
Madeira Marine Services,1,"240,000.00","240,000.00","Saint Petersburg, Florida, United States",Florida,Yes,No,No,No,No,Yes,Yes,No,No,No,No,No,No,No,No,No,No,No,No,No,No,No,No,No
Manomet,2,"2,843,226.98","1,421,613.49","Manomet, Massachusetts, United States",Massachusetts,No,No,No,No,No,No,No,No,No,No,No,No,No,No,No,No,No,No,Yes,No,No,No,No,No
MAR,3,"171,148.87","57,049.62","Rockville, Maryland, United States",Maryland,Yes,No,No,No,No,No,No,No,No,No,No,No,No,No,No,No,No,No,No,No,No,No,No,No
Marine Environmental Sciences Consortium,1,"18,939.11","18,939.11","Dauphin Island, Alabama, United States",Alabama,No,No,No,No,No,No,No,No,No,No,No,No,No,No,No,No,No,No,No,Yes,No,Yes,No,No
Maritime Telecommunications,3,"111,606.00","37,202.00","Miramar, Florida, United States",Florida,No,No,No,No,No,No,No,No,No,No,No,No,No,No,No,No,No,No,No,No,No,No,No,No
Mark Bias,1,"2,400.00","2,400.00","Ona, West Virginia, United States",West Virginia,Yes,No,No,No,No,No,No,No,No,No,No,No,No,No,No,No,No,No,No,No,No,No,No,No
Markey Machinery,1,"15,000.00","15,000.00","Seattle, Washington, United States",Washington,Yes,No,No,No,No,No,No,No,No,No,No,No,No,No,No,No,No,No,No,No,No,No,No,No
Marriott International,3,"59,359.30","19,786.43","Atlanta, Georgia, United States",Georgia,No,No,No,No,No,No,No,No,No,No,No,No,No,No,No,No,No,No,No,No,No,No,No,No
Martha Laguardia-Kotite,1,"1,500.00","1,500.00","Niceville, Florida, United States",Florida,Yes,No,No,No,Yes,Yes,No,No,No,No,No,No,No,No,No,No,No,No,No,No,No,No,No,No
MAS Solutions Services,5,"14,646.24","2,929.25","Gulfport, Mississippi, United States",Mississippi,Yes,No,No,No,No,Yes,No,No,No,No,No,No,No,No,No,No,No,No,No,No,No,No,No,No
MBJV,1,"142,325.26","142,325.26","Metairie, Louisiana, United States",Louisiana,Yes,Yes,No,No,No,No,No,No,No,No,No,No,No,No,No,No,No,No,No,No,No,No,No,No
McGrath Rent,2,"1,510.00",755.00,"Livermore, California, United States",California,No,No,No,No,No,No,No,No,No,No,No,No,No,No,No,No,No,No,No,No,No,No,No,No
Mclemore Distributors,1,"6,000.00","6,000.00","Silas, Alabama, United States",Alabama,Yes,No,No,No,No,No,No,No,No,No,No,No,No,No,No,No,No,No,No,No,No,No,No,No
McPherson Companies,1,"4,257.00","4,257.00","Trussville, Alabama, United States",Alabama,Yes,No,No,No,No,No,No,No,No,No,No,No,No,No,No,No,No,No,No,No,No,No,No,No
Merlin Petroleum,1,"1,030,974.00","1,030,974.00","Westport, Connecticut, United States",Connecticut,Yes,No,No,No,Yes,No,No,No,No,No,No,No,No,No,No,No,No,No,No,No,No,No,No,No
Messer Power Systems,2,"31,260.00","15,630.00","Ware, Massachusetts, United States",Massachusetts,Yes,No,No,No,Yes,Yes,No,No,No,No,No,No,No,No,No,No,No,No,No,No,No,No,No,No
Metocean Data Systems,1,"9,000.00","9,000.00","Dartmouth, , United States",,No,No,No,No,No,No,No,No,No,No,No,No,No,No,No,No,No,No,No,No,No,No,No,No
Metrica,2,"618,738.10","309,369.05","San Antonio, Texas, United States",Texas,No,No,No,No,Yes,No,No,Yes,No,Yes,No,No,No,No,No,No,No,No,No,No,No,No,No,No
Metropolitan Interpreters And Translators,1,"20,337.60","20,337.60","New York, New York, United States",New York,No,No,No,No,No,Yes,No,No,No,No,No,No,No,No,No,No,No,No,No,No,No,No,No,No
Miami Cordage,1,"7,100.00","7,100.00","Miami, Florida, United States",Florida,Yes,No,Yes,No,Yes,No,No,No,No,No,No,No,No,No,No,No,No,No,No,No,No,No,No,No
Michael J Gately,1,"7,710.00","7,710.00","Lafayette, Louisiana, United States",Louisiana,Yes,No,No,No,No,No,No,No,No,No,No,No,No,No,No,No,No,No,No,No,No,No,No,No
Michael J. Conroy,2,"54,998.67","27,499.34","Athens, Georgia, United States",Georgia,Yes,No,No,No,No,No,No,No,No,No,No,No,No,No,No,No,No,No,No,No,No,No,No,No
Micro Optics Of Florida,1,"4,381.00","4,381.00","Plantation, Florida, United States",Florida,Yes,No,No,No,No,Yes,No,No,No,No,No,No,No,No,No,No,No,No,No,No,No,No,No,No
Microtech,1,"9,756.96","9,756.96","Vienna, Virginia, United States",Virginia,Yes,Yes,No,No,No,Yes,Yes,Yes,No,No,No,No,No,No,No,No,No,No,No,No,No,No,No,Yes
Microwave Telemetry,1,"195,000.00","195,000.00","Columbia, Maryland, United States",Maryland,Yes,No,No,No,No,No,No,No,No,No,No,No,No,No,No,No,No,No,No,No,No,No,No,No
Midstream Fuel Service,1,"167,507.20","167,507.20","Mobile, Alabama, United States",Alabama,Yes,No,No,No,No,No,No,No,No,No,No,No,No,No,No,No,No,No,No,No,No,No,No,No
Miller Environmental Services,2,"112,024.19","56,012.10","Corpus Christi, Texas, United States",Texas,No,No,No,No,No,No,No,No,No,No,No,No,No,No,No,No,No,No,No,No,No,No,No,No
Mine Safety Appliances,1,"12,988.40","12,988.40","Pittsburgh, Pennsylvania, United States",Pennsylvania,No,No,No,No,No,No,No,No,No,No,No,No,No,No,No,No,No,No,No,No,No,No,No,No
Moore Clark USA,1,"7,501.12","7,501.12","Ferndale, Washington, United States",Washington,Yes,No,No,No,No,No,No,No,No,No,No,No,No,No,No,No,No,No,No,No,No,No,No,No
Moss Point Motel,3,"132,690.50","44,230.17","Moss Point, Mississippi, United States",Mississippi,Yes,No,No,No,No,No,No,No,No,No,No,No,No,No,No,No,No,No,No,No,No,No,No,No
Mote Marine Laboratory,3,"206,962.85","68,987.62","Sarasota, Florida, United States",Florida,No,No,No,No,No,No,No,No,No,No,No,No,No,No,No,No,No,No,Yes,No,No,No,No,No
Mustang Survival,1,"14,012.64","14,012.64","Bellingham, Washington, United States",Washington,Yes,No,No,No,No,No,No,No,No,No,No,No,No,No,No,No,No,No,No,No,No,No,No,No
Myriax Software Pty,1,"2,740.00","2,740.00","Hobart, , United States",,No,No,No,No,No,No,No,No,No,No,No,No,No,No,No,No,No,No,No,No,No,No,No,No
National Academy Of Science,1,"1,500,000.00","1,500,000.00","Washington, District Of Columbia, United States",District Of Columbia,No,No,No,No,No,No,No,No,No,No,No,No,No,No,No,No,No,No,Yes,No,No,No,No,No
National Audubon Society,2,"19,718.38","9,859.19","New York, New York, United States",New York,No,No,No,No,No,No,No,No,No,No,No,No,No,No,No,No,No,No,Yes,No,No,No,No,No
National Cotton,2,0.00,0.00,"Galveston, Texas, United States",Texas,Yes,No,No,No,No,No,No,No,No,No,No,No,No,No,No,No,No,No,No,No,No,No,No,No
National Response,2,"25,750.00","12,875.00","Great River, New York, United States",New York,No,No,No,No,No,No,No,No,No,No,No,No,No,No,No,No,No,No,No,No,No,No,No,No
National Steel & Shipbuilding,1,0.00,0.00,"San Diego, California, United States",California,No,No,No,No,No,No,No,No,No,No,No,No,No,No,No,No,No,No,No,No,No,No,No,No
NCS Technologies,1,461.60,461.60,"Manassas, Virginia, United States",Virginia,Yes,No,No,No,No,No,No,Yes,No,No,No,No,No,Yes,No,No,No,No,No,No,No,No,No,No
New Line Environmental Systems,1,"8,500.00","8,500.00","Jefferson, Louisiana, United States",Louisiana,Yes,No,No,No,No,No,No,No,No,No,No,No,No,No,No,No,No,No,No,No,No,No,No,No
New Orleans Airport Motel Associates,4,"27,597.09","6,899.27","Kenner, Louisiana, United States",Louisiana,No,No,No,No,No,No,No,Yes,No,No,No,No,No,No,No,No,No,No,No,No,No,No,No,No
Noble Sales,1,"19,755.05","19,755.05","Norwell, Massachusetts, United States",Massachusetts,Yes,No,No,No,Yes,No,No,No,No,No,No,No,No,No,No,No,No,No,No,No,No,No,No,No
Northern Safety,1,"6,048.00","6,048.00","Frankfort, New York, United States",New York,No,No,No,No,No,No,No,No,No,No,No,No,No,No,No,No,No,No,No,No,No,No,No,No
Northrop Grumman Systems,2,"19,355.44","9,677.72","Charlottesville, Virginia, United States",Virginia,No,No,No,No,No,No,No,No,No,No,No,No,No,No,No,No,No,No,No,No,No,No,No,No
Nvision Solutions,1,"16,320.00","16,320.00","Bay Saint Louis, Mississippi, United States",Mississippi,Yes,Yes,No,No,Yes,No,No,Yes,No,No,No,No,No,Yes,No,No,No,No,No,No,No,No,No,Yes
Ocean Associates,5,"199,446.99","39,889.40","Arlington, Virginia, United States",Virginia,Yes,Yes,No,No,No,No,No,Yes,No,No,No,No,Yes,No,No,No,No,No,No,No,No,No,No,No
Ocean Test Equipment,1,"6,620.00","6,620.00","Fort Lauderdale, Florida, United States",Florida,Yes,No,No,No,No,No,No,No,No,No,No,No,No,No,No,No,No,No,No,No,No,No,No,No
Odim Brooke Ocean,6,"276,978.44","46,163.07","Dartmouth, , United States",,No,No,No,No,No,No,No,No,No,No,No,No,No,No,No,No,No,No,No,No,No,No,No,No
Oilfield Testing & Consulting,2,"317,450.00","158,725.00","Houston, Texas, United States",Texas,Yes,No,No,No,No,No,No,No,No,No,No,No,No,No,No,No,No,No,No,No,No,No,No,No
On-site Dental Care,4,"199,380.00","49,845.00","San Carlos, California, United States",California,No,No,No,No,No,No,No,No,No,No,No,No,No,No,No,No,No,No,No,No,No,No,No,No
Oneida Total Integrated Enterprises,4,"468,000.00","117,000.00","Milwaukee, Wisconsin, United States",Wisconsin,Yes,Yes,No,No,No,No,No,Yes,No,No,No,Yes,No,No,Yes,No,No,No,No,No,No,No,No,Yes
Onset Computer,1,"10,097.00","10,097.00","Bourne, Massachusetts, United States",Massachusetts,Yes,No,No,No,No,No,No,No,No,No,No,No,No,No,No,No,No,No,No,No,No,No,No,No
Pacific Wildlife Foundation,1,"93,870.00","93,870.00","Vancouver, , United States",,No,No,No,No,No,No,No,No,No,No,No,No,No,No,No,No,No,No,No,No,No,No,No,No
Palmer Staffing Services,1,"148,696.80","148,696.80","Washington, District Of Columbia, United States",District Of Columbia,Yes,No,No,No,Yes,No,No,No,No,No,No,No,No,No,No,No,No,No,No,No,No,No,No,No
Papco,1,"-3,346.64","-3,346.64","Virginia Beach, Virginia, United States",Virginia,Yes,No,No,No,No,No,No,No,No,No,No,No,No,No,No,No,No,No,No,No,No,No,No,No
Paradise Services,7,"45,196.88","6,456.70","Orange Beach, Alabama, United States",Alabama,Yes,No,No,No,Yes,No,No,No,No,No,No,No,No,No,No,No,No,No,No,No,No,No,No,No
Parker-Hannifin,1,"7,610.40","7,610.40","Gardena, California, United States",California,No,No,No,No,No,No,No,No,No,No,No,No,No,No,No,No,No,No,No,No,No,No,No,No
Parramore,1,"22,400.00","22,400.00","Robertsdale, Alabama, United States",Alabama,Yes,No,No,No,No,No,No,No,No,No,No,No,No,No,No,No,No,No,No,No,No,No,No,No
Patton Contractors,1,"28,523.73","28,523.73","Fort Worth, Texas, United States",Texas,Yes,No,No,No,No,Yes,No,No,No,No,No,No,No,No,No,No,No,No,No,No,No,No,No,No
Paul R Portney,2,"200,000.00","100,000.00","Tucson, Arizona, United States",Arizona,Yes,No,No,No,No,No,No,No,No,No,No,No,No,No,No,No,No,No,No,No,No,No,No,No
Peak Scientific Instruments,1,"4,950.00","4,950.00","Renfrew, , United States",,No,No,No,No,No,No,No,No,No,No,No,No,No,No,No,No,No,No,No,No,No,No,No,No
Pegasus Technical Services,9,"3,293,238.04","365,915.34","Cincinnati, Ohio, United States",Ohio,Yes,Yes,No,No,No,No,No,Yes,No,No,No,No,No,No,No,No,No,No,No,No,No,No,No,Yes
Penobscot Bay Media,1,"18,200.00","18,200.00","Camden, Maine, United States",Maine,Yes,No,No,No,Yes,Yes,Yes,No,No,No,No,No,No,No,No,No,No,No,No,No,No,No,No,No
Pentaho,1,"47,500.00","47,500.00","Orlando, Florida, United States",Florida,Yes,No,No,No,No,No,No,No,No,No,No,No,No,No,No,No,No,No,No,No,No,No,No,No
Phase 2  Electrical Services,2,"23,985.00","11,992.50","Mandeville, Louisiana, United States",Louisiana,Yes,No,No,No,No,No,No,No,No,No,No,No,No,No,No,No,No,No,No,No,No,No,No,No
Phenomenex,2,"5,471.27","2,735.64","Torrance, California, United States",California,Yes,No,No,No,No,No,No,No,No,No,No,No,No,No,No,No,No,No,No,No,No,No,No,No
PHI,1,"40,218.98","40,218.98","Lafayette, Louisiana, United States",Louisiana,No,No,No,No,No,No,No,No,No,No,No,No,No,No,No,No,No,No,No,No,No,No,No,No
Pier Systems,4,"25,273.31","6,318.33","Bellingham, Washington, United States",Washington,No,No,No,No,No,No,No,No,No,No,No,No,No,No,No,No,No,No,No,No,No,No,No,No
Point Clear Holdings,1,"7,110.46","7,110.46","Point Clear, Alabama, United States",Alabama,Yes,No,No,No,No,No,No,No,No,No,No,No,No,No,No,No,No,No,No,No,No,No,No,No
Polar King International.,5,"176,340.80","35,268.16","Fort Wayne, Indiana, United States",Indiana,Yes,No,No,No,No,No,No,No,No,No,No,No,No,No,No,No,No,No,No,No,No,No,No,No
Polar Leasing,3,"7,545.00","2,515.00","Fort Wayne, Indiana, United States",Indiana,Yes,No,No,No,No,No,No,No,No,No,No,No,No,No,No,No,No,No,No,No,No,No,No,No
Potomac Management Group,7,"79,867.05","11,409.58","Alexandria, Virginia, United States",Virginia,Yes,No,No,No,No,No,No,Yes,No,No,No,No,Yes,No,No,No,No,No,No,No,No,No,No,Yes
Prairie Ocean Technologies,1,"21,775.00","21,775.00","Whiteshell, , United States",,No,No,No,No,Yes,No,No,No,No,No,No,No,No,No,No,No,No,No,No,No,No,No,No,No
Premier Leasing,1,"14,392.00","14,392.00","Lake Charles, Louisiana, United States",Louisiana,No,No,No,No,No,Yes,No,No,No,No,No,No,No,No,No,No,No,No,No,No,No,No,No,No
Prime Hotel Group At Homestead,1,"8,910.00","8,910.00","Hollywood, Florida, United States",Florida,Yes,No,No,No,No,No,No,Yes,No,No,No,No,Yes,No,No,No,No,No,No,No,No,No,No,No
Prime Source Technologies,1,"85,819.88","85,819.88","Washington, District Of Columbia, United States",District Of Columbia,Yes,Yes,No,No,No,No,No,Yes,No,No,No,No,No,Yes,No,No,No,No,No,No,No,No,No,Yes
Prizim,2,"110,434.25","55,217.13","Gaithersburg, Maryland, United States",Maryland,Yes,No,No,No,No,No,No,No,No,No,No,No,No,No,No,No,No,No,No,No,No,No,No,No
Professional Services Of America,3,"345,874.69","115,291.56","Parkersburg, West Virginia, United States",West Virginia,Yes,Yes,No,No,Yes,No,No,No,No,No,No,No,No,No,No,No,No,No,No,No,No,No,No,Yes
Professional Shorthand Reporters,2,"6,670.00","3,335.00","New Orleans, Louisiana, United States",Louisiana,Yes,No,No,No,Yes,No,No,No,No,No,No,No,No,No,No,No,No,No,No,No,No,No,No,No
Progressive Environmental Services,1,"222,000.00","222,000.00","Panama City, Florida, United States",Florida,Yes,No,No,No,No,No,No,No,No,No,No,No,No,No,No,No,No,No,No,No,No,No,No,No
Provantage Software,21,"433,878.02","20,660.86","Kirkland, Washington, United States",Washington,Yes,No,No,No,No,No,No,No,No,No,No,No,No,No,No,No,No,No,No,No,No,No,No,No
Public Communications,1,"58,800.00","58,800.00","Chicago, Illinois, United States",Illinois,Yes,No,No,No,Yes,No,No,No,No,No,No,No,No,No,No,No,No,No,No,No,No,No,No,No
Pumpelly Oil Company,1,"17,559.36","17,559.36","Sulphur, Louisiana, United States",Louisiana,Yes,No,No,No,No,No,No,No,No,No,No,No,No,No,No,No,No,No,No,No,No,No,No,No
Quest Technologies,1,"10,211.25","10,211.25","Oconomowoc, Wisconsin, United States",Wisconsin,No,No,No,No,No,No,No,No,No,No,No,No,No,No,No,No,No,No,No,No,No,No,No,No
R & L Leasing,1,-100.00,-100.00,"Juneau, Alaska, United States",Alaska,Yes,No,No,No,No,No,No,No,No,No,No,No,No,No,No,No,No,No,No,No,No,No,No,No
R G Ford Consulting,20,"3,168,763.46","158,438.17","Portland, Oregon, United States",Oregon,No,No,No,No,No,No,No,No,No,No,No,No,No,No,No,No,No,No,No,No,No,No,No,No
R L J Atlanta Century Center Hotel Lesee,3,"74,760.00","24,920.00","Atlanta, Georgia, United States",Georgia,No,No,No,No,No,No,No,No,No,No,No,No,No,No,No,No,No,No,No,No,No,No,No,No
R. T.,1,"4,462.00","4,462.00","Laramie, Wyoming, United States",Wyoming,Yes,No,No,No,No,Yes,Yes,No,No,No,No,No,No,No,No,No,No,No,No,No,No,No,No,No
R.G. Hughes And Associates,1,"40,100.00","40,100.00","Baton Rouge, Louisiana, United States",Louisiana,Yes,No,No,No,No,No,No,No,No,No,No,No,No,No,No,No,No,No,No,No,No,No,No,No
RAE Systems,3,"166,157.00","55,385.67","San Jose, California, United States",California,No,No,No,No,No,No,No,No,No,No,No,No,No,No,No,No,No,No,No,No,No,No,No,No
Rajchandra,3,"146,813.05","48,937.68","Fort Walton Beach, Florida, United States",Florida,No,No,No,No,No,No,No,Yes,No,No,No,No,No,Yes,No,No,No,No,No,No,No,No,No,No
Red River Computer,3,"648,106.65","216,035.55","Claremont, New Hampshire, United States",New Hampshire,Yes,No,No,No,No,No,No,No,No,No,No,No,No,No,No,No,No,No,No,No,No,No,No,No
Reddoch Enterprises,4,"89,419.83","22,354.96","Lafayette, Louisiana, United States",Louisiana,Yes,No,No,No,No,No,No,No,No,No,No,No,No,No,No,No,No,No,No,No,No,No,No,No
Redlands Community College,1,"39,516.00","39,516.00","El Reno, Oklahoma, United States",Oklahoma,No,No,No,No,No,No,No,No,No,No,No,No,No,No,No,No,No,No,No,Yes,No,Yes,No,No
Regency Consulting,1,"28,133.00","28,133.00","Norfolk, Nebraska, United States",Nebraska,Yes,Yes,No,No,No,No,No,Yes,No,Yes,No,No,No,No,No,No,No,No,No,No,No,No,No,Yes
Rentex,2,760.00,380.00,"Canton, Massachusetts, United States",Massachusetts,Yes,No,No,No,No,No,No,No,No,No,No,No,No,No,No,No,No,No,No,No,No,No,No,No
Research Planning,28,"12,177,770.51","434,920.38","Columbia, South Carolina, United States",South Carolina,Yes,No,No,No,No,No,No,No,No,No,No,No,No,No,No,No,No,No,No,No,No,No,No,No
Reson,1,"23,591.90","23,591.90","Goleta, California, United States",California,Yes,No,No,No,No,No,No,No,No,No,No,No,No,No,No,No,No,No,No,No,No,No,No,No
Ricoh Americas,1,"4,500.00","4,500.00","Arlington, Virginia, United States",Virginia,No,No,No,No,No,No,No,No,No,No,No,No,No,No,No,No,No,No,No,No,No,No,No,No
RMF Engineering,1,"20,263.35","20,263.35","Baltimore, Maryland, United States",Maryland,Yes,No,No,No,No,No,No,No,No,No,No,No,No,No,No,No,No,No,No,No,No,No,No,No
Robbins Gioia,2,"221,712.80","110,856.40","Alexandria, Virginia, United States",Virginia,No,No,No,No,No,No,No,No,No,No,No,No,No,No,No,No,No,No,No,No,No,No,No,No
Robert F. Engle,2,"200,000.00","100,000.00","Mahopac, New York, United States",New York,Yes,No,No,No,No,No,No,No,No,No,No,No,No,No,No,No,No,No,No,No,No,No,No,No
Rolling Bay,1,"55,837.40","55,837.40","Anchorage, Alaska, United States",Alaska,Yes,Yes,No,No,No,No,No,Yes,No,No,No,Yes,No,No,Yes,No,No,No,No,No,No,No,No,Yes
Rolls-royce Naval Marine,1,"14,751.00","14,751.00","Walpole, Massachusetts, United States",Massachusetts,No,No,No,No,No,No,No,No,No,No,No,No,No,No,No,No,No,No,No,No,No,No,No,No
Rosario's Cucina,1,"48,451.80","48,451.80","Morgan City, Louisiana, United States",Louisiana,Yes,No,No,No,Yes,No,No,No,No,No,No,No,No,No,No,No,No,No,No,No,No,No,No,No
Roy Bailey Construction,1,"102,251.50","102,251.50","Bell City, Louisiana, United States",Louisiana,Yes,No,No,No,No,No,No,No,No,No,No,No,No,No,No,No,No,No,No,No,No,No,No,No
RSC Equipment Rental,1,"30,448.98","30,448.98","Scottsdale, Arizona, United States",Arizona,No,No,No,No,No,No,No,No,No,No,No,No,No,No,No,No,No,No,No,No,No,No,No,No
S & B Boats Beau Rivage,2,"403,000.00","201,500.00","Pascagoula, Mississippi, United States",Mississippi,Yes,No,No,No,No,No,No,No,No,No,No,No,No,No,No,No,No,No,No,No,No,No,No,No
S & S Trawl Shop,1,"24,800.00","24,800.00","Supply, North Carolina, United States",North Carolina,Yes,No,No,No,No,No,No,No,No,No,No,No,No,No,No,No,No,No,No,No,No,No,No,No
S.N.L.,2,"17,740.00","8,870.00","Sebastian, Florida, United States",Florida,Yes,No,No,No,No,No,No,No,No,No,No,No,No,No,No,No,No,No,No,No,No,No,No,No
Safetech Defense Systems,1,"95,947.40","95,947.40","Humble, Texas, United States",Texas,Yes,No,No,No,Yes,No,No,No,No,No,No,No,No,No,No,No,No,No,No,No,No,No,No,No
Safety Unlimited,1,"7,000.00","7,000.00","Simi Valley, California, United States",California,Yes,No,No,No,No,Yes,No,No,No,No,No,No,No,No,No,No,No,No,No,No,No,No,No,No
Safety-Kleen,2,"7,000.00","3,500.00","Plano, Texas, United States",Texas,Yes,No,No,No,No,No,No,No,No,No,No,No,No,No,No,No,No,No,No,No,No,No,No,No
Salmi And Company,2,"27,253.40","13,626.70","Pasadena, Maryland, United States",Maryland,Yes,No,No,No,No,Yes,No,No,No,No,No,No,No,No,No,No,No,No,No,No,No,No,No,No
Sam Grimes,2,"7,296.00","3,648.00","Benton, Louisiana, United States",Louisiana,Yes,No,No,No,No,No,No,No,No,No,No,No,No,No,No,No,No,No,No,No,No,No,No,No
Sanibel Captiva Conservation Foundation,1,"38,776.85","38,776.85","Sanibel, Florida, United States",Florida,No,No,No,No,No,No,No,No,No,No,No,No,No,No,No,No,No,No,Yes,No,No,No,No,No
Sanjo Security Services,1,"33,388.48","33,388.48","Jackson, Mississippi, United States",Mississippi,Yes,Yes,No,No,Yes,Yes,No,Yes,No,Yes,No,No,No,No,No,No,No,No,No,No,No,No,No,Yes
Science Applications International,2,"25,074.00","12,537.00","Mclean, Virginia, United States",Virginia,No,No,No,No,No,No,No,No,No,No,No,No,No,No,No,No,No,No,No,No,No,No,No,No
Scott Rentals,2,"5,000.00","2,500.00","Panama City, Florida, United States",Florida,Yes,No,No,No,No,Yes,No,No,No,No,No,No,No,No,No,No,No,No,No,No,No,No,No,No
Sea Gear,1,"7,120.00","7,120.00","Melbourne, Florida, United States",Florida,Yes,No,No,No,Yes,No,No,No,No,No,No,No,No,No,No,No,No,No,No,No,No,No,No,No
Sea-Bird Electronics,12,"200,117.70","16,676.48","Bellevue, Washington, United States",Washington,No,No,No,No,No,No,No,No,No,No,No,No,No,No,No,No,No,No,No,No,No,No,No,No
Seafood Packaging,1,"20,412.48","20,412.48","New Orleans, Louisiana, United States",Louisiana,Yes,No,No,No,No,No,No,No,No,No,No,No,No,No,No,No,No,No,No,No,No,No,No,No
Selrico Service,1,"115,687.94","115,687.94","San Antonio, Texas, United States",Texas,No,No,No,No,No,Yes,No,Yes,No,No,No,No,Yes,No,No,No,No,No,No,No,No,No,No,No
Separ Of The Americas,1,"3,506.00","3,506.00","Fort Lauderdale, Florida, United States",Florida,Yes,No,No,No,No,No,No,No,No,No,No,No,No,No,No,No,No,No,No,No,No,No,No,No
Sequoia Scientific,1,"28,978.22","28,978.22","Bellevue, Washington, United States",Washington,Yes,No,No,No,No,No,No,No,No,No,No,No,No,No,No,No,No,No,No,No,No,No,No,No
Serco Services,1,"26,844.34","26,844.34","Colorado Springs, Colorado, United States",Colorado,No,No,No,No,No,No,No,No,No,No,No,No,No,No,No,No,No,No,No,No,No,No,No,No
Seven Corners,1,"2,000.00","2,000.00","Indianapolis, Indiana, United States",Indiana,Yes,No,No,No,No,No,No,No,No,No,No,No,No,No,No,No,No,No,No,No,No,No,No,No
SGO Services,1,"751,388.00","751,388.00","Buras, Louisiana, United States",Louisiana,Yes,No,No,No,No,No,No,No,No,No,No,No,No,No,No,No,No,No,No,No,No,No,No,No
Shred-it USA,1,"13,000.00","13,000.00","Rockville, Maryland, United States",Maryland,Yes,No,No,No,Yes,No,No,No,No,No,No,No,No,No,No,No,No,No,No,No,No,No,No,No
Shuck Construction,1,"3,216.00","3,216.00","Fairmont, West Virginia, United States",West Virginia,Yes,No,Yes,No,No,No,No,No,No,No,No,No,No,No,No,No,No,No,No,No,No,No,No,No
SKC,4,"77,980.34","19,495.09","Eighty Four, Pennsylvania, United States",Pennsylvania,Yes,No,No,No,No,No,No,No,No,No,No,No,No,No,No,No,No,No,No,No,No,No,No,No
Socially Yours,1,"23,273.00","23,273.00","Baton Rouge, Louisiana, United States",Louisiana,Yes,No,No,No,No,No,No,Yes,No,Yes,No,No,No,No,No,No,No,No,No,No,No,No,No,No
Sonoma Technology,1,"837,228.00","837,228.00","Petaluma, California, United States",California,Yes,No,No,No,No,No,No,No,No,No,No,No,No,No,No,No,No,No,No,No,No,No,No,No
Sony Electronics,1,"4,028.00","4,028.00","Park Ridge, New Jersey, United States",New Jersey,No,No,No,No,No,No,No,No,No,No,No,No,No,No,No,No,No,No,No,No,No,No,No,No
Southeast Alaska Petroleum Resource Organization,2,"12,596.96","6,298.48","Ketchikan, Alaska, United States",Alaska,No,No,No,No,No,No,No,No,No,No,No,No,No,No,No,No,No,No,Yes,No,No,No,No,No
Southern Tele-Communications,2,"13,125.00","6,562.50","Mobile, Alabama, United States",Alabama,Yes,No,No,No,No,No,No,No,No,No,No,No,No,No,No,No,No,No,No,No,No,No,No,No
Southern Truck & Equipment,1,"4,600.00","4,600.00","Theodore, Alabama, United States",Alabama,Yes,No,No,No,No,No,No,No,No,No,No,No,No,No,No,No,No,No,No,No,No,No,No,No
Sperry Enterprises Express Personnel,1,"13,031.20","13,031.20","Moses Lake, Washington, United States",Washington,Yes,No,No,No,Yes,No,No,No,No,No,No,No,No,No,No,No,No,No,No,No,No,No,No,No
Springhill Suites,4,"145,775.00","36,443.75","Gulf Breeze, Florida, United States",Florida,No,No,No,No,No,No,No,No,No,No,No,No,No,No,No,No,No,No,No,No,No,No,No,No
Sprint Communications,2,"375,027.74","187,513.87","Reston, Virginia, United States",Virginia,No,No,No,No,No,No,No,No,No,No,No,No,No,No,No,No,No,No,No,No,No,No,No,No
ST Net Apptis Firstsource,7,"2,414,327.18","344,903.88","Chantilly, Virginia, United States",Virginia,Yes,Yes,No,No,Yes,No,No,Yes,No,No,No,No,No,No,No,Yes,No,No,No,No,No,No,No,No
Staples Contract & Commercial,1,"4,798.00","4,798.00","Framingham, Massachusetts, United States",Massachusetts,No,No,No,No,No,No,No,No,No,No,No,No,No,No,No,No,No,No,No,No,No,No,No,No
Starling Marine,1,"4,600.50","4,600.50","Morehead City, North Carolina, United States",North Carolina,Yes,No,No,No,No,No,No,No,No,No,No,No,No,No,No,No,No,No,No,No,No,No,No,No
Stateside Procurement Services,1,"12,496.82","12,496.82","Miami, Florida, United States",Florida,No,No,No,No,No,Yes,Yes,No,No,No,No,No,No,No,No,No,No,No,No,No,No,No,No,No
Staybridge Suites,1,"3,665.57","3,665.57","Gulf Shores, Alabama, United States",Alabama,Yes,No,No,No,No,No,No,No,No,No,No,No,No,No,No,No,No,No,No,No,No,No,No,No
Sterling Computers,1,"3,965.00","3,965.00","Norfolk, Nebraska, United States",Nebraska,Yes,No,No,No,Yes,No,No,Yes,No,No,No,No,Yes,No,No,No,No,No,No,No,No,No,No,No
Stewart & Stevenson Power Products,1,"3,380.29","3,380.29","Houston, Texas, United States",Texas,No,No,No,No,No,No,No,No,No,No,No,No,No,No,No,No,No,No,No,No,No,No,No,No
Steyr Motors North Americ,1,"4,000.00","4,000.00","Panama City, Florida, United States",Florida,Yes,No,No,No,No,No,No,No,No,No,No,No,No,No,No,No,No,No,No,No,No,No,No,No
Stratus Consulting,34,"109,575,275.14","3,222,802.21","Boulder, Colorado, United States",Colorado,No,No,No,No,No,No,No,No,No,No,No,No,No,No,No,No,No,No,No,No,No,No,No,No
Subsea Technologies,1,"8,315.00","8,315.00","Katy, Texas, United States",Texas,Yes,No,No,No,No,No,No,No,No,No,No,No,No,No,No,No,No,No,No,No,No,No,No,No
Sunshine Equipment Company,1,"9,410.40","9,410.40","Donaldsonville, Louisiana, United States",Louisiana,Yes,No,No,No,No,No,No,No,No,No,No,No,No,No,No,No,No,No,No,No,No,No,No,No
Symbolic Technology,1,"4,920.00","4,920.00","Dallas, Texas, United States",Texas,Yes,No,Yes,No,No,No,No,Yes,No,No,No,No,No,Yes,No,No,No,No,No,No,No,No,No,No
Synnex Corporation,1,"292,403.50","292,403.50","Greenville, South Carolina, United States",South Carolina,No,No,No,No,No,No,No,No,No,No,No,No,No,No,No,No,No,No,No,No,No,No,No,No
Systems Planning And Analysis,1,"716,163.15","716,163.15","Alexandria, Virginia, United States",Virginia,No,No,No,No,No,No,No,No,No,No,No,No,No,No,No,No,No,No,No,No,No,No,No,No
Systems Research And Applications,2,0.00,0.00,"Fairfax, Virginia, United States",Virginia,No,No,No,No,No,No,No,No,No,No,No,No,No,No,No,No,No,No,No,No,No,No,No,No
T & T Marine Salvage,2,"164,148.63","82,074.32","Galveston, Texas, United States",Texas,No,No,No,No,No,No,No,No,No,No,No,No,No,No,No,No,No,No,No,No,No,No,No,No
T.R. Management,3,"6,157.56","2,052.52","Ormond Beach, Florida, United States",Florida,Yes,No,No,No,No,No,No,No,No,No,No,No,No,No,No,No,No,No,No,No,No,No,No,No
Tape Resources,1,"24,936.00","24,936.00","Virginia Beach, Virginia, United States",Virginia,Yes,No,No,No,No,No,No,No,No,No,No,No,No,No,No,No,No,No,No,No,No,No,No,No
Technical Manufacturing,1,"3,545.00","3,545.00","Peabody, Massachusetts, United States",Massachusetts,Yes,No,No,No,No,No,No,No,No,No,No,No,No,No,No,No,No,No,No,No,No,No,No,No
Tecline Supply,1,420.00,420.00,"Brunswick, Georgia, United States",Georgia,Yes,No,No,No,Yes,No,No,No,No,No,No,No,No,No,No,No,No,No,No,No,No,No,No,No
Telaurus Communications,1,"24,800.00","24,800.00","Cedar Knolls, New Jersey, United States",New Jersey,Yes,No,No,No,No,No,No,No,No,No,No,No,No,No,No,No,No,No,No,No,No,No,No,No
Teledyne RD Instruments,2,"33,229.42","16,614.71","Poway, California, United States",California,No,No,No,No,No,No,No,No,No,No,No,No,No,No,No,No,No,No,No,No,No,No,No,No
Telos Corporation,1,"4,021.65","4,021.65","Ashburn, Virginia, United States",Virginia,Yes,No,No,No,No,No,No,No,No,No,No,No,No,No,No,No,No,No,No,No,No,No,No,No
Tesla Offshore,1,"32,557.57","32,557.57","Prairieville, Louisiana, United States",Louisiana,No,No,No,No,No,No,No,No,No,No,No,No,No,No,No,No,No,No,No,No,No,No,No,No
Tetra Tech,11,"3,401,246.00","309,204.18","Reston, Virginia, United States",Virginia,No,No,No,No,No,No,No,No,No,No,No,No,No,No,No,No,No,No,No,No,No,No,No,No
Texas A&M University System,1,"139,696.61","139,696.61","College Station, Texas, United States",Texas,No,No,No,No,No,No,No,No,No,No,No,No,No,No,No,No,No,No,No,Yes,No,Yes,No,No
Texas Engineering Experiment Station,1,"11,160.00","11,160.00","College Station, Texas, United States",Texas,No,No,No,No,No,No,No,No,No,No,No,No,No,No,No,No,No,No,No,Yes,No,Yes,No,No
Thao Vu,4,"24,811.31","6,202.83","Gulfport, Mississippi, United States",Mississippi,Yes,No,No,No,Yes,No,No,Yes,No,No,No,No,No,Yes,No,No,No,No,No,No,No,No,No,No
The Merchants Company,1,656.39,656.39,"Hattiesburg, Mississippi, United States",Mississippi,Yes,No,No,No,No,No,No,No,No,No,No,No,No,No,No,No,No,No,No,No,No,No,No,No
The Rent Zone,1,"15,280.00","15,280.00","Raceland, Louisiana, United States",Louisiana,Yes,No,No,No,No,No,No,No,No,No,No,No,No,No,No,No,No,No,No,No,No,No,No,No
The State University Of New Jersey - Rutgers,1,"70,608.84","70,608.84","New Brunswick, New Jersey, United States",New Jersey,No,No,No,No,No,No,No,No,No,No,No,No,No,No,No,No,No,No,Yes,Yes,No,No,No,No
Thermo Fisher Scientific,3,"28,952.42","9,650.81","Asheville, North Carolina, United States",North Carolina,No,No,No,No,No,No,No,No,No,No,No,No,No,No,No,No,No,No,No,No,No,No,No,No
Thomas Jefferson Construction Corporation,2,"26,967.00","13,483.50","Harvey, Louisiana, United States",Louisiana,No,No,No,No,No,No,No,No,No,No,No,No,No,No,No,No,No,No,No,No,No,No,No,No
Thomas R. Kitsos,2,"8,615.00","4,307.50","Bethesda, Maryland, United States",Maryland,Yes,No,No,No,No,No,No,No,No,No,No,No,No,No,No,No,No,No,No,No,No,No,No,No
Thundercat Technology,1,"39,391.09","39,391.09","Reston, Virginia, United States",Virginia,Yes,No,No,No,No,Yes,Yes,No,No,No,No,No,No,No,No,No,No,No,No,No,No,No,No,No
Tide Marine Supply,2,"19,200.00","9,600.00","Bayou La Batre, Alabama, United States",Alabama,Yes,No,No,No,No,No,No,No,No,No,No,No,No,No,No,No,No,No,No,No,No,No,No,No
Tidewater Electrical And Mechanical Sales,1,"8,837.00","8,837.00","Portsmouth, Virginia, United States",Virginia,Yes,No,No,No,No,No,No,No,No,No,No,No,No,No,No,No,No,No,No,No,No,No,No,No
TKC Integration Services,3,"519,921.33","173,307.11","Anchorage, Alaska, United States",Alaska,Yes,Yes,No,No,No,No,No,Yes,No,No,No,No,No,No,No,No,No,No,No,No,No,No,No,Yes
TNT Transport Services,1,"17,046.40","17,046.40","Temecula, California, United States",California,Yes,No,No,No,No,No,No,No,No,No,No,No,No,No,No,No,No,No,No,No,No,No,No,No
Toeroek Associates,6,"510,511.27","85,085.21","Lakewood, Colorado, United States",Colorado,Yes,Yes,No,No,Yes,No,No,No,No,No,No,No,No,No,No,No,No,No,No,No,No,No,No,Yes
Travelcell,1,"-3,732.00","-3,732.00","New York, New York, United States",New York,Yes,No,No,No,No,No,No,No,No,No,No,No,No,No,No,No,No,No,No,No,No,No,No,No
Trimble Navigation,1,"96,840.00","96,840.00","Dayton, Ohio, United States",Ohio,No,No,No,No,No,No,No,No,No,No,No,No,No,No,No,No,No,No,No,No,No,No,No,No
Truland Service,1,"3,970.00","3,970.00","Alexandria, Virginia, United States",Virginia,Yes,No,No,No,No,No,No,No,No,No,No,No,No,No,No,No,No,No,No,No,No,No,No,No
Turner Designs,3,"67,594.04","22,531.35","Sunnyvale, California, United States",California,Yes,No,No,No,No,No,No,No,No,No,No,No,No,No,No,No,No,No,No,No,No,No,No,No
Tyler L. Jandegian,1,"-6,489.00","-6,489.00","River Ridge, Louisiana, United States",Louisiana,Yes,No,No,No,No,No,No,No,No,No,No,No,No,No,No,No,No,No,No,No,No,No,No,No
U.S. Legal Support,1,"3,311.30","3,311.30","Houston, Texas, United States",Texas,No,No,No,No,No,No,No,No,No,No,No,No,No,No,No,No,No,No,No,No,No,No,No,No
Undisclosed Domestic Contractor,1,"7,737.00","7,737.00","Arlington, Virginia, United States",Virginia,Yes,No,No,No,No,No,No,No,No,No,No,No,No,No,No,No,No,No,No,No,No,No,No,No
Undisclosed Foreign Contractor (1),1,"-1,046.02","-1,046.02","Arlington, Virginia, United States",Virginia,No,No,No,No,No,No,No,No,No,No,No,No,No,No,No,No,No,No,No,No,No,No,No,No
Undisclosed Foreign Contractor (2),1,"-6,349.46","-6,349.46","Arlington, Virginia, United States",Virginia,No,No,No,No,No,No,No,No,No,No,No,No,No,No,No,No,No,No,No,No,No,No,No,No
Undisclosed Foreign Contractor (3),1,-96.78,-96.78,"Arlington, Virginia, United States",Virginia,No,No,No,No,No,No,No,No,No,No,No,No,No,No,No,No,No,No,No,No,No,No,No,No
Undisclosed Foreign Contractor (4),1,"49,900.00","49,900.00","Arlington, Virginia, United States",Virginia,No,No,No,No,No,No,No,No,No,No,No,No,No,No,No,No,No,No,No,No,No,No,No,No
Undisclosed Foreign Contractor (5),1,"-17,431.41","-17,431.41","Arlington, Virginia, United States",Virginia,No,No,No,No,No,No,No,No,No,No,No,No,No,No,No,No,No,No,No,No,No,No,No,No
Undisclosed Foreign Contractor (6),1,"46,100.00","46,100.00","Arlington, Virginia, United States",Virginia,No,No,No,No,No,No,No,No,No,No,No,No,No,No,No,No,No,No,No,No,No,No,No,No
Undisclosed Foreign Contractor (7),1,"10,049.46","10,049.46","Arlington, Virginia, United States",Virginia,No,No,No,No,No,No,No,No,No,No,No,No,No,No,No,No,No,No,No,No,No,No,No,No
Undisclosed Foreign Contractor (8),1,"15,000.00","15,000.00","Arlington, Virginia, United States",Virginia,No,No,No,No,No,No,No,No,No,No,No,No,No,No,No,No,No,No,No,No,No,No,No,No
Undisclosed Foreign Contractor (9),1,"20,200.00","20,200.00","Arlington, Virginia, United States",Virginia,No,No,No,No,No,No,No,No,No,No,No,No,No,No,No,No,No,No,No,No,No,No,No,No
Undisclosed Foreign Contractor (10),1,"27,875.00","27,875.00","Arlington, Virginia, United States",Virginia,No,No,No,No,No,No,No,No,No,No,No,No,No,No,No,No,No,No,No,No,No,No,No,No
Undisclosed Foreign Contractor (11),1,"5,375.82","5,375.82","Arlington, Virginia, United States",Virginia,No,No,No,No,No,No,No,No,No,No,No,No,No,No,No,No,No,No,No,No,No,No,No,No
Undisclosed Foreign Contractor (12),1,350.00,350.00,"Washington, District Of Columbia, United States",District Of Columbia,No,No,No,No,No,No,No,No,No,No,No,No,No,No,No,No,No,No,No,No,No,No,No,No
Undisclosed Foreign Contractor (13),1,-348.98,-348.98,"Arlington, Virginia, United States",Virginia,No,No,No,No,No,No,No,No,No,No,No,No,No,No,No,No,No,No,No,No,No,No,No,No
Undisclosed Foreign Contractor (14),1,"139,772.25","139,772.25","Washington, District Of Columbia, United States",District Of Columbia,No,No,No,No,No,No,No,No,No,No,No,No,No,No,No,No,No,No,No,No,No,No,No,No
Undisclosed Foreign Contractor (15),1,"6,821.00","6,821.00","Arlington, Virginia, United States",Virginia,No,No,No,No,No,No,No,No,No,No,No,No,No,No,No,No,No,No,No,No,No,No,No,No
Undisclosed Foreign Contractor (16),1,"218,673.57","218,673.57","Washington, District Of Columbia, United States",District Of Columbia,No,No,No,No,No,No,No,No,No,No,No,No,No,No,No,No,No,No,No,No,No,No,No,No
Undisclosed Foreign Contractor (17),1,"-2,824.44","-2,824.44","Washington, District Of Columbia, United States",District Of Columbia,No,No,No,No,No,No,No,No,No,No,No,No,No,No,No,No,No,No,No,No,No,No,No,No
Undisclosed Foreign Contractor (18),1,"18,000.00","18,000.00","Arlington, Virginia, United States",Virginia,Yes,No,No,No,No,No,No,No,No,No,No,No,No,No,No,No,No,No,No,No,No,No,No,No
Undisclosed Foreign Contractor (19),1,"4,289.00","4,289.00","Arlington, Virginia, United States",Virginia,Yes,No,No,No,No,No,No,No,No,No,No,No,No,No,No,No,No,No,No,No,No,No,No,No
Undisclosed Foreign Contractor (20),1,"297,292.82","297,292.82","Arlington, Virginia, United States",Virginia,Yes,No,No,No,No,No,No,No,No,No,No,No,No,No,No,No,No,No,No,No,No,No,No,No
Undisclosed Foreign Contractor (21),1,0.00,0.00,"Arlington, Virginia, United States",Virginia,Yes,No,No,No,No,No,No,No,No,No,No,No,No,No,No,No,No,No,No,No,No,No,No,No
Undisclosed Foreign Contractor (22),1,"-43,000.00","-43,000.00","Arlington, Virginia, United States",Virginia,Yes,No,No,No,No,No,No,No,No,No,No,No,No,No,No,No,No,No,No,No,No,No,No,No
Undisclosed Foreign Contractor (23),1,"-100,172.82","-100,172.82","Arlington, Virginia, United States",Virginia,Yes,No,No,No,No,No,No,No,No,No,No,No,No,No,No,No,No,No,No,No,No,No,No,No
Unisys,1,"-125,468.80","-125,468.80","Mc Lean, Virginia, United States",Virginia,No,No,No,No,No,No,No,No,No,No,No,No,No,No,No,No,No,No,No,No,No,No,No,No
University Of Alabama - Birmingham,1,"42,768.00","42,768.00","Birmingham, Alabama, United States",Alabama,No,No,No,No,No,No,No,No,No,No,No,No,No,No,No,No,No,No,Yes,Yes,No,No,No,No
University Of Connecticut,3,"106,903.00","35,634.33","Storrs, Connecticut, United States",Connecticut,No,No,No,No,No,No,No,No,No,No,No,No,No,No,No,No,No,No,Yes,Yes,No,No,No,No
University Of Florida,3,"392,111.56","130,703.85","Gainesville, Florida, United States",Florida,No,No,No,No,No,No,No,No,No,No,No,No,No,No,No,No,No,No,No,Yes,No,Yes,No,No
University Of Miami,1,"190,056.33","190,056.33","Key Biscayne, Florida, United States",Florida,No,No,No,No,No,No,No,No,No,No,No,No,No,No,No,No,No,No,Yes,No,No,No,No,No
University Of South Florida,1,"34,971.03","34,971.03","Tampa, Florida, United States",Florida,No,No,No,No,No,No,No,No,No,No,No,No,No,No,No,No,No,No,No,Yes,No,Yes,No,No
University Of Southern Mississippi,5,"290,370.00","58,074.00","Hattiesburg, Mississippi, United States",Mississippi,No,No,No,No,No,No,No,No,No,No,No,No,No,No,No,No,No,No,Yes,Yes,No,No,No,No
University Of Washington,1,"25,000.00","25,000.00","Seattle, Washington, United States",Washington,No,No,No,No,No,No,No,No,No,No,No,No,No,No,No,No,No,No,No,Yes,No,Yes,No,No
Val-Fab,1,"8,100.00","8,100.00","Neenah, Wisconsin, United States",Wisconsin,Yes,No,No,No,No,Yes,Yes,No,No,No,No,No,No,No,No,No,No,No,No,No,No,No,No,No
Vantage Vehicle International,1,"70,331.13","70,331.13","Corona, California, United States",California,Yes,No,No,No,No,No,No,Yes,No,No,No,No,No,Yes,No,No,No,No,No,No,No,No,No,No
Verizon Federal,1,95.61,95.61,"Washington, District Of Columbia, United States",District Of Columbia,No,No,No,No,No,No,No,No,No,No,No,No,No,No,No,No,No,No,No,No,No,No,No,No
Versar,14,"171,772.22","12,269.44","Springfield, Virginia, United States",Virginia,No,No,No,No,No,No,No,No,No,No,No,No,No,No,No,No,No,No,No,No,No,No,No,No
Viasat,1,"29,700.00","29,700.00","Carlsbad, California, United States",California,No,No,No,No,No,No,No,No,No,No,No,No,No,No,No,No,No,No,No,No,No,No,No,No
Victor Giraldo,1,"5,140.00","5,140.00","Lafayette, Louisiana, United States",Louisiana,Yes,No,No,No,No,No,No,No,No,No,No,No,No,No,No,No,No,No,No,No,No,No,No,No
Virginia Polytechnic Institute & State University,6,"3,174,317.88","529,052.98","Blacksburg, Virginia, United States",Virginia,No,No,No,No,No,No,No,No,No,No,No,No,No,No,No,No,No,No,No,Yes,No,Yes,No,No
Vision Computers,1,"7,938.69","7,938.69","Norcross, Georgia, United States",Georgia,Yes,Yes,No,No,Yes,No,No,Yes,No,No,No,No,No,No,No,Yes,No,No,No,No,No,No,No,Yes
W. & O. Supply,1,"4,934.00","4,934.00","Jefferson, Louisiana, United States",Louisiana,No,No,No,No,No,No,No,No,No,No,No,No,No,No,No,No,No,No,No,No,No,No,No,No
W2007 Brv Realty,7,"193,129.15","27,589.88","Diberville, Mississippi, United States",Mississippi,No,No,No,No,No,No,No,No,No,No,No,No,No,No,No,No,No,No,No,No,No,No,No,No
Wagner-Trading E.U.,1,"2,413.00","2,413.00","Bad Hofgastein, , United States",,Yes,No,No,No,No,No,No,No,No,No,No,No,No,No,No,No,No,No,No,No,No,No,No,No
Waters Corporation,2,"120,654.19","60,327.10","Milford, Massachusetts, United States",Massachusetts,No,No,No,No,No,No,No,No,No,No,No,No,No,No,No,No,No,No,No,No,No,No,No,No
Websedge,1,"27,500.00","27,500.00","London, , United States",,No,No,No,No,No,No,No,No,No,No,No,No,No,No,No,No,No,No,No,No,No,No,No,No
Wei Ye Jia,1,-768.00,-768.00,"Alexandria, Virginia, United States",Virginia,Yes,No,No,No,No,No,No,No,No,No,No,No,No,No,No,No,No,No,No,No,No,No,No,No
Western Ecosystems Technology,1,"78,260.00","78,260.00","Cheyenne, Wyoming, United States",Wyoming,No,No,No,No,No,No,No,No,No,No,No,No,No,No,No,No,No,No,No,No,No,No,No,No
Western Environmental Technology Laboratories,6,"50,038.76","8,339.79","Philomath, Oregon, United States",Oregon,No,No,No,No,No,No,No,No,No,No,No,No,No,No,No,No,No,No,No,No,No,No,No,No
Weston Solutions,24,"17,706,499.00","737,770.79","Albuquerque, New Mexico, United States",New Mexico,No,No,No,No,No,No,No,No,No,No,No,No,No,No,No,No,No,No,No,No,No,No,No,No
Wetland Sciences,3,"412,486.08","137,495.36","Pensacola, Florida, United States",Florida,Yes,No,No,No,No,No,No,No,No,No,No,No,No,No,No,No,No,No,No,No,No,No,No,No
Wildlife Computers,1,"5,500.00","5,500.00","Redmond, Washington, United States",Washington,Yes,No,No,No,Yes,No,No,No,No,No,No,No,No,No,No,No,No,No,No,No,No,No,No,No
Williams Scotsman,3,"14,406.53","4,802.18","Baltimore, Maryland, United States",Maryland,No,No,No,No,No,No,No,No,No,No,No,No,No,No,No,No,No,No,No,No,No,No,No,No
Wood Group Pratt & Whitney Industrial Turbine Services,1,"2,329.47","2,329.47","Bloomfield, Connecticut, United States",Connecticut,Yes,No,No,No,No,No,No,No,No,No,No,No,No,No,No,No,No,No,No,No,No,No,No,No
Woods Hole Oceanographic Institution,5,"196,167.00","39,233.40","Woods Hole, Massachusetts, United States",Massachusetts,No,No,No,No,No,No,No,No,No,No,No,No,No,No,No,No,No,No,Yes,No,No,No,No,No
World Communication Center,1,"24,740.00","24,740.00","Chandler, Arizona, United States",Arizona,Yes,No,No,No,No,No,No,No,No,No,No,No,No,No,No,No,No,No,No,No,No,No,No,No
World Data Products,1,"218,630.00","218,630.00","Minnetonka, Minnesota, United States",Minnesota,Yes,No,No,No,No,No,No,No,No,No,No,No,No,No,No,No,No,No,No,No,No,No,No,No
Worldwide Corporate Housing,11,"99,915.00","9,083.18","Los Angeles, California, United States",California,No,No,No,No,No,No,No,No,No,No,No,No,No,No,No,No,No,No,No,No,No,No,No,No
Xerox,2,"16,249.00","8,124.50","Mc Lean, Virginia, United States",Virginia,No,No,No,No,No,No,No,No,No,No,No,No,No,No,No,No,No,No,No,No,No,No,No,No
Yankee Fisherman,1,"348,000.00","348,000.00","Hampton, Virginia, United States",Virginia,Yes,No,No,No,No,No,No,No,No,No,No,No,No,No,No,No,No,No,No,No,No,No,No,No
Zeus Electric,1,"101,530.00","101,530.00","Grover Beach, California, United States",California,Yes,No,No,No,Yes,No,No,No,No,No,No,No,No,No,No,No,No,No,No,No,No,No,No,No
