US State and Year,State,Year,Acquisition Cost ($),Number of Items
Alabama - 2006,Alabama,2006,2597307,707
Alaska - 2006,Alaska,2006,15713,38
Arizona - 2006,Arizona,2006,605040,743
Arkansas - 2006,Arkansas,2006,1369172,346
California - 2006,California,2006,1888012,3921
Colorado - 2006,Colorado,2006,437043,1041
Connecticut - 2006,Connecticut,2006,55904,118
Delaware - 2006,Delaware,2006,32244,70
Florida - 2006,Florida,2006,4208941,2184
Georgia - 2006,Georgia,2006,871817,1231
Guam - 2006,Guam,2006,,
Hawaii - 2006,Hawaii,2006,,
Idaho - 2006,Idaho,2006,65616,176
Illinois - 2006,Illinois,2006,1651093,2426
Indiana - 2006,Indiana,2006,683791,2170
Iowa - 2006,Iowa,2006,141564,404
Kansas - 2006,Kansas,2006,104498,265
Kentucky - 2006,Kentucky,2006,2341667,1003
Louisiana - 2006,Louisiana,2006,678133,299
Maine - 2006,Maine,2006,88302,267
Maryland - 2006,Maryland,2006,653500,1257
Massachusetts - 2006,Massachusetts,2006,167098,539
Michigan - 2006,Michigan,2006,842930,1249
Minnesota - 2006,Minnesota,2006,576051,1184
Mississippi - 2006,Mississippi,2006,512065,690
Missouri - 2006,Missouri,2006,143652,40
Montana - 2006,Montana,2006,144109,769
Nebraska - 2006,Nebraska,2006,20297,46
Nevada - 2006,Nevada,2006,37616,79
New Hampshire - 2006,New Hampshire,2006,44187,124
New Jersey - 2006,New Jersey,2006,251703,374
New Mexico - 2006,New Mexico,2006,,
New York - 2006,New York,2006,2965,13
North Carolina - 2006,North Carolina,2006,2334202,1364
North Dakota - 2006,North Dakota,2006,171861,568
Ohio - 2006,Ohio,2006,2279901,2568
Oklahoma - 2006,Oklahoma,2006,860004,24
Oregon - 2006,Oregon,2006,183617,429
Pennsylvania - 2006,Pennsylvania,2006,33751,79
Puerto Rico - 2006,Puerto Rico,2006,,
Rhode Island - 2006,Rhode Island,2006,292542,320
South Carolina - 2006,South Carolina,2006,1568154,314
South Dakota - 2006,South Dakota,2006,51659,172
Tennessee - 2006,Tennessee,2006,1766823,1052
Texas - 2006,Texas,2006,453438,818
Utah - 2006,Utah,2006,304219,796
Vermont - 2006,Vermont,2006,11928,40
Virgin Islands - 2006,Virgin Islands,2006,92290,1
Virginia - 2006,Virginia,2006,357705,847
Washington - 2006,Washington,2006,273561,549
Washington D.C. - 2006,Washington D.C.,2006,,
West Virginia - 2006,West Virginia,2006,105305,350
Wisconsin - 2006,Wisconsin,2006,475880,1075
Wyoming - 2006,Wyoming,2006,82407,75
Alabama - 2007,Alabama,2007,989802,167
Alaska - 2007,Alaska,2007,552,4
Arizona - 2007,Arizona,2007,582688,161
Arkansas - 2007,Arkansas,2007,63998,147
California - 2007,California,2007,2106482,1417
Colorado - 2007,Colorado,2007,40576,196
Connecticut - 2007,Connecticut,2007,207483,162
Delaware - 2007,Delaware,2007,1996,4
Florida - 2007,Florida,2007,1495429,706
Georgia - 2007,Georgia,2007,486993,526
Guam - 2007,Guam,2007,,
Hawaii - 2007,Hawaii,2007,,
Idaho - 2007,Idaho,2007,546,2
Illinois - 2007,Illinois,2007,136526,249
Indiana - 2007,Indiana,2007,83537,185
Iowa - 2007,Iowa,2007,7750,30
Kansas - 2007,Kansas,2007,86516,80
Kentucky - 2007,Kentucky,2007,35135,35
Louisiana - 2007,Louisiana,2007,913993,332
Maine - 2007,Maine,2007,24492,40
Maryland - 2007,Maryland,2007,272132,288
Massachusetts - 2007,Massachusetts,2007,10362,28
Michigan - 2007,Michigan,2007,119818,116
Minnesota - 2007,Minnesota,2007,498916,825
Mississippi - 2007,Mississippi,2007,7485,15
Missouri - 2007,Missouri,2007,40272,24
Montana - 2007,Montana,2007,127105,41
Nebraska - 2007,Nebraska,2007,2994,6
Nevada - 2007,Nevada,2007,66726,13
New Hampshire - 2007,New Hampshire,2007,2272,6
New Jersey - 2007,New Jersey,2007,2495,5
New Mexico - 2007,New Mexico,2007,1109163,21
New York - 2007,New York,2007,4830,35
North Carolina - 2007,North Carolina,2007,838506,565
North Dakota - 2007,North Dakota,2007,18976,16
Ohio - 2007,Ohio,2007,415415,136
Oklahoma - 2007,Oklahoma,2007,15666,41
Oregon - 2007,Oregon,2007,15106,28
Pennsylvania - 2007,Pennsylvania,2007,10171,24
Puerto Rico - 2007,Puerto Rico,2007,,
Rhode Island - 2007,Rhode Island,2007,360142,192
South Carolina - 2007,South Carolina,2007,271674,51
South Dakota - 2007,South Dakota,2007,138755,339
Tennessee - 2007,Tennessee,2007,1130647,37
Texas - 2007,Texas,2007,430967,717
Utah - 2007,Utah,2007,2102,10
Vermont - 2007,Vermont,2007,276,2
Virgin Islands - 2007,Virgin Islands,2007,,
Virginia - 2007,Virginia,2007,33893,38
Washington - 2007,Washington,2007,141262,32
Washington D.C. - 2007,Washington D.C.,2007,,
West Virginia - 2007,West Virginia,2007,276686,41
Wisconsin - 2007,Wisconsin,2007,112873,341
Wyoming - 2007,Wyoming,2007,34377,193
Alabama - 2008,Alabama,2008,810602,158
Alaska - 2008,Alaska,2008,12500,3
Arizona - 2008,Arizona,2008,622772,519
Arkansas - 2008,Arkansas,2008,109330,60
California - 2008,California,2008,6050942,1708
Colorado - 2008,Colorado,2008,15466,99
Connecticut - 2008,Connecticut,2008,81228,260
Delaware - 2008,Delaware,2008,2468,11
Florida - 2008,Florida,2008,8313753,500
Georgia - 2008,Georgia,2008,1296837,1277
Guam - 2008,Guam,2008,,
Hawaii - 2008,Hawaii,2008,,
Idaho - 2008,Idaho,2008,13928,43
Illinois - 2008,Illinois,2008,1353469,607
Indiana - 2008,Indiana,2008,355167,281
Iowa - 2008,Iowa,2008,41276,140
Kansas - 2008,Kansas,2008,41513,112
Kentucky - 2008,Kentucky,2008,1531753,125
Louisiana - 2008,Louisiana,2008,427116,599
Maine - 2008,Maine,2008,27194,104
Maryland - 2008,Maryland,2008,287528,613
Massachusetts - 2008,Massachusetts,2008,16934,40
Michigan - 2008,Michigan,2008,360086,549
Minnesota - 2008,Minnesota,2008,387913,1148
Mississippi - 2008,Mississippi,2008,404733,95
Missouri - 2008,Missouri,2008,343669,309
Montana - 2008,Montana,2008,116682,38
Nebraska - 2008,Nebraska,2008,37596,105
Nevada - 2008,Nevada,2008,130604,251
New Hampshire - 2008,New Hampshire,2008,54780,173
New Jersey - 2008,New Jersey,2008,138704,459
New Mexico - 2008,New Mexico,2008,42219,8
New York - 2008,New York,2008,1518,11
North Carolina - 2008,North Carolina,2008,381148,347
North Dakota - 2008,North Dakota,2008,23767,54
Ohio - 2008,Ohio,2008,794619,717
Oklahoma - 2008,Oklahoma,2008,400679,40
Oregon - 2008,Oregon,2008,17974,23
Pennsylvania - 2008,Pennsylvania,2008,279370,51
Puerto Rico - 2008,Puerto Rico,2008,763268,4
Rhode Island - 2008,Rhode Island,2008,32102,83
South Carolina - 2008,South Carolina,2008,1505034,128
South Dakota - 2008,South Dakota,2008,2438,4
Tennessee - 2008,Tennessee,2008,392366,656
Texas - 2008,Texas,2008,2735064,668
Utah - 2008,Utah,2008,21008,147
Vermont - 2008,Vermont,2008,40848,122
Virgin Islands - 2008,Virgin Islands,2008,690,5
Virginia - 2008,Virginia,2008,186685,276
Washington - 2008,Washington,2008,107487,252
Washington D.C. - 2008,Washington D.C.,2008,12813840,16
West Virginia - 2008,West Virginia,2008,50042,118
Wisconsin - 2008,Wisconsin,2008,72796,195
Wyoming - 2008,Wyoming,2008,58856,291
Alabama - 2009,Alabama,2009,3108157,3143
Alaska - 2009,Alaska,2009,460,43
Arizona - 2009,Arizona,2009,2436202,1002
Arkansas - 2009,Arkansas,2009,256761,139
California - 2009,California,2009,13699318,12799
Colorado - 2009,Colorado,2009,201284,454
Connecticut - 2009,Connecticut,2009,69974,76
Delaware - 2009,Delaware,2009,1094,24
Florida - 2009,Florida,2009,2718903,4681
Georgia - 2009,Georgia,2009,3831023,2451
Guam - 2009,Guam,2009,23646,278
Hawaii - 2009,Hawaii,2009,7786,2
Idaho - 2009,Idaho,2009,263100,46
Illinois - 2009,Illinois,2009,2135330,1099
Indiana - 2009,Indiana,2009,1937780,1510
Iowa - 2009,Iowa,2009,28145,79
Kansas - 2009,Kansas,2009,51738,149
Kentucky - 2009,Kentucky,2009,234765,914
Louisiana - 2009,Louisiana,2009,1932978,273
Maine - 2009,Maine,2009,586969,168
Maryland - 2009,Maryland,2009,1250993,98
Massachusetts - 2009,Massachusetts,2009,233696,144
Michigan - 2009,Michigan,2009,1173237,610
Minnesota - 2009,Minnesota,2009,48953,320
Mississippi - 2009,Mississippi,2009,21572,62
Missouri - 2009,Missouri,2009,2131804,333
Montana - 2009,Montana,2009,309313,72
Nebraska - 2009,Nebraska,2009,30481,152
Nevada - 2009,Nevada,2009,158049,348
New Hampshire - 2009,New Hampshire,2009,534,4
New Jersey - 2009,New Jersey,2009,191640,27
New Mexico - 2009,New Mexico,2009,355890,795
New York - 2009,New York,2009,,
North Carolina - 2009,North Carolina,2009,2672147,1870
North Dakota - 2009,North Dakota,2009,1498,2
Ohio - 2009,Ohio,2009,642222,1796
Oklahoma - 2009,Oklahoma,2009,1024950,210
Oregon - 2009,Oregon,2009,7975,93
Pennsylvania - 2009,Pennsylvania,2009,8625,39
Puerto Rico - 2009,Puerto Rico,2009,,
Rhode Island - 2009,Rhode Island,2009,58859,212
South Carolina - 2009,South Carolina,2009,405774,448
South Dakota - 2009,South Dakota,2009,,
Tennessee - 2009,Tennessee,2009,3485719,1429
Texas - 2009,Texas,2009,1553685,8234
Utah - 2009,Utah,2009,34056,218
Vermont - 2009,Vermont,2009,,
Virgin Islands - 2009,Virgin Islands,2009,,
Virginia - 2009,Virginia,2009,140061,655
Washington - 2009,Washington,2009,5382670,30696
Washington D.C. - 2009,Washington D.C.,2009,1205130,15
West Virginia - 2009,West Virginia,2009,254545,706
Wisconsin - 2009,Wisconsin,2009,44761,1375
Wyoming - 2009,Wyoming,2009,828,6
Alabama - 2010,Alabama,2010,1994830,3095
Alaska - 2010,Alaska,2010,4453,84
Arizona - 2010,Arizona,2010,499899,1898
Arkansas - 2010,Arkansas,2010,25830,226
California - 2010,California,2010,9900325,10115
Colorado - 2010,Colorado,2010,425308,333
Connecticut - 2010,Connecticut,2010,929847,58
Delaware - 2010,Delaware,2010,7798,67
Florida - 2010,Florida,2010,40054523,1488
Georgia - 2010,Georgia,2010,1337964,4828
Guam - 2010,Guam,2010,168817,143
Hawaii - 2010,Hawaii,2010,1268,2
Idaho - 2010,Idaho,2010,101830,84
Illinois - 2010,Illinois,2010,502230,3371
Indiana - 2010,Indiana,2010,487340,2464
Iowa - 2010,Iowa,2010,35825,151
Kansas - 2010,Kansas,2010,165026,324
Kentucky - 2010,Kentucky,2010,111004,960
Louisiana - 2010,Louisiana,2010,388164,432
Maine - 2010,Maine,2010,340891,285
Maryland - 2010,Maryland,2010,8300,302
Massachusetts - 2010,Massachusetts,2010,519356,103
Michigan - 2010,Michigan,2010,950080,1013
Minnesota - 2010,Minnesota,2010,7346,151
Mississippi - 2010,Mississippi,2010,2298,19
Missouri - 2010,Missouri,2010,139184,438
Montana - 2010,Montana,2010,345995,72
Nebraska - 2010,Nebraska,2010,1080,9
Nevada - 2010,Nevada,2010,94396,756
New Hampshire - 2010,New Hampshire,2010,5037,20
New Jersey - 2010,New Jersey,2010,25000,1
New Mexico - 2010,New Mexico,2010,487605,103
New York - 2010,New York,2010,2971893,119
North Carolina - 2010,North Carolina,2010,19797,124
North Dakota - 2010,North Dakota,2010,18018,155
Ohio - 2010,Ohio,2010,1041888,2186
Oklahoma - 2010,Oklahoma,2010,530505,230
Oregon - 2010,Oregon,2010,235388,302
Pennsylvania - 2010,Pennsylvania,2010,7256,2808
Puerto Rico - 2010,Puerto Rico,2010,2400,193
Rhode Island - 2010,Rhode Island,2010,252054,468
South Carolina - 2010,South Carolina,2010,883687,1968
South Dakota - 2010,South Dakota,2010,12977,85
Tennessee - 2010,Tennessee,2010,1417605,1161
Texas - 2010,Texas,2010,7746609,6081
Utah - 2010,Utah,2010,24986,454
Vermont - 2010,Vermont,2010,120,1
Virgin Islands - 2010,Virgin Islands,2010,,
Virginia - 2010,Virginia,2010,85521,342
Washington - 2010,Washington,2010,826632,2470
Washington D.C. - 2010,Washington D.C.,2010,4614720,6
West Virginia - 2010,West Virginia,2010,184229,720
Wisconsin - 2010,Wisconsin,2010,366457,1042
Wyoming - 2010,Wyoming,2010,137261,103
Alabama - 2011,Alabama,2011,5905501,6722
Alaska - 2011,Alaska,2011,466503,105
Arizona - 2011,Arizona,2011,8830545,6814
Arkansas - 2011,Arkansas,2011,2232073,634
California - 2011,California,2011,8227784,15306
Colorado - 2011,Colorado,2011,1973581,1004
Connecticut - 2011,Connecticut,2011,187556,12
Delaware - 2011,Delaware,2011,1585602,269
Florida - 2011,Florida,2011,155504989,782
Georgia - 2011,Georgia,2011,4908674,4973
Guam - 2011,Guam,2011,354102,14
Hawaii - 2011,Hawaii,2011,0,7
Idaho - 2011,Idaho,2011,614822,782
Illinois - 2011,Illinois,2011,8045023,2662
Indiana - 2011,Indiana,2011,5163904,3882
Iowa - 2011,Iowa,2011,198145,221
Kansas - 2011,Kansas,2011,745446,196
Kentucky - 2011,Kentucky,2011,2370852,4803
Louisiana - 2011,Louisiana,2011,335220,310
Maine - 2011,Maine,2011,778778,782
Maryland - 2011,Maryland,2011,683730,620
Massachusetts - 2011,Massachusetts,2011,1004290,929
Michigan - 2011,Michigan,2011,2429799,3134
Minnesota - 2011,Minnesota,2011,623606,148
Mississippi - 2011,Mississippi,2011,1754,42
Missouri - 2011,Missouri,2011,2279265,872
Montana - 2011,Montana,2011,172977,63
Nebraska - 2011,Nebraska,2011,2730,16
Nevada - 2011,Nevada,2011,348815,212
New Hampshire - 2011,New Hampshire,2011,491606,71
New Jersey - 2011,New Jersey,2011,431997,53
New Mexico - 2011,New Mexico,2011,1431918,200
New York - 2011,New York,2011,1122389,418
North Carolina - 2011,North Carolina,2011,205625,371
North Dakota - 2011,North Dakota,2011,103007,29
Ohio - 2011,Ohio,2011,2926885,10340
Oklahoma - 2011,Oklahoma,2011,1154215,276
Oregon - 2011,Oregon,2011,1055618,403
Pennsylvania - 2011,Pennsylvania,2011,710683,11995
Puerto Rico - 2011,Puerto Rico,2011,3035427,590
Rhode Island - 2011,Rhode Island,2011,975645,695
South Carolina - 2011,South Carolina,2011,12657326,2937
South Dakota - 2011,South Dakota,2011,355755,139
Tennessee - 2011,Tennessee,2011,6581428,3825
Texas - 2011,Texas,2011,4362153,7628
Utah - 2011,Utah,2011,199043,391
Vermont - 2011,Vermont,2011,96976,4
Virgin Islands - 2011,Virgin Islands,2011,,
Virginia - 2011,Virginia,2011,1338642,627
Washington - 2011,Washington,2011,1639710,944
Washington D.C. - 2011,Washington D.C.,2011,71375,219
West Virginia - 2011,West Virginia,2011,1938694,7389
Wisconsin - 2011,Wisconsin,2011,2157911,1055
Wyoming - 2011,Wyoming,2011,568696,86
Alabama - 2012,Alabama,2012,57771112,99719
Alaska - 2012,Alaska,2012,205814,821
Arizona - 2012,Arizona,2012,11770855,63496
Arkansas - 2012,Arkansas,2012,3453006,2463
California - 2012,California,2012,20647096,243910
Colorado - 2012,Colorado,2012,3494695,19451
Connecticut - 2012,Connecticut,2012,1207721,2332
Delaware - 2012,Delaware,2012,6125033,17115
Florida - 2012,Florida,2012,9390598,3071
Georgia - 2012,Georgia,2012,24564621,81566
Guam - 2012,Guam,2012,2848630,8208
Hawaii - 2012,Hawaii,2012,100000,4
Idaho - 2012,Idaho,2012,1679347,3794
Illinois - 2012,Illinois,2012,19664661,11497
Indiana - 2012,Indiana,2012,15433461,34344
Iowa - 2012,Iowa,2012,338675,624
Kansas - 2012,Kansas,2012,328906,677
Kentucky - 2012,Kentucky,2012,16658118,21844
Louisiana - 2012,Louisiana,2012,1839068,2759
Maine - 2012,Maine,2012,3955031,5710
Maryland - 2012,Maryland,2012,878200,1200
Massachusetts - 2012,Massachusetts,2012,5346451,2806
Michigan - 2012,Michigan,2012,17662101,55668
Minnesota - 2012,Minnesota,2012,2305097,2107
Mississippi - 2012,Mississippi,2012,534216,1103
Missouri - 2012,Missouri,2012,4250616,6200
Montana - 2012,Montana,2012,6140077,2986
Nebraska - 2012,Nebraska,2012,171080,1908
Nevada - 2012,Nevada,2012,1070277,3929
New Hampshire - 2012,New Hampshire,2012,4121294,2058
New Jersey - 2012,New Jersey,2012,3707541,706
New Mexico - 2012,New Mexico,2012,3688297,3074
New York - 2012,New York,2012,5424653,7519
North Carolina - 2012,North Carolina,2012,3893178,10857
North Dakota - 2012,North Dakota,2012,2390248,241
Ohio - 2012,Ohio,2012,18586263,41569
Oklahoma - 2012,Oklahoma,2012,2627563,3502
Oregon - 2012,Oregon,2012,2428692,4008
Pennsylvania - 2012,Pennsylvania,2012,1708273,8113
Puerto Rico - 2012,Puerto Rico,2012,18573398,2581
Rhode Island - 2012,Rhode Island,2012,2430040,16152
South Carolina - 2012,South Carolina,2012,5724466,15341
South Dakota - 2012,South Dakota,2012,1095881,797
Tennessee - 2012,Tennessee,2012,23513408,18723
Texas - 2012,Texas,2012,29387144,195489
Utah - 2012,Utah,2012,461592,8017
Vermont - 2012,Vermont,2012,529316,89
Virgin Islands - 2012,Virgin Islands,2012,135524,7
Virginia - 2012,Virginia,2012,3045230,5608
Washington - 2012,Washington,2012,6155606,20707
Washington D.C. - 2012,Washington D.C.,2012,110803,1844
West Virginia - 2012,West Virginia,2012,3834242,9464
Wisconsin - 2012,Wisconsin,2012,3945189,8823
Wyoming - 2012,Wyoming,2012,1374958,1260
Alabama - 2013,Alabama,2013,38688100,47987
Alaska - 2013,Alaska,2013,,
Arizona - 2013,Arizona,2013,6824110,55281
Arkansas - 2013,Arkansas,2013,7732817,1672
California - 2013,California,2013,18988006,246176
Colorado - 2013,Colorado,2013,7281838,15812
Connecticut - 2013,Connecticut,2013,1963800,425
Delaware - 2013,Delaware,2013,3089456,14621
Florida - 2013,Florida,2013,20108666,6426
Georgia - 2013,Georgia,2013,23553616,74404
Guam - 2013,Guam,2013,1627455,5245
Hawaii - 2013,Hawaii,2013,,
Idaho - 2013,Idaho,2013,4266618,1911
Illinois - 2013,Illinois,2013,17582424,10009
Indiana - 2013,Indiana,2013,14958064,11549
Iowa - 2013,Iowa,2013,2939988,270
Kansas - 2013,Kansas,2013,2316697,114
Kentucky - 2013,Kentucky,2013,12413870,15456
Louisiana - 2013,Louisiana,2013,4622378,6351
Maine - 2013,Maine,2013,5581963,8664
Maryland - 2013,Maryland,2013,2237584,5289
Massachusetts - 2013,Massachusetts,2013,2353697,2110
Michigan - 2013,Michigan,2013,17272110,49569
Minnesota - 2013,Minnesota,2013,4110515,2955
Mississippi - 2013,Mississippi,2013,233578,156
Missouri - 2013,Missouri,2013,3949143,9432
Montana - 2013,Montana,2013,1437412,281
Nebraska - 2013,Nebraska,2013,5164410,669
Nevada - 2013,Nevada,2013,2058183,3182
New Hampshire - 2013,New Hampshire,2013,3760944,2983
New Jersey - 2013,New Jersey,2013,13785499,11909
New Mexico - 2013,New Mexico,2013,7509388,4374
New York - 2013,New York,2013,14507781,8953
North Carolina - 2013,North Carolina,2013,6339480,17794
North Dakota - 2013,North Dakota,2013,1029374,495
Ohio - 2013,Ohio,2013,10721614,26327
Oklahoma - 2013,Oklahoma,2013,5774163,11951
Oregon - 2013,Oregon,2013,2884095,2667
Pennsylvania - 2013,Pennsylvania,2013,227015,13371
Puerto Rico - 2013,Puerto Rico,2013,11922917,1658
Rhode Island - 2013,Rhode Island,2013,246454,1334
South Carolina - 2013,South Carolina,2013,20248722,13951
South Dakota - 2013,South Dakota,2013,73515,212
Tennessee - 2013,Tennessee,2013,29745793,15039
Texas - 2013,Texas,2013,24081072,200490
Utah - 2013,Utah,2013,1174028,1423
Vermont - 2013,Vermont,2013,864230,9
Virgin Islands - 2013,Virgin Islands,2013,,
Virginia - 2013,Virginia,2013,18317433,6024
Washington - 2013,Washington,2013,4531084,11395
Washington D.C. - 2013,Washington D.C.,2013,2925610,2636
West Virginia - 2013,West Virginia,2013,2094636,3224
Wisconsin - 2013,Wisconsin,2013,2184797,5747
Wyoming - 2013,Wyoming,2013,1456988,701
Alabama - 2014,Alabama,2014,5456559,18471
Alaska - 2014,Alaska,2014,559,40
Arizona - 2014,Arizona,2014,5001643,13458
Arkansas - 2014,Arkansas,2014,6563395,237
California - 2014,California,2014,10691629,118169
Colorado - 2014,Colorado,2014,3831494,4500
Connecticut - 2014,Connecticut,2014,3217027,1608
Delaware - 2014,Delaware,2014,1637486,4361
Florida - 2014,Florida,2014,11005563,2735
Georgia - 2014,Georgia,2014,13406582,32616
Guam - 2014,Guam,2014,443875,10636
Hawaii - 2014,Hawaii,2014,412000,3
Idaho - 2014,Idaho,2014,485662,187
Illinois - 2014,Illinois,2014,12786173,10333
Indiana - 2014,Indiana,2014,4050830,5475
Iowa - 2014,Iowa,2014,3761657,125
Kansas - 2014,Kansas,2014,169319,71
Kentucky - 2014,Kentucky,2014,2975503,13860
Louisiana - 2014,Louisiana,2014,9190491,1279
Maine - 2014,Maine,2014,664769,829
Maryland - 2014,Maryland,2014,777164,1963
Massachusetts - 2014,Massachusetts,2014,2226828,1165
Michigan - 2014,Michigan,2014,2747391,16274
Minnesota - 2014,Minnesota,2014,22003,840
Mississippi - 2014,Mississippi,2014,73594,352
Missouri - 2014,Missouri,2014,4203545,824
Montana - 2014,Montana,2014,149466,20
Nebraska - 2014,Nebraska,2014,120,4
Nevada - 2014,Nevada,2014,1871652,1035
New Hampshire - 2014,New Hampshire,2014,325462,310
New Jersey - 2014,New Jersey,2014,5540880,7919
New Mexico - 2014,New Mexico,2014,10453426,1028
New York - 2014,New York,2014,884325,430
North Carolina - 2014,North Carolina,2014,611934,980
North Dakota - 2014,North Dakota,2014,114415,41
Ohio - 2014,Ohio,2014,3658188,16547
Oklahoma - 2014,Oklahoma,2014,13725715,11043
Oregon - 2014,Oregon,2014,62872,95
Pennsylvania - 2014,Pennsylvania,2014,2957146,2197
Puerto Rico - 2014,Puerto Rico,2014,3414724,300
Rhode Island - 2014,Rhode Island,2014,164305,242
South Carolina - 2014,South Carolina,2014,6182058,5379
South Dakota - 2014,South Dakota,2014,40126,107
Tennessee - 2014,Tennessee,2014,20003023,8212
Texas - 2014,Texas,2014,23209983,70763
Utah - 2014,Utah,2014,43712,803
Vermont - 2014,Vermont,2014,65936,21
Virgin Islands - 2014,Virgin Islands,2014,,
Virginia - 2014,Virginia,2014,752476,850
Washington - 2014,Washington,2014,4485964,4143
Washington D.C. - 2014,Washington D.C.,2014,,
West Virginia - 2014,West Virginia,2014,232271,5747
Wisconsin - 2014,Wisconsin,2014,762029,1411
Wyoming - 2014,Wyoming,2014,860779,192
