INSERT INTO [parameters] ([Key],[Value]) VALUES ('Maximum Total Investment',500);
INSERT INTO [forecast_sales] ([Product],[Cost Per Unit],[Sales]) VALUES ('Mr. Popper',2.8925,34.56);
INSERT INTO [forecast_sales] ([Product],[Cost Per Unit],[Sales]) VALUES ('11 Down',1.56,90.02);
INSERT INTO [forecast_sales] ([Product],[Cost Per Unit],[Sales]) VALUES ('Popsi Kola',1.7275,133.42);
INSERT INTO [forecast_sales] ([Product],[Cost Per Unit],[Sales]) VALUES ('DC Kola',1.9325,523.56);
INSERT INTO [forecast_sales] ([Product],[Cost Per Unit],[Sales]) VALUES ('Crisp Clear',1.3125,295.93);
INSERT INTO [forecast_sales] ([Product],[Cost Per Unit],[Sales]) VALUES ('Crisp Clear',1.3425,295.93);
INSERT INTO [forecast_sales] ([Product],[Cost Per Unit],[Sales]) VALUES ('Koala Kola',2.56,1534.25);
INSERT INTO [forecast_sales] ([Product],[Cost Per Unit],[Sales]) VALUES ('DC Kola',1.925,523.56);
INSERT INTO [forecast_sales] ([Product],[Cost Per Unit],[Sales]) VALUES ('Popsi Kola',1.7125,133.42);
INSERT INTO [forecast_sales] ([Product],[Cost Per Unit],[Sales]) VALUES ('Bright',1.29,2581.68);
INSERT INTO [forecast_sales] ([Product],[Cost Per Unit],[Sales]) VALUES ('Koala Kola',2.4825,1530.16);
INSERT INTO [forecast_sales] ([Product],[Cost Per Unit],[Sales]) VALUES ('AB Root Beer',3.8125,417.1);
INSERT INTO [forecast_sales] ([Product],[Cost Per Unit],[Sales]) VALUES ('Mr. Popper',2.8475,34.56);
INSERT INTO [forecast_sales] ([Product],[Cost Per Unit],[Sales]) VALUES ('Alpine Stream',1.9975,237.96);
INSERT INTO [forecast_sales] ([Product],[Cost Per Unit],[Sales]) VALUES ('DC Kola',1.89,1034.61);
INSERT INTO [forecast_sales] ([Product],[Cost Per Unit],[Sales]) VALUES ('DC Kola',1.915,566.87);
INSERT INTO [forecast_sales] ([Product],[Cost Per Unit],[Sales]) VALUES ('AB Root Beer',3.8425,417.1);
INSERT INTO [forecast_sales] ([Product],[Cost Per Unit],[Sales]) VALUES ('Popsi Kola',1.75,144.76);
INSERT INTO [forecast_sales] ([Product],[Cost Per Unit],[Sales]) VALUES ('Bright',1.2725,3405.76);
INSERT INTO [forecast_sales] ([Product],[Cost Per Unit],[Sales]) VALUES ('Alpine Stream',2.15,202.34);
INSERT INTO [forecast_sales] ([Product],[Cost Per Unit],[Sales]) VALUES ('11 Down',1.455,214.28);
INSERT INTO [forecast_sales] ([Product],[Cost Per Unit],[Sales]) VALUES ('Koala Kola',2.565,1534.25);
INSERT INTO [forecast_sales] ([Product],[Cost Per Unit],[Sales]) VALUES ('Popsi Kola',1.6725,130.95);
INSERT INTO [forecast_sales] ([Product],[Cost Per Unit],[Sales]) VALUES ('Alpine Stream',2.2275,187.87);
INSERT INTO [forecast_sales] ([Product],[Cost Per Unit],[Sales]) VALUES ('Crisp Clear',1.47,195.69);
INSERT INTO [forecast_sales] ([Product],[Cost Per Unit],[Sales]) VALUES ('Mr. Popper',2.985,30.33);
INSERT INTO [forecast_sales] ([Product],[Cost Per Unit],[Sales]) VALUES ('Mr. Popper',2.9,34.56);
INSERT INTO [forecast_sales] ([Product],[Cost Per Unit],[Sales]) VALUES ('Koala Kola',2.535,1530.16);
INSERT INTO [forecast_sales] ([Product],[Cost Per Unit],[Sales]) VALUES ('Mr. Popper',2.895,34.56);
INSERT INTO [forecast_sales] ([Product],[Cost Per Unit],[Sales]) VALUES ('Bright',1.2825,2738.3);
INSERT INTO [forecast_sales] ([Product],[Cost Per Unit],[Sales]) VALUES ('AB Root Beer',3.73,406.8);
INSERT INTO [forecast_sales] ([Product],[Cost Per Unit],[Sales]) VALUES ('11 Down',1.5375,167.25);
INSERT INTO [forecast_sales] ([Product],[Cost Per Unit],[Sales]) VALUES ('11 Down',1.5125,187.52);
INSERT INTO [forecast_sales] ([Product],[Cost Per Unit],[Sales]) VALUES ('Crisp Clear',1.4275,218.9);
INSERT INTO [forecast_sales] ([Product],[Cost Per Unit],[Sales]) VALUES ('AB Root Beer',3.77,406.8);
INSERT INTO [forecast_sales] ([Product],[Cost Per Unit],[Sales]) VALUES ('Alpine Stream',2.1375,202.34);
INSERT INTO [products] ([Name],[Family]) VALUES ('DC Kola','Dark');
INSERT INTO [products] ([Name],[Family]) VALUES ('Koala Kola','Dark');
INSERT INTO [products] ([Name],[Family]) VALUES ('Popsi Kola','Dark');
INSERT INTO [products] ([Name],[Family]) VALUES ('Crisp Clear','Clear');
INSERT INTO [products] ([Name],[Family]) VALUES ('Bright','Clear');
INSERT INTO [products] ([Name],[Family]) VALUES ('Mr. Popper','Dark');
INSERT INTO [products] ([Name],[Family]) VALUES ('11 Down','Clear');
INSERT INTO [products] ([Name],[Family]) VALUES ('AB Root Beer','Dark');
INSERT INTO [products] ([Name],[Family]) VALUES ('Alpine Stream','Clear');
INSERT INTO [max_promotions] ([Product Family],[Max Promotions]) VALUES ('Dark',2);
INSERT INTO [max_promotions] ([Product Family],[Max Promotions]) VALUES ('Clear',2);
