Country,Type of Support,Military Aid Supplied,Details on Military Aid Supplied,Humanitarian Aid Supplied,Aid Money,Source,Flag
Albania,Military Aid,Assault rifles;Grenades;Artillery,"10,000 AK-56 assault rifles, 22 million AK rounds, 15,000 grenades and 32,000 artillery shells",,,http://www.aljazeera.com/indepth/interactive/2014/10/isil-us-syria-airstrike-coalition-uae-saudi-2014101142731382476.html,http://www.crwflags.com/fotw/images/a/al.gif
Australia,"Military Aid, Humanitarian Aid",Air strikes against ISIL;Air strikes against ISIL;Tanker;Transport Aircraft;Military Advisers and Trainers;Non-Lethal Equipment,8 Royal Australian Air Force F/A18 combat aircraft.An E-7A Wedgetail Airborne Early Warning And Control Aircraft. KC-30A Multi-Role Tanker And Transport Aircraft. A special operations task group to support Iraqi and other forces to fight ISIL.3 air shipments with military equipment. Details unkown,"Resettling of 4,400 refugees (2,200 Iraqis and 2,200 Syrians).Food and water for people on Sinjar Mountain (150 boxes of high energy biscuits, 340 cases of bottled water - enough to sustain 3,700 people for 24 hours)",,http://www.aljazeera.com/indepth/interactive/2014/10/isil-us-syria-airstrike-coalition-uae-saudi-2014101142731382476.html,http://www.crwflags.com/fotw/images/a/au.gif
Austria,Humanitarian Aid,,,"Red Cross packages worth $189,000.$1.3 million in humanitarian aid","$1,300,000",http://www.aljazeera.com/indepth/interactive/2014/10/isil-us-syria-airstrike-coalition-uae-saudi-2014101142731382476.html,http://www.crwflags.com/fotw/images/a/at.gif
Bahrain,Military Aid,Air strikes against ISIL,Air strikes against ISIL in Syria,,,http://www.aljazeera.com/indepth/interactive/2014/10/isil-us-syria-airstrike-coalition-uae-saudi-2014101142731382476.html,http://www.crwflags.com/fotw/images/b/bh.gif
Belgium,"Military Aid, Humanitarian Aid",Air strikes against ISIL,Belgium will provide 6 F-16s and 120 in personnel to help with air strikes in Iraq,"Using a C-130 Hercules plane, Belgium has sent 13 tonnes of humanitarian aid",,http://www.aljazeera.com/indepth/interactive/2014/10/isil-us-syria-airstrike-coalition-uae-saudi-2014101142731382476.html,http://www.crwflags.com/fotw/images/b/be.gif
Bulgaria,"Military Aid, Humanitarian Aid",Weapons,"Munition, to be transported to the city of Erbil. Quantity unknown",$137.000 in humanitarian aid,"$137,000",http://www.aljazeera.com/indepth/interactive/2014/10/isil-us-syria-airstrike-coalition-uae-saudi-2014101142731382476.html,http://www.crwflags.com/fotw/images/b/bg.gif
Canada,"Military Aid, Humanitarian Aid",Military Advisers and Trainers;Air strikes against ISIL;Non-Lethal Equipment,Several dozen military advisers have been deployed to Iraq. A Royal Canadian Air Force CC-130J Hercules and a CC-177 Globemaster accompanied by about 30 personnel. $10 million worth of equipment such as helmets and body armour,$5 million in humanitarian aid.2 shipments of aid.Emergency shelters and emergency relief supplies,"$5,000,000",http://www.aljazeera.com/indepth/interactive/2014/10/isil-us-syria-airstrike-coalition-uae-saudi-2014101142731382476.html,http://www.crwflags.com/fotw/images/c/ca.gif
Croatia,Military Aid,Weapons;Non-Lethal Equipment,Weapons and equipment to Kurdish fighters. Details unknown,,,http://www.aljazeera.com/indepth/interactive/2014/10/isil-us-syria-airstrike-coalition-uae-saudi-2014101142731382476.html,http://www.crwflags.com/fotw/images/h/hr.gif
Czech Republic,"Military Aid, Humanitarian Aid",Ammunition;Machine Guns;Grenades;Ammunition;Ammunition,Ammunition for Kalashnikov assault rifles and machine guns worth $2 million.Hand grenades.Ammunition for rocket-propelled grenades.Ammunition for rocket-propelled grenades,$1.1 million donation to the people of Iraq and Syria,"$1,100,000",http://www.aljazeera.com/indepth/interactive/2014/10/isil-us-syria-airstrike-coalition-uae-saudi-2014101142731382476.html,http://www.crwflags.com/fotw/images/c/cz.gif
Denmark,"Military Aid, Humanitarian Aid",Air strikes against ISIL,7 F-16 aeroplanes for air strikes in Iraq,C-130J transport aircraft for relief efforts.$360.000 to the people in need in Northern Iraq.,"$360,000",http://www.aljazeera.com/indepth/interactive/2014/10/isil-us-syria-airstrike-coalition-uae-saudi-2014101142731382476.html,http://www.crwflags.com/fotw/images/d/dk.gif
Estonia,"Military Aid, Humanitarian Aid",Machine Guns,1 million machine guns,"$88,000 allocated for humanitarian aid","$88,000",http://www.aljazeera.com/indepth/interactive/2014/10/isil-us-syria-airstrike-coalition-uae-saudi-2014101142731382476.html,http://www.crwflags.com/fotw/images/e/ee.gif
France,"Military Aid, Humanitarian Aid",Air strikes against ISIL;Aircrafts - Non-Combat Purposes,7 F-16 aeroplanes for air strikes in Iraq. Reconaissance flights over Iraq to gather information on IS,France has delivered 59 tonnes of humanitarian cargo to Erbil.France will receive several dozens of Syrian and Iraqi refugees who have direct ties to France,,http://www.aljazeera.com/indepth/interactive/2014/10/isil-us-syria-airstrike-coalition-uae-saudi-2014101142731382476.html,http://www.crwflags.com/fotw/images/f/fr.gif
Georgia,Humanitarian Aid,,,"Food, water and medicine.Willing to provide a transport corridor for humanitarian aid",,http://www.aljazeera.com/indepth/interactive/2014/10/isil-us-syria-airstrike-coalition-uae-saudi-2014101142731382476.html,http://www.crwflags.com/fotw/images/g/ge.gif
Germany,"Military Aid, Humanitarian Aid",Military Advisers and Trainers;Military Advisers and Trainers;Assault rifles;Anti-tank weapons;Grenades;Armoured vehicles,"40 paratroopers to provide weapons training to Kurdish fighter.30 Kurdish fighters will receive more advanced weapons training in the south of Germany.16,000 assault rifles. Hundreds of anti-tank weapons, hand grenades and armoured vehicles","Mine clearing equipment, night-vision goggles, field kitchens and tents to accommodate 4,000 soldiers.Over 36 tonnes of humanitarian aid for people near Erbil.$57 million for UNICEF to aid Iraqis","$57,000,000",http://www.aljazeera.com/indepth/interactive/2014/10/isil-us-syria-airstrike-coalition-uae-saudi-2014101142731382476.html,http://www.crwflags.com/fotw/images/d/de.gif
Hungary,"Military Aid, Humanitarian Aid",Ammunition;Artillery,Several million cartridges for small arms.Thousands of mines and armour-piercing shells,"Aid packs worth $88,000 sent to the Christian communities in Erbil",,http://www.aljazeera.com/indepth/interactive/2014/10/isil-us-syria-airstrike-coalition-uae-saudi-2014101142731382476.html,http://www.crwflags.com/fotw/images/h/hu.gif
Ireland,Humanitarian Aid,,,$315.000 to UNICEF.$315.000 to the International Red Cross,"$630,000",http://www.aljazeera.com/indepth/interactive/2014/10/isil-us-syria-airstrike-coalition-uae-saudi-2014101142731382476.html,http://www.crwflags.com/fotw/images/i/ie.gif
Italy,"Military Aid, Humanitarian Aid",Aircrafts - Non-Combat Purposes;Machine Guns;Ammunition;Grenades;Military Advisers and Trainers,"Refueling planes to provide a supporting role during air strikes.600 machine guns, nearly a million rounds of ammunition and 2,000 rocket-propelled grenades for Kurdish fighters.Willing to provide experts to train resistance fighters","36 tonnes of water, 14 tonnes of biscuits.200 tents and 400 sleeping bags",,http://www.aljazeera.com/indepth/interactive/2014/10/isil-us-syria-airstrike-coalition-uae-saudi-2014101142731382476.html,http://www.crwflags.com/fotw/images/i/it.gif
Japan,Humanitarian Aid,,,Donation of $25.5 million in humanitarian aid to Syria and Iraq,"$25,500,000",http://www.aljazeera.com/indepth/interactive/2014/10/isil-us-syria-airstrike-coalition-uae-saudi-2014101142731382476.html,http://www.crwflags.com/fotw/images/j/jp.gif
Jordan,Military Aid,Air strikes against ISIL,Air strikes against ISIL in Syria,,,http://www.aljazeera.com/indepth/interactive/2014/10/isil-us-syria-airstrike-coalition-uae-saudi-2014101142731382476.html,http://www.crwflags.com/fotw/images/j/jo.gif
Kuwait,Humanitarian Aid,,,"$9.5 million to the United Nations Office for the Coordination of Humanitarian Affairs.$500,000 to the Kuwait Red Crescent","$10,000,000",http://www.aljazeera.com/indepth/interactive/2014/10/isil-us-syria-airstrike-coalition-uae-saudi-2014101142731382476.html,http://www.crwflags.com/fotw/images/k/kw.gif
Luxembourg,Humanitarian Aid,,,"Contributed to a delivery of 3,300 tents, 20,000 plastic sheets, 18,500 kitchen sets, and 16,500 jerry cans",,http://www.aljazeera.com/indepth/interactive/2014/10/isil-us-syria-airstrike-coalition-uae-saudi-2014101142731382476.html,http://www.crwflags.com/fotw/images/l/lu.gif
Netherlands,"Military Aid, Humanitarian Aid",Air strikes against ISIL;Non-Lethal Equipment;Transport of aid donated by others,"8 F-16 fighter planes and 380 personnel. 1,000 helmets and 1,000 bulletproof vests for Kurdish fighters. Transport of arms and ammunition donated by other countries to Kurdish fighters","Emergency food supplies, blankets, and LED lamps for refugees at Sinjar mountain using a C-130 Hercules plane.$1.5 million for mine clearing..$8 million in aid money, of which $5 million will be donated to the International Red Cross","$9,500,000",http://www.aljazeera.com/indepth/interactive/2014/10/isil-us-syria-airstrike-coalition-uae-saudi-2014101142731382476.html,http://www.crwflags.com/fotw/images/n/nl.gif
New Zealand,Humanitarian Aid,,,$1 million in humanitarian aid to the United Nations Refugee Agency in Iraq,"$1,000,000",http://www.aljazeera.com/indepth/interactive/2014/10/isil-us-syria-airstrike-coalition-uae-saudi-2014101142731382476.html,http://www.crwflags.com/fotw/images/n/nz.gif
Norway,Humanitarian Aid,,,"40,000 blankets, 10,000 kitchen sets, and about 18,000 plastic sheets..C-130 Hercules plane to deliver humanitarian aid",,http://www.aljazeera.com/indepth/interactive/2014/10/isil-us-syria-airstrike-coalition-uae-saudi-2014101142731382476.html,http://www.crwflags.com/fotw/images/n/no.gif
Qatar,"Military Aid, Humanitarian Aid",Air strikes against ISIL,Airstrikes,Delivery of 300 tonnes of humanitarian aid to several cities in Iraq,,http://www.aljazeera.com/indepth/interactive/2014/10/isil-us-syria-airstrike-coalition-uae-saudi-2014101142731382476.html,http://upload.wikimedia.org/wikipedia/commons/6/65/Flag_of_Qatar.svg
Saudi Arabia,"Military Aid, Humanitarian Aid",Air strikes against ISIL,Air strikes against ISIL,$500 million in humanitarian to help the population of Iraq,"$500,000,000",http://www.aljazeera.com/indepth/interactive/2014/10/isil-us-syria-airstrike-coalition-uae-saudi-2014101142731382476.html,http://www.crwflags.com/fotw/images/s/sa.gif
Slovakia,Humanitarian Aid,,,"Donation of $25,000 to International Organization for Migration to help the people in the Kurdish part of Iraq","$25,000",http://www.aljazeera.com/indepth/interactive/2014/10/isil-us-syria-airstrike-coalition-uae-saudi-2014101142731382476.html,http://www.crwflags.com/fotw/images/s/sk.gif
South Korea,Humanitarian Aid,,,$1 million in humanitarian aid,"$1,000,000",http://www.aljazeera.com/indepth/interactive/2014/10/isil-us-syria-airstrike-coalition-uae-saudi-2014101142731382476.html,http://www.crwflags.com/fotw/images/k/kr.gif
Spain,Humanitarian Aid,,,"$630,000 in humanitarian aid","$630,000",http://www.aljazeera.com/indepth/interactive/2014/10/isil-us-syria-airstrike-coalition-uae-saudi-2014101142731382476.html,http://www.crwflags.com/fotw/images/e/es.gif
Sweden,Humanitarian Aid,,,$12.3 million in humanitarian aid,"$12,300,000",http://www.aljazeera.com/indepth/interactive/2014/10/isil-us-syria-airstrike-coalition-uae-saudi-2014101142731382476.html,http://www.crwflags.com/fotw/images/s/se.gif
Switzerland,Humanitarian Aid,,,$12.6 million in humanitarian aid,"$12,600,000",http://www.aljazeera.com/indepth/interactive/2014/10/isil-us-syria-airstrike-coalition-uae-saudi-2014101142731382476.html,http://www.crwflags.com/fotw/images/c/ch.gif
Turkey,Humanitarian Aid,,,"36,000 food packages, 147 tonnes of drinking water, tens of tonnes of dry food, 12,000 tents, 14,000 blankets, 20 tonnes of cleaning supplies.Drugs and medical supplies.$1.9 million in humanitarian aid","$1,900,000",http://www.aljazeera.com/indepth/interactive/2014/10/isil-us-syria-airstrike-coalition-uae-saudi-2014101142731382476.html,http://www.crwflags.com/fotw/images/t/tr.gif
United Arab Emirates,"Military Aid, Humanitarian Aid",Air strikes against ISIL,Air strikes against ISIL in Syria,$100 million donation to the people of Iraq and Syria,"$100,000,000",http://www.aljazeera.com/indepth/interactive/2014/10/isil-us-syria-airstrike-coalition-uae-saudi-2014101142731382476.html,http://www.crwflags.com/fotw/images/a/ae.gif
United Kingdom,"Military Aid, Humanitarian Aid",Air strikes against ISIL;Air strikes against ISIL;Aircrafts - Non-Combat Purposes;Machine Guns;Ammunition;Non-Lethal Equipment;Transport of aid donated by others;Aircrafts - Non-Combat Purposes,"Air strikes against ISIL in Iraq. 6 Royal Air Force Tornados to conduct reconnaissance and bombing missions. Heavy machine guns and ammunition for Kurdish fighters, worth $2.5 million. 10 tonnes of body armour and helmets for Kurdish fighters. Delivery of ammunition and weapons donated by other nations. Boeing RC-135, Boeing C-130, Airbus A330 and 4 CH-47 Chinook helicopters for supportive purposes","75 tonnes of humanitarian aid.Tents, water filters, and solar-powered lights",,http://www.aljazeera.com/indepth/interactive/2014/10/isil-us-syria-airstrike-coalition-uae-saudi-2014101142731382476.html,http://www.crwflags.com/fotw/images/g/gb.gif
United States,"Military Aid, Humanitarian Aid",Air strikes against ISIL;Air strikes against ISIL;Weapons;Military Advisers and Trainers;Financial Support to ISIL Fighters,"Air strikes against ISIL in Syria and Iraq (with planes, drones, and Tomahawk missiles). Small arms and munitions for Kurdish troops and other opposition groups. Training for at least 5,000 militants fighting ISIL. $40 million for Syrian opposition groups to combat ISIL",2 Lockheed C-130 Hercules and 1 Boeing C-17 Globemaster III have dropped food and water at Sinjar mountain to help Yazidi refugees.$2.9 billion in humanitarian aid,"$2,900,000,000",http://www.aljazeera.com/indepth/interactive/2014/10/isil-us-syria-airstrike-coalition-uae-saudi-2014101142731382476.html,http://www.crwflags.com/fotw/images/u/us.gif
