Name,Profile,Produced / First Used,Producer,Origin,Operators,Weapon Category,*REMOVE*Service History,Quantity,Photo,Notes,Description
M1A1M Abrams,http://en.wikipedia.org/wiki/M1_Abrams,1980,"Lima Army Tank Plant, Detroit Arsenal Tank Plant",United States,"Australia, Egypt, Iraq, Kuwait, Saudi Arabia, United States of America",Infantry Vehicle,,1 - 5,//upload.wikimedia.org/wikipedia/commons/thumb/3/3f/M1_Abrams_tanks_in_Iraqi_service%2C_Jan._2011.jpg/230px-M1_Abrams_tanks_in_Iraqi_service%2C_Jan._2011.jpg,Captured from Iraq Army,"The M1 Abrams is an American third-generation main battle tank produced by the United States. It is named after General Creighton Abrams, former Army Chief of Staff and Commander of U.S. military forces in the Vietnam War from 1968 to 1972. Highly mobile, designed for modern armored ground warfare, [11] the M1 is well armed and heavily armored. Notable features include the use of a powerful gas turbine engine ( multifuel ), the adoption of sophisticated composite armor, and separate ammunition storage in a blow-out compartment for crew safety. Weighing nearly 68 short tons (almost 62 metric tons ), it is one of the heaviest main battle tanks in service."
M113 APC,http://en.wikipedia.org/wiki/M113_armored_personnel_carrier,1960,Food Machinery Corp,United States,"Afghanistan, Albania, Argentina, Australia, Bahrain, Bangladesh, Bolivia, Bosnia and Herzegovina, Brazil, Canada, Chile, China, Colombia, Cyprus, Democratic Republic of the Congo, Denmark, Ecuador, Egypt, El Salvador, Ethiopia, France, Greece, Indonesia, Iran, Iraq, Israel, Italy, Jordan, Kuwait, Lebanon, Lithuania, Macedonia, Morocco, Netherlands, Norway, Pakistan, Peru, Philippines, Poland, Portugal, Saudi Arabia, Singapore, South Korea, Spain, Sweden, Switzerland, Thailand, Tunisia, Turkey, United States of America",Infantry Vehicle,,,//upload.wikimedia.org/wikipedia/commons/thumb/d/d5/US_M113_in_Samarra_Iraq.jpg/230px-US_M113_in_Samarra_Iraq.jpg,Captured from Iraq Army,"The M113 is a fully tracked armored personnel carrier that was developed by Food Machinery Corp (FMC). The vehicle was first fielded by the United States Army s mechanized infantry units in Vietnam in April 1962. [2] The M113 was the most widely used armored vehicle of the U.S. Army in the Vietnam War, earning the nickname 'Green Dragon' by the Viet Cong as it was used to break through heavy thickets in the midst of the jungle to attack and overrun enemy positions, but largely known as an APC and ACAV ( armored cavalry assault vehicle) by the allied forces. [3]"
M4 carbine,http://en.wikipedia.org/wiki/M4_carbine,1994,"Colt Defense, Bushmaster, U.S. Ordnance, Remington Arms Company, THOR Global Defense Group, SME Ordnance, FN Herstal, Sarsılmaz Arms",United States,"Afghanistan, Australia, Bahrain, Bangladesh, Belize, Brazil, Canada, China, Colombia, Croatia, Czech Republic, Ecuador, El Salvador, Georgia, Greece, Hong Kong, Hungary, India, Indonesia, Iraq, Israel, Italy, Jamaica, Japan, Jordan, Kenya, Kosovo, Kuwait, Lebanon, Libya, Macedonia, Malaysia, Nepal, New Zealand, Pakistan, Panama, Philippines, Poland, Portugal, Serbia, Singapore, Taiwan, Thailand, Tonga, Turkey, United Arab Emirates, United States of America, Yemen",Rifle,,1000+,//upload.wikimedia.org/wikipedia/commons/thumb/3/39/PEO_M4_Carbine_RAS_M68_CCO.jpg/230px-PEO_M4_Carbine_RAS_M68_CCO.jpg,Captured from Iraqi Army & Police,"The M4 carbine is a family of firearms that was derived from earlier carbine versions of the M16 rifle, which was in turn derived from the original AR-15 rifle that Eugene Stoner designed and ArmaLite manufactured. The M4 is a shorter and lighter variant of the M16A2 assault rifle. It is a gas-operated, magazine -fed, selective fire, shoulder-fired weapon with a telescoping stock and 14.5 in (370 mm) barrel to ease close quarters combat. Like the rest of the M16 family, it fires the .223 caliber, or 5.56 mm NATO round ."
M16 rifle,http://en.wikipedia.org/wiki/M16_rifle,1959,"Colt Defense, Daewoo Precision Industries, FN Herstal, H & R Firearms, General Motors Hydramatic Division, Elisco, U.S. Ordnance",United States,"Afghanistan, Argentina, Australia, Bahrain, Bangladesh, Barbados, Belize, Bolivia, Brazil, Brunei, Cambodia, Cameroon, Canada, Chile, Costa Rica, Democratic Republic of the Congo, Denmark, Dominican Republic, East Timor, Ecuador, El Salvador, Estonia, Fiji, France, Gabon, Ghana, Greece, Grenada, Guatemala, Haiti, Honduras, India, Indonesia, Iraq, Israel, Jamaica, Jordan, Kuwait, Lebanon, Lesotho, Liberia, Lithuania, Malaysia, Mauritius, Mexico, Monaco, Morocco, Nepal, Netherlands, New Zealand, Nicaragua, Nigeria, Oman, Panama, Peru, Philippines, Qatar, Republic of Korea, Senegal, Singapore, Somalia, South Africa, Sri Lanka, Sweden, Taiwan, Thailand, Tunisia, Turkey, Uganda, United Arab Emirates, United Kingdom, United States of America, Uruguay, Vietnam",Rifle,,1000+,//upload.wikimedia.org/wikipedia/commons/thumb/9/91/M16a4lh6.jpg/230px-M16a4lh6.jpg,Captured from Iraqi Army & Police,"The M16 rifle, officially designated Rifle, Caliber 5.56 mm, M16, is the United States military select-fire adaptation of the AR-15 rifle. The rifle was adapted for semi- automatic and full-automatic fire. [7] [8] Colt purchased the rights to the AR-15 from ArmaLite, and currently uses that designation only for semi-automatic versions of the rifle. The M16 fires the 5.56×45mm NATO cartridge. The rifle entered United States Army service and was deployed for jungle warfare operations in South Vietnam in 1963, [9] becoming the U.S. military's standard service rifle of the Vietnam War by 1969, [10] replacing the M14 rifle in that role. The U.S. Army retained the M14 in CONUS, Europe, and South Korea until 1970. In 1983 with the USMC's adoption of the M16A2 (1986 for the US Army), the M16 rifle was modified for three-round bursts, [11] with some later variants having all modes of fire and has been the primary service rifle of the U.S. armed forces."
RPG-7,http://en.wikipedia.org/wiki/RPG-7,1961,"Bazalt and Degtyarev plant, Airtronic USA",Soviet Union,"Afghanistan, Albania, Algeria, Angola, Armenia, Azerbaijan, Bangladesh, Belarus, Benin, Botswana, Bulgaria, Burkina Faso, Burundi, Cambodia, Cape Verde, Central African Republic, Chad, China, Croatia, Cuba, Cyprus, Czech Republic, Democratic Republic of the Congo, Djibouti, Egypt, Eritrea, Georgia, Ghana, Guinea, Guyana, Hungary, Indonesia, Iran, Iraq, Israel, Jordan, Kazakhstan, Kyrgyzstan, Laos, Latvia, Lebanon, Liberia, Libya, Lithuania, Macedonia, Madagascar, Malaysia, Malta, Mauritania, Moldova, Mongolia, Morocco, Nicaragua, Nigeria, North Korea, Pakistan, Palestine, Philippines, Poland, Republic of the Congo, Romania, Russia, Rwanda, Sahrawi Arab Democratic Republic, Sao Tome and Principe, Saudi Arabia, Senegal, Seychelles, Sierra Leone, Somalia, South Africa, Sudan, Syria, Tajikistan, Togo, Turkey, Turkmenistan, Ukraine, United States of America, Uzbekistan, Venezuela, Vietnam, Yemen, Zambia, Zimbabwe",Rocket Launcher,,,//upload.wikimedia.org/wikipedia/commons/thumb/3/33/RPG-7_detached.jpg/230px-RPG-7_detached.jpg,Commonly used,"The RPG-7 ( Russian : РПГ-7 ) is a portable, unguided, shoulder-launched, anti-tank rocket-propelled grenade launcher. Originally the RPG-7 (Ручной Противотанковый Гранатомёт – Ruchnoy Protivotankovyy Granatomyot, Hand-held anti-tank grenade launcher ) and its predecessor, the RPG-2, was designed by the Soviet Union ; it is now manufactured by the Russian company Bazalt. The weapon has the GRAU index 6G3. The English-language term ""rocket-propelled grenade"", though frequently encountered and reasonably descriptive, is a backronym for ""RPG"" and not based on a literal translation."
Mil Mi-28,http://en.wikipedia.org/wiki/Mil_Mi-28,1988,Mil,Soviet Union,"Algeria, Iraq, Kenya, Russia",Aircraft,,1,//upload.wikimedia.org/wikipedia/commons/thumb/5/5e/%D0%9C%D0%B8%D0%BB%D1%8C_%D0%9C%D0%B8-28%2C_%D0%9C%D0%BE%D0%BD%D0%B8%D0%BD%D0%BE_-_%D0%BC%D1%83%D0%B7%D0%B5%D0%B9_%D0%92%D0%92%D0%A1_RP558.jpg/150px-%D0%9C%D0%B8%D0%BB%D1%8C_%D0%9C%D0%B8-28%2C_%D0%9C%D0%BE%D0%BD%D0%B8%D0%BD%D0%BE_-_%D0%BC%D1%83%D0%B7%D0%B5%D0%B9_%D0%92%D0%92%D0%A1_RP558.jpg,Deployed in Samaraa according to some sources,"The Mil Mi-28 ( NATO reporting name ""Havoc"" ) is a Russian all-weather, day-night, military tandem, two-seat anti-armor attack helicopter. It is a dedicated attack helicopter with no intended secondary transport capability, better optimized than the Mil Mi-24 for the role. It carries a single gun in an undernose barbette, plus external loads carried on pylons beneath stub wings."
Mohajer 4 Drone,http://en.wikipedia.org/wiki/Ghods_Mohajer,1990s,Ghods Aviation Industries,Iran,"Iran, Lebanon, Sudan, Syria, Venezuela",Aircraft,,5+,http://upload.wikimedia.org/wikipedia/commons/5/58/Mohajer_4.png,"ISIL demonstrated the use of a reconnaissance drone in ""Clanking of the Swords IV"" (June 2014) and in October 2014 over Kobanî in the John Cantlie video and also in the Tabqah Air Base video. Some were captured from the Syrian Army and Iran. One Drone was shot down over Kobanî by Kurdish forces defending the city.","Mohajer ( Persian : مهاجر ‎, ""Migrant"") or Mersad series of unmanned aerial vehicles is built by Iran. The Mohajer is primarily used to spy on military installations, enemy positions, etc. It may also be capable of guiding laser-guided munitions to their targets. [4]"
SA-7 Grail,http://en.wikipedia.org/wiki/9K32_Strela-2,1968,KBM,Soviet Union,"Afghanistan, Albania, Algeria, Angola, Armenia, Benin, Bosnia and Herzegovina, Botswana, Bulgaria, Burkina Faso, Cambodia, China, Cuba, Czech Republic, Djibouti, Egypt, El Salvador, Ethiopia, Georgia, Germany, Ghana, Guinea-Bissau, India, Indonesia, Iran, Iraq, Kuwait, Laos, Lebanon, Libya, Macedonia, Malaysia, Mali, Mauritania, Mongolia, Morocco, Mozambique, Nicaragua, North Korea, Pakistan, Palestine, Peru, Poland, Romania, Russia, Sahrawi Arab Democratic Republic, Serbia, Sierra Leone, Slovakia, Somalia, Sudan, Syria, Tanzania, Ukraine, Vietnam, Yemen, Zambia, Zimbabwe",Missile,,,//upload.wikimedia.org/wikipedia/commons/thumb/e/ea/SA-7.jpg/230px-SA-7.jpg,"limited, aging stock","The 9K32 Strela-2 ( Russian : Cтрела, ""arrow""; NATO reporting name SA-7 Grail ) is a man-portable, shoulder-fired, low-altitude surface-to-air missile system with a high explosive warhead and passive infrared homing guidance. Broadly comparable in performance with the US Army FIM-43 Redeye, which was designed in 1959, it was the first generation of Soviet man-portable SAMs, entering service in 1968, with series production starting in 1970. [3]"
HMMWV,http://en.wikipedia.org/wiki/Humvee,1984,AM General,United States,"Afghanistan, Albania, Algeria, Argentina, Bahrain, Bolivia, Bosnia and Herzegovina, Botswana, Bulgaria, Canada, Chad, Chile, Colombia, Croatia, Czech Republic, Denmark, Djibouti, Dominican Republic, Ecuador, Egypt, El Salvador, Ethiopia, Georgia, Greece, Honduras, Hungary, Iraq, Israel, Jordan, Kazakhstan, Kenya, Kuwait, Latvia, Lebanon, Libya, Lithuania, Luxembourg, Macedonia, Mexico, Moldova, Monaco, Mongolia, Montenegro, Morocco, New Zealand, Norway, Oman, Pakistan, Panama, Peru, Philippines, Poland, Portugal, Romania, Russia, Saudi Arabia, Serbia, Slovakia, Slovenia, Spain, Sudan, Taiwan, Tanzania, Thailand, Tunisia, Turkey, Uganda, Ukraine, United Arab Emirates, United States of America, Venezuela, Yemen",Infantry Vehicle,,100+,//upload.wikimedia.org/wikipedia/commons/thumb/6/6d/US_Navy_060322-N-5438H-018_U.S._Army_soldiers_assigned_to_the_Bravo_Battery_3rd_Battalion_320th_Field_Artillery_Regiment_along_with_Iraq_Army_soldiers_from_the_1st_Battalion_1st_Brigade_4th_Division_perform_a_routine_patrol.jpg/230px-thumbnail.jpg,Many captured,"The High Mobility Multipurpose Wheeled Vehicle ( HMMWV ), commonly known as the Humvee, is a four-wheel drive military automobile produced by AM General. [6] It has largely supplanted the roles originally performed by the original jeep, and older Military light utility vehicles such as the Vietnam-era M151 1⁄4 -short-ton (230 kg) MUTT, the M561 ""Gama Goat"", their M718A1 and M792 ambulance versions, the CUCV, and other light trucks. Primarily used by the United States military, it is also used by numerous other countries and organizations and even in civilian adaptations. The Humvee's widespread use in the Persian Gulf War, where it negotiated the treacherous desert sand with ease, helped inspire the civilian Hummer automotive marque."
AK 47,http://en.wikipedia.org/wiki/AK_47,1949,"Izhmash, Norinco",Soviet Union,"Afghanistan, Albania, Algeria, Angola, Armenia, Azerbaijan, Bangladesh, Belarus, Benin, Bosnia and Herzegovina, Botswana, Bulgaria, Burkina Faso, Burundi, Cambodia, Cameroon, Cape Verde, Central African Republic, Chad, Chile, China, Comoros, Cuba, Democratic Republic of the Congo, Djibouti, Dominican Republic, Egypt, El Salvador, Equatorial Guinea, Eritrea, Ethiopia, Finland, Gabon, Gambia, Georgia, Germany, Ghana, Greece, Guinea, Guinea-Bissau, Guyana, Hungary, India, Indonesia, Iran, Iraq, Ivory Coast, Kazakhstan, Kenya, Kuwait, Laos, Lebanon, Liberia, Libya, Macedonia, Madagascar, Mali, Malta, Mauritania, Moldova, Mongolia, Morocco, Mozambique, Myanmar, Namibia, Niger, Nigeria, North Korea, Pakistan, Palestine, Peru, Philippines, Poland, Qatar, Republic of the Congo, Romania, Russia, Rwanda, Sahrawi Arab Democratic Republic, Sao Tome and Principe, Senegal, Serbia, Seychelles, Sierra Leone, Slovenia, Somalia, South Africa, South Sudan, Sri Lanka, Sudan, Suriname, Syria, Tajikistan, Tanzania, Togo, Turkey, Turkmenistan, Uganda, Ukraine, United Arab Emirates, Uzbekistan, Vietnam, Yemen, Zambia, Zimbabwe",Rifle,,8000+,//upload.wikimedia.org/wikipedia/commons/thumb/0/0c/AK47.jpg/230px-AK47.jpg,Most commonly used,"The AK-47 is a selective-fire, gas-operated 7.62×39mm assault rifle, first developed in the Soviet Union by Mikhail Kalashnikov. It is officially known in the Soviet documentation as Avtomat Kalashnikova ( Russian : Автомат Калашникова ). It is also known as Kalashnikov, AK, or in Russian slang, Kalash ."
Improvised Exlosive Device (IED),http://en.wikipedia.org/wiki/Improvised_explosive_device,,,,,Improvised weapon,,,//upload.wikimedia.org/wikipedia/commons/thumb/a/a5/IED_Baghdad_from_munitions.jpg/250px-IED_Baghdad_from_munitions.jpg,Most commonly used,"An improvised explosive device ( IED ) is a homemade bomb constructed and deployed in ways other than in conventional military action. It may be constructed of conventional military explosives, such as an artillery round, attached to a detonating mechanism. Roadside bombs are a common use of IEDs."
M62 grenade,http://en.wikipedia.org/wiki/M26_grenade,1962,,United States,"Australia, Canada, Israel, Pakistan, Portugal, South Africa, United Kingdom, United States of America",Grenade,,,http://upload.wikimedia.org/wikipedia/commons/thumb/7/73/M-67Grenade.jpg/80px-M-67Grenade.jpg,Multiple caches,The M26 is a fragmentation hand grenade made by the United States .
Sikorsky UH-60 Black Hawk,http://en.wikipedia.org/wiki/Sikorsky_UH-60_Black_Hawk,1974,,United States,"Argentina, Australia, Austria, Bahrain, Brazil, Brunei, Chile, China, Colombia, Egypt, Israel, Japan, Jordan, Malaysia, Mexico, Morocco, Philippines, Saudi Arabia, South Korea, Sweden, Taiwan, Thailand, Turkey, United Arab Emirates, United States of America",Aircraft,,,//upload.wikimedia.org/wikipedia/commons/thumb/0/01/Blackhawk.jpg/150px-Blackhawk.jpg,No evidence of deployment,"The Sikorsky UH-60 Black Hawk is a four-bladed, twin-engine, medium-lift utility helicopter manufactured by Sikorsky Aircraft. Sikorsky submitted the S-70 design for the United States Army s Utility Tactical Transport Aircraft System (UTTAS) competition in 1972. The Army designated the prototype as the YUH-60A and selected the Black Hawk as the winner of the program in 1976, after a fly-off competition with the Boeing Vertol YUH-61 ."
FN-6,http://en.wikipedia.org/wiki/FN-6,2013,China National Precision Machinery Import and Export Corporation,China,"Bangladesh, Cambodia, China, Malaysia, Pakistan, Peru, Sudan, Syria",Missile,,,http://upload.wikimedia.org/wikipedia/en/thumb/8/8e/FN-16_MANPADS.jpg/300px-FN-16_MANPADS.jpg,Reportedly used in 3 October 2014 in Baiji to shoot down an Iraqi Mi-35M helicopter.,"FN-6 (FN = FeiNu, 飞弩, meaning Flying Crossbow), is a third generation passive infrared (IR) man portable air defence system (MANPADS). It was developed by China, and is their most advanced surface-to-air missile offered in the international market. Specially designed to engage low flying targets, it has a range of 6 km and a maximum altitude of 3.8 km. The FN-6 is in service with the People's Liberation Army (PLA), and has also been exported to Malaysia, Cambodia, Sudan and Peru. Based on FN-6, China has developed a number of other MANPADS, such as HN and FY series, as well as other vehicle-based short-range air defense systems such as FN and FB series."
Type 59,http://en.wikipedia.org/wiki/130_mm_towed_field_gun_M1954_(M-46),1954,MOTZ,Soviet Union,"Algeria, Angola, Azerbaijan, Bangladesh, Bosnia and Herzegovina, Cambodia, Cameroon, China, Cuba, Democratic Republic of the Congo, Egypt, Eritrea, Finland, Guyana, India, Iran, Ivory Coast, Laos, Lebanon, Libya, Mongolia, Morocco, Mozambique, Myanmar, Nigeria, North Korea, Oman, Pakistan, Peru, Republic of the Congo, Serbia, Sri Lanka, Sudan, Syria, Tanzania, Thailand, Vietnam, Yemen, Zambia",Towed Cannon,,,//upload.wikimedia.org/wikipedia/commons/thumb/0/09/Iraqi_Type_59_130_mm_field_gun.JPEG/230px-Iraqi_Type_59_130_mm_field_gun.JPEG,,"The 130 mm towed field gun M-46 M1954 ( Russian : 130-мм пушка M-46 обр. 1954 г. ) is a manually loaded, towed 130 mm artillery piece, manufactured in the Soviet Union in the 1950s. It was first observed by the west in 1954. There is also a Chinese copy, called Type 59 ."
MiG-21,http://en.wikipedia.org/wiki/Mikoyan-Gurevich_MiG-21,1959,Mikoyan-Gurevich OKB,Soviet Union,"Bulgaria, Cambodia, Croatia, Cuba, Egypt, Guinea, India, Libya, Mali, Mozambique, North Korea, Romania, Serbia, Syria, Uganda, Vietnam, Yemen, Zambia",Aircraft,,3,//upload.wikimedia.org/wikipedia/commons/thumb/3/31/MiG-21UM_16178_Serbian_Air_Force.jpg/150px-MiG-21UM_16178_Serbian_Air_Force.jpg,,"The Mikoyan-Gurevich MiG-21 ( Russian : Микоян и Гуревич МиГ-21 ; NATO reporting name : Fishbed ) is a supersonic jet fighter aircraft, designed by the Mikoyan-Gurevich Design Bureau in the Soviet Union. It was popularly nicknamed ""Balalaika"", from the aircraft's planform-view resemblance to the Russian stringed musical instrument or ołówek (English: pencil) by Polish pilots due to the shape of its fuselage. [2]"
BM-21 Grad,http://en.wikipedia.org/wiki/BM-21_Grad,1963,Splav State Research and Production Enterprise,Soviet Union,"Afghanistan, Algeria, Angola, Armenia, Azerbaijan, Bangladesh, Belarus, Bosnia and Herzegovina, Bulgaria, Burkina Faso, Burundi, Cambodia, Cameroon, Chad, Ivory Coast, Croatia, Cuba, Cyprus, Democratic Republic of the Congo, Djibouti, Ecuador, Egypt, Eritrea, Ethiopia, Finland, Georgia, Greece, Hungary, India, Indonesia, Iran, Iraq, Israel, Kazakhstan, Kyrgyzstan, Lebanon, Liberia, Libya, Macedonia, Mali, Mongolia, Morocco, Mozambique, Myanmar, Namibia, Nicaragua, Nigeria, North Korea, Pakistan, Peru, Poland, Republic of the Congo, Romania, Russia, Sahrawi Arab Democratic Republic, Serbia, Somalia, Somalia, Sri Lanka, Syria, Tajikistan, Tanzania, Thailand, Turkmenistan, Ukraine, United States of America, Uzbekistan, Venezuela, Vietnam, Yemen, Zambia, Zimbabwe",Rocket Launcher,,,//upload.wikimedia.org/wikipedia/commons/thumb/3/37/T813_army2.JPG/230px-T813_army2.JPG,,"The BM-21 launch vehicle ( Russian : БМ-21 ""Град"" ), (Grad) a Soviet truck-mounted 122 mm multiple rocket launcher, [2] and a M-21OF rocket [3] were developed in the early 1960s. BM stands for boyevaya mashina (combat vehicle), and the nickname grad means "" hail "". The complete system with the BM-21 launch vehicle and the M-21OF rocket is designated as the M-21 Field Rocket System. The complete system is more commonly known as a Grad multiple rocket launcher system. In NATO countries, the system (either the complete system or the launch vehicle only) was initially known as M1964. Several other countries have copied it or developed similar systems."
T-62,http://en.wikipedia.org/wiki/T-62,1961,Uralvagonzavod,Soviet Union,"Afghanistan, Angola, Cuba, Egypt, Eritrea, Ethiopia, Georgia, Iran, Iraq, Kazakhstan, Libya, Mongolia, North Korea, Syria, Tajikistan, Uzbekistan, Vietnam, Yemen",Infantry Vehicle,,10 - 15,//upload.wikimedia.org/wikipedia/commons/thumb/3/3d/T-62_BRL.jpg/230px-T-62_BRL.jpg,,"The T-62 is a Soviet main battle tank, a further development of the T-55. Its 115 mm gun was the first smoothbore tank gun in use."
M79 Osa,http://en.wikipedia.org/wiki/M79_Osa,,,Yugoslavia,"Bosnia and Herzegovina, Croatia, Macedonia, Montenegro, Serbia, Syria",Rocket Launcher,,,//upload.wikimedia.org/wikipedia/commons/thumb/3/3f/M79-OSA.jpg/230px-M79-OSA.jpg,,"The M79 Osa ('wasp' in English ) is a Yugoslav-made portable 90 mm anti-tank weapon made of fibre-reinforced plastics. It resembles the French portable anti-tank launcher 89 mm LRAC F1. It consists of the launcher, a CN-6 sighting piece, rocket and carrying case for the rocket. The M79 shoots unguided projectiles in direct sight and is effective against armoured fighting vehicles and fortifications."
MT-LB,http://en.wikipedia.org/wiki/MT-LB,1960s,,Soviet Union,"Armenia, Azerbaijan, Bangladesh, Belarus, Bulgaria, Czech Republic, Finland, Georgia, Iraq, Kazakhstan, Lithuania, Moldova, Nigeria, Poland, Romania, Russia, Sweden, Ukraine, United States of America",Infantry Vehicle,,,//upload.wikimedia.org/wikipedia/commons/thumb/4/4a/Amna_Sur_02.JPG/230px-Amna_Sur_02.JPG,,"The MT-LB ( м ногоцелевой т ягач л егкий б ронированный, M nogotselevoy T yagach L ekhko B ronirovannyi / multi-purpose light-armoured towing vehicle) is a Soviet multi-purpose fully amphibious auxiliary armoured tracked vehicle, which was first introduced in the late 1960s. Initially, the vehicle was known as the M 1970 in the west."
FIM-92 Stinger,http://en.wikipedia.org/wiki/FIM-92_Stinger,1981,Raytheon Missile Systems,United States,"Angola, Bangladesh, Bosnia and Herzegovina, Chad, Chile, China, Croatia, Denmark, Egypt, Finland, Georgia, Germany, Greece, Iraq, Israel, Italy, Japan, Lithuania, Netherlands, Norway, Pakistan, Portugal, Slovenia, Spain, Switzerland, Turkey, United Kingdom, United States of America",Missile,,,//upload.wikimedia.org/wikipedia/commons/thumb/4/4e/Launched_FIM-92A_Stinger_missile.jpg/230px-Launched_FIM-92A_Stinger_missile.jpg,,"The FIM-92 Stinger is a personal portable infrared homing surface-to-air missile (SAM), which can be adapted to fire from ground vehicles or helicopters (as an AAM ), developed in the United States and entered into service in 1981. Used by the militaries of the United States and by 29 other countries, it is manufactured by Raytheon Missile Systems, under license by EADS in Germany and by Roketsan in Turkey with 70,000 missiles produced. It is classified as a Man-Portable Air-Defense System (MANPADS) ."
T-55,http://en.wikipedia.org/wiki/T-55,1945,Sikorsky Aircraft,Soviet Union,"Afghanistan, Algeria, Angola, Armenia, Azerbaijan, Bangladesh, Belarus, Bosnia and Herzegovina, Cambodia, Central African Republic, Chad, China, Cuba, Democratic Republic of the Congo, Egypt, Equatorial Guinea, Eritrea, Ethiopia, Georgia, Guinea, Iran, Iraq, Ivory Coast, Laos, Latvia, Lebanon, Libya, Mali, Mauritania, Mongolia, Mozambique, Namibia, Nicaragua, Nigeria, North Korea, Peru, Republic of the Congo, Romania, Rwanda, Sahrawi Arab Democratic Republic, Somalia, Sri Lanka, Sudan, Syria, Tanzania, Togo, Uganda, Uruguay, Uzbekistan, Vietnam, Yemen, Zambia, Zimbabwe",Infantry Vehicle,,45+,//upload.wikimedia.org/wikipedia/commons/thumb/6/60/T-55_4.jpg/230px-T-55_4.jpg,,"The T-54 and T-55 tanks are a series of main battle tanks (according to some sources) although not recognised as an MBT by Soviet and Russian sources, instead classifying them as medium tanks [1] (the very concept of ""main battle tanks"" was applied only to tanks beginning with T-64A, armed with 125-mm tank gun) that were designed in the Soviet Union. The first T-54 prototype appeared in March 1945, just as the Second World War ended. The T-54 entered full production in 1947 and became the main tank for armoured units of the Soviet Army, armies of the Warsaw Pact countries, and others. T-54s and T-55s were involved in many of the world's armed conflicts during the late 20th and early 21st centuries."
AT-4 Spigot,http://en.wikipedia.org/wiki/AT-4_Spigot,1970,,Soviet Union,"Afghanistan, Angola, Armenia, Belarus, Bosnia and Herzegovina, Bulgaria, Croatia, Cuba, Czech Republic, Ethiopia, Finland, Georgia, Germany, Greece, Hungary, India, Iran, Iraq, Kazakhstan, Kuwait, Libya, Moldova, Mozambique, North Korea, Poland, Romania, Russia, Serbia, Slovakia, Slovenia, Syria, Ukraine, Vietnam, Yemen",Missile,,,//upload.wikimedia.org/wikipedia/commons/thumb/7/72/POLK_9K111_Fagot.jpg/230px-POLK_9K111_Fagot.jpg,,"The 9K111 Fagot ( Russian : 9K111 «Фагот» ; English meaning of the word: "" bassoon "") is a second-generation tube-launched SACLOS wire-guided anti-tank missile system of the Soviet Union for use from ground or vehicle mounts. The 9K111 Fagot missile system was developed by the Tula KBP Design Bureau for Instrument Building. ""9M111"" is the GRAU designation of the missile. Its NATO reporting name is AT-4 Spigot ."
Ain Jaria-1,http://en.wikipedia.org/wiki/AMZ_Dzik,2004,AMZ-Kutno,Poland,"Iraq, Poland",Infantry Vehicle,,,//upload.wikimedia.org/wikipedia/commons/thumb/7/79/Dzik_APC_transports_Iraqi_army_soldiers.jpg/230px-Dzik_APC_transports_Iraqi_army_soldiers.jpg,,"Dzik ( Polish : Wild Boar ) is a 4.5-ton Polish -made multi-purpose infantry mobility vehicle. Produced by the AMZ works in Kutno, it is designed for serving both the patrol and intervention roles, as well as an armoured personnel carrier for use by various peace-keeping and policing forces. Its armour provides defence against 7.62 mm bullets. The Dzik-3 also boasts bulletproof windows, puncture-proof tires and smoke launchers."
M198 Howitzer,http://en.wikipedia.org/wiki/M198_Howitzer,1978,Rock Island Arsenal,United States,"Australia, Ecuador, Honduras, Iraq, Lebanon, Morocco, Pakistan, Saudi Arabia, Thailand, Tunisia, United States of America",Towed Cannon,,52 (max),//upload.wikimedia.org/wikipedia/commons/thumb/8/87/U.S._Marines_in_the_Persian_Gulf_War_%281991%29_001.jpg/230px-U.S._Marines_in_the_Persian_Gulf_War_%281991%29_001.jpg,,"The M198 howitzer is a medium-sized, towed artillery piece, developed for service with the United States Army and Marine Corps. It was commissioned to be a lightweight replacement for the WWII-era M114 155mm howitzer. It was designed and prototyped at the Rock Island Arsenal in 1969 with firing tests beginning in 1970 and went into full production there in 1978. It entered service in 1979 and since then 1,600 units have been produced and put into operation."
Hongjian-8,http://en.wikipedia.org/wiki/HJ-8,1984,"Norinco, Khan Research Laboratories",China,"Albania, Bangladesh, Bolivia, Bosnia and Herzegovina, China, Ecuador, Egypt, Kenya, Malaysia, Morocco, Pakistan, Peru, Sri Lanka, Sudan, Syria, United Arab Emirates, Uruguay, Zimbabwe",Missile,,,//upload.wikimedia.org/wikipedia/commons/thumb/b/b7/BaktarShikan3.JPG/230px-BaktarShikan3.JPG,,"The HJ-8 or Hongjian-8 ( ""红箭-8"" transliterated as ""Red Arrow-8"" ) is a second generation tube-launched, optically tracked, wire-guided anti-tank missile system which was originally deployed by the People's Liberation Army since the late 1980s. Pakistan produces this missile system under licence as the Baktar-Shikan at Khan Research Laboratories. [2] [4] It is able to defeat explosive reactive armour (ERA). [5]"
T-72,http://en.wikipedia.org/wiki/T-72,1973,Uralvagonzavod,Soviet Union,"Algeria, Angola, Armenia, Azerbaijan, Belarus, Bulgaria, Cuba, Czech Republic, Djibouti, Ethiopia, Georgia, Hungary, India, Iran, Iraq, Kazakhstan, Kenya, Kyrgyzstan, Libya, Macedonia, Mongolia, Morocco, Myanmar, Ukraine",Infantry Vehicle,,5+,//upload.wikimedia.org/wikipedia/commons/thumb/b/b9/T-72_NPA.JPG/230px-T-72_NPA.JPG,,"The T-72 is a Soviet second-generation main battle tank that entered production in 1971. [6] About 20,000 T-72 tanks were built, [7] making it one of the most widely produced post–World War II tanks, second only to the T-54/55 family. The T-72 was widely exported and saw service in 40 countries and in numerous conflicts."
9K38 Igla,http://en.wikipedia.org/wiki/9K38_Igla,1981,KBM,Soviet Union,"Angola, Armenia, Azerbaijan, Belarus, Bosnia and Herzegovina, Brazil, Bulgaria, Croatia, Cuba, Ecuador, Egypt, Eritrea, Finland, Georgia, Hungary, India, Indonesia, Iran, Iraq, Kazakhstan, Libya, Macedonia, Malaysia, Mexico, Mongolia, Morocco, Myanmar, North Korea, Peru, Poland, Russia, Serbia, Singapore, Slovakia, Slovenia, South Korea, Sri Lanka, Syria, Thailand, Turkey, Ukraine, United Arab Emirates, Venezuela, Vietnam, Zimbabwe",Missile,,,//upload.wikimedia.org/wikipedia/commons/thumb/c/cc/IGLA-S_MANPADS_at_IDELF-2008.jpg/230px-IGLA-S_MANPADS_at_IDELF-2008.jpg,,"The 9K38 Igla ( Russian : Игла́, ""needle"") is a Russian / Soviet man-portable infrared homing surface-to-air missile (SAM). ""9K38"" is the Russian GRAU designation of the system. Its US DoD designation is SA-18 and its NATO reporting name is Grouse ; a simplified, earlier version is known as the 9K310 Igla-1, or SA-16 Gimlet. The latest variant is the 9K338 Igla-S NATO reporting name SA-24 Grinch. It has been fielded by the Russian Army since 2004. [2]"
ZU-23-2,http://en.wikipedia.org/wiki/ZU-23-2,1960,,Soviet Union,"Afghanistan, Algeria, Armenia, Azerbaijan, Bangladesh, Bosnia and Herzegovina, Bulgaria, Cambodia, Cape Verde, China, Cuba, Cyprus, Djibouti, Ecuador, Egypt, Estonia, Ethiopia, Finland, Gabon, Georgia, Greece, Guinea-Bissau, Hungary, India, Indonesia, Iran, Iraq, Israel, Laos, Latvia, Lebanon, Libya, Mali, Moldova, Mongolia, Morocco, Mozambique, Myanmar, Namibia, Nicaragua, Nigeria, Pakistan, Peru, Poland, Russia, Sahrawi Arab Democratic Republic, South Africa, Sri Lanka, Syria, Tanzania, Uganda, Ukraine, United States of America, Venezuela, Vietnam, Yemen, Zimbabwe",Towed Cannon,,,//upload.wikimedia.org/wikipedia/commons/thumb/e/e8/Zu-23_30_M1-3_-_InnovationDay2013part1-40.jpg/230px-Zu-23_30_M1-3_-_InnovationDay2013part1-40.jpg,,"The ZU-23-2 ""Sergey"", also known as ZU-23, is a Soviet towed 23 mm anti-aircraft twin-barreled autocannon. ZU stands for Zenitnaya Ustanovka (Russian: Зенитная Установка) - anti-aircraft mount. The GRAU index is 2A13. [1]"
Technicals,http://en.wikipedia.org/wiki/Technical_(vehicle),,,,,Improvised weapon,,,http://upload.wikimedia.org/wikipedia/commons/thumb/6/6e/Technical_Liberia.jpg/220px-Technical_Liberia.jpg,,"A technical is a type of improvised fighting vehicle, typically a civilian or military non-combat vehicle, modified to provide an offensive capability similar to a military gun truck. It is usually an open-backed civilian pickup truck or four-wheel drive vehicle mounting a machine gun, light anti-aircraft gun, anti-tank weapon, or other support weapon."
Cougar MRAP,http://en.wikipedia.org/wiki/Cougar_MRAP,2002,Force Protection Industries,United States,"Canada, Croatia, Denmark, Djibouti, Georgia, Hungary, Iraq, Italy, Pakistan, Poland, Romania, Ukraine, United Kingdom, United States of America",Infantry Vehicle,,,http://upload.wikimedia.org/wikipedia/commons/thumb/8/81/070225-M-4393H-041.jpg/300px-070225-M-4393H-041.jpg,,The Cougar is a South African -designed United States MRAP and infantry mobility vehicle structured to be resistant to landmines and improvised munitions .
