Lobbysts,Number of 2014 Defense clients,2014 Defense Clients,Profile
Boulter Beau,1,Finmeccanica SpA,http://www.opensecrets.org/lobby/lobbyist.php?id=Y0000017415L&year=2014
Cambon Paul,1,Huntington Ingalls Industries,http://www.opensecrets.org/lobby/lobbyist.php?id=Y0000016034L&year=2014
Carp Bert,1,General Dynamics,http://www.opensecrets.org/lobby/lobbyist.php?id=Y0000049682L&year=2014
Dougherty Charles F,1,Navmar Applied Sciences,http://www.opensecrets.org/lobby/lobbyist.php?id=Y0000010604L&year=2014
Early Alexis,1,Space Exploration Technologies,http://www.opensecrets.org/lobby/lobbyist.php?id=Y0000047837L&year=2014
Forbes Andrew,2,Specialty Systems | Sterling Global Operations,http://www.opensecrets.org/lobby/lobbyist.php?id=Y0000045098L&year=2014
Geduldig Sam K,2,Boeing Co | Smiths Group plc,http://www.opensecrets.org/lobby/lobbyist.php?id=Y0000030596L&year=2014
Heubert Terence E,1,Kongsberg Defense & Aerospace,http://www.opensecrets.org/lobby/lobbyist.php?id=Y0000030689L&year=2014
Murphy Daniel,1,Airbus Group,http://www.opensecrets.org/lobby/lobbyist.php?id=Y0000021058L&year=2014
Szeliga Tatanya,1,CACI International,http://www.opensecrets.org/lobby/lobbyist.php?id=Y0000018688L&year=2014
Young David A,2,Boeing Co | Northrop Grumman,http://www.opensecrets.org/lobby/lobbyist.php?id=Y0000047992L&year=2014
Heath John,1,Northrop Grumman,http://www.opensecrets.org/lobby/lobbyist.php?id=Y0000048887L&year=2014
Hecht Timothy P,2,3M Co | Emergent BioSolutions,http://www.opensecrets.org/lobby/lobbyist.php?id=Y0000002934L&year=2014
Phelps Anne,1,Boeing Co,http://www.opensecrets.org/lobby/lobbyist.php?id=Y0000000757L&year=2014
Hegg Richard Y,1,Lockheed Martin,http://www.opensecrets.org/lobby/lobbyist.php?id=Y0000031240L&year=2014
Hill Daniel,7,Emergent BioSolutions | Finmeccanica SpA | Finmeccanica SpA | General Dynamics | Lister Chain & Forge | Lockheed Martin | Northrop Grumman,http://www.opensecrets.org/lobby/lobbyist.php?id=Y0000021792L&year=2014
Lynch John J,3,Communications & Power Industries | Lockheed Martin | VSE Corp,http://www.opensecrets.org/lobby/lobbyist.php?id=Y0000020442L&year=2014
Mrdeza Michelle,4,Boeing Co | Ducommun Inc | Finmeccanica SpA | General Dynamics,http://www.opensecrets.org/lobby/lobbyist.php?id=Y0000029947L&year=2014
Beer Michael J,2,General Dynamics | Orbis Operations,http://www.opensecrets.org/lobby/lobbyist.php?id=Y0000040798L&year=2014
Carliner Paul,2,Huntington Ingalls Industries | Lockheed Martin,http://www.opensecrets.org/lobby/lobbyist.php?id=Y0000019439L&year=2014
Corwin Tony,1,Emergent BioSolutions,http://www.opensecrets.org/lobby/lobbyist.php?id=Y0000021772L&year=2014
Russell Richard,1,Trimble Navigation,http://www.opensecrets.org/lobby/lobbyist.php?id=Y0000048232L&year=2014
Fitzgerald Jayne T,1,United Technologies,http://www.opensecrets.org/lobby/lobbyist.php?id=Y0000001390L&year=2014
Aho Loren,1,Lockheed Martin,http://www.opensecrets.org/lobby/lobbyist.php?id=Y0000049099L&year=2014
Carruth Gabrielle,1,Lockheed Martin,http://www.opensecrets.org/lobby/lobbyist.php?id=Y0000033125L&year=2014
Mccardle Matthew,1,Boeing Co,http://www.opensecrets.org/lobby/lobbyist.php?id=Y0000047068L&year=2014
Baker Caleb,2,General Dynamics | Raytheon Co,http://www.opensecrets.org/lobby/lobbyist.php?id=Y0000040674L&year=2014
Bell Michael D,1,MBDA Inc,http://www.opensecrets.org/lobby/lobbyist.php?id=Y0000017906L&year=2014
Cole Ray,3,Arotech Corp | Arotech Corp | MacAndrews & Forbes,http://www.opensecrets.org/lobby/lobbyist.php?id=Y0000012162L&year=2014
Goff Donald,1,Wyle Services,http://www.opensecrets.org/lobby/lobbyist.php?id=Y0000010748L&year=2014
Hicks Charles Andrew,1,Huntington Ingalls Industries,http://www.opensecrets.org/lobby/lobbyist.php?id=Y0000010342L&year=2014
Hirschmann Susan,2,General Dynamics | Orbis Operations,http://www.opensecrets.org/lobby/lobbyist.php?id=Y0000000961L&year=2014
Hixon Courtney,1,Airbus Group,http://www.opensecrets.org/lobby/lobbyist.php?id=Y0000049921L&year=2014
Kilian David,5,General Dynamics | Institute for Human & Machine Cognition | Northrop Grumman | Raytheon Co | Trimble Navigation,http://www.opensecrets.org/lobby/lobbyist.php?id=Y0000021841L&year=2014
King Greg,1,FLIR Systems,http://www.opensecrets.org/lobby/lobbyist.php?id=Y0000035935L&year=2014
Mandigo Glenton Thomas,1,Danaher Corp,http://www.opensecrets.org/lobby/lobbyist.php?id=Y0000036931L&year=2014
Mcdonald Greg,2,Aurora Flight Sciences | Finmeccanica SpA,http://www.opensecrets.org/lobby/lobbyist.php?id=Y0000038904L&year=2014
Metz Craig H,3,Cerberus Capital Management | General Dynamics | Tier One Group,http://www.opensecrets.org/lobby/lobbyist.php?id=Y0000035035L&year=2014
Moser Jennifer,2,Metal Shark LLC | Total Military Management,http://www.opensecrets.org/lobby/lobbyist.php?id=Y0000037897L&year=2014
Muncy James,1,Space Exploration Technologies,http://www.opensecrets.org/lobby/lobbyist.php?id=Y0000040308L&year=2014
Robertson D Patrick,1,United Launch Alliance,http://www.opensecrets.org/lobby/lobbyist.php?id=Y0000038439L&year=2014
Schmidt Kevin,1,Smiths Group plc,http://www.opensecrets.org/lobby/lobbyist.php?id=Y0000003059L&year=2014
Simmons Vernon,1,Thales Group,http://www.opensecrets.org/lobby/lobbyist.php?id=Y0000016185L&year=2014
Whitestone David C,1,Raytheon Co,http://www.opensecrets.org/lobby/lobbyist.php?id=Y0000019071L&year=2014
Wren Amy,2,Boeing Co | Smiths Group plc,http://www.opensecrets.org/lobby/lobbyist.php?id=Y0000045459L&year=2014
Green Matthew,1,Finmeccanica SpA,http://www.opensecrets.org/lobby/lobbyist.php?id=Y0000048879L&year=2014
Edington William H,2,Lockheed Martin | Meggitt PLC,http://www.opensecrets.org/lobby/lobbyist.php?id=Y0000042075L&year=2014
Rey Mark,1,Lockheed Martin,http://www.opensecrets.org/lobby/lobbyist.php?id=Y0000038967L&year=2014
Gaspar Mark,1,Lockheed Martin,http://www.opensecrets.org/lobby/lobbyist.php?id=Y0000046226L&year=2014
Roda Anthony J,1,Orbis Operations,http://www.opensecrets.org/lobby/lobbyist.php?id=Y0000004432L&year=2014
Rodgers Richard F,3,Airbus Group | Army Alliance Inc | Huntington Ingalls Industries,http://www.opensecrets.org/lobby/lobbyist.php?id=Y0000024700L&year=2014
Little John M,2,General Dynamics | Institute for Human & Machine Cognition,http://www.opensecrets.org/lobby/lobbyist.php?id=Y0000017341L&year=2014
Marshall Hazen,1,Space Exploration Technologies,http://www.opensecrets.org/lobby/lobbyist.php?id=Y0000041813L&year=2014
Gerard Randall,3,General Dynamics | Lockheed Martin | Textron Inc,http://www.opensecrets.org/lobby/lobbyist.php?id=Y0000040034L&year=2014
Hopkins Heather,1,BAE Systems,http://www.opensecrets.org/lobby/lobbyist.php?id=Y0000023263L&year=2014
Blain Jordan,1,L-3 Communications,http://www.opensecrets.org/lobby/lobbyist.php?id=Y0000044984L&year=2014
Castle Michael N,1,Analytical Graphics Inc,http://www.opensecrets.org/lobby/lobbyist.php?id=Y0000046956L&year=2014
Chamberlin Robert,1,Boeing Co,http://www.opensecrets.org/lobby/lobbyist.php?id=Y0000040579L&year=2014
Hudson Dana W,1,Praemittias Group,http://www.opensecrets.org/lobby/lobbyist.php?id=Y0000048900L&year=2014
Hyjek Steven M,3,Assured Information Security | BAE Systems | Thales Group,http://www.opensecrets.org/lobby/lobbyist.php?id=Y0000042000L&year=2014
Jarkowski Hope,1,United Technologies,http://www.opensecrets.org/lobby/lobbyist.php?id=Y0000049752L&year=2014
Masch Donald G,1,Alliant Techsystems,http://www.opensecrets.org/lobby/lobbyist.php?id=Y0000000659L&year=2014
Pierce Erin,1,Northrop Grumman,http://www.opensecrets.org/lobby/lobbyist.php?id=Y0000003601L&year=2014
Barbero Michael,1,Cobham PLC,http://www.opensecrets.org/lobby/lobbyist.php?id=Y0000031303L&year=2014
Griffin Virgil,1,Boeing Co,http://www.opensecrets.org/lobby/lobbyist.php?id=Y0000023020L&year=2014
Bratich Ashley,1,Emergent BioSolutions,http://www.opensecrets.org/lobby/lobbyist.php?id=Y0000020944L&year=2014
Fleming Don,3,Aeroflex Holding Corp | Engineered Arresting Systems Corp | Lockheed Martin,http://www.opensecrets.org/lobby/lobbyist.php?id=Y0000032879L&year=2014
Long Chris M,1,Serco Group,http://www.opensecrets.org/lobby/lobbyist.php?id=Y0000028074L&year=2014
Farris Brandon,1,MBDA UK,http://www.opensecrets.org/lobby/lobbyist.php?id=Y0000038784L&year=2014
Roberts Richard Y,1,COLSA Corp,http://www.opensecrets.org/lobby/lobbyist.php?id=Y0000038969L&year=2014
Weigl Otto,2,Cerberus Capital Management | Cerberus Capital Management,http://www.opensecrets.org/lobby/lobbyist.php?id=Y0000048628L&year=2014
Noel Robert J,1,Metals Affordability Initiative Assn,http://www.opensecrets.org/lobby/lobbyist.php?id=Y0000019834L&year=2014
Rodill Tobias,1,Wiley X Inc,http://www.opensecrets.org/lobby/lobbyist.php?id=Y0000003610L&year=2014
Jimenez Cindy M,1,United Technologies,http://www.opensecrets.org/lobby/lobbyist.php?id=Y0000008041L&year=2014
Watson Courtney,1,Raytheon Co,http://www.opensecrets.org/lobby/lobbyist.php?id=Y0000045997L&year=2014
Siddiqui Arshi,1,United Technologies,http://www.opensecrets.org/lobby/lobbyist.php?id=Y0000026821L&year=2014
Siracuse Helen C,1,Scientific Research Corp,http://www.opensecrets.org/lobby/lobbyist.php?id=Y0000017455M&year=2014
Cutts Matthew,2,Lockheed Martin | Space Exploration Technologies,http://www.opensecrets.org/lobby/lobbyist.php?id=Y0000046970L&year=2014
Conner Darrell,1,American Auto Logistics,http://www.opensecrets.org/lobby/lobbyist.php?id=Y0000031169L&year=2014
Cunningham Daniel R,1,Lockheed Martin,http://www.opensecrets.org/lobby/lobbyist.php?id=Y0000034343L&year=2014
Hardie Sharon L,1,BAE Systems,http://www.opensecrets.org/lobby/lobbyist.php?id=Y0000021070L&year=2014
McGlynn Sean,1,American Auto Logistics,http://www.opensecrets.org/lobby/lobbyist.php?id=Y0000038287L&year=2014
Wooters Charles,1,United Technologies,http://www.opensecrets.org/lobby/lobbyist.php?id=Y0000048280L&year=2014
Anderson Paul Theodore,3,Boeing Co | Fidelity Technologies Corp | General Dynamics,http://www.opensecrets.org/lobby/lobbyist.php?id=Y0000003929L&year=2014
Bentley Helen Delich,1,Smiths Group plc,http://www.opensecrets.org/lobby/lobbyist.php?id=Y0000016899L&year=2014
Breaux John,5,Airbus Group | Huntington Ingalls Industries | Lockheed Martin | Raytheon Co | Space Exploration Technologies,http://www.opensecrets.org/lobby/lobbyist.php?id=Y0000041198L&year=2014
Burnison Scott,1,Lockheed Martin,http://www.opensecrets.org/lobby/lobbyist.php?id=Y0000025563L&year=2014
Kamins Scott A,1,BAE Systems,http://www.opensecrets.org/lobby/lobbyist.php?id=Y0000044750L&year=2014
Kisling Alex,1,Lockheed Martin,http://www.opensecrets.org/lobby/lobbyist.php?id=Y0000047391L&year=2014
Martin J Allen,4,Airbus Group | Army Alliance Inc | Huntington Ingalls Industries | National Assn of Ordnance Contractors,http://www.opensecrets.org/lobby/lobbyist.php?id=Y0000001274L&year=2014
Navarro Jennifer,1,General Dynamics,http://www.opensecrets.org/lobby/lobbyist.php?id=Y0000025750L&year=2014
Nelson Patricia A,2,Dynetics Inc | Emergent BioSolutions,http://www.opensecrets.org/lobby/lobbyist.php?id=Y0000013887M&year=2014
Sheehy Michael,2,Boeing Co | General Dynamics,http://www.opensecrets.org/lobby/lobbyist.php?id=Y0000038491L&year=2014
Courtney Peter,1,Huntington Ingalls Industries,http://www.opensecrets.org/lobby/lobbyist.php?id=Y0000049694L&year=2014
Glackin Brian,1,Cobham PLC,http://www.opensecrets.org/lobby/lobbyist.php?id=Y0000012074L&year=2014
Rogers George,1,United Technologies,http://www.opensecrets.org/lobby/lobbyist.php?id=Y0000048227L&year=2014
Alford Ralph M,2,Aeromet Corp | Sparton Electronics,http://www.opensecrets.org/lobby/lobbyist.php?id=Y0000011336L&year=2014
Conley Jason,1,Le Groupe SAFRAN,http://www.opensecrets.org/lobby/lobbyist.php?id=Y0000040404L&year=2014
Gregory Douglas M,5,MacAndrews & Forbes | MacAndrews & Forbes | Metal Shark LLC | Total Military Management | United Launch Alliance,http://www.opensecrets.org/lobby/lobbyist.php?id=Y0000041915L&year=2014
Heilig Paul T,1,Boeing Co,http://www.opensecrets.org/lobby/lobbyist.php?id=Y0000000309L&year=2014
King Jim,1,Airbus Group,http://www.opensecrets.org/lobby/lobbyist.php?id=Y0000049456L&year=2014
Lehman Christopher M,2,Huntington Ingalls Industries | IAI International,http://www.opensecrets.org/lobby/lobbyist.php?id=Y0000025424L&year=2014
Mcbride Michael,1,BAE Systems,http://www.opensecrets.org/lobby/lobbyist.php?id=Y0000036178L&year=2014
McGlaun Joy A,1,Boeing Co,http://www.opensecrets.org/lobby/lobbyist.php?id=Y0000048725L&year=2014
Milne John,2,Combat Medical Systems | Emergent BioSolutions,http://www.opensecrets.org/lobby/lobbyist.php?id=Y0000035439L&year=2014
Rossman Manny,1,Raytheon Co,http://www.opensecrets.org/lobby/lobbyist.php?id=Y0000038449L&year=2014
Ruffalo-Farnsworth Kathryn,1,Ensco Inc,http://www.opensecrets.org/lobby/lobbyist.php?id=Y0000017956L&year=2014
Sarpalius William Clarence,1,Stanley Assoc,http://www.opensecrets.org/lobby/lobbyist.php?id=Y0000017606L&year=2014
Steffes Peter M,1,National Defense Industrial Assn,http://www.opensecrets.org/lobby/lobbyist.php?id=Y0000004413L&year=2014
Valente Mark III,1,MBDA Inc,http://www.opensecrets.org/lobby/lobbyist.php?id=Y0000041900L&year=2014
Wallin R Douglas Jr,1,BAE Systems,http://www.opensecrets.org/lobby/lobbyist.php?id=Y0000016049L&year=2014
Porter Emily,1,Space Exploration Technologies,http://www.opensecrets.org/lobby/lobbyist.php?id=Y0000048210L&year=2014
Rossbach Jason,1,Cerberus Capital Management,http://www.opensecrets.org/lobby/lobbyist.php?id=Y0000031788L&year=2014
Wise Matt,1,Huntington Ingalls Industries,http://www.opensecrets.org/lobby/lobbyist.php?id=Y0000045454L&year=2014
Bernier George M,3,L-3 Communications | Metal Shark LLC | Total Military Management,http://www.opensecrets.org/lobby/lobbyist.php?id=Y0000045631L&year=2014
Castagnetti David,1,United Technologies,http://www.opensecrets.org/lobby/lobbyist.php?id=Y0000040224L&year=2014
Hobart Robert,1,Boeing Co,http://www.opensecrets.org/lobby/lobbyist.php?id=Y0000019552L&year=2014
Bell Michael J,1,Airbus Group,http://www.opensecrets.org/lobby/lobbyist.php?id=Y0000011695L&year=2014
Phillips Ron,1,Krauss-Maffei Wegmann,http://www.opensecrets.org/lobby/lobbyist.php?id=Y0000045571L&year=2014
Finch Brian,2,Emergent BioSolutions | NABCO,http://www.opensecrets.org/lobby/lobbyist.php?id=Y0000032634L&year=2014
Frideres Taryn,1,Lockheed Martin,http://www.opensecrets.org/lobby/lobbyist.php?id=Y0000044706L&year=2014
Driggers William B,1,Mustang Technology Group,http://www.opensecrets.org/lobby/lobbyist.php?id=Y0000018648L&year=2014
Goldfield Harold P,1,Airbus Group,http://www.opensecrets.org/lobby/lobbyist.php?id=Y0000041594L&year=2014
Silver Steven W,1,Alaska Aerospace Development Corp,http://www.opensecrets.org/lobby/lobbyist.php?id=Y0000040935L&year=2014
O'Brien Brett,3,Airbus Group | Lockheed Martin | Textron Inc,http://www.opensecrets.org/lobby/lobbyist.php?id=Y0000027692L&year=2014
Geier Thomas,1,3M Co,http://www.opensecrets.org/lobby/lobbyist.php?id=Y0000012061L&year=2014
Grainger Charles,2,Ducommun Inc | Dynetics Inc,http://www.opensecrets.org/lobby/lobbyist.php?id=Y0000006707L&year=2014
Palaschak Richard G,1,Munitions Industrial Base Task Force,http://www.opensecrets.org/lobby/lobbyist.php?id=Y0000027882L&year=2014
Krayem Norma,2,Northrop Grumman | Space Exploration Technologies,http://www.opensecrets.org/lobby/lobbyist.php?id=Y0000041569L&year=2014
Barnett Larry P,1,Lockheed Martin,http://www.opensecrets.org/lobby/lobbyist.php?id=Y0000019466L&year=2014
Colangelo David,1,C Speed,http://www.opensecrets.org/lobby/lobbyist.php?id=Y0000008599L&year=2014
Germroth David S,2,Airbus Group | BAE Systems,http://www.opensecrets.org/lobby/lobbyist.php?id=Y0000006692L&year=2014
Doerrer Paul,1,Harris Corp,http://www.opensecrets.org/lobby/lobbyist.php?id=Y0000028562L&year=2014
Miller Chris,1,Boeing Co,http://www.opensecrets.org/lobby/lobbyist.php?id=Y0000048520L&year=2014
Scattergood Virginia K,1,Northrop Grumman,http://www.opensecrets.org/lobby/lobbyist.php?id=Y0000001277L&year=2014
Hutchinson Tim,1,Emergent BioSolutions,http://www.opensecrets.org/lobby/lobbyist.php?id=Y0000040343L&year=2014
Kane Kevin,1,Alliant Techsystems,http://www.opensecrets.org/lobby/lobbyist.php?id=Y0000049448L&year=2014
Barter Madeline M,1,Arotech Corp,http://www.opensecrets.org/lobby/lobbyist.php?id=Y0000044970L&year=2014
McCollum Lauren,1,Lockheed Martin,http://www.opensecrets.org/lobby/lobbyist.php?id=Y0000004909L&year=2014
Smith Duncan C III,1,Katmai Government Services,http://www.opensecrets.org/lobby/lobbyist.php?id=Y0000025609L&year=2014
Hull Kate,2,Airbus Group | Cerberus Capital Management,http://www.opensecrets.org/lobby/lobbyist.php?id=Y0000040982L&year=2014
DiJames Jenny B,2,General Dynamics | Orbis Operations,http://www.opensecrets.org/lobby/lobbyist.php?id=Y0000025678L&year=2014
Paulson Adam,1,General Dynamics,http://www.opensecrets.org/lobby/lobbyist.php?id=Y0000047457L&year=2014
Fauser Kristine Kearns,1,Lockheed Martin,http://www.opensecrets.org/lobby/lobbyist.php?id=Y0000008452L&year=2014
Fuller Stacy,5,General Dynamics | Institute for Human & Machine Cognition | Northrop Grumman | Raytheon Co | Trimble Navigation,http://www.opensecrets.org/lobby/lobbyist.php?id=Y0000009110L&year=2014
Coleman Norm,1,Airbus Group,http://www.opensecrets.org/lobby/lobbyist.php?id=Y0000047819L&year=2014
Hannegan Timothy,1,General Dynamics,http://www.opensecrets.org/lobby/lobbyist.php?id=Y0000015800L&year=2014
Holly Josh,5,BAE Systems | Global Strategies Group | Lockheed Martin | MBDA Inc | Textron Inc,http://www.opensecrets.org/lobby/lobbyist.php?id=Y0000045756L&year=2014
Kalan Lesley,1,Northrop Grumman,http://www.opensecrets.org/lobby/lobbyist.php?id=Y0000020987L&year=2014
McBee Steve,1,General Dynamics,http://www.opensecrets.org/lobby/lobbyist.php?id=Y0000029530L&year=2014
Meadows Claude V,1,Skedco Inc,http://www.opensecrets.org/lobby/lobbyist.php?id=Y0000034873L&year=2014
Stevenson Robert G,2,Dynetics Inc | Emergent BioSolutions,http://www.opensecrets.org/lobby/lobbyist.php?id=Y0000003088L&year=2014
Strawn Erin,1,Trimble Navigation,http://www.opensecrets.org/lobby/lobbyist.php?id=Y0000025025L&year=2014
Taylor Robert P,1,Elbit Systems,http://www.opensecrets.org/lobby/lobbyist.php?id=Y0000039011L&year=2014
Walker Robert S,2,Ball Corp | Sierra Nevada Corp,http://www.opensecrets.org/lobby/lobbyist.php?id=Y0000041638L&year=2014
Newsome Jim,1,United Technologies,http://www.opensecrets.org/lobby/lobbyist.php?id=Y0000044060L&year=2014
Stapleton Marianne,1,Serco Group,http://www.opensecrets.org/lobby/lobbyist.php?id=Y0000047491L&year=2014
Stapleton Thomas J,5,BAE Systems | Boeing Co | Finmeccanica SpA | MBDA Inc | SAIC,http://www.opensecrets.org/lobby/lobbyist.php?id=Y0000012414L&year=2014
Esper Mark,1,Raytheon Co,http://www.opensecrets.org/lobby/lobbyist.php?id=Y0000025575L&year=2014
Fidler Shelley N,1,GenCorp Inc,http://www.opensecrets.org/lobby/lobbyist.php?id=Y0000041571L&year=2014
Podesta Heather,2,MacAndrews & Forbes | Space Exploration Technologies,http://www.opensecrets.org/lobby/lobbyist.php?id=Y0000046505M&year=2014
Herrera-Flanigan Jessica,2,Boeing Co | Le Groupe SAFRAN,http://www.opensecrets.org/lobby/lobbyist.php?id=Y0000030807L&year=2014
Hollister Kathryn,1,Lockheed Martin,http://www.opensecrets.org/lobby/lobbyist.php?id=Y0000044349L&year=2014
Dion Stacey A,1,Boeing Co,http://www.opensecrets.org/lobby/lobbyist.php?id=Y0000037370L&year=2014
Kizzier Kyle,1,Alliant Techsystems,http://www.opensecrets.org/lobby/lobbyist.php?id=Y0000020985L&year=2014
Buck Susan,1,Meggitt PLC,http://www.opensecrets.org/lobby/lobbyist.php?id=Y0000020221L&year=2014
Cameron Tammy,1,Boeing Co,http://www.opensecrets.org/lobby/lobbyist.php?id=Y0000014684L&year=2014
Keating Timothy,1,Boeing Co,http://www.opensecrets.org/lobby/lobbyist.php?id=Y0000034420L&year=2014
Thompson Ryan,2,Trimble Navigation | United Technologies,http://www.opensecrets.org/lobby/lobbyist.php?id=Y0000045418L&year=2014
Standridge Lea,1,Raytheon Co,http://www.opensecrets.org/lobby/lobbyist.php?id=Y0000043691L&year=2014
Waldman Mitchell,1,Huntington Ingalls Industries,http://www.opensecrets.org/lobby/lobbyist.php?id=Y0000047513L&year=2014
Smith Roger,1,Colt Defense,http://www.opensecrets.org/lobby/lobbyist.php?id=Y0000036649L&year=2014
Battaglia Charles C,1,Lockheed Martin,http://www.opensecrets.org/lobby/lobbyist.php?id=Y0000011007L&year=2014
Robinson Bernie,1,Airbus Group,http://www.opensecrets.org/lobby/lobbyist.php?id=Y0000029902L&year=2014
Rollins James,2,Alliant Techsystems | GenCorp Inc,http://www.opensecrets.org/lobby/lobbyist.php?id=Y0000013360L&year=2014
Street Storme Douglas,1,BAE Systems,http://www.opensecrets.org/lobby/lobbyist.php?id=Y0000009232L&year=2014
Syers William A,1,Exelis Inc,http://www.opensecrets.org/lobby/lobbyist.php?id=Y0000025134L&year=2014
Austria Steve,1,Trimble Navigation,http://www.opensecrets.org/lobby/lobbyist.php?id=Y0000049325L&year=2014
Bernstein Matthew C,1,Analytical Graphics Inc,http://www.opensecrets.org/lobby/lobbyist.php?id=Y0000046530L&year=2014
Bitterman Mark E,1,United Launch Alliance,http://www.opensecrets.org/lobby/lobbyist.php?id=Y0000036240L&year=2014
Bjornstad Jeff,1,Boeing Co,http://www.opensecrets.org/lobby/lobbyist.php?id=Y0000044981L&year=2014
Blalock Kirk,2,Airbus Group | Cerberus Capital Management,http://www.opensecrets.org/lobby/lobbyist.php?id=Y0000040324L&year=2014
Buckman Hope,2,Ball Corp | Ball Corp,http://www.opensecrets.org/lobby/lobbyist.php?id=Y0000037866L&year=2014
Cameron Arthur E,1,3M Co,http://www.opensecrets.org/lobby/lobbyist.php?id=Y0000016581L&year=2014
Campbell John G,1,Sierra Nevada Corp,http://www.opensecrets.org/lobby/lobbyist.php?id=Y0000019336L&year=2014
Chadwick Kirsten,2,Airbus Group | Cerberus Capital Management,http://www.opensecrets.org/lobby/lobbyist.php?id=Y0000040140L&year=2014
Cook Tim,1,Alion Science & Technology,http://www.opensecrets.org/lobby/lobbyist.php?id=Y0000030871L&year=2014
Cooper Caroline,1,Raytheon Co,http://www.opensecrets.org/lobby/lobbyist.php?id=Y0000011143L&year=2014
Costello David,1,ADS Inc,http://www.opensecrets.org/lobby/lobbyist.php?id=Y0000040659L&year=2014
Cristinzio Frank,2,Harris Corp | Massif Mountain Gear,http://www.opensecrets.org/lobby/lobbyist.php?id=Y0000046671L&year=2014
Dinino Paul,3,Aurora Flight Sciences | Saab AB | SRA International,http://www.opensecrets.org/lobby/lobbyist.php?id=Y0000037975L&year=2014
Edwards Susann Miller,3,Airbus Group | Airbus Group | Specialty Systems,http://www.opensecrets.org/lobby/lobbyist.php?id=Y0000041037M&year=2014
Fabiani James P,1,MBDA UK,http://www.opensecrets.org/lobby/lobbyist.php?id=Y0000035631L&year=2014
Ference Mike,5,Boeing Co | General Dynamics | Innovative Defense Technologies | United Launch Alliance | United Technologies,http://www.opensecrets.org/lobby/lobbyist.php?id=Y0000048090L&year=2014
Fogarty Sean,1,Communications & Power Industries,http://www.opensecrets.org/lobby/lobbyist.php?id=Y0000033897L&year=2014
Greif Judson,1,American Auto Logistics,http://www.opensecrets.org/lobby/lobbyist.php?id=Y0000042112L&year=2014
Heil Clayton,2,AAR Corp | Cobham PLC,http://www.opensecrets.org/lobby/lobbyist.php?id=Y0000002937L&year=2014
Hixon Leigh Pettis,1,Airbus Group,http://www.opensecrets.org/lobby/lobbyist.php?id=Y0000047936L&year=2014
Jonas John,1,Northrop Grumman,http://www.opensecrets.org/lobby/lobbyist.php?id=Y0000041131L&year=2014
Jones Robert C,1,Boeing Co,http://www.opensecrets.org/lobby/lobbyist.php?id=Y0000041676L&year=2014
Keating Thomas J,2,Dynetics Inc | Emergent BioSolutions,http://www.opensecrets.org/lobby/lobbyist.php?id=Y0000018876L&year=2014
Koskores Nicholas P,1,Le Groupe SAFRAN,http://www.opensecrets.org/lobby/lobbyist.php?id=Y0000016311L&year=2014
McCann Bill,1,L-3 Communications,http://www.opensecrets.org/lobby/lobbyist.php?id=Y0000008207L&year=2014
McGivern Richard,1,Airbus Group,http://www.opensecrets.org/lobby/lobbyist.php?id=Y0000033572L&year=2014
McMillen Jeffrey,2,Boeing Co | United Technologies,http://www.opensecrets.org/lobby/lobbyist.php?id=Y0000007915L&year=2014
Merola Michael A,2,General Dynamics | Impact Instrumentation,http://www.opensecrets.org/lobby/lobbyist.php?id=Y0000040352L&year=2014
Milhorn Brandon,1,Raytheon Co,http://www.opensecrets.org/lobby/lobbyist.php?id=Y0000045264L&year=2014
Mistri Alex,1,Textron Inc,http://www.opensecrets.org/lobby/lobbyist.php?id=Y0000013763M&year=2014
Murray Jefferies,1,United Launch Alliance,http://www.opensecrets.org/lobby/lobbyist.php?id=Y0000014423L&year=2014
O'brien Lawrence F III,2,Dynetics Inc | Emergent BioSolutions,http://www.opensecrets.org/lobby/lobbyist.php?id=Y0000046486L&year=2014
O'Donnell John R,1,Lockheed Martin,http://www.opensecrets.org/lobby/lobbyist.php?id=Y0000013171L&year=2014
Overstreet Jack C,1,Lockheed Martin,http://www.opensecrets.org/lobby/lobbyist.php?id=Y0000007483L&year=2014
Pettey Patrick,1,General Dynamics,http://www.opensecrets.org/lobby/lobbyist.php?id=Y0000041964L&year=2014
Pryce Deborah,2,Boeing Co | Smiths Group plc,http://www.opensecrets.org/lobby/lobbyist.php?id=Y0000044824L&year=2014
Rampy Stacey,1,United Technologies,http://www.opensecrets.org/lobby/lobbyist.php?id=Y0000041398L&year=2014
Rowland Robert O,1,Textron Inc,http://www.opensecrets.org/lobby/lobbyist.php?id=Y0000006603L&year=2014
Schmitz John P,1,Airbus Group,http://www.opensecrets.org/lobby/lobbyist.php?id=Y0000019948L&year=2014
Schnabel Andrew Gordon,1,Lockheed Martin,http://www.opensecrets.org/lobby/lobbyist.php?id=Y0000025472L&year=2014
Seraphin Robert A,1,Munitions Industrial Base Task Force,http://www.opensecrets.org/lobby/lobbyist.php?id=Y0000028092L&year=2014
Skipper William H Jr,2,FN Herstal | L-3 Communications,http://www.opensecrets.org/lobby/lobbyist.php?id=Y0000023905L&year=2014
Skladany Barney J Jr,1,Boeing Co,http://www.opensecrets.org/lobby/lobbyist.php?id=Y0000041644L&year=2014
Sullivan Patrick,1,Harris Corp,http://www.opensecrets.org/lobby/lobbyist.php?id=Y0000045973L&year=2014
Sussman Laurie,1,Rockwell Collins Inc,http://www.opensecrets.org/lobby/lobbyist.php?id=Y0000049258L&year=2014
Waclawski Mark M,1,General Dynamics,http://www.opensecrets.org/lobby/lobbyist.php?id=Y0000004467L&year=2014
White Letitia,5,General Dynamics | Institute for Human & Machine Cognition | Northrop Grumman | Raytheon Co | Trimble Navigation,http://www.opensecrets.org/lobby/lobbyist.php?id=Y0000015836L&year=2014
Wilson Justin,1,Shotspotter Inc,http://www.opensecrets.org/lobby/lobbyist.php?id=Y0000049592L&year=2014
Sheridan Cedric,1,Lockheed Martin,http://www.opensecrets.org/lobby/lobbyist.php?id=Y0000034862L&year=2014
Moxley Jodie,1,Airbus Group,http://www.opensecrets.org/lobby/lobbyist.php?id=Y0000003877L&year=2014
Bumgardner Heath D,1,Boeing Co,http://www.opensecrets.org/lobby/lobbyist.php?id=Y0000039634L&year=2014
Hamor Kathy V,1,Lockheed Martin,http://www.opensecrets.org/lobby/lobbyist.php?id=Y0000010877L&year=2014
Anderson Patrick L,1,Firetrace Aerospace,http://www.opensecrets.org/lobby/lobbyist.php?id=Y0000007791L&year=2014
Marin David,1,Global Strategies Group,http://www.opensecrets.org/lobby/lobbyist.php?id=Y0000005462L&year=2014
Shaw Edward W,1,General Dynamics,http://www.opensecrets.org/lobby/lobbyist.php?id=Y0000026104L&year=2014
White Valerie,1,Boeing Co,http://www.opensecrets.org/lobby/lobbyist.php?id=Y0000003932L&year=2014
Schwab Richard F,1,Boeing Co,http://www.opensecrets.org/lobby/lobbyist.php?id=Y0000013115L&year=2014
Shipman Thomas Hunt,4,Boeing Co | Danaher Corp | Ducommun Inc | SRA International,http://www.opensecrets.org/lobby/lobbyist.php?id=Y0000027787L&year=2014
Feehery Kerry Fennelly,1,Raytheon Co,http://www.opensecrets.org/lobby/lobbyist.php?id=Y0000041313M&year=2014
Sutton Julie,1,Cobham PLC,http://www.opensecrets.org/lobby/lobbyist.php?id=Y0000047741L&year=2014
Allen Meghan,1,Sierra Nevada Corp,http://www.opensecrets.org/lobby/lobbyist.php?id=Y0000029375L&year=2014
Elliott Elizabeth,1,United Technologies,http://www.opensecrets.org/lobby/lobbyist.php?id=Y0000045558L&year=2014
Hensler James Donald,1,GenCorp Inc,http://www.opensecrets.org/lobby/lobbyist.php?id=Y0000000621L&year=2014
Hotsenpiller Susan,1,Textron Inc,http://www.opensecrets.org/lobby/lobbyist.php?id=Y0000032576L&year=2014
Howell Andrew,2,Boeing Co | Le Groupe SAFRAN,http://www.opensecrets.org/lobby/lobbyist.php?id=Y0000000489L&year=2014
Linnehan Sean,1,Finmeccanica SpA,http://www.opensecrets.org/lobby/lobbyist.php?id=Y0000002777L&year=2014
Mueller Andy,2,AAR Corp | Cobham PLC,http://www.opensecrets.org/lobby/lobbyist.php?id=Y0000039254L&year=2014
Sojka Gary L,6,CAE Inc | General Dynamics | GTS Inc | L-3 Communications | Raytheon Co | TASC Inc,http://www.opensecrets.org/lobby/lobbyist.php?id=Y0000006359L&year=2014
Thomas Gordon M,1,Textron Inc,http://www.opensecrets.org/lobby/lobbyist.php?id=Y0000021303L&year=2014
Veltri Thomas,2,L-3 Communications | Silvaco International,http://www.opensecrets.org/lobby/lobbyist.php?id=Y0000021558L&year=2014
Yamagata Ben,1,GenCorp Inc,http://www.opensecrets.org/lobby/lobbyist.php?id=Y0000040292L&year=2014
Clack Mark,1,Thales Group,http://www.opensecrets.org/lobby/lobbyist.php?id=Y0000037909L&year=2014
Cramer Bud,3,Harris Corp | Northrop Grumman | United Launch Alliance,http://www.opensecrets.org/lobby/lobbyist.php?id=Y0000043882L&year=2014
Gauthier James,2,Airbus Group | Army Alliance Inc,http://www.opensecrets.org/lobby/lobbyist.php?id=Y0000046227L&year=2014
Lynch Thomas,2,AAR Corp | Cobham PLC,http://www.opensecrets.org/lobby/lobbyist.php?id=Y0000047900L&year=2014
Nickerson Gregory,2,Raytheon Co | United Technologies,http://www.opensecrets.org/lobby/lobbyist.php?id=Y0000008583L&year=2014
Pruitt Steve,1,Lockheed Martin,http://www.opensecrets.org/lobby/lobbyist.php?id=Y0000003986L&year=2014
Woss Jose,1,Alliance for Biosecurity,http://www.opensecrets.org/lobby/lobbyist.php?id=Y0000049594L&year=2014
McMakin Ben Lee,1,Danaher Corp,http://www.opensecrets.org/lobby/lobbyist.php?id=Y0000015025L&year=2014
Hoekstra Peter,1,Emergent BioSolutions,http://www.opensecrets.org/lobby/lobbyist.php?id=Y0000047866L&year=2014
Cohen David Phillip,1,Sentrillion,http://www.opensecrets.org/lobby/lobbyist.php?id=Y0000019942L&year=2014
Fogel-Bublick Jenn,1,Boeing Co,http://www.opensecrets.org/lobby/lobbyist.php?id=Y0000037397L&year=2014
Isakowitz Mark W,2,Airbus Group | Cerberus Capital Management,http://www.opensecrets.org/lobby/lobbyist.php?id=Y0000040333L&year=2014
Richards James,2,Finmeccanica SpA | SRA International,http://www.opensecrets.org/lobby/lobbyist.php?id=Y0000034946L&year=2014
Symms Steven D,1,Bart & Assoc,http://www.opensecrets.org/lobby/lobbyist.php?id=Y0000041393L&year=2014
Ellis Kimberly,2,Boeing Co | Le Groupe SAFRAN,http://www.opensecrets.org/lobby/lobbyist.php?id=Y0000046983L&year=2014
Snape Dale W,3,Ball Corp | Sierra Nevada Corp | United Technologies,http://www.opensecrets.org/lobby/lobbyist.php?id=Y0000003254L&year=2014
Gaines Teresa,1,General Dynamics,http://www.opensecrets.org/lobby/lobbyist.php?id=Y0000037407L&year=2014
Hall G Stewart,1,Huntington Ingalls Industries,http://www.opensecrets.org/lobby/lobbyist.php?id=Y0000011265L&year=2014
Zabriskie Nick,1,Harris Corp,http://www.opensecrets.org/lobby/lobbyist.php?id=Y0000046848L&year=2014
Rosia Megan,1,Rockwell Collins Inc,http://www.opensecrets.org/lobby/lobbyist.php?id=Y0000005228L&year=2014
Wiltraut James C,1,Kongsberg Defense & Aerospace,http://www.opensecrets.org/lobby/lobbyist.php?id=Y0000002865L&year=2014
Zagame John,2,Central New York Defense Alliance | Harris Corp,http://www.opensecrets.org/lobby/lobbyist.php?id=Y0000010100L&year=2014
Weaver Paul A,1,AirLand Enterprises,http://www.opensecrets.org/lobby/lobbyist.php?id=Y0000031264L&year=2014
Messmer Michael,1,Boeing Co,http://www.opensecrets.org/lobby/lobbyist.php?id=Y0000011677L&year=2014
Wissmann Yvette,1,American Shipping & Logistics Group,http://www.opensecrets.org/lobby/lobbyist.php?id=Y0000031527L&year=2014
Litterst Nelson,1,United Launch Alliance,http://www.opensecrets.org/lobby/lobbyist.php?id=Y0000003018L&year=2014
Koehn John,1,Northrop Grumman,http://www.opensecrets.org/lobby/lobbyist.php?id=Y0000047694L&year=2014
Banton Linda W,1,Lockheed Martin,http://www.opensecrets.org/lobby/lobbyist.php?id=Y0000036230L&year=2014
Gilman Bradley,1,US Marine Inc,http://www.opensecrets.org/lobby/lobbyist.php?id=Y0000031924L&year=2014
Gupta Sohini,1,United Technologies,http://www.opensecrets.org/lobby/lobbyist.php?id=Y0000003515L&year=2014
Nardelli Mick,1,iRobot Corp,http://www.opensecrets.org/lobby/lobbyist.php?id=Y0000041015L&year=2014
Sutton Howard G Jr,1,Boeing Co,http://www.opensecrets.org/lobby/lobbyist.php?id=Y0000048257L&year=2014
Romani Romano,1,Bart & Assoc,http://www.opensecrets.org/lobby/lobbyist.php?id=Y0000022661L&year=2014
Kreseski Steve,1,Army Alliance Inc,http://www.opensecrets.org/lobby/lobbyist.php?id=Y0000012008L&year=2014
Roberts Kimberley,1,SAIC,http://www.opensecrets.org/lobby/lobbyist.php?id=Y0000048581L&year=2014
Rafiah Zvi,1,Rafael USA,http://www.opensecrets.org/lobby/lobbyist.php?id=Y0000028071L&year=2014
Smith Robert L Jr,1,Lockheed Martin,http://www.opensecrets.org/lobby/lobbyist.php?id=Y0000040083L&year=2014
Carr Megan,1,3M Co,http://www.opensecrets.org/lobby/lobbyist.php?id=Y0000037332L&year=2014
Wickett James M,1,Airbus Group,http://www.opensecrets.org/lobby/lobbyist.php?id=Y0000036870L&year=2014
Miller Nathan J,2,Dynetics Inc | Emergent BioSolutions,http://www.opensecrets.org/lobby/lobbyist.php?id=Y0000031707L&year=2014
Flynn John P,5,Airbus Group | Huntington Ingalls Industries | Lockheed Martin | Raytheon Co | Space Exploration Technologies,http://www.opensecrets.org/lobby/lobbyist.php?id=Y0000031277L&year=2014
Lyden Patrick,1,Trimble Navigation,http://www.opensecrets.org/lobby/lobbyist.php?id=Y0000010597L&year=2014
Cooper Charles S,1,Boeing Co,http://www.opensecrets.org/lobby/lobbyist.php?id=Y0000044670L&year=2014
Hickey Daniel J,1,3M Co,http://www.opensecrets.org/lobby/lobbyist.php?id=Y0000028362L&year=2014
Baxter Edward,1,Bart & Assoc,http://www.opensecrets.org/lobby/lobbyist.php?id=Y0000014365L&year=2014
Jarvis Aleix,2,Airbus Group | Cerberus Capital Management,http://www.opensecrets.org/lobby/lobbyist.php?id=Y0000040786L&year=2014
Hicks Guy,1,Airbus Group,http://www.opensecrets.org/lobby/lobbyist.php?id=Y0000028203L&year=2014
Payne Christopher W,3,Aurora Flight Sciences | Scientific Research Corp | Sierra Nevada Corp,http://www.opensecrets.org/lobby/lobbyist.php?id=Y0000039269L&year=2014
Hall Gary M,5,CAE Inc | General Dynamics | L-3 Communications | Raytheon Co | ViaSat Inc,http://www.opensecrets.org/lobby/lobbyist.php?id=Y0000017506L&year=2014
Maier Elizabeth A,1,Sentrillion,http://www.opensecrets.org/lobby/lobbyist.php?id=Y0000048505L&year=2014
McKeown Frank J,1,Triumph Group,http://www.opensecrets.org/lobby/lobbyist.php?id=Y0000027385L&year=2014
Myers David,6,General Dynamics | Northrop Grumman | Raytheon Co | Saab AB | United Technologies | Vencore,http://www.opensecrets.org/lobby/lobbyist.php?id=Y0000007102L&year=2014
Piper Billy,2,Airbus Group | Cerberus Capital Management,http://www.opensecrets.org/lobby/lobbyist.php?id=Y0000045310L&year=2014
Tindal D'Anna,1,L-3 Communications,http://www.opensecrets.org/lobby/lobbyist.php?id=Y0000011276L&year=2014
Grab Glenn,1,Harris Corp,http://www.opensecrets.org/lobby/lobbyist.php?id=Y0000034699L&year=2014
Johnson Meghan,1,Huntington Ingalls Industries,http://www.opensecrets.org/lobby/lobbyist.php?id=Y0000024745L&year=2014
Keast John,5,Aurora Flight Sciences | Boeing Co | Ducommun Inc | General Dynamics | Saab AB,http://www.opensecrets.org/lobby/lobbyist.php?id=Y0000001966L&year=2014
Markey Jeff,2,Boeing Co | General Dynamics,http://www.opensecrets.org/lobby/lobbyist.php?id=Y0000033338L&year=2014
Miller Kevin,2,Engineered Arresting Systems Corp | Lockheed Martin,http://www.opensecrets.org/lobby/lobbyist.php?id=Y0000034614L&year=2014
Neal Robert,1,Raytheon Co,http://www.opensecrets.org/lobby/lobbyist.php?id=Y0000026161L&year=2014
O'brien Lauren,1,United Technologies,http://www.opensecrets.org/lobby/lobbyist.php?id=Y0000048186L&year=2014
Sterner Suzanne C,1,Exelis Inc,http://www.opensecrets.org/lobby/lobbyist.php?id=Y0000016138L&year=2014
Carter Michael R,2,Airborne Tactical Advantage Co | AtHoc Inc,http://www.opensecrets.org/lobby/lobbyist.php?id=Y0000013359L&year=2014
Tarplin Linda E,1,3M Co,http://www.opensecrets.org/lobby/lobbyist.php?id=Y0000040096M&year=2014
Diresta Nicole,2,BAE Systems | Sterling Global Operations,http://www.opensecrets.org/lobby/lobbyist.php?id=Y0000047639L&year=2014
Wells Erskine,3,Airbus Group | Huntington Ingalls Industries | Raytheon Co,http://www.opensecrets.org/lobby/lobbyist.php?id=Y0000046416L&year=2014
Bradish Christopher K,3,General Dynamics | Raytheon Ktech Corp | Schafer Corp,http://www.opensecrets.org/lobby/lobbyist.php?id=Y0000045582L&year=2014
Corrigan Joseph,2,Complete Parachute Solutions | Protective Group Inc,http://www.opensecrets.org/lobby/lobbyist.php?id=Y0000018811L&year=2014
Dahlberg Gregory,1,Lockheed Martin,http://www.opensecrets.org/lobby/lobbyist.php?id=Y0000028662L&year=2014
Davis Geoff,1,United Technologies,http://www.opensecrets.org/lobby/lobbyist.php?id=Y0000048843L&year=2014
Donovan Sarah,1,ViaSat Inc,http://www.opensecrets.org/lobby/lobbyist.php?id=Y0000043897L&year=2014
Fraser Mary Ellen,1,Lockheed Martin,http://www.opensecrets.org/lobby/lobbyist.php?id=Y0000037156L&year=2014
Ghazal Jay C,2,Aspen Aerogels | Cerberus Capital Management,http://www.opensecrets.org/lobby/lobbyist.php?id=Y0000002137L&year=2014
Hall Stuart C,1,Danaher Corp,http://www.opensecrets.org/lobby/lobbyist.php?id=Y0000002820L&year=2014
Hamaker Jill,1,Emergent BioSolutions,http://www.opensecrets.org/lobby/lobbyist.php?id=Y0000045135L&year=2014
Hoekstra Matthew,2,General Dynamics | Orbis Operations,http://www.opensecrets.org/lobby/lobbyist.php?id=Y0000038108L&year=2014
Hurt Robert H,4,Aurora Flight Sciences | Mercer Engineering Research Center | Scientific Research Corp | Sierra Nevada Corp,http://www.opensecrets.org/lobby/lobbyist.php?id=Y0000040587L&year=2014
Lankler Greg,2,Northrop Grumman | United Technologies,http://www.opensecrets.org/lobby/lobbyist.php?id=Y0000045219L&year=2014
Meissner Robert M,2,L-3 Communications | Mercer Engineering Research Center,http://www.opensecrets.org/lobby/lobbyist.php?id=Y0000015092L&year=2014
Peace Chris,1,United Technologies,http://www.opensecrets.org/lobby/lobbyist.php?id=Y0000012355L&year=2014
Shockey Jeffrey,6,Boeing Co | General Dynamics | Innovative Defense Technologies | Northrop Grumman | United Launch Alliance | United Technologies,http://www.opensecrets.org/lobby/lobbyist.php?id=Y0000026479L&year=2014
Chappell Mike,2,Airbus Group | Cerberus Capital Management,http://www.opensecrets.org/lobby/lobbyist.php?id=Y0000003252L&year=2014
Ervin Clark,1,Shotspotter Inc,http://www.opensecrets.org/lobby/lobbyist.php?id=Y0000046679L&year=2014
Hill Alan,1,Serco Group,http://www.opensecrets.org/lobby/lobbyist.php?id=Y0000006631L&year=2014
Fife Menda,5,BAE Systems | Finmeccanica SpA | GenCorp Inc | General Dynamics | Northrop Grumman,http://www.opensecrets.org/lobby/lobbyist.php?id=Y0000029184L&year=2014
Miller Kenneth,1,Assn of Old Crows,http://www.opensecrets.org/lobby/lobbyist.php?id=Y0000018837L&year=2014
Rozelsky Kevin,1,Boeing Co,http://www.opensecrets.org/lobby/lobbyist.php?id=Y0000027172L&year=2014
Elsmo Eric,1,CAE Inc,http://www.opensecrets.org/lobby/lobbyist.php?id=Y0000043458L&year=2014
Ritter Douglas D,1,General Dynamics,http://www.opensecrets.org/lobby/lobbyist.php?id=Y0000037089L&year=2014
Stephens W Dennis,1,American Auto Logistics,http://www.opensecrets.org/lobby/lobbyist.php?id=Y0000013932L&year=2014
Swonger Chris R,1,Smiths Group plc,http://www.opensecrets.org/lobby/lobbyist.php?id=Y0000008883L&year=2014
Grebenstein Liesl,3,ArmorSource | BE Meyers & Co | CI Capital Partners,http://www.opensecrets.org/lobby/lobbyist.php?id=Y0000042159L&year=2014
Book Erin,1,Orbis Operations,http://www.opensecrets.org/lobby/lobbyist.php?id=Y0000026813L&year=2014
Burr Danielle,1,Alliant Techsystems,http://www.opensecrets.org/lobby/lobbyist.php?id=Y0000045651L&year=2014
Green Kaylene,2,Lockheed Martin | VSE Corp,http://www.opensecrets.org/lobby/lobbyist.php?id=Y0000000765L&year=2014
Linn Meagan,1,Northrop Grumman,http://www.opensecrets.org/lobby/lobbyist.php?id=Y0000049473L&year=2014
Lund Andrew,1,Ventura County Community-Navy Partnershp,http://www.opensecrets.org/lobby/lobbyist.php?id=Y0000048155L&year=2014
Spivey Les,2,Hesco Bastion USA | Smiths Group plc,http://www.opensecrets.org/lobby/lobbyist.php?id=Y0000033358L&year=2014
Thom Gregory,1,Ultra Electronics,http://www.opensecrets.org/lobby/lobbyist.php?id=Y0000049083L&year=2014
Tuten M Todd,1,Northrop Grumman,http://www.opensecrets.org/lobby/lobbyist.php?id=Y0000015890L&year=2014
Adams David S,1,Global Strategies Group,http://www.opensecrets.org/lobby/lobbyist.php?id=Y0000048340L&year=2014
Scofield John,6,Boeing Co | General Dynamics | Innovative Defense Technologies | Northrop Grumman | United Launch Alliance | United Technologies,http://www.opensecrets.org/lobby/lobbyist.php?id=Y0000019035L&year=2014
Rich Joseph,1,United Technologies,http://www.opensecrets.org/lobby/lobbyist.php?id=Y0000044104L&year=2014
Amitay Morris J,1,General Dynamics,http://www.opensecrets.org/lobby/lobbyist.php?id=Y0000004243L&year=2014
Etherton Jonathan,9,BAE Systems | Boeing Co | Lockheed Martin | Mantech International | Northrop Grumman | Picerne Military Housing | Raytheon Co | SAIC | United Technologies,http://www.opensecrets.org/lobby/lobbyist.php?id=Y0000032094L&year=2014
Kimbrell Aubert,1,Airbus Group,http://www.opensecrets.org/lobby/lobbyist.php?id=Y0000027718L&year=2014
Scott Shannon L,4,Finmeccanica SpA | MBDA Inc | Omega Air | Wartsila Defense,http://www.opensecrets.org/lobby/lobbyist.php?id=Y0000030724L&year=2014
Van de Water Read C,1,Le Groupe SAFRAN,http://www.opensecrets.org/lobby/lobbyist.php?id=Y0000014078L&year=2014
Van Deusen Karl J,1,FLIR Systems,http://www.opensecrets.org/lobby/lobbyist.php?id=Y0000047510L&year=2014
Lasseter David,1,United Technologies,http://www.opensecrets.org/lobby/lobbyist.php?id=Y0000046734L&year=2014
Bargo Kevin,1,United Launch Alliance,http://www.opensecrets.org/lobby/lobbyist.php?id=Y0000046928L&year=2014
Grone Philip,1,United Technologies,http://www.opensecrets.org/lobby/lobbyist.php?id=Y0000046241L&year=2014
Siracuse Kraig M,5,Alaska Structures | Central New York Defense Alliance | Harris Corp | Lockheed Martin | United Technologies,http://www.opensecrets.org/lobby/lobbyist.php?id=Y0000017455L&year=2014
Mabry Milam D,1,Ultra Electronics,http://www.opensecrets.org/lobby/lobbyist.php?id=Y0000040244L&year=2014
Zeppieri Carla N,2,Harris Corp | Raytheon Co,http://www.opensecrets.org/lobby/lobbyist.php?id=Y0000007951L&year=2014
Hickey David M,2,Complete Parachute Solutions | Protective Group Inc,http://www.opensecrets.org/lobby/lobbyist.php?id=Y0000007958L&year=2014
Mulligan John P,2,Boeing Co | Le Groupe SAFRAN,http://www.opensecrets.org/lobby/lobbyist.php?id=Y0000044797L&year=2014
Crumbliss John,1,Boeing Co,http://www.opensecrets.org/lobby/lobbyist.php?id=Y0000008341L&year=2014
Galloway Archibald Jr,6,CAE Inc | General Dynamics | L-3 Communications | MBDA Inc | Raytheon Co | Torch Technologies,http://www.opensecrets.org/lobby/lobbyist.php?id=Y0000036695L&year=2014
O'Donnell Thomas J,1,Boeing Co,http://www.opensecrets.org/lobby/lobbyist.php?id=Y0000017449L&year=2014
Anderson Rebecca,1,General Dynamics,http://www.opensecrets.org/lobby/lobbyist.php?id=Y0000049647L&year=2014
Fernandez Manuel Jr,1,Textron Inc,http://www.opensecrets.org/lobby/lobbyist.php?id=Y0000008706L&year=2014
Henry Valerie,1,Trimble Navigation,http://www.opensecrets.org/lobby/lobbyist.php?id=Y0000003024L&year=2014
Lavach Elizabeth K,3,FLIR Systems | ICx Technologies | ICx Technologies,http://www.opensecrets.org/lobby/lobbyist.php?id=Y0000016770L&year=2014
McClean Scott D,2,Airborne Tactical Advantage Co | AtHoc Inc,http://www.opensecrets.org/lobby/lobbyist.php?id=Y0000015905L&year=2014
Palomo Oswaldo,3,ArmorSource | BE Meyers & Co | CI Capital Partners,http://www.opensecrets.org/lobby/lobbyist.php?id=Y0000038380L&year=2014
Wrigley Robert,1,Airbus Group,http://www.opensecrets.org/lobby/lobbyist.php?id=Y0000033840L&year=2014
Clark Steve,2,Boeing Co | Smiths Group plc,http://www.opensecrets.org/lobby/lobbyist.php?id=Y0000004291L&year=2014
Alonso Jane,2,Boeing Co | Le Groupe SAFRAN,http://www.opensecrets.org/lobby/lobbyist.php?id=Y0000039602L&year=2014
Anderson Philmore B,1,Alliant Techsystems,http://www.opensecrets.org/lobby/lobbyist.php?id=Y0000040035L&year=2014
Bednarek Stephanie,1,Space Exploration Technologies,http://www.opensecrets.org/lobby/lobbyist.php?id=Y0000039069L&year=2014
Boyles Bret K,2,Huntington Ingalls Industries | Space Exploration Technologies,http://www.opensecrets.org/lobby/lobbyist.php?id=Y0000002568L&year=2014
Caron Chris,1,Acorn Growth Co,http://www.opensecrets.org/lobby/lobbyist.php?id=Y0000046954L&year=2014
Desmond James M,1,Lockheed Martin,http://www.opensecrets.org/lobby/lobbyist.php?id=Y0000001489L&year=2014
Diffell Brian,2,Raytheon Co | United Technologies,http://www.opensecrets.org/lobby/lobbyist.php?id=Y0000049136L&year=2014
Gaboton Josh,2,Babington Technology | Dynamic Animation Systems,http://www.opensecrets.org/lobby/lobbyist.php?id=Y0000029523L&year=2014
Gans Daniel,1,Gauss Management Research & Engineering,http://www.opensecrets.org/lobby/lobbyist.php?id=Y0000012215L&year=2014
Hanna Tania,1,Harris Corp,http://www.opensecrets.org/lobby/lobbyist.php?id=Y0000015273L&year=2014
Harris Sheldon J,1,Huntington Ingalls Industries,http://www.opensecrets.org/lobby/lobbyist.php?id=Y0000040300L&year=2014
Heiman Bruce,1,American Auto Logistics,http://www.opensecrets.org/lobby/lobbyist.php?id=Y0000040071L&year=2014
Jankowsky Joel,1,Trimble Navigation,http://www.opensecrets.org/lobby/lobbyist.php?id=Y0000046554L&year=2014
Ladier Tovah,1,Cogent Systems,http://www.opensecrets.org/lobby/lobbyist.php?id=Y0000008698L&year=2014
Maddox Lauren,1,Lockheed Martin,http://www.opensecrets.org/lobby/lobbyist.php?id=Y0000029594M&year=2014
Maynard Rory,1,Lockheed Martin,http://www.opensecrets.org/lobby/lobbyist.php?id=Y0000021414L&year=2014
Mellody Charles J,1,Emergent BioSolutions,http://www.opensecrets.org/lobby/lobbyist.php?id=Y0000040420L&year=2014
Morra Elizabeth,1,Lockheed Martin,http://www.opensecrets.org/lobby/lobbyist.php?id=Y0000025258L&year=2014
Nashashibi Omar,1,Cobham PLC,http://www.opensecrets.org/lobby/lobbyist.php?id=Y0000004178L&year=2014
Paul Marisa,1,Raytheon Co,http://www.opensecrets.org/lobby/lobbyist.php?id=Y0000033571L&year=2014
Peterson Timothy A,1,Rockwell Collins Inc,http://www.opensecrets.org/lobby/lobbyist.php?id=Y0000017739L&year=2014
Podesta Tony,5,BAE Systems | General Dynamics | Global Strategies Group | Lockheed Martin | Textron Inc,http://www.opensecrets.org/lobby/lobbyist.php?id=Y0000046505L&year=2014
Poleto David,1,United Technologies,http://www.opensecrets.org/lobby/lobbyist.php?id=Y0000002009L&year=2014
Riley H McGuire,1,Munitions Industrial Base Task Force,http://www.opensecrets.org/lobby/lobbyist.php?id=Y0000026457L&year=2014
Shank John,1,Boeing Co,http://www.opensecrets.org/lobby/lobbyist.php?id=Y0000036792L&year=2014
Tucker Patrick A,1,Huntington Ingalls Industries,http://www.opensecrets.org/lobby/lobbyist.php?id=Y0000003431L&year=2014
Versage Vincent,1,Lockheed Martin,http://www.opensecrets.org/lobby/lobbyist.php?id=Y0000041939L&year=2014
Vitale Christopher P,1,Picerne Military Housing,http://www.opensecrets.org/lobby/lobbyist.php?id=Y0000041399L&year=2014
Vogel Alex,1,United Technologies,http://www.opensecrets.org/lobby/lobbyist.php?id=Y0000028826L&year=2014
Guzik John,1,Cobham PLC,http://www.opensecrets.org/lobby/lobbyist.php?id=Y0000010061L&year=2014
Montgomery John B,1,Guam Shipyard,http://www.opensecrets.org/lobby/lobbyist.php?id=Y0000009693L&year=2014
Meltsner James R,1,General Dynamics,http://www.opensecrets.org/lobby/lobbyist.php?id=Y0000007273L&year=2014
Littig M James,1,Chemring Group,http://www.opensecrets.org/lobby/lobbyist.php?id=Y0000028295L&year=2014
Frost Whitney,2,Metals Affordability Initiative Assn | Space Exploration Technologies,http://www.opensecrets.org/lobby/lobbyist.php?id=Y0000049399L&year=2014
Kierig Christian,1,Northrop Grumman,http://www.opensecrets.org/lobby/lobbyist.php?id=Y0000001104L&year=2014
Whisler Lisa A,1,Lockheed Martin,http://www.opensecrets.org/lobby/lobbyist.php?id=Y0000027818L&year=2014
Kent Don,1,Space Exploration Technologies,http://www.opensecrets.org/lobby/lobbyist.php?id=Y0000024359L&year=2014
Badger Stephanie,1,Space Exploration Technologies,http://www.opensecrets.org/lobby/lobbyist.php?id=Y0000044244L&year=2014
Moran Gene,1,Mikros Systems,http://www.opensecrets.org/lobby/lobbyist.php?id=Y0000003069L&year=2014
Sadowski Daniel,1,ADS Inc,http://www.opensecrets.org/lobby/lobbyist.php?id=Y0000043655L&year=2014
Young Jennifer B,1,3M Co,http://www.opensecrets.org/lobby/lobbyist.php?id=Y0000017431M&year=2014
Laver Susan,1,GenCorp Inc,http://www.opensecrets.org/lobby/lobbyist.php?id=Y0000048919L&year=2014
Dwyer Denis J,1,Orbis Operations,http://www.opensecrets.org/lobby/lobbyist.php?id=Y0000046536L&year=2014
Gentry James,6,Armatec Survivability Corp | L-3 Communications | MacGregor | MBDA Inc | Prox Dynamics | Wartsila Defense,http://www.opensecrets.org/lobby/lobbyist.php?id=Y0000009354L&year=2014
Hardwick Maureen Donahue,1,Alliance for Biosecurity,http://www.opensecrets.org/lobby/lobbyist.php?id=Y0000027470L&year=2014
Musarra Gerald,1,Lockheed Martin,http://www.opensecrets.org/lobby/lobbyist.php?id=Y0000019139L&year=2014
Beer Michael,1,General Dynamics,http://www.opensecrets.org/lobby/lobbyist.php?id=Y0000049659L&year=2014
Dijames Jenny,1,General Dynamics,http://www.opensecrets.org/lobby/lobbyist.php?id=Y0000049704L&year=2014
Hirsch Paul J,1,L-3 Communications,http://www.opensecrets.org/lobby/lobbyist.php?id=Y0000031205L&year=2014
Hodgson Lanier Swann,2,Analytical Graphics Inc | Huntington Ingalls Industries,http://www.opensecrets.org/lobby/lobbyist.php?id=Y0000006601L&year=2014
Baierlein Daniele,2,General Dynamics | Lockheed Martin,http://www.opensecrets.org/lobby/lobbyist.php?id=Y0000003533L&year=2014
Brachman Marshall A,1,Lockheed Martin,http://www.opensecrets.org/lobby/lobbyist.php?id=Y0000013851L&year=2014
Groover Elizabeth,2,FN Herstal | L-3 Communications,http://www.opensecrets.org/lobby/lobbyist.php?id=Y0000021757L&year=2014
Phillips Steven R,2,Analytical Graphics Inc | ViaSat Inc,http://www.opensecrets.org/lobby/lobbyist.php?id=Y0000001411L&year=2014
Abrams Benjamin,1,Northrop Grumman,http://www.opensecrets.org/lobby/lobbyist.php?id=Y0000044948L&year=2014
Marangi Karen,1,Shotspotter Inc,http://www.opensecrets.org/lobby/lobbyist.php?id=Y0000025972L&year=2014
Monroe Loren,2,Huntington Ingalls Industries | Raytheon Co,http://www.opensecrets.org/lobby/lobbyist.php?id=Y0000040616L&year=2014
Bromelkamp Timothy,1,Space Data Corp,http://www.opensecrets.org/lobby/lobbyist.php?id=Y0000009104L&year=2014
Dixson Herbert Lee,3,Elbit Systems | Optical Air Data Systems | Textron Inc,http://www.opensecrets.org/lobby/lobbyist.php?id=Y0000013946L&year=2014
Goodman Ruthanne,1,Huntington Ingalls Industries,http://www.opensecrets.org/lobby/lobbyist.php?id=Y0000002794L&year=2014
Hanes Hugh,1,Metals Affordability Initiative Assn,http://www.opensecrets.org/lobby/lobbyist.php?id=Y0000026061L&year=2014
Pyatt Richard L,1,United Technologies,http://www.opensecrets.org/lobby/lobbyist.php?id=Y0000020223L&year=2014
Suchan Gregory,1,Huntington Ingalls Industries,http://www.opensecrets.org/lobby/lobbyist.php?id=Y0000030178L&year=2014
Young Nicole,2,General Dynamics | Lockheed Martin,http://www.opensecrets.org/lobby/lobbyist.php?id=Y0000017416L&year=2014
Cranford Jay N III,2,Boeing Co | Smiths Group plc,http://www.opensecrets.org/lobby/lobbyist.php?id=Y0000030143L&year=2014
Cox Chris C,2,Alliant Techsystems | Emergent BioSolutions,http://www.opensecrets.org/lobby/lobbyist.php?id=Y0000027370L&year=2014
Zanetti Jason,1,Cerberus Capital Management,http://www.opensecrets.org/lobby/lobbyist.php?id=Y0000022960L&year=2014
Hennessey Heather,1,Trimble Navigation,http://www.opensecrets.org/lobby/lobbyist.php?id=Y0000011717L&year=2014
Spata Joseph,1,Silvaco International,http://www.opensecrets.org/lobby/lobbyist.php?id=Y0000033100L&year=2014
Ebbs William,1,Huntington Ingalls Industries,http://www.opensecrets.org/lobby/lobbyist.php?id=Y0000045699L&year=2014
Harper Graham,1,United Technologies,http://www.opensecrets.org/lobby/lobbyist.php?id=Y0000043949L&year=2014
Angielski Shannon,1,GenCorp Inc,http://www.opensecrets.org/lobby/lobbyist.php?id=Y0000009550L&year=2014
Ball William L,1,Airbus Group,http://www.opensecrets.org/lobby/lobbyist.php?id=Y0000041537L&year=2014
Callahan Sonny,1,Lockheed Martin,http://www.opensecrets.org/lobby/lobbyist.php?id=Y0000040968L&year=2014
Costello Jerry F,1,Boeing Co,http://www.opensecrets.org/lobby/lobbyist.php?id=Y0000048386L&year=2014
Easton Michelle P,1,3M Co,http://www.opensecrets.org/lobby/lobbyist.php?id=Y0000018505L&year=2014
Goode Chris,3,Applied DNA Sciences | Barksdale Forward | SRC Inc,http://www.opensecrets.org/lobby/lobbyist.php?id=Y0000042066L&year=2014
Green Jeffery,3,Exelis Inc | Metals Affordability Initiative Assn | Space Exploration Technologies,http://www.opensecrets.org/lobby/lobbyist.php?id=Y0000042085L&year=2014
Hafner Judy,1,SAIC,http://www.opensecrets.org/lobby/lobbyist.php?id=Y0000037221L&year=2014
Hamilton Jenna Morgan,1,Emergent BioSolutions,http://www.opensecrets.org/lobby/lobbyist.php?id=Y0000018185L&year=2014
Harrington Gerald T,1,Picerne Military Housing,http://www.opensecrets.org/lobby/lobbyist.php?id=Y0000040378L&year=2014
Hickman Chelsey P,3,Frontier Performance Polymers | General Dynamics | Impact Instrumentation,http://www.opensecrets.org/lobby/lobbyist.php?id=Y0000047864L&year=2014
Johnson Lee,1,Imperatis Corp,http://www.opensecrets.org/lobby/lobbyist.php?id=Y0000034222L&year=2014
Moore Riley,4,General Dynamics | Global Strategies Group | Lockheed Martin | Textron Inc,http://www.opensecrets.org/lobby/lobbyist.php?id=Y0000048178L&year=2014
Phifer Franklin C Jr,2,3M Co | Emergent BioSolutions,http://www.opensecrets.org/lobby/lobbyist.php?id=Y0000009919L&year=2014
Sturgell Robert,1,Rockwell Collins Inc,http://www.opensecrets.org/lobby/lobbyist.php?id=Y0000039585L&year=2014
Tripodi Cynthia Merifield,1,Space Exploration Technologies,http://www.opensecrets.org/lobby/lobbyist.php?id=Y0000040045L&year=2014
Wahlquist Andrew,1,VSE Corp,http://www.opensecrets.org/lobby/lobbyist.php?id=Y0000041990L&year=2014
West Randall L,3,Elbit Systems | Optical Air Data Systems | Textron Inc,http://www.opensecrets.org/lobby/lobbyist.php?id=Y0000040537L&year=2014
Winterling Grayson,1,Saab AB,http://www.opensecrets.org/lobby/lobbyist.php?id=Y0000009405L&year=2014
Lee William J,1,Raytheon Co,http://www.opensecrets.org/lobby/lobbyist.php?id=Y0000033086L&year=2014
Carlin J David,1,Boeing Co,http://www.opensecrets.org/lobby/lobbyist.php?id=Y0000037023L&year=2014
Moloney John Martin,1,Boeing Co,http://www.opensecrets.org/lobby/lobbyist.php?id=Y0000034170L&year=2014
Bowlden Taylor,1,3M Co,http://www.opensecrets.org/lobby/lobbyist.php?id=Y0000005871L&year=2014
Johnson Joel P,2,Airbus Group | Textron Inc,http://www.opensecrets.org/lobby/lobbyist.php?id=Y0000041500L&year=2014
Fowler Jan,2,Raytheon Co | United Technologies,http://www.opensecrets.org/lobby/lobbyist.php?id=Y0000043476L&year=2014
Klein Izzy,2,BAE Systems | Textron Inc,http://www.opensecrets.org/lobby/lobbyist.php?id=Y0000038188L&year=2014
Nagelbush Tracy,1,Danaher Corp,http://www.opensecrets.org/lobby/lobbyist.php?id=Y0000009038L&year=2014
Smith Charles,2,Lockheed Martin | VSE Corp,http://www.opensecrets.org/lobby/lobbyist.php?id=Y0000040704L&year=2014
Herson Michael,9,BAE Systems | General Dynamics | L-3 Communications | Northrop Grumman | Raytheon Co | Saab AB | Space Exploration Technologies | United Technologies | Vencore,http://www.opensecrets.org/lobby/lobbyist.php?id=Y0000010014L&year=2014
Lawrence Vaca Jessica,3,General Dynamics | Lockheed Martin | MBDA Inc,http://www.opensecrets.org/lobby/lobbyist.php?id=Y0000037522L&year=2014
Shupp Michael,2,Metal Shark LLC | Total Military Management,http://www.opensecrets.org/lobby/lobbyist.php?id=Y0000038499L&year=2014
Wilson Karen L,1,Boeing Co,http://www.opensecrets.org/lobby/lobbyist.php?id=Y0000001911L&year=2014
PHILLIPS ELIZABETH,1,Huntington Ingalls Industries,http://www.opensecrets.org/lobby/lobbyist.php?id=Y0000045307L&year=2014
Black Julie E,1,Northrop Grumman,http://www.opensecrets.org/lobby/lobbyist.php?id=Y0000003917L&year=2014
Brunson Brooks,1,Sentrillion,http://www.opensecrets.org/lobby/lobbyist.php?id=Y0000001875L&year=2014
Bynum GT,1,Tactical Electronics,http://www.opensecrets.org/lobby/lobbyist.php?id=Y0000039982L&year=2014
Dunn Mathew,1,Space Exploration Technologies,http://www.opensecrets.org/lobby/lobbyist.php?id=Y0000045074L&year=2014
Hill Graham,2,AAR Corp | Cobham PLC,http://www.opensecrets.org/lobby/lobbyist.php?id=Y0000036174L&year=2014
Johnson Michael S,2,Dynetics Inc | Emergent BioSolutions,http://www.opensecrets.org/lobby/lobbyist.php?id=Y0000028557L&year=2014
McCalman Stuart,1,Tactical Electronics,http://www.opensecrets.org/lobby/lobbyist.php?id=Y0000038274L&year=2014
Thornblad Matthew,1,United Technologies,http://www.opensecrets.org/lobby/lobbyist.php?id=Y0000044486L&year=2014
Wagner Jennifer,1,Raytheon Co,http://www.opensecrets.org/lobby/lobbyist.php?id=Y0000045993L&year=2014
Kelly Kevin F,7,Ball Corp | LJT & Assoc | Lockheed Martin | Sgt Inc | Sigma Space Corp | Smiths Group plc | United Launch Alliance,http://www.opensecrets.org/lobby/lobbyist.php?id=Y0000041925L&year=2014
Valentine Steven,1,American Auto Logistics,http://www.opensecrets.org/lobby/lobbyist.php?id=Y0000015825L&year=2014
Dapson Matthew,1,Textron Inc,http://www.opensecrets.org/lobby/lobbyist.php?id=Y0000022151L&year=2014
Lampkin Marc,1,Sentrillion,http://www.opensecrets.org/lobby/lobbyist.php?id=Y0000015980L&year=2014
Mehlman Bruce P,1,United Technologies,http://www.opensecrets.org/lobby/lobbyist.php?id=Y0000021662L&year=2014
Berl William Evan,1,Alliant Techsystems,http://www.opensecrets.org/lobby/lobbyist.php?id=Y0000022504L&year=2014
Van Dusen Karl,1,FLIR Systems,http://www.opensecrets.org/lobby/lobbyist.php?id=Y0000049865L&year=2014
Collins Richard L,1,North Star Scientific,http://www.opensecrets.org/lobby/lobbyist.php?id=Y0000041948L&year=2014
Jones Robert J,1,Boeing Co,http://www.opensecrets.org/lobby/lobbyist.php?id=Y0000000703L&year=2014
Koloszar Melissa A,2,Chemring Group | Saab AB,http://www.opensecrets.org/lobby/lobbyist.php?id=Y0000002304L&year=2014
Van De Water Mark,4,L-3 Communications | Le Groupe SAFRAN | Thales Group | Thales Group,http://www.opensecrets.org/lobby/lobbyist.php?id=Y0000020039L&year=2014
Adkins William,1,United Launch Alliance,http://www.opensecrets.org/lobby/lobbyist.php?id=Y0000007259L&year=2014
Balzano Michael P Jr,1,Huntington Ingalls Industries,http://www.opensecrets.org/lobby/lobbyist.php?id=Y0000000164L&year=2014
Barnes John R,1,FN Herstal,http://www.opensecrets.org/lobby/lobbyist.php?id=Y0000017699L&year=2014
Barton Joseph,3,Aurora Flight Sciences | Ducommun Inc | General Dynamics,http://www.opensecrets.org/lobby/lobbyist.php?id=Y0000046124L&year=2014
Bozell Laura,1,General Dynamics,http://www.opensecrets.org/lobby/lobbyist.php?id=Y0000047613L&year=2014
Brown Alicia,1,Harris Corp,http://www.opensecrets.org/lobby/lobbyist.php?id=Y0000048659L&year=2014
Burnett Wally,3,Boeing Co | Exelis Inc | Northrop Grumman,http://www.opensecrets.org/lobby/lobbyist.php?id=Y0000040924L&year=2014
Cahill John D,1,L-3 Communications,http://www.opensecrets.org/lobby/lobbyist.php?id=Y0000030069L&year=2014
Carr Susan,1,Combat Displays Inc,http://www.opensecrets.org/lobby/lobbyist.php?id=Y0000022741L&year=2014
Cunningham Bryan,1,Gauss Management Research & Engineering,http://www.opensecrets.org/lobby/lobbyist.php?id=Y0000041083L&year=2014
D'Amato Christopher,2,Lockheed Martin | United Technologies,http://www.opensecrets.org/lobby/lobbyist.php?id=Y0000040489L&year=2014
Derderian James,1,Trimble Navigation,http://www.opensecrets.org/lobby/lobbyist.php?id=Y0000040289L&year=2014
Desmond Carrie E,1,Lockheed Martin,http://www.opensecrets.org/lobby/lobbyist.php?id=Y0000022320L&year=2014
Drumm Tim,3,Applied DNA Sciences | Barksdale Forward | SRC Inc,http://www.opensecrets.org/lobby/lobbyist.php?id=Y0000048081L&year=2014
Dubee Melvin,1,Lockheed Martin,http://www.opensecrets.org/lobby/lobbyist.php?id=Y0000038764L&year=2014
Dyer Jim,3,General Dynamics | Lockheed Martin | Northrop Grumman,http://www.opensecrets.org/lobby/lobbyist.php?id=Y0000004685L&year=2014
Ehudin Marc,1,Textron Inc,http://www.opensecrets.org/lobby/lobbyist.php?id=Y0000034533L&year=2014
Faulkner Charles,3,Airbus Group | Huntington Ingalls Industries | Raytheon Co,http://www.opensecrets.org/lobby/lobbyist.php?id=Y0000047332L&year=2014
Fraser James,1,Thales Group,http://www.opensecrets.org/lobby/lobbyist.php?id=Y0000026830L&year=2014
Frech Chris,1,Emergent BioSolutions,http://www.opensecrets.org/lobby/lobbyist.php?id=Y0000038035L&year=2014
Gardepe William M,1,General Dynamics,http://www.opensecrets.org/lobby/lobbyist.php?id=Y0000029188L&year=2014
Grossman Lawrence C,3,General Dynamics | Raytheon Ktech Corp | Schafer Corp,http://www.opensecrets.org/lobby/lobbyist.php?id=Y0000040433L&year=2014
Hamlett Sarah,1,Huntington Ingalls Industries,http://www.opensecrets.org/lobby/lobbyist.php?id=Y0000036809L&year=2014
Hart Jack Steven,1,General Dynamics,http://www.opensecrets.org/lobby/lobbyist.php?id=Y0000046542L&year=2014
Harvey Gerald,1,Lockheed Martin,http://www.opensecrets.org/lobby/lobbyist.php?id=Y0000006454L&year=2014
Hecht William H,2,3M Co | Emergent BioSolutions,http://www.opensecrets.org/lobby/lobbyist.php?id=Y0000041334L&year=2014
Holladay Krister,1,United Technologies,http://www.opensecrets.org/lobby/lobbyist.php?id=Y0000009393L&year=2014
Kirk William A Jr,1,American Auto Logistics,http://www.opensecrets.org/lobby/lobbyist.php?id=Y0000026941L&year=2014
Le Will,1,Kongsberg Defense & Aerospace,http://www.opensecrets.org/lobby/lobbyist.php?id=Y0000047404L&year=2014
Leibham Nicholas A,1,American Auto Logistics,http://www.opensecrets.org/lobby/lobbyist.php?id=Y0000038218L&year=2014
Leonard Robert J,1,United Technologies,http://www.opensecrets.org/lobby/lobbyist.php?id=Y0000024300L&year=2014
MacKenzie Scott,2,Frontier Performance Polymers | General Dynamics,http://www.opensecrets.org/lobby/lobbyist.php?id=Y0000047573L&year=2014
Maxfield Melinda,1,Orbis Operations,http://www.opensecrets.org/lobby/lobbyist.php?id=Y0000029617L&year=2014
McColaugh Kevin,1,GenCorp Inc,http://www.opensecrets.org/lobby/lobbyist.php?id=Y0000004102L&year=2014
Morgenstern David,2,General Dynamics | Lockheed Martin,http://www.opensecrets.org/lobby/lobbyist.php?id=Y0000045843L&year=2014
Murray Mark William,1,Boeing Co,http://www.opensecrets.org/lobby/lobbyist.php?id=Y0000004844L&year=2014
O'Connell Janice M,1,Boeing Co,http://www.opensecrets.org/lobby/lobbyist.php?id=Y0000012038L&year=2014
O'Donnell John F,1,Lockheed Martin,http://www.opensecrets.org/lobby/lobbyist.php?id=Y0000039390L&year=2014
O'hanlon Kevin,1,Gauss Management Research & Engineering,http://www.opensecrets.org/lobby/lobbyist.php?id=Y0000048541L&year=2014
O'Neill Joseph P,1,Lockheed Martin,http://www.opensecrets.org/lobby/lobbyist.php?id=Y0000015469L&year=2014
O'Toole Diane,1,Raydon,http://www.opensecrets.org/lobby/lobbyist.php?id=Y0000031705L&year=2014
Olivares Edward C,1,Silvaco International,http://www.opensecrets.org/lobby/lobbyist.php?id=Y0000040734L&year=2014
Olson Zach,1,Lockheed Martin,http://www.opensecrets.org/lobby/lobbyist.php?id=Y0000047718L&year=2014
Paoletta Mark,1,ViaSat Inc,http://www.opensecrets.org/lobby/lobbyist.php?id=Y0000036687L&year=2014
Pressnell-Hessenius Elizabeth (Sissy),1,Smiths Group plc,http://www.opensecrets.org/lobby/lobbyist.php?id=Y0000007235L&year=2014
Principi Anthony J,1,Lockheed Martin,http://www.opensecrets.org/lobby/lobbyist.php?id=Y0000041274L&year=2014
Quinn Andrew S,1,Harris Corp,http://www.opensecrets.org/lobby/lobbyist.php?id=Y0000017220L&year=2014
Rerko Justin,1,MBDA Inc,http://www.opensecrets.org/lobby/lobbyist.php?id=Y0000049534L&year=2014
Rizzo Lee,1,Exelis Inc,http://www.opensecrets.org/lobby/lobbyist.php?id=Y0000048224L&year=2014
Rose Pete,2,Cobham PLC | Lockheed Martin,http://www.opensecrets.org/lobby/lobbyist.php?id=Y0000020618L&year=2014
Sage Elizabeth,2,General Dynamics | Lockheed Martin,http://www.opensecrets.org/lobby/lobbyist.php?id=Y0000039944L&year=2014
Schill Robert,1,Navteq Technologies,http://www.opensecrets.org/lobby/lobbyist.php?id=Y0000035746L&year=2014
Schmitzer Loretta L,1,Boeing Co,http://www.opensecrets.org/lobby/lobbyist.php?id=Y0000036794L&year=2014
Shelby Rick,1,Alliant Techsystems,http://www.opensecrets.org/lobby/lobbyist.php?id=Y0000010873L&year=2014
Smith Michael D,4,Aurora Flight Sciences | Finmeccanica SpA | General Dynamics | Saab AB,http://www.opensecrets.org/lobby/lobbyist.php?id=Y0000042060L&year=2014
Strom Thaddeus,1,Bart & Assoc,http://www.opensecrets.org/lobby/lobbyist.php?id=Y0000041199L&year=2014
Tober Eric,1,Danaher Corp,http://www.opensecrets.org/lobby/lobbyist.php?id=Y0000025243L&year=2014
Verdery C Stewart Jr,2,Boeing Co | Le Groupe SAFRAN,http://www.opensecrets.org/lobby/lobbyist.php?id=Y0000018243L&year=2014
Walsh James T,1,American Auto Logistics,http://www.opensecrets.org/lobby/lobbyist.php?id=Y0000038606L&year=2014
Walter Jeffrey M,1,Lockheed Martin,http://www.opensecrets.org/lobby/lobbyist.php?id=Y0000040033L&year=2014
West Roger,1,Huntington Ingalls Industries,http://www.opensecrets.org/lobby/lobbyist.php?id=Y0000032479L&year=2014
Edens Edward H IV,1,Hunter Defense Technologies,http://www.opensecrets.org/lobby/lobbyist.php?id=Y0000014410L&year=2014
Griffith Lanny,2,Airbus Group | Huntington Ingalls Industries,http://www.opensecrets.org/lobby/lobbyist.php?id=Y0000040787L&year=2014
Curtis Jodie,1,Alliance for Biosecurity,http://www.opensecrets.org/lobby/lobbyist.php?id=Y0000035539L&year=2014
D'Amato Alfonse M,4,Alaska Structures | Harris Corp | Lockheed Martin | United Technologies,http://www.opensecrets.org/lobby/lobbyist.php?id=Y0000040575L&year=2014
Green John,1,Huntington Ingalls Industries,http://www.opensecrets.org/lobby/lobbyist.php?id=Y0000040886L&year=2014
Smith Amy B,1,Boeing Co,http://www.opensecrets.org/lobby/lobbyist.php?id=Y0000048594L&year=2014
Ariale John M,1,Total Military Management,http://www.opensecrets.org/lobby/lobbyist.php?id=Y0000011161L&year=2014
Klink Ron,1,iRobot Corp,http://www.opensecrets.org/lobby/lobbyist.php?id=Y0000041365L&year=2014
Quinn Thomas H,1,Lockheed Martin,http://www.opensecrets.org/lobby/lobbyist.php?id=Y0000041053L&year=2014
Savelieff Ludmilla,1,Space Exploration Technologies,http://www.opensecrets.org/lobby/lobbyist.php?id=Y0000049547L&year=2014
Greene Michelle,3,Airbus Group | Airbus Group | BAE Systems,http://www.opensecrets.org/lobby/lobbyist.php?id=Y0000048105L&year=2014
Platner Michael,1,Danaher Corp,http://www.opensecrets.org/lobby/lobbyist.php?id=Y0000005161L&year=2014
Rosen Dean,1,United Technologies,http://www.opensecrets.org/lobby/lobbyist.php?id=Y0000040392L&year=2014
Aliferis Scott D,1,American Auto Logistics,http://www.opensecrets.org/lobby/lobbyist.php?id=Y0000041461L&year=2014
Belcher Leslie,1,Acorn Growth Co,http://www.opensecrets.org/lobby/lobbyist.php?id=Y0000010797L&year=2014
Delgado Martin,2,United Launch Alliance | United Technologies,http://www.opensecrets.org/lobby/lobbyist.php?id=Y0000049364L&year=2014
Leslie Grant,1,Lockheed Martin,http://www.opensecrets.org/lobby/lobbyist.php?id=Y0000044008L&year=2014
Rapelyea Michael,1,ViaSat Inc,http://www.opensecrets.org/lobby/lobbyist.php?id=Y0000048327L&year=2014
Vaca Santiago,3,Finmeccanica SpA | Granite Tactical Vehicles | MBDA Inc,http://www.opensecrets.org/lobby/lobbyist.php?id=Y0000039022L&year=2014
Childers Amy,1,SAIC,http://www.opensecrets.org/lobby/lobbyist.php?id=Y0000004464L&year=2014
Eynon Teddy,1,Firetrace Aerospace,http://www.opensecrets.org/lobby/lobbyist.php?id=Y0000022941L&year=2014
Fallon Willard G,1,Boeing Co,http://www.opensecrets.org/lobby/lobbyist.php?id=Y0000031976L&year=2014
Brusch Amyclaire,1,L-3 Communications,http://www.opensecrets.org/lobby/lobbyist.php?id=Y0000045002L&year=2014
Morriss David,1,General Dynamics,http://www.opensecrets.org/lobby/lobbyist.php?id=Y0000047441L&year=2014
Shofe Allen,1,Emergent BioSolutions,http://www.opensecrets.org/lobby/lobbyist.php?id=Y0000012241L&year=2014
Hancock Shay Michael,3,Boeing Co | Exelis Inc | Northrop Grumman,http://www.opensecrets.org/lobby/lobbyist.php?id=Y0000003724L&year=2014
Nielsen Michael,2,Boeing Co | Smiths Group plc,http://www.opensecrets.org/lobby/lobbyist.php?id=Y0000045853L&year=2014
Frisch Josh,1,APIC Corp,http://www.opensecrets.org/lobby/lobbyist.php?id=Y0000048868L&year=2014
Moorhead Hunter,1,Huntington Ingalls Industries,http://www.opensecrets.org/lobby/lobbyist.php?id=Y0000043596L&year=2014
Pagano ED,1,Boeing Co,http://www.opensecrets.org/lobby/lobbyist.php?id=Y0000049517L&year=2014
Riels William,1,Ultra Electronics,http://www.opensecrets.org/lobby/lobbyist.php?id=Y0000047114L&year=2014
Seigle Robert,1,FLIR Systems,http://www.opensecrets.org/lobby/lobbyist.php?id=Y0000022218L&year=2014
Downs Raissa H,1,3M Co,http://www.opensecrets.org/lobby/lobbyist.php?id=Y0000036964L&year=2014
Lott Trent,5,Airbus Group | Huntington Ingalls Industries | Lockheed Martin | Raytheon Co | Space Exploration Technologies,http://www.opensecrets.org/lobby/lobbyist.php?id=Y0000038673L&year=2014
Simpkins Martina,1,Airbus Group,http://www.opensecrets.org/lobby/lobbyist.php?id=Y0000016461L&year=2014
Manke Dave,1,United Technologies,http://www.opensecrets.org/lobby/lobbyist.php?id=Y0000001414L&year=2014
Emmett Robert,1,United Technologies,http://www.opensecrets.org/lobby/lobbyist.php?id=Y0000013773L&year=2014
Stapleton Thomas L,5,BAE Systems | Boeing Co | Finmeccanica SpA | MBDA Inc | SAIC,http://www.opensecrets.org/lobby/lobbyist.php?id=Y0000005453L&year=2014
Dotchin Robert J,1,Emergent BioSolutions,http://www.opensecrets.org/lobby/lobbyist.php?id=Y0000040146L&year=2014
Schenewerk Caryn,1,Space Exploration Technologies,http://www.opensecrets.org/lobby/lobbyist.php?id=Y0000032443L&year=2014
Collins Frank C III,1,BAE Systems,http://www.opensecrets.org/lobby/lobbyist.php?id=Y0000041491L&year=2014
Abramczyk Nicholas A,1,Boeing Co,http://www.opensecrets.org/lobby/lobbyist.php?id=Y0000014986L&year=2014
Aronson Elise,1,MacAndrews & Forbes,http://www.opensecrets.org/lobby/lobbyist.php?id=Y0000037292L&year=2014
Black Jonathan,1,Boeing Co,http://www.opensecrets.org/lobby/lobbyist.php?id=Y0000047596L&year=2014
Head Robert,1,Lockheed Martin,http://www.opensecrets.org/lobby/lobbyist.php?id=Y0000038833L&year=2014
"Johnston Hugh Jr ""Rusty""",1,L-3 Communications,http://www.opensecrets.org/lobby/lobbyist.php?id=Y0000004664L&year=2014
Jorge Kaitlyn,1,Le Groupe SAFRAN,http://www.opensecrets.org/lobby/lobbyist.php?id=Y0000049624L&year=2014
Kadesh Mark,1,Northrop Grumman,http://www.opensecrets.org/lobby/lobbyist.php?id=Y0000006124L&year=2014
Khatchadurian Michael,9,General Dynamics | Kongsberg Gruppen | Meggitt PLC | Raytheon Co | Saab AB | Shield Technologies | TCOM | United Technologies | Vencore,http://www.opensecrets.org/lobby/lobbyist.php?id=Y0000020819L&year=2014
Knisely Evan A,1,MacAndrews & Forbes,http://www.opensecrets.org/lobby/lobbyist.php?id=Y0000041677L&year=2014
Lilienfeld Claudio,1,MBDA Inc,http://www.opensecrets.org/lobby/lobbyist.php?id=Y0000048927L&year=2014
Peranich Stephen,1,Emergent BioSolutions,http://www.opensecrets.org/lobby/lobbyist.php?id=Y0000044429L&year=2014
Pickering Elise Finley,1,United Technologies,http://www.opensecrets.org/lobby/lobbyist.php?id=Y0000020499L&year=2014
Saxton Jim,1,MacAndrews & Forbes,http://www.opensecrets.org/lobby/lobbyist.php?id=Y0000038981L&year=2014
Testut Gary,1,BAE Systems,http://www.opensecrets.org/lobby/lobbyist.php?id=Y0000047973L&year=2014
Turner James T,1,General Dynamics,http://www.opensecrets.org/lobby/lobbyist.php?id=Y0000032433L&year=2014
Williams Michael E,1,Protective Group Inc,http://www.opensecrets.org/lobby/lobbyist.php?id=Y0000005362L&year=2014
Kraft Kenneth A,1,Boeing Co,http://www.opensecrets.org/lobby/lobbyist.php?id=Y0000015577L&year=2014
Lankford Thomas L,3,L-3 Communications | Mentis Sciences | Metal Shark LLC,http://www.opensecrets.org/lobby/lobbyist.php?id=Y0000004460L&year=2014
Bock Paul,1,Raytheon Co,http://www.opensecrets.org/lobby/lobbyist.php?id=Y0000039973L&year=2014
Dunphy Jennifer,1,L-3 Communications,http://www.opensecrets.org/lobby/lobbyist.php?id=Y0000044693L&year=2014
Maurer Danielle,2,Airbus Group | Cerberus Capital Management,http://www.opensecrets.org/lobby/lobbyist.php?id=Y0000013199L&year=2014
Rock James W,1,Bart & Assoc,http://www.opensecrets.org/lobby/lobbyist.php?id=Y0000020635L&year=2014
Simmons John M,3,Applied DNA Sciences | Barksdale Forward | SRC Inc,http://www.opensecrets.org/lobby/lobbyist.php?id=Y0000002268L&year=2014
Harpley Dave,1,Hunter Defense Technologies,http://www.opensecrets.org/lobby/lobbyist.php?id=Y0000021886L&year=2014
Virostek Faye,1,General Dynamics,http://www.opensecrets.org/lobby/lobbyist.php?id=Y0000028315L&year=2014
Hubert Laverne,1,SRA International,http://www.opensecrets.org/lobby/lobbyist.php?id=Y0000043519L&year=2014
Wild Brian,1,United Technologies,http://www.opensecrets.org/lobby/lobbyist.php?id=Y0000009894L&year=2014
Rademaker Stephen,1,Textron Inc,http://www.opensecrets.org/lobby/lobbyist.php?id=Y0000013484L&year=2014
Raheb Walter L,2,COLSA Corp | RadiantBlue Technologies,http://www.opensecrets.org/lobby/lobbyist.php?id=Y0000006486L&year=2014
O'Neill Patrick John,1,Lockheed Martin,http://www.opensecrets.org/lobby/lobbyist.php?id=Y0000028819L&year=2014
Blazey John T,1,Boeing Co,http://www.opensecrets.org/lobby/lobbyist.php?id=Y0000044988L&year=2014
Cooke Douglas R,1,Boeing Co,http://www.opensecrets.org/lobby/lobbyist.php?id=Y0000048066L&year=2014
Ervin James L,7,Emergent BioSolutions | Finmeccanica SpA | Finmeccanica SpA | General Dynamics | Lister Chain & Forge | Lockheed Martin | Northrop Grumman,http://www.opensecrets.org/lobby/lobbyist.php?id=Y0000042032L&year=2014
Fay Kevin J,1,Babington Technology,http://www.opensecrets.org/lobby/lobbyist.php?id=Y0000041217L&year=2014
Kennedy James Keith,2,L-3 Communications | Le Groupe SAFRAN,http://www.opensecrets.org/lobby/lobbyist.php?id=Y0000000321L&year=2014
Leach David C,1,Lockheed Martin,http://www.opensecrets.org/lobby/lobbyist.php?id=Y0000028730L&year=2014
Lubin Marcus P,2,Mustang Technology Group | Skedco Inc,http://www.opensecrets.org/lobby/lobbyist.php?id=Y0000014555L&year=2014
Marsh Robert H,2,Dynetics Inc | Emergent BioSolutions,http://www.opensecrets.org/lobby/lobbyist.php?id=Y0000041534L&year=2014
Mickevicius Ted,1,Airbus Group,http://www.opensecrets.org/lobby/lobbyist.php?id=Y0000001379L&year=2014
Neal Erin,1,Alliant Techsystems,http://www.opensecrets.org/lobby/lobbyist.php?id=Y0000040135L&year=2014
Parsons Scott,1,United Technologies,http://www.opensecrets.org/lobby/lobbyist.php?id=Y0000030321L&year=2014
Rossetti Stephen O Jr,1,American Logistics Assn,http://www.opensecrets.org/lobby/lobbyist.php?id=Y0000032288L&year=2014
Sartucci James A,1,American Auto Logistics,http://www.opensecrets.org/lobby/lobbyist.php?id=Y0000028076L&year=2014
Stafford Michael,1,United Technologies,http://www.opensecrets.org/lobby/lobbyist.php?id=Y0000039001L&year=2014
Waclawski Michael,1,Boeing Co,http://www.opensecrets.org/lobby/lobbyist.php?id=Y0000030249L&year=2014
Ward Gregg,1,United Technologies,http://www.opensecrets.org/lobby/lobbyist.php?id=Y0000040393L&year=2014
Whitehorn Samuel,2,Boeing Co | General Dynamics,http://www.opensecrets.org/lobby/lobbyist.php?id=Y0000007444L&year=2014
Zucker Robert,2,Frontier Performance Polymers | General Dynamics,http://www.opensecrets.org/lobby/lobbyist.php?id=Y0000007385L&year=2014
Dicks Norm,1,General Dynamics,http://www.opensecrets.org/lobby/lobbyist.php?id=Y0000049369L&year=2014
Foster Behrends,1,Serco Group,http://www.opensecrets.org/lobby/lobbyist.php?id=Y0000017036L&year=2014
Nichols William John,7,BAE Systems | Ball Corp | CAE Inc | Exelis Inc | General Dynamics | L-3 Communications | TASC Inc,http://www.opensecrets.org/lobby/lobbyist.php?id=Y0000025331L&year=2014
Egge Sarah Kuehl,1,Boeing Co,http://www.opensecrets.org/lobby/lobbyist.php?id=Y0000046982L&year=2014
Hack Theodore W,2,General Dynamics | General Dynamics,http://www.opensecrets.org/lobby/lobbyist.php?id=Y0000042047L&year=2014
Haddow C McClain,1,Revision Military Ltd,http://www.opensecrets.org/lobby/lobbyist.php?id=Y0000016678L&year=2014
Perkins Pete,1,Northrop Grumman,http://www.opensecrets.org/lobby/lobbyist.php?id=Y0000016939L&year=2014
Rosen Eric,2,MacAndrews & Forbes | Space Exploration Technologies,http://www.opensecrets.org/lobby/lobbyist.php?id=Y0000005635L&year=2014
Stupak Bart,1,Lockheed Martin,http://www.opensecrets.org/lobby/lobbyist.php?id=Y0000046398L&year=2014
Sural Jeffrey R,1,Boeing Co,http://www.opensecrets.org/lobby/lobbyist.php?id=Y0000024868L&year=2014
Winborn Erik,1,Cerberus Capital Management,http://www.opensecrets.org/lobby/lobbyist.php?id=Y0000015799L&year=2014
Cheney Lisa Marie,7,Emergent BioSolutions | Finmeccanica SpA | Finmeccanica SpA | General Dynamics | Lister Chain & Forge | Lockheed Martin | Northrop Grumman,http://www.opensecrets.org/lobby/lobbyist.php?id=Y0000048060L&year=2014
Haddow John M,1,Revision Military Ltd,http://www.opensecrets.org/lobby/lobbyist.php?id=Y0000041515L&year=2014
Robbins Michelle E,1,Lockheed Martin,http://www.opensecrets.org/lobby/lobbyist.php?id=Y0000036210L&year=2014
WOOD AMANDA,1,Shotspotter Inc,http://www.opensecrets.org/lobby/lobbyist.php?id=Y0000022080L&year=2014
Singer Bonnie,1,MZA Assoc,http://www.opensecrets.org/lobby/lobbyist.php?id=Y0000041538L&year=2014
Brown Gwen,1,Lockheed Martin,http://www.opensecrets.org/lobby/lobbyist.php?id=Y0000008348L&year=2014
Coffin Elizabeth,1,United Technologies,http://www.opensecrets.org/lobby/lobbyist.php?id=Y0000023314L&year=2014
Eichenauer Steven,1,Lockheed Martin,http://www.opensecrets.org/lobby/lobbyist.php?id=Y0000040712L&year=2014
Lamb Gerry,1,General Dynamics,http://www.opensecrets.org/lobby/lobbyist.php?id=Y0000007432L&year=2014
Madson Thomas,1,General Dynamics,http://www.opensecrets.org/lobby/lobbyist.php?id=Y0000048158L&year=2014
Fordjour Isaac A,1,3M Co,http://www.opensecrets.org/lobby/lobbyist.php?id=Y0000040518L&year=2014
Higdon Michael,3,Cubic Corp | General Dynamics | Prox Dynamics,http://www.opensecrets.org/lobby/lobbyist.php?id=Y0000049431L&year=2014
Livingston Robert L,4,Airbus Group | Army Alliance Inc | Huntington Ingalls Industries | National Assn of Ordnance Contractors,http://www.opensecrets.org/lobby/lobbyist.php?id=Y0000041693L&year=2014
Stanley Patrice,2,Ball Corp | Sierra Nevada Corp,http://www.opensecrets.org/lobby/lobbyist.php?id=Y0000008089L&year=2014
Davis Thomas A,1,Emergent BioSolutions,http://www.opensecrets.org/lobby/lobbyist.php?id=Y0000036559L&year=2014
English Marlene E,1,National Assn of Ordnance Contractors,http://www.opensecrets.org/lobby/lobbyist.php?id=Y0000036717L&year=2014
Maples Robert Y,1,NABCO,http://www.opensecrets.org/lobby/lobbyist.php?id=Y0000022326L&year=2014
Wilson Brian,1,Northrop Grumman,http://www.opensecrets.org/lobby/lobbyist.php?id=Y0000046012L&year=2014
Wolfe Steven A,2,Cerberus Capital Management | Scientific Systems Co,http://www.opensecrets.org/lobby/lobbyist.php?id=Y0000027123L&year=2014
Allen Harmony,1,MBDA Inc,http://www.opensecrets.org/lobby/lobbyist.php?id=Y0000039460L&year=2014
Allen Margaret W,1,Sierra Nevada Corp,http://www.opensecrets.org/lobby/lobbyist.php?id=Y0000012251L&year=2014
Campbell John D,2,Ball Corp | Ball Corp,http://www.opensecrets.org/lobby/lobbyist.php?id=Y0000008250L&year=2014
Meckstroth Margee,1,BAE Systems,http://www.opensecrets.org/lobby/lobbyist.php?id=Y0000044782L&year=2014
Olchyk Samuel,1,Lockheed Martin,http://www.opensecrets.org/lobby/lobbyist.php?id=Y0000020320L&year=2014
Spangler Ryan,2,Boeing Co | Le Groupe SAFRAN,http://www.opensecrets.org/lobby/lobbyist.php?id=Y0000007793L&year=2014
Meade Heather,1,Boeing Co,http://www.opensecrets.org/lobby/lobbyist.php?id=Y0000039534L&year=2014
Bell Nathaniel,2,Analytical Graphics Inc | ViaSat Inc,http://www.opensecrets.org/lobby/lobbyist.php?id=Y0000046647L&year=2014
Potter Dennis,2,American Auto Logistics | Buffalo Supply,http://www.opensecrets.org/lobby/lobbyist.php?id=Y0000029240L&year=2014
Schilpp Donald,1,Lockheed Martin,http://www.opensecrets.org/lobby/lobbyist.php?id=Y0000025798L&year=2014
Sweat Susan,3,Boeing Co | General Dynamics | Saab AB,http://www.opensecrets.org/lobby/lobbyist.php?id=Y0000045400L&year=2014
Brewster Bill,1,Alliant Techsystems,http://www.opensecrets.org/lobby/lobbyist.php?id=Y0000040107L&year=2014
Bacque Emily,1,Ventura County Community-Navy Partnershp,http://www.opensecrets.org/lobby/lobbyist.php?id=Y0000008944L&year=2014
Baynard Ernest C IV,1,Crossmatch Technologies,http://www.opensecrets.org/lobby/lobbyist.php?id=Y0000033211L&year=2014
Duncan Lawrence III,1,Lockheed Martin,http://www.opensecrets.org/lobby/lobbyist.php?id=Y0000028117L&year=2014
Dykstra James H,1,Lockheed Martin,http://www.opensecrets.org/lobby/lobbyist.php?id=Y0000020854L&year=2014
Kennett Bayard,1,Raytheon Co,http://www.opensecrets.org/lobby/lobbyist.php?id=Y0000024490L&year=2014
Marsh Will,1,Raytheon Co,http://www.opensecrets.org/lobby/lobbyist.php?id=Y0000004007L&year=2014
Mullins Donna F,3,Frontier Performance Polymers | General Dynamics | Impact Instrumentation,http://www.opensecrets.org/lobby/lobbyist.php?id=Y0000041899L&year=2014
Pollard John J III,1,General Dynamics,http://www.opensecrets.org/lobby/lobbyist.php?id=Y0000001859L&year=2014
Sass Emily Breitbach,1,Raytheon Co,http://www.opensecrets.org/lobby/lobbyist.php?id=Y0000031814L&year=2014
Schaffner Brian,1,Assured Information Security,http://www.opensecrets.org/lobby/lobbyist.php?id=Y0000045934L&year=2014
Trant Matthew J,1,Lockheed Martin,http://www.opensecrets.org/lobby/lobbyist.php?id=Y0000040331L&year=2014
Foley Bradford,2,C2 Assoc | Finmeccanica SpA,http://www.opensecrets.org/lobby/lobbyist.php?id=Y0000044704L&year=2014
Hoy Ashley,2,Boeing Co | Le Groupe SAFRAN,http://www.opensecrets.org/lobby/lobbyist.php?id=Y0000045165L&year=2014
Saper Lauren,1,Lockheed Martin,http://www.opensecrets.org/lobby/lobbyist.php?id=Y0000046638L&year=2014
Butler Susan,1,Finmeccanica SpA,http://www.opensecrets.org/lobby/lobbyist.php?id=Y0000037877L&year=2014
McCain Steve,1,American Auto Logistics,http://www.opensecrets.org/lobby/lobbyist.php?id=Y0000031749L&year=2014
Dalrymple Donald,1,Emergent BioSolutions,http://www.opensecrets.org/lobby/lobbyist.php?id=Y0000035032L&year=2014
Eging Michael J,1,Revision Military Ltd,http://www.opensecrets.org/lobby/lobbyist.php?id=Y0000018217L&year=2014
Ferko Jacqueline A,1,Boeing Co,http://www.opensecrets.org/lobby/lobbyist.php?id=Y0000044547L&year=2014
Horner Charles III,2,Airbus Group | BAE Systems,http://www.opensecrets.org/lobby/lobbyist.php?id=Y0000044733L&year=2014
Milonas Nickolas,1,American Auto Logistics,http://www.opensecrets.org/lobby/lobbyist.php?id=Y0000048953L&year=2014
Quinn Thomas N,1,MacAndrews & Forbes,http://www.opensecrets.org/lobby/lobbyist.php?id=Y0000040624L&year=2014
Rouvelas Emanuel,1,American Auto Logistics,http://www.opensecrets.org/lobby/lobbyist.php?id=Y0000014738L&year=2014
Thomas David R,1,United Technologies,http://www.opensecrets.org/lobby/lobbyist.php?id=Y0000040001L&year=2014
Chodosh Maxwell,1,MBDA UK,http://www.opensecrets.org/lobby/lobbyist.php?id=Y0000048061L&year=2014
Franzel Brent S,1,Innoventor,http://www.opensecrets.org/lobby/lobbyist.php?id=Y0000041732L&year=2014
Simmons Laura,1,Orbis Operations,http://www.opensecrets.org/lobby/lobbyist.php?id=Y0000049840L&year=2014
Gilbert Leslee,1,United Launch Alliance,http://www.opensecrets.org/lobby/lobbyist.php?id=Y0000046999L&year=2014
Apostolou Carolyn,1,Huntington Ingalls Industries,http://www.opensecrets.org/lobby/lobbyist.php?id=Y0000048344L&year=2014
Ashworth Margaret Sidney,1,Northrop Grumman,http://www.opensecrets.org/lobby/lobbyist.php?id=Y0000038694L&year=2014
Denneny Douglas,1,MBDA Inc,http://www.opensecrets.org/lobby/lobbyist.php?id=Y0000039996L&year=2014
Helm Robert W,1,General Dynamics,http://www.opensecrets.org/lobby/lobbyist.php?id=Y0000046528L&year=2014
Henry Michael,1,Hesco Bastion USA,http://www.opensecrets.org/lobby/lobbyist.php?id=Y0000018171L&year=2014
Jankiewicz Joseph,1,Ventura County Community-Navy Partnershp,http://www.opensecrets.org/lobby/lobbyist.php?id=Y0000049439L&year=2014
Lundy John,1,Finmeccanica SpA,http://www.opensecrets.org/lobby/lobbyist.php?id=Y0000001548L&year=2014
Park Kristy,1,Lockheed Martin,http://www.opensecrets.org/lobby/lobbyist.php?id=Y0000045869L&year=2014
Ruge Mark,1,American Auto Logistics,http://www.opensecrets.org/lobby/lobbyist.php?id=Y0000027044L&year=2014
Stoner Susan,1,United Technologies,http://www.opensecrets.org/lobby/lobbyist.php?id=Y0000018971L&year=2014
Thompson Allen,2,United Technologies | United Technologies,http://www.opensecrets.org/lobby/lobbyist.php?id=Y0000027838L&year=2014
Gledhill Jonathan,2,Alliant Techsystems | GenCorp Inc,http://www.opensecrets.org/lobby/lobbyist.php?id=Y0000008404L&year=2014
Mcgrath Rebecca,1,Alliance for Biosecurity,http://www.opensecrets.org/lobby/lobbyist.php?id=Y0000039780L&year=2014
Lytle Gary R,2,Boeing Co | Smiths Group plc,http://www.opensecrets.org/lobby/lobbyist.php?id=Y0000041243L&year=2014
Riddell Christian,1,CACI International,http://www.opensecrets.org/lobby/lobbyist.php?id=Y0000049535L&year=2014
Thiel Karen,1,Northrop Grumman,http://www.opensecrets.org/lobby/lobbyist.php?id=Y0000004841L&year=2014
Adcock Michael W,2,Finmeccanica SpA | MacAndrews & Forbes,http://www.opensecrets.org/lobby/lobbyist.php?id=Y0000017027L&year=2014
Barbour Haley,2,Airbus Group | Huntington Ingalls Industries,http://www.opensecrets.org/lobby/lobbyist.php?id=Y0000036322L&year=2014
Bingel Kelly,1,United Technologies,http://www.opensecrets.org/lobby/lobbyist.php?id=Y0000041467L&year=2014
Giambastiani Pete,1,Emergent BioSolutions,http://www.opensecrets.org/lobby/lobbyist.php?id=Y0000039701L&year=2014
Lister Katharine,2,Boeing Co | Le Groupe SAFRAN,http://www.opensecrets.org/lobby/lobbyist.php?id=Y0000049193L&year=2014
Murray Elizabeth,1,3M Co,http://www.opensecrets.org/lobby/lobbyist.php?id=Y0000049807L&year=2014
Roberts Walker,3,Airbus Group | Huntington Ingalls Industries | Raytheon Co,http://www.opensecrets.org/lobby/lobbyist.php?id=Y0000002501L&year=2014
Declet Brandon,1,Shotspotter Inc,http://www.opensecrets.org/lobby/lobbyist.php?id=Y0000004141L&year=2014
Bertoson Julie,1,Boeing Co,http://www.opensecrets.org/lobby/lobbyist.php?id=Y0000047609M&year=2014
Carter Thomas L,1,Elbit Systems,http://www.opensecrets.org/lobby/lobbyist.php?id=Y0000030711L&year=2014
Cochran Robert,2,GenCorp Inc | Harris Corp,http://www.opensecrets.org/lobby/lobbyist.php?id=Y0000048063L&year=2014
Daschle Linda H,2,L-3 Communications | Lockheed Martin,http://www.opensecrets.org/lobby/lobbyist.php?id=Y0000046520L&year=2014
Eisenberg Michael,1,Sentrillion,http://www.opensecrets.org/lobby/lobbyist.php?id=Y0000047643L&year=2014
Elias Alan,1,United Technologies,http://www.opensecrets.org/lobby/lobbyist.php?id=Y0000024148L&year=2014
Emanuel Adam C,2,European Space Agency | Israel Aircraft Industries,http://www.opensecrets.org/lobby/lobbyist.php?id=Y0000033903L&year=2014
Fish Chris,1,APIC Corp,http://www.opensecrets.org/lobby/lobbyist.php?id=Y0000015035L&year=2014
Gring Lauren,3,Lockheed Martin | Smiths Group plc | United Launch Alliance,http://www.opensecrets.org/lobby/lobbyist.php?id=Y0000048106L&year=2014
Gudes Scott,1,Lockheed Martin,http://www.opensecrets.org/lobby/lobbyist.php?id=Y0000011287L&year=2014
Harmer Todd,7,General Dynamics | Northrop Grumman | Raytheon Co | Saab AB | Space Exploration Technologies | United Technologies | Vencore,http://www.opensecrets.org/lobby/lobbyist.php?id=Y0000049421L&year=2014
Hofkes John E,1,Bren-Tronics Inc,http://www.opensecrets.org/lobby/lobbyist.php?id=Y0000010216L&year=2014
Jardot Leo,1,General Dynamics,http://www.opensecrets.org/lobby/lobbyist.php?id=Y0000049751L&year=2014
JAZWICK ANDREW,1,Cubic Corp,http://www.opensecrets.org/lobby/lobbyist.php?id=Y0000007495L&year=2014
Lapaille Gary J,1,Emergent BioSolutions,http://www.opensecrets.org/lobby/lobbyist.php?id=Y0000021081L&year=2014
Leiter David J,1,Lockheed Martin,http://www.opensecrets.org/lobby/lobbyist.php?id=Y0000002409L&year=2014
Maney Jo,1,Airbus Group,http://www.opensecrets.org/lobby/lobbyist.php?id=Y0000047704L&year=2014
Meermans Mike,1,Sierra Nevada Corp,http://www.opensecrets.org/lobby/lobbyist.php?id=Y0000047074L&year=2014
Nelson Susan,1,Alliant Techsystems,http://www.opensecrets.org/lobby/lobbyist.php?id=Y0000040948L&year=2014
O'Brien David D,8,Armatec Survivability Corp | Finmeccanica SpA | L-3 Communications | MacGregor | MBDA Inc | Omega Air | Prox Dynamics | Wartsila Defense,http://www.opensecrets.org/lobby/lobbyist.php?id=Y0000034282L&year=2014
Parker Mike,1,Trimble Navigation,http://www.opensecrets.org/lobby/lobbyist.php?id=Y0000009568L&year=2014
Payne Joann,1,Cybernet Systems,http://www.opensecrets.org/lobby/lobbyist.php?id=Y0000015295L&year=2014
Picard Tyron,1,Global Security Systems,http://www.opensecrets.org/lobby/lobbyist.php?id=Y0000045308L&year=2014
Poersch Jennifer,1,General Dynamics,http://www.opensecrets.org/lobby/lobbyist.php?id=Y0000045885L&year=2014
Punke Timothy E,1,Boeing Co,http://www.opensecrets.org/lobby/lobbyist.php?id=Y0000036748L&year=2014
Ram Azarel,1,Rafael USA,http://www.opensecrets.org/lobby/lobbyist.php?id=Y0000048213L&year=2014
Rhoads Barry D,4,Airbus Group | Airbus Group | Specialty Systems | Thales Group,http://www.opensecrets.org/lobby/lobbyist.php?id=Y0000036204L&year=2014
Rich J Curtis,1,United Technologies,http://www.opensecrets.org/lobby/lobbyist.php?id=Y0000022190L&year=2014
Rogers Edward M Jr,2,Airbus Group | Raytheon Co,http://www.opensecrets.org/lobby/lobbyist.php?id=Y0000031605L&year=2014
Rosemarino Anthony,1,Lockheed Martin,http://www.opensecrets.org/lobby/lobbyist.php?id=Y0000028944L&year=2014
Shuster Robert L,1,Kongsberg Defense & Aerospace,http://www.opensecrets.org/lobby/lobbyist.php?id=Y0000002465L&year=2014
Springer Mary,1,Finmeccanica SpA,http://www.opensecrets.org/lobby/lobbyist.php?id=Y0000049563L&year=2014
Stiers William F,1,Vencore,http://www.opensecrets.org/lobby/lobbyist.php?id=Y0000012686L&year=2014
Thomas Chris,1,Finmeccanica SpA,http://www.opensecrets.org/lobby/lobbyist.php?id=Y0000046823L&year=2014
Thomson Jasper,4,Ball Corp | LJT & Assoc | Lockheed Martin | Smiths Group plc,http://www.opensecrets.org/lobby/lobbyist.php?id=Y0000006654L&year=2014
Vlossak Frank,1,General Dynamics,http://www.opensecrets.org/lobby/lobbyist.php?id=Y0000018123L&year=2014
Walters Gregory,1,Lockheed Martin,http://www.opensecrets.org/lobby/lobbyist.php?id=Y0000016153L&year=2014
Wiener Jeffrey S,1,Combat Medical Systems,http://www.opensecrets.org/lobby/lobbyist.php?id=Y0000040816L&year=2014
Woodbridge A Jim,1,SAIC,http://www.opensecrets.org/lobby/lobbyist.php?id=Y0000010165L&year=2014
Thomas Rich,2,Boeing Co | Le Groupe SAFRAN,http://www.opensecrets.org/lobby/lobbyist.php?id=Y0000034245L&year=2014
Gilleece Mary Ann,2,Thales Group | Thales Group,http://www.opensecrets.org/lobby/lobbyist.php?id=Y0000025651L&year=2014
Stewart Douglas D,1,BAE Systems,http://www.opensecrets.org/lobby/lobbyist.php?id=Y0000037240L&year=2014
Bachmann Steven E,1,Boeing Co,http://www.opensecrets.org/lobby/lobbyist.php?id=Y0000020636L&year=2014
Iseman Vicki,1,CACI International,http://www.opensecrets.org/lobby/lobbyist.php?id=Y0000026102L&year=2014
Jacquez Lynnette,1,Ventura County Community-Navy Partnershp,http://www.opensecrets.org/lobby/lobbyist.php?id=Y0000009300L&year=2014
Lukawski Jennifer Larkin,1,Raytheon Co,http://www.opensecrets.org/lobby/lobbyist.php?id=Y0000003719L&year=2014
Donovan Joseph,2,Aspen Systems | General Dynamics,http://www.opensecrets.org/lobby/lobbyist.php?id=Y0000020120L&year=2014
Panos Kenneth,1,GenCorp Inc,http://www.opensecrets.org/lobby/lobbyist.php?id=Y0000038381L&year=2014
Ramsdell Christine H,1,Boeing Co,http://www.opensecrets.org/lobby/lobbyist.php?id=Y0000004568L&year=2014
Wahl Frederick L,1,L-3 Communications,http://www.opensecrets.org/lobby/lobbyist.php?id=Y0000006861L&year=2014
Rodgers Richard L,3,Airbus Group | Army Alliance Inc | Huntington Ingalls Industries,http://www.opensecrets.org/lobby/lobbyist.php?id=Y0000005446L&year=2014
Glover Paul T,1,Triumph Group,http://www.opensecrets.org/lobby/lobbyist.php?id=Y0000016149L&year=2014
Zummo Joseph E,1,Raytheon Co,http://www.opensecrets.org/lobby/lobbyist.php?id=Y0000013490L&year=2014
