INSERT INTO [nutrition_quantities] ([food],[category],[Quantity]) VALUES ('ice cream','protein',8);
INSERT INTO [nutrition_quantities] ([food],[category],[Quantity]) VALUES ('ice cream','fat',10);
INSERT INTO [nutrition_quantities] ([food],[category],[Quantity]) VALUES ('fries','sodium',270);
INSERT INTO [nutrition_quantities] ([food],[category],[Quantity]) VALUES ('fries','calories',380);
INSERT INTO [nutrition_quantities] ([food],[category],[Quantity]) VALUES ('hamburger','fat',26);
INSERT INTO [nutrition_quantities] ([food],[category],[Quantity]) VALUES ('macaroni','sodium',930);
INSERT INTO [nutrition_quantities] ([food],[category],[Quantity]) VALUES ('hot dog','sodium',1800);
INSERT INTO [nutrition_quantities] ([food],[category],[Quantity]) VALUES ('chicken','sodium',1190);
INSERT INTO [nutrition_quantities] ([food],[category],[Quantity]) VALUES ('salad','calories',320);
INSERT INTO [nutrition_quantities] ([food],[category],[Quantity]) VALUES ('ice cream','calories',330);
INSERT INTO [nutrition_quantities] ([food],[category],[Quantity]) VALUES ('milk','sodium',125);
INSERT INTO [nutrition_quantities] ([food],[category],[Quantity]) VALUES ('salad','sodium',1230);
INSERT INTO [nutrition_quantities] ([food],[category],[Quantity]) VALUES ('pizza','sodium',820);
INSERT INTO [nutrition_quantities] ([food],[category],[Quantity]) VALUES ('pizza','protein',15);
INSERT INTO [nutrition_quantities] ([food],[category],[Quantity]) VALUES ('pizza','calories',320);
INSERT INTO [nutrition_quantities] ([food],[category],[Quantity]) VALUES ('hamburger','calories',410);
INSERT INTO [nutrition_quantities] ([food],[category],[Quantity]) VALUES ('milk','fat',2.5);
INSERT INTO [nutrition_quantities] ([food],[category],[Quantity]) VALUES ('salad','protein',31);
INSERT INTO [nutrition_quantities] ([food],[category],[Quantity]) VALUES ('milk','protein',8);
INSERT INTO [nutrition_quantities] ([food],[category],[Quantity]) VALUES ('macaroni','fat',10);
INSERT INTO [nutrition_quantities] ([food],[category],[Quantity]) VALUES ('salad','fat',12);
INSERT INTO [nutrition_quantities] ([food],[category],[Quantity]) VALUES ('hot dog','fat',32);
INSERT INTO [nutrition_quantities] ([food],[category],[Quantity]) VALUES ('chicken','fat',10);
INSERT INTO [nutrition_quantities] ([food],[category],[Quantity]) VALUES ('chicken','protein',32);
INSERT INTO [nutrition_quantities] ([food],[category],[Quantity]) VALUES ('fries','protein',4);
INSERT INTO [nutrition_quantities] ([food],[category],[Quantity]) VALUES ('pizza','fat',12);
INSERT INTO [nutrition_quantities] ([food],[category],[Quantity]) VALUES ('milk','calories',100);
INSERT INTO [nutrition_quantities] ([food],[category],[Quantity]) VALUES ('ice cream','sodium',180);
INSERT INTO [nutrition_quantities] ([food],[category],[Quantity]) VALUES ('chicken','calories',420);
INSERT INTO [nutrition_quantities] ([food],[category],[Quantity]) VALUES ('hamburger','sodium',730);
INSERT INTO [nutrition_quantities] ([food],[category],[Quantity]) VALUES ('macaroni','calories',320);
INSERT INTO [nutrition_quantities] ([food],[category],[Quantity]) VALUES ('fries','fat',19);
INSERT INTO [nutrition_quantities] ([food],[category],[Quantity]) VALUES ('hot dog','calories',560);
INSERT INTO [nutrition_quantities] ([food],[category],[Quantity]) VALUES ('hot dog','protein',20);
INSERT INTO [nutrition_quantities] ([food],[category],[Quantity]) VALUES ('macaroni','protein',12);
INSERT INTO [nutrition_quantities] ([food],[category],[Quantity]) VALUES ('hamburger','protein',24);
INSERT INTO [foods] ([name],[cost]) VALUES ('hamburger',2.49);
INSERT INTO [foods] ([name],[cost]) VALUES ('salad',2.49);
INSERT INTO [foods] ([name],[cost]) VALUES ('hot dog',1.5);
INSERT INTO [foods] ([name],[cost]) VALUES ('fries',1.89);
INSERT INTO [foods] ([name],[cost]) VALUES ('macaroni',2.09);
INSERT INTO [foods] ([name],[cost]) VALUES ('chicken',2.89);
INSERT INTO [foods] ([name],[cost]) VALUES ('milk',0.89);
INSERT INTO [foods] ([name],[cost]) VALUES ('ice cream',1.59);
INSERT INTO [foods] ([name],[cost]) VALUES ('pizza',1.99);
INSERT INTO [categories] ([name],[min nutrition],[max nutrition]) VALUES ('protein',91,'inf');
INSERT INTO [categories] ([name],[min nutrition],[max nutrition]) VALUES ('calories',1800,2200);
INSERT INTO [categories] ([name],[min nutrition],[max nutrition]) VALUES ('fat',0,65);
INSERT INTO [categories] ([name],[min nutrition],[max nutrition]) VALUES ('sodium',0,1779);
