{"name": "Stephen Torres", "company": "PV Solar Report", "size": 3000, "link": "https://www.linkedin.com/in/stephendtorres/", 
	"children": [{"name": "Assaf Resnick", "company": "BigPanda", "similar": 0.4297, "link": "https://www.linkedin.com/in/assafresnick", "size": 4297.4994157025}, 
		{"name": "Steven Lam", "company": "GOGOVAN", "similar": 0.4297, "link": "https://hk.linkedin.com/in/stevenhylam", "size": 4297.4994157025}, 
		{"name": "David Niu", "company": "TINYhr", "similar": 0.3663, "link": "http://www.linkedin.com/in/davidniu", "size": 3662.5613763374377}, 
		{"name": "David Yeom", "company": "Hollar", "similar": 0.333, "link": "", "size": 3329.5958166704045}, 
		{"name": "Tariq Hilaly", "company": "Lumity, Inc.", "similar": 0.333, "link": "https://www.linkedin.com/in/tariqhilaly", "size": 3329.5958166704045}]}
