City,Capacity,Inaugural Running,Estimated Spectators,Prize Purse,Maximum Elevation (meters),Minimum Elevation (meters),Elevation Difference (meters),Month of Race,Logo
Boston,27000,1897,500000,"€635,932",149,3,146,April,http://www.active.com/Assets/Running/460/Boston-Marathon-logo-460.jpg
Chicago,45000,1977,1700000,"€394,499",182,175,7,October,http://go.liverfoundation.org/images/cvupload/26/960/cv_8_7785362740791379120.jpg
New York,,1970,2000000,"€512,848",80,0,80,November,http://www.gojim.tv/Homepagefiles/NYC_Marathon_logo.gif
Tokyo,36000,2007,1720000,"€125,504",39,0,39,February,http://www.tokyo42195.org/2012/tokyo_marathon_foundation/images/logo5.jpg
London,36550,1981,750000,"€246,956",52,2,50,April,http://terencenoah.files.wordpress.com/2012/04/2000px-london_marathon.png
Berlin,40000,1974,1000000,"€268,259",56,31,25,September,http://sportsscientists.com/wp-content/uploads/2010/09/featured_icon_berlin-marathon-logo.png
